[
  {
    "nct_id": "NCT00004685",
    "conditions": [
      "Muscular Dystrophy"
    ],
    "pico_attributes": {
      "populations": {
        "minimum_age": "18 Years",
        "maximum_age": "80 Years",
        "country": "",
        "gender": "ALL"
      },
      "interventions": [
        "albuterol"
      ],
      "outcomes": []
    }
  },
  {
    "nct_id": "NCT00004686",
    "conditions": [
      "Giant Cell Arteritis"
    ],
    "pico_attributes": {
      "populations": {
        "minimum_age": "50 Years",
        "maximum_age": "NA",
        "country": "",
        "gender": "ALL"
      },
      "interventions": [
        "methotrexate",
        "prednisone"
      ],
      "outcomes": []
    }
  },
  {
    "nct_id": "NCT00004688",
    "conditions": [
      "Adult Anaplastic Astrocytoma",
      "Adult Anaplastic Oligodendroglioma",
      "Glioblastoma",
      "Recurrent Brain Neoplasm",
      "mixed gliomas"
    ],
    "pico_attributes": {
      "populations": {
        "minimum_age": "NA",
        "maximum_age": "NA",
        "country": "",
        "gender": "ALL"
      },
      "interventions": [
        "carmustine",
        "mercaptopurine",
        "streptozocin"
      ],
      "outcomes": []
    }
  },
  {
    "nct_id": "NCT00004689",
    "conditions": [
      "Mycobacterium avium-intracellulare Infection"
    ],
    "pico_attributes": {
      "populations": {
        "minimum_age": "18 Years",
        "maximum_age": "NA",
        "country": "",
        "gender": "ALL"
      },
      "interventions": [
        "Thioacetazone",
        "clarithromycin",
        "ethambutol",
        "rifampin",
        "streptomycin"
      ],
      "outcomes": []
    }
  },
  {
    "nct_id": "NCT00004690",
    "conditions": [
      "Congenital ichthyosis"
    ],
    "pico_attributes": {
      "populations": {
        "minimum_age": "2 Years",
        "maximum_age": "NA",
        "country": "",
        "gender": "ALL"
      },
      "interventions": [
        "Cream",
        "monolaurin"
      ],
      "outcomes": []
    }
  },
  {
    "nct_id": "NCT00004694",
    "conditions": [
      "Angioedema"
    ],
    "pico_attributes": {
      "populations": {
        "minimum_age": "8 Years",
        "maximum_age": "NA",
        "country": "",
        "gender": "ALL"
      },
      "interventions": [
        "heparin"
      ],
      "outcomes": []
    }
  },
  {
    "nct_id": "NCT00004695",
    "conditions": [
      "Acquired Hypogammaglobulinemia"
    ],
    "pico_attributes": {
      "populations": {
        "minimum_age": "2 Years",
        "maximum_age": "NA",
        "country": "",
        "gender": "ALL"
      },
      "interventions": [
        "interleukin-2, polyethylene glycol-modified"
      ],
      "outcomes": []
    }
  },
  {
    "nct_id": "NCT00004696",
    "conditions": [
      "Disease",
      "Feel Pain",
      "Infant",
      "Infant, Newborn"
    ],
    "pico_attributes": {
      "populations": {
        "minimum_age": "NA",
        "maximum_age": "1 Year",
        "country": "",
        "gender": "ALL"
      },
      "interventions": [
        "morphine"
      ],
      "outcomes": []
    }
  },
  {
    "nct_id": "NCT00004697",
    "conditions": [
      "Fatty Liver"
    ],
    "pico_attributes": {
      "populations": {
        "minimum_age": "16 Years",
        "maximum_age": "74 Years",
        "country": "",
        "gender": "ALL"
      },
      "interventions": [
        "choline chloride"
      ],
      "outcomes": []
    }
  },
  {
    "nct_id": "NCT00004699",
    "conditions": [
      "Hyperinsulinism"
    ],
    "pico_attributes": {
      "populations": {
        "minimum_age": "3 Weeks",
        "maximum_age": "3 Months",
        "country": "",
        "gender": "ALL"
      },
      "interventions": [
        "IGF1 gene"
      ],
      "outcomes": []
    }
  },
  {
    "nct_id": "NCT00004700",
    "conditions": [
      "Hyperinsulinism"
    ],
    "pico_attributes": {
      "populations": {
        "minimum_age": "3 Months",
        "maximum_age": "18 Years",
        "country": "",
        "gender": "ALL"
      },
      "interventions": [
        "IGF1 gene"
      ],
      "outcomes": []
    }
  },
  {
    "nct_id": "NCT00004705",
    "conditions": [
      "Cystic Fibrosis"
    ],
    "pico_attributes": {
      "populations": {
        "minimum_age": "4 Years",
        "maximum_age": "NA",
        "country": "",
        "gender": "ALL"
      },
      "interventions": [
        "amiloride",
        "uridine"
      ],
      "outcomes": []
    }
  },
  {
    "nct_id": "NCT00004727",
    "conditions": [
      "Cerebral Infarction",
      "Cerebrovascular accident"
    ],
    "pico_attributes": {
      "populations": {
        "minimum_age": "29 Years",
        "maximum_age": "85 Years",
        "country": "United States",
        "gender": "ALL"
      },
      "interventions": [
        "aspirin",
        "ticlopidine"
      ],
      "outcomes": []
    }
  },
  {
    "nct_id": "NCT00004728",
    "conditions": [
      "Arteriosclerosis",
      "Cerebral Infarction",
      "Cerebrovascular accident",
      "Constriction procedure",
      "Pathologic"
    ],
    "pico_attributes": {
      "populations": {
        "minimum_age": "40 Years",
        "maximum_age": "NA",
        "country": "United States",
        "gender": "ALL"
      },
      "interventions": [
        "aspirin",
        "warfarin"
      ],
      "outcomes": []
    }
  },
  {
    "nct_id": "NCT00004729",
    "conditions": [
      "Epilepsy",
      "Lennox-Gastaut syndrome",
      "Seizures"
    ],
    "pico_attributes": {
      "populations": {
        "minimum_age": "1 Year",
        "maximum_age": "10 Years",
        "country": "United States",
        "gender": "ALL"
      },
      "interventions": [
        "Ketogenic Diet"
      ],
      "outcomes": []
    }
  },
  {
    "nct_id": "NCT00004730",
    "conditions": [
      "Brain Concussion",
      "Brain Injuries",
      "Craniocerebral Trauma"
    ],
    "pico_attributes": {
      "populations": {
        "minimum_age": "14 Years",
        "maximum_age": "NA",
        "country": "United States",
        "gender": "ALL"
      },
      "interventions": [
        "magnesium sulfate"
      ],
      "outcomes": []
    }
  },
  {
    "nct_id": "NCT00004731",
    "conditions": [
      "Parkinson Disease"
    ],
    "pico_attributes": {
      "populations": {
        "minimum_age": "30 Years",
        "maximum_age": "NA",
        "country": "United States",
        "gender": "ALL"
      },
      "interventions": [
        "Ubiquinone 10 Measurement"
      ],
      "outcomes": []
    }
  },
  {
    "nct_id": "NCT00004732",
    "conditions": [
      "Arteriosclerosis",
      "Carotid Stenosis",
      "Cerebral Infarction",
      "Cerebrovascular accident",
      "Electrocardiogram: myocardial infarction (finding)"
    ],
    "pico_attributes": {
      "populations": {
        "minimum_age": "18 Years",
        "maximum_age": "NA",
        "country": "United States",
        "gender": "ALL"
      },
      "interventions": [
        "CEACAM5 protein, human",
        "Carotid Endarterectomy"
      ],
      "outcomes": [
        "30%",
        "4+ Answer to question",
        "CDISC SDTM Procedure Terminology",
        "CEACAM5 protein, human",
        "Cerebrovascular accident",
        "Cessation of life",
        "Daily",
        "Different",
        "During values",
        "Effectiveness",
        "Electrocardiogram: myocardial infarction (finding)",
        "Female Phenotype",
        "Ipsilateral",
        "Male Gender, Self Report",
        "Participant",
        "Period (temporal qualifier)",
        "Primary Endpoint",
        "year"
      ]
    }
  },
  {
    "nct_id": "NCT00004733",
    "conditions": [
      "Parkinson Disease"
    ],
    "pico_attributes": {
      "populations": {
        "minimum_age": "30 Years",
        "maximum_age": "NA",
        "country": "United States",
        "gender": "ALL"
      },
      "interventions": [
        "levodopa"
      ],
      "outcomes": []
    }
  },
  {
    "nct_id": "NCT00004734",
    "conditions": [
      "Cerebral Infarction",
      "Cerebrovascular accident",
      "Electrocardiogram: myocardial infarction (finding)"
    ],
    "pico_attributes": {
      "populations": {
        "minimum_age": "35 Years",
        "maximum_age": "NA",
        "country": "United States",
        "gender": "ALL"
      },
      "interventions": [
        "Cyanocobalamin Drug Class",
        "Multivitamin preparation",
        "Pyridoxine Drug Class",
        "folic acid"
      ],
      "outcomes": []
    }
  },
  {
    "nct_id": "NCT00004735",
    "conditions": [
      "HIV Infections"
    ],
    "pico_attributes": {
      "populations": {
        "minimum_age": "2 Years",
        "maximum_age": "24 Years",
        "country": "United States",
        "gender": "ALL"
      },
      "interventions": [
        "FDA Inactivation",
        "Hepatitis A Vaccines",
        "Tetanus Vaccine"
      ],
      "outcomes": []
    }
  },
  {
    "nct_id": "NCT00004736",
    "conditions": [
      "HIV Infections",
      "Tuberculosis"
    ],
    "pico_attributes": {
      "populations": {
        "minimum_age": "18 Years",
        "maximum_age": "NA",
        "country": "United States",
        "gender": "ALL"
      },
      "interventions": [
        "ethambutol hydrochloride",
        "isoniazid",
        "lamivudine",
        "nelfinavir mesylate",
        "pyrazinamide",
        "rifabutin",
        "stavudine",
        "zidovudine"
      ],
      "outcomes": []
    }
  },
  {
    "nct_id": "NCT00004738",
    "conditions": [
      "Arnold-Chiari Malformation, Type I",
      "Syringomyelia"
    ],
    "pico_attributes": {
      "populations": {
        "minimum_age": "1 Year",
        "maximum_age": "NA",
        "country": "United States",
        "gender": "ALL"
      },
      "interventions": [],
      "outcomes": []
    }
  },
  {
    "nct_id": "NCT00004739",
    "conditions": [
      "HIV Infections"
    ],
    "pico_attributes": {
      "populations": {
        "minimum_age": "7 Years",
        "maximum_age": "18 Years",
        "country": "United States",
        "gender": "ALL"
      },
      "interventions": [
        "Antiretroviral therapy"
      ],
      "outcomes": []
    }
  },
  {
    "nct_id": "NCT00004740",
    "conditions": [
      "Tuberculosis"
    ],
    "pico_attributes": {
      "populations": {
        "minimum_age": "18 Years",
        "maximum_age": "NA",
        "country": "",
        "gender": "ALL"
      },
      "interventions": [
        "isoniazid"
      ],
      "outcomes": []
    }
  },
  {
    "nct_id": "NCT00004744",
    "conditions": [
      "MS gene"
    ],
    "pico_attributes": {
      "populations": {
        "minimum_age": "18 Years",
        "maximum_age": "60 Years",
        "country": "",
        "gender": "ALL"
      },
      "interventions": [
        "Immunoglobulins"
      ],
      "outcomes": []
    }
  },
  {
    "nct_id": "NCT00004747",
    "conditions": [
      "Bacterial Infections",
      "Cystic Fibrosis"
    ],
    "pico_attributes": {
      "populations": {
        "minimum_age": "6 Years",
        "maximum_age": "NA",
        "country": "",
        "gender": "ALL"
      },
      "interventions": [
        "Recombinant Immune Globulin",
        "mucoid exopolysaccharide (P aeruginosa)"
      ],
      "outcomes": []
    }
  },
  {
    "nct_id": "NCT00004748",
    "conditions": [
      "Biliary",
      "Liver Cirrhosis"
    ],
    "pico_attributes": {
      "populations": {
        "minimum_age": "0 Years",
        "maximum_age": "NA",
        "country": "",
        "gender": "ALL"
      },
      "interventions": [
        "colchicine",
        "methotrexate",
        "ursodiol"
      ],
      "outcomes": []
    }
  },
  {
    "nct_id": "NCT00004751",
    "conditions": [
      "Little's Disease"
    ],
    "pico_attributes": {
      "populations": {
        "minimum_age": "3 Years",
        "maximum_age": "18 Years",
        "country": "",
        "gender": "ALL"
      },
      "interventions": [
        "General surgery specialty",
        "Physical therapy"
      ],
      "outcomes": []
    }
  },
  {
    "nct_id": "NCT00004753",
    "conditions": [
      "Huntington Disease"
    ],
    "pico_attributes": {
      "populations": {
        "minimum_age": "0 Years",
        "maximum_age": "NA",
        "country": "",
        "gender": "ALL"
      },
      "interventions": [],
      "outcomes": []
    }
  },
  {
    "nct_id": "NCT00004754",
    "conditions": [
      "Hypertension, CTCAE",
      "Lung"
    ],
    "pico_attributes": {
      "populations": {
        "minimum_age": "0 Years",
        "maximum_age": "NA",
        "country": "",
        "gender": "ALL"
      },
      "interventions": [
        "epoprostenol"
      ],
      "outcomes": []
    }
  },
  {
    "nct_id": "NCT00004755",
    "conditions": [
      "Leishmaniasis"
    ],
    "pico_attributes": {
      "populations": {
        "minimum_age": "12 Years",
        "maximum_age": "NA",
        "country": "",
        "gender": "ALL"
      },
      "interventions": [
        "Glucantime",
        "allopurinol"
      ],
      "outcomes": []
    }
  },
  {
    "nct_id": "NCT00004756",
    "conditions": [
      "Lupus Erythematosus, Systemic"
    ],
    "pico_attributes": {
      "populations": {
        "minimum_age": "0 Years",
        "maximum_age": "NA",
        "country": "",
        "gender": "ALL"
      },
      "interventions": [
        "Teaching Materials",
        "educational programs",
        "tailor"
      ],
      "outcomes": []
    }
  },
  {
    "nct_id": "NCT00004757",
    "conditions": [
      "Herpes Simplex Infections"
    ],
    "pico_attributes": {
      "populations": {
        "minimum_age": "0 Years",
        "maximum_age": "29 Days",
        "country": "",
        "gender": "ALL"
      },
      "interventions": [
        "acyclovir"
      ],
      "outcomes": []
    }
  },
  {
    "nct_id": "NCT00004758",
    "conditions": [
      "Epilepsy",
      "Infancy",
      "Spasm"
    ],
    "pico_attributes": {
      "populations": {
        "minimum_age": "0 Years",
        "maximum_age": "2 Years",
        "country": "",
        "gender": "ALL"
      },
      "interventions": [
        "Carbamazepine measurement",
        "General surgery specialty",
        "Pyridoxine Drug Class",
        "Recombinant Corticotropin",
        "nitrazepam",
        "valproic acid"
      ],
      "outcomes": []
    }
  },
  {
    "nct_id": "NCT00004759",
    "conditions": [
      "Spinal Cord Injuries"
    ],
    "pico_attributes": {
      "populations": {
        "minimum_age": "14 Years",
        "maximum_age": "NA",
        "country": "",
        "gender": "ALL"
      },
      "interventions": [
        "methylprednisolone",
        "tirilazad"
      ],
      "outcomes": []
    }
  },
  {
    "nct_id": "NCT00004760",
    "conditions": [
      "Parkinson Disease"
    ],
    "pico_attributes": {
      "populations": {
        "minimum_age": "50 Years",
        "maximum_age": "90 Years",
        "country": "",
        "gender": "ALL"
      },
      "interventions": [
        "Exercise"
      ],
      "outcomes": []
    }
  },
  {
    "nct_id": "NCT00004761",
    "conditions": [
      "Epidermolysis Bullosa"
    ],
    "pico_attributes": {
      "populations": {
        "minimum_age": "0 Years",
        "maximum_age": "NA",
        "country": "",
        "gender": "ALL"
      },
      "interventions": [],
      "outcomes": []
    }
  },
  {
    "nct_id": "NCT00004762",
    "conditions": [
      "Cholangitis",
      "Sclerosis"
    ],
    "pico_attributes": {
      "populations": {
        "minimum_age": "18 Years",
        "maximum_age": "NA",
        "country": "",
        "gender": "ALL"
      },
      "interventions": [
        "cladribine"
      ],
      "outcomes": []
    }
  },
  {
    "nct_id": "NCT00004763",
    "conditions": [
      "Androgen excess"
    ],
    "pico_attributes": {
      "populations": {
        "minimum_age": "15 Years",
        "maximum_age": "40 Years",
        "country": "",
        "gender": "FEMALE"
      },
      "interventions": [
        "ethinyl estradiol and norethindrone",
        "leuprolide"
      ],
      "outcomes": []
    }
  },
  {
    "nct_id": "NCT00004767",
    "conditions": [
      "amino acid metabolism",
      "error"
    ],
    "pico_attributes": {
      "populations": {
        "minimum_age": "18 Years",
        "maximum_age": "65 Years",
        "country": "",
        "gender": "ALL"
      },
      "interventions": [
        "Dietary Modification",
        "sodium benzoate",
        "sodium phenylacetate",
        "sodium phenylbutyrate"
      ],
      "outcomes": []
    }
  },
  {
    "nct_id": "NCT00004769",
    "conditions": [
      "Myotonic Dystrophy"
    ],
    "pico_attributes": {
      "populations": {
        "minimum_age": "21 Years",
        "maximum_age": "60 Years",
        "country": "",
        "gender": "ALL"
      },
      "interventions": [],
      "outcomes": []
    }
  },
  {
    "nct_id": "NCT00004770",
    "conditions": [
      "Mitochondrial Myopathies"
    ],
    "pico_attributes": {
      "populations": {
        "minimum_age": "0 Years",
        "maximum_age": "NA",
        "country": "",
        "gender": "MALE"
      },
      "interventions": [
        "thioctic acid"
      ],
      "outcomes": []
    }
  },
  {
    "nct_id": "NCT00004771",
    "conditions": [
      "Amyotrophic Lateral Sclerosis",
      "Bulbo-Spinal Atrophy, X-Linked",
      "Spinal Muscular Atrophy"
    ],
    "pico_attributes": {
      "populations": {
        "minimum_age": "18 Years",
        "maximum_age": "NA",
        "country": "",
        "gender": "MALE"
      },
      "interventions": [
        "Therapeutic Testosterone",
        "leuprolide"
      ],
      "outcomes": []
    }
  },
  {
    "nct_id": "NCT00004772",
    "conditions": [
      "Chronic inflammation",
      "Polyradiculoneuropathy"
    ],
    "pico_attributes": {
      "populations": {
        "minimum_age": "15 Years",
        "maximum_age": "NA",
        "country": "",
        "gender": "ALL"
      },
      "interventions": [
        "Immunoglobulins"
      ],
      "outcomes": []
    }
  },
  {
    "nct_id": "NCT00004773",
    "conditions": [
      "Rett Syndrome"
    ],
    "pico_attributes": {
      "populations": {
        "minimum_age": "0 Years",
        "maximum_age": "NA",
        "country": "",
        "gender": "FEMALE"
      },
      "interventions": [],
      "outcomes": []
    }
  },
  {
    "nct_id": "NCT00004776",
    "conditions": [
      "Lennox-Gastaut syndrome"
    ],
    "pico_attributes": {
      "populations": {
        "minimum_age": "4 Years",
        "maximum_age": "30 Years",
        "country": "",
        "gender": "ALL"
      },
      "interventions": [
        "topiramate"
      ],
      "outcomes": []
    }
  },
  {
    "nct_id": "NCT00004778",
    "conditions": [
      "Respiratory Distress Syndrome"
    ],
    "pico_attributes": {
      "populations": {
        "minimum_age": "0 Years",
        "maximum_age": "NA",
        "country": "",
        "gender": "FEMALE"
      },
      "interventions": [
        "TRH gene",
        "betamethasone",
        "dexamethasone"
      ],
      "outcomes": []
    }
  },
  {
    "nct_id": "NCT00004779",
    "conditions": [
      "Cystic Fibrosis"
    ],
    "pico_attributes": {
      "populations": {
        "minimum_age": "0 Years",
        "maximum_age": "NA",
        "country": "",
        "gender": "ALL"
      },
      "interventions": [
        "CFTR gene",
        "Presenilin-2",
        "cinobufotalin"
      ],
      "outcomes": []
    }
  },
  {
    "nct_id": "NCT00004781",
    "conditions": [
      "Candidiasis",
      "HIV Infections",
      "Oral"
    ],
    "pico_attributes": {
      "populations": {
        "minimum_age": "0 Years",
        "maximum_age": "NA",
        "country": "",
        "gender": "ALL"
      },
      "interventions": [],
      "outcomes": []
    }
  },
  {
    "nct_id": "NCT00004784",
    "conditions": [
      "Biliary",
      "Liver Cirrhosis"
    ],
    "pico_attributes": {
      "populations": {
        "minimum_age": "20 Years",
        "maximum_age": "69 Years",
        "country": "",
        "gender": "ALL"
      },
      "interventions": [
        "methotrexate",
        "ursodiol"
      ],
      "outcomes": []
    }
  },
  {
    "nct_id": "NCT00004785",
    "conditions": [
      "Bronchopulmonary Dysplasia"
    ],
    "pico_attributes": {
      "populations": {
        "minimum_age": "0 Years",
        "maximum_age": "2 Weeks",
        "country": "",
        "gender": "ALL"
      },
      "interventions": [
        "dexamethasone",
        "methylprednisolone"
      ],
      "outcomes": []
    }
  },
  {
    "nct_id": "NCT00004786",
    "conditions": [
      "Raynaud Disease",
      "Systemic Scleroderma"
    ],
    "pico_attributes": {
      "populations": {
        "minimum_age": "18 Years",
        "maximum_age": "NA",
        "country": "",
        "gender": "ALL"
      },
      "interventions": [
        "iloprost"
      ],
      "outcomes": []
    }
  },
  {
    "nct_id": "NCT00004787",
    "conditions": [
      "Decreased platelet count",
      "Dyskeratosis Congenita",
      "Fanconi Anemia",
      "Shwachman syndrome"
    ],
    "pico_attributes": {
      "populations": {
        "minimum_age": "0 Years",
        "maximum_age": "NA",
        "country": "",
        "gender": "ALL"
      },
      "interventions": [
        "CSF3 gene"
      ],
      "outcomes": []
    }
  },
  {
    "nct_id": "NCT00004788",
    "conditions": [
      "Disorders of Porphyrin Metabolism"
    ],
    "pico_attributes": {
      "populations": {
        "minimum_age": "0 Years",
        "maximum_age": "NA",
        "country": "",
        "gender": "ALL"
      },
      "interventions": [],
      "outcomes": []
    }
  },
  {
    "nct_id": "NCT00004789",
    "conditions": [
      "Disorders of Porphyrin Metabolism"
    ],
    "pico_attributes": {
      "populations": {
        "minimum_age": "18 Years",
        "maximum_age": "NA",
        "country": "",
        "gender": "ALL"
      },
      "interventions": [
        "heme arginate",
        "tin mesoporphyrin"
      ],
      "outcomes": []
    }
  },
  {
    "nct_id": "NCT00004791",
    "conditions": [
      "Epidermolysis Bullosa"
    ],
    "pico_attributes": {
      "populations": {
        "minimum_age": "0 Years",
        "maximum_age": "18 Years",
        "country": "",
        "gender": "ALL"
      },
      "interventions": [],
      "outcomes": []
    }
  },
  {
    "nct_id": "NCT00004793",
    "conditions": [
      "Growth Disorders"
    ],
    "pico_attributes": {
      "populations": {
        "minimum_age": "0 Years",
        "maximum_age": "18 Years",
        "country": "",
        "gender": "ALL"
      },
      "interventions": [],
      "outcomes": []
    }
  },
  {
    "nct_id": "NCT00004794",
    "conditions": [
      "Acquired Immunodeficiency Syndrome",
      "Cytomegalovirus Retinitis"
    ],
    "pico_attributes": {
      "populations": {
        "minimum_age": "13 Years",
        "maximum_age": "60 Years",
        "country": "",
        "gender": "ALL"
      },
      "interventions": [
        "cidofovir"
      ],
      "outcomes": []
    }
  },
  {
    "nct_id": "NCT00004795",
    "conditions": [
      "Lupus Erythematosus, Systemic"
    ],
    "pico_attributes": {
      "populations": {
        "minimum_age": "18 Years",
        "maximum_age": "NA",
        "country": "",
        "gender": "FEMALE"
      },
      "interventions": [
        "prasterone"
      ],
      "outcomes": []
    }
  },
  {
    "nct_id": "NCT00004796",
    "conditions": [
      "Cirrhosis",
      "Hepatic Encephalopathy",
      "Portal Hypertension"
    ],
    "pico_attributes": {
      "populations": {
        "minimum_age": "0 Years",
        "maximum_age": "64 Years",
        "country": "",
        "gender": "ALL"
      },
      "interventions": [
        "Lactulose Measurement"
      ],
      "outcomes": []
    }
  },
  {
    "nct_id": "NCT00004797",
    "conditions": [
      "Anemia, Sickle Cell"
    ],
    "pico_attributes": {
      "populations": {
        "minimum_age": "18 Years",
        "maximum_age": "NA",
        "country": "",
        "gender": "ALL"
      },
      "interventions": [
        "Placebo Control",
        "fructose"
      ],
      "outcomes": []
    }
  },
  {
    "nct_id": "NCT00004799",
    "conditions": [
      "Pertussis"
    ],
    "pico_attributes": {
      "populations": {
        "minimum_age": "2 Months",
        "maximum_age": "3 Months",
        "country": "",
        "gender": "ALL"
      },
      "interventions": [
        "Diphtheria-Tetanus Vaccine",
        "Pertussis",
        "Whole Cell Vaccine"
      ],
      "outcomes": []
    }
  },
  {
    "nct_id": "NCT00004800",
    "conditions": [
      "Pertussis"
    ],
    "pico_attributes": {
      "populations": {
        "minimum_age": "6 Weeks",
        "maximum_age": "12 Weeks",
        "country": "",
        "gender": "ALL"
      },
      "interventions": [
        "Contain (action)",
        "Diphtheria-Tetanus Vaccine",
        "Diphtheria-Tetanus-(whole-cell) Pertussis Vaccine",
        "Entire cell",
        "Pertussis"
      ],
      "outcomes": []
    }
  },
  {
    "nct_id": "NCT00004801",
    "conditions": [
      "F9 gene",
      "Hemophilia B"
    ],
    "pico_attributes": {
      "populations": {
        "minimum_age": "12 Years",
        "maximum_age": "NA",
        "country": "",
        "gender": "ALL"
      },
      "interventions": [
        "Coagulation factor IX measurement",
        "Hormone replacement therapy",
        "monoclonal"
      ],
      "outcomes": []
    }
  },
  {
    "nct_id": "NCT00004802",
    "conditions": [
      "Hyperkalemia",
      "Hypokalemic periodic paralysis",
      "Paralysed",
      "Paramyotonia Congenita (disorder)",
      "Periodic"
    ],
    "pico_attributes": {
      "populations": {
        "minimum_age": "10 Years",
        "maximum_age": "75 Years",
        "country": "",
        "gender": "ALL"
      },
      "interventions": [
        "dichlorphenamide"
      ],
      "outcomes": []
    }
  },
  {
    "nct_id": "NCT00004804",
    "conditions": [
      "Hepatitis C"
    ],
    "pico_attributes": {
      "populations": {
        "minimum_age": "0 Years",
        "maximum_age": "NA",
        "country": "",
        "gender": "ALL"
      },
      "interventions": [
        "Deprecated Interferon alpha in Serum or Plasma"
      ],
      "outcomes": []
    }
  },
  {
    "nct_id": "NCT00004805",
    "conditions": [
      "Bronchopulmonary Dysplasia",
      "Pulmonary Hypertension",
      "Respiratory Distress Syndrome"
    ],
    "pico_attributes": {
      "populations": {
        "minimum_age": "0 Years",
        "maximum_age": "NA",
        "country": "",
        "gender": "ALL"
      },
      "interventions": [
        "CPR education"
      ],
      "outcomes": []
    }
  },
  {
    "nct_id": "NCT00004806",
    "conditions": [
      "Cystic Fibrosis"
    ],
    "pico_attributes": {
      "populations": {
        "minimum_age": "18 Years",
        "maximum_age": "NA",
        "country": "",
        "gender": "ALL"
      },
      "interventions": [
        "CFTR gene"
      ],
      "outcomes": []
    }
  },
  {
    "nct_id": "NCT00004807",
    "conditions": [
      "Rett Syndrome"
    ],
    "pico_attributes": {
      "populations": {
        "minimum_age": "0 Years",
        "maximum_age": "45 Years",
        "country": "",
        "gender": "ALL"
      },
      "interventions": [
        "dextromethorphan",
        "donepezil",
        "topiramate"
      ],
      "outcomes": []
    }
  },
  {
    "nct_id": "NCT00004808",
    "conditions": [
      "Blastomycosis",
      "Histoplasmosis",
      "Sporotrichosis"
    ],
    "pico_attributes": {
      "populations": {
        "minimum_age": "12 Years",
        "maximum_age": "NA",
        "country": "",
        "gender": "ALL"
      },
      "interventions": [
        "fluconazole"
      ],
      "outcomes": []
    }
  },
  {
    "nct_id": "NCT00004809",
    "conditions": [
      "Hypercholesterolemia, Familial"
    ],
    "pico_attributes": {
      "populations": {
        "minimum_age": "0 Years",
        "maximum_age": "NA",
        "country": "",
        "gender": "ALL"
      },
      "interventions": [
        "Gene Therapy Agent"
      ],
      "outcomes": []
    }
  },
  {
    "nct_id": "NCT00004810",
    "conditions": [
      "Ulcerative Colitis"
    ],
    "pico_attributes": {
      "populations": {
        "minimum_age": "18 Years",
        "maximum_age": "80 Years",
        "country": "",
        "gender": "ALL"
      },
      "interventions": [
        "aminosalicylic acid"
      ],
      "outcomes": []
    }
  },
  {
    "nct_id": "NCT00004811",
    "conditions": [
      "Blastomycosis",
      "Histoplasmosis",
      "Sporotrichosis"
    ],
    "pico_attributes": {
      "populations": {
        "minimum_age": "18 Years",
        "maximum_age": "NA",
        "country": "",
        "gender": "ALL"
      },
      "interventions": [
        "itraconazole"
      ],
      "outcomes": []
    }
  },
  {
    "nct_id": "NCT00004812",
    "conditions": [
      "Spinal Cord Injuries"
    ],
    "pico_attributes": {
      "populations": {
        "minimum_age": "16 Years",
        "maximum_age": "60 Years",
        "country": "",
        "gender": "ALL"
      },
      "interventions": [
        "Exercise"
      ],
      "outcomes": []
    }
  },
  {
    "nct_id": "NCT00004814",
    "conditions": [
      "MS gene"
    ],
    "pico_attributes": {
      "populations": {
        "minimum_age": "18 Years",
        "maximum_age": "45 Years",
        "country": "",
        "gender": "ALL"
      },
      "interventions": [
        "glatiramer"
      ],
      "outcomes": []
    }
  },
  {
    "nct_id": "NCT00004815",
    "conditions": [
      "Werner Syndrome"
    ],
    "pico_attributes": {
      "populations": {
        "minimum_age": "0 Years",
        "maximum_age": "NA",
        "country": "",
        "gender": "ALL"
      },
      "interventions": [
        "Growth Hormone"
      ],
      "outcomes": []
    }
  },
  {
    "nct_id": "NCT00004816",
    "conditions": [
      "MS gene"
    ],
    "pico_attributes": {
      "populations": {
        "minimum_age": "21 Years",
        "maximum_age": "75 Years",
        "country": "",
        "gender": "ALL"
      },
      "interventions": [
        "Monoclonal Antibody M-T412"
      ],
      "outcomes": []
    }
  },
  {
    "nct_id": "NCT00004817",
    "conditions": [
      "Craniocerebral Trauma",
      "Epilepsy, Post-Traumatic"
    ],
    "pico_attributes": {
      "populations": {
        "minimum_age": "14 Years",
        "maximum_age": "NA",
        "country": "",
        "gender": "ALL"
      },
      "interventions": [
        "Phenytoin measurement",
        "sodium valproate"
      ],
      "outcomes": []
    }
  },
  {
    "nct_id": "NCT00004825",
    "conditions": [
      "Hyperinsulinism"
    ],
    "pico_attributes": {
      "populations": {
        "minimum_age": "1 Month",
        "maximum_age": "18 Years",
        "country": "",
        "gender": "ALL"
      },
      "interventions": [
        "mecasermin"
      ],
      "outcomes": []
    }
  },
  {
    "nct_id": "NCT00004826",
    "conditions": [
      "Parkinson Disease"
    ],
    "pico_attributes": {
      "populations": {
        "minimum_age": "NA",
        "maximum_age": "NA",
        "country": "",
        "gender": "ALL"
      },
      "interventions": [
        "clozapine"
      ],
      "outcomes": []
    }
  },
  {
    "nct_id": "NCT00004827",
    "conditions": [
      "Retinitis Pigmentosa"
    ],
    "pico_attributes": {
      "populations": {
        "minimum_age": "NA",
        "maximum_age": "NA",
        "country": "",
        "gender": "MALE"
      },
      "interventions": [
        "Docosahexaenoic Acids"
      ],
      "outcomes": []
    }
  },
  {
    "nct_id": "NCT00004828",
    "conditions": [
      "Congenital Heart Defects",
      "Congenital MeSH qualifier",
      "Tricuspid Atresia"
    ],
    "pico_attributes": {
      "populations": {
        "minimum_age": "NA",
        "maximum_age": "17 Years",
        "country": "",
        "gender": "ALL"
      },
      "interventions": [
        "Liothyronine I-131"
      ],
      "outcomes": []
    }
  },
  {
    "nct_id": "NCT00004829",
    "conditions": [
      "Bacterial Infections",
      "Cystic Fibrosis"
    ],
    "pico_attributes": {
      "populations": {
        "minimum_age": "6 Years",
        "maximum_age": "NA",
        "country": "",
        "gender": "ALL"
      },
      "interventions": [
        "tobramycin"
      ],
      "outcomes": []
    }
  },
  {
    "nct_id": "NCT00004831",
    "conditions": [
      "Erythropoietic Protoporphyria"
    ],
    "pico_attributes": {
      "populations": {
        "minimum_age": "18 Years",
        "maximum_age": "65 Years",
        "country": "",
        "gender": "ALL"
      },
      "interventions": [
        "cysteine hydrochloride"
      ],
      "outcomes": []
    }
  },
  {
    "nct_id": "NCT00004832",
    "conditions": [
      "Lambert-Eaton Myasthenic Syndrome"
    ],
    "pico_attributes": {
      "populations": {
        "minimum_age": "18 Years",
        "maximum_age": "NA",
        "country": "",
        "gender": "ALL"
      },
      "interventions": [
        "3+ Answer to Question",
        "4+ Answer to question",
        "DIAMINOPYRIDINE"
      ],
      "outcomes": []
    }
  },
  {
    "nct_id": "NCT00004833",
    "conditions": [
      "Guillain-Barre Syndrome"
    ],
    "pico_attributes": {
      "populations": {
        "minimum_age": "NA",
        "maximum_age": "17 Years",
        "country": "",
        "gender": "ALL"
      },
      "interventions": [
        "Immunoglobulins"
      ],
      "outcomes": []
    }
  },
  {
    "nct_id": "NCT00004834",
    "conditions": [
      "Panic Disorder"
    ],
    "pico_attributes": {
      "populations": {
        "minimum_age": "18 Years",
        "maximum_age": "64 Years",
        "country": "",
        "gender": "ALL"
      },
      "interventions": [
        "Cognitive Therapy",
        "imipramine"
      ],
      "outcomes": []
    }
  },
  {
    "nct_id": "NCT00004838",
    "conditions": [
      "Lead Poisoning"
    ],
    "pico_attributes": {
      "populations": {
        "minimum_age": "0 Years",
        "maximum_age": "6 Years",
        "country": "",
        "gender": "ALL"
      },
      "interventions": [
        "succimer"
      ],
      "outcomes": []
    }
  },
  {
    "nct_id": "NCT00004840",
    "conditions": [
      "Respiratory Distress Syndrome"
    ],
    "pico_attributes": {
      "populations": {
        "minimum_age": "20 Years",
        "maximum_age": "36 Years",
        "country": "",
        "gender": "FEMALE"
      },
      "interventions": [
        "TRH gene"
      ],
      "outcomes": []
    }
  },
  {
    "nct_id": "NCT00004842",
    "conditions": [
      "Biliary",
      "Cholangitis",
      "Liver Cirrhosis",
      "Sclerosis"
    ],
    "pico_attributes": {
      "populations": {
        "minimum_age": "18 Years",
        "maximum_age": "70 Years",
        "country": "United States",
        "gender": "ALL"
      },
      "interventions": [
        "budesonide"
      ],
      "outcomes": []
    }
  },
  {
    "nct_id": "NCT00004843",
    "conditions": [
      "Hyperparathyroidism"
    ],
    "pico_attributes": {
      "populations": {
        "minimum_age": "50 Years",
        "maximum_age": "75 Years",
        "country": "",
        "gender": "ALL"
      },
      "interventions": [
        "Clinical Observation",
        "Parathyroidectomy"
      ],
      "outcomes": []
    }
  },
  {
    "nct_id": "NCT00004844",
    "conditions": [
      "Parkinson Disease"
    ],
    "pico_attributes": {
      "populations": {
        "minimum_age": "40 Years",
        "maximum_age": "75 Years",
        "country": "",
        "gender": "ALL"
      },
      "interventions": [
        "Administration via Implantation",
        "Body tissue"
      ],
      "outcomes": []
    }
  },
  {
    "nct_id": "NCT00004845",
    "conditions": [
      "Alzheimer's Disease"
    ],
    "pico_attributes": {
      "populations": {
        "minimum_age": "55 Years",
        "maximum_age": "NA",
        "country": "United States",
        "gender": "ALL"
      },
      "interventions": [
        "naproxen",
        "rofecoxib"
      ],
      "outcomes": []
    }
  },
  {
    "nct_id": "NCT00004846",
    "conditions": [
      "HIV Infections",
      "Hepatitis C"
    ],
    "pico_attributes": {
      "populations": {
        "minimum_age": "NA",
        "maximum_age": "NA",
        "country": "United States",
        "gender": "ALL"
      },
      "interventions": [
        "ABCA1 protein, human",
        "Active Breathing Control",
        "Chemical Probe",
        "GDC Gender Terminology",
        "Genus Chiron",
        "HIV",
        "Hepatitis C",
        "PEG-PEI-cholesterol Lipopolymer-encased IL-12 DNA Plasmid Vector GEN-1"
      ],
      "outcomes": []
    }
  },
  {
    "nct_id": "NCT00004847",
    "conditions": [
      "Adrenal Gland Pheochromocytoma",
      "Endocrine System Diseases"
    ],
    "pico_attributes": {
      "populations": {
        "minimum_age": "3 Years",
        "maximum_age": "120 Years",
        "country": "United States",
        "gender": "ALL"
      },
      "interventions": [
        "Dai Chinese",
        "fluorodopa F 18"
      ],
      "outcomes": []
    }
  },
  {
    "nct_id": "NCT00004848",
    "conditions": [
      "Hepatitis"
    ],
    "pico_attributes": {
      "populations": {
        "minimum_age": "NA",
        "maximum_age": "NA",
        "country": "United States",
        "gender": "ALL"
      },
      "interventions": [],
      "outcomes": []
    }
  },
  {
    "nct_id": "NCT00004850",
    "conditions": [
      "Hepatitis B",
      "Hepatitis C"
    ],
    "pico_attributes": {
      "populations": {
        "minimum_age": "18 Years",
        "maximum_age": "NA",
        "country": "United States",
        "gender": "ALL"
      },
      "interventions": [],
      "outcomes": []
    }
  },
  {
    "nct_id": "NCT00004851",
    "conditions": [
      "Hepatitis C"
    ],
    "pico_attributes": {
      "populations": {
        "minimum_age": "NA",
        "maximum_age": "NA",
        "country": "United States",
        "gender": "ALL"
      },
      "interventions": [],
      "outcomes": []
    }
  },
  {
    "nct_id": "NCT00004852",
    "conditions": [
      "HIV Infections"
    ],
    "pico_attributes": {
      "populations": {
        "minimum_age": "18 Years",
        "maximum_age": "NA",
        "country": "United States",
        "gender": "ALL"
      },
      "interventions": [
        "efavirenz",
        "lamivudine",
        "zidovudine"
      ],
      "outcomes": []
    }
  }
]