[
  {
    "nct_id": "NCT00485693",
    "conditions": [
      "Pain, Postoperative"
    ],
    "pico_attributes": {
      "populations": {
        "minimum_age": "18 Years",
        "maximum_age": "75 Years",
        "country": "United States",
        "gender": "ALL"
      },
      "interventions": [
        "bupivacaine hydrochloride"
      ],
      "outcomes": [
        "30 days",
        "Adverse Event Domain",
        "Count of entities",
        "Participant",
        "Serious Adverse Event"
      ]
    }
  },
  {
    "nct_id": "NCT00485706",
    "conditions": [
      "Hypercalcemia",
      "Kidney Diseases"
    ],
    "pico_attributes": {
      "populations": {
        "minimum_age": "18 Years",
        "maximum_age": "75 Years",
        "country": "Belgium",
        "gender": "ALL"
      },
      "interventions": [
        "Dialysis Solutions",
        "ca increase"
      ],
      "outcomes": []
    }
  },
  {
    "nct_id": "NCT00485719",
    "conditions": [
      "Cancer Genus"
    ],
    "pico_attributes": {
      "populations": {
        "minimum_age": "18 Years",
        "maximum_age": "NA",
        "country": "United States",
        "gender": "ALL"
      },
      "interventions": [
        "SAR245409",
        "XL765"
      ],
      "outcomes": []
    }
  },
  {
    "nct_id": "NCT00485732",
    "conditions": [
      "Infection",
      "Papillomaviridae"
    ],
    "pico_attributes": {
      "populations": {
        "minimum_age": "15 Years",
        "maximum_age": "25 Years",
        "country": "Korea, Republic of",
        "gender": "FEMALE"
      },
      "interventions": [
        "Cervarix",
        "Female-to-Male Transsexual, Self-Report",
        "Placebo Control",
        "human papillomavirus vaccine, L1 type 16, 18"
      ],
      "outcomes": [
        "Antibodies, Anti-Idiotypic",
        "Count of entities",
        "General symptom",
        "Human Study Subject",
        "Human papillomavirus 16",
        "Human papillomavirus 18",
        "Local",
        "Pregnancies:Number:Point in time:^Patient:Quantitative:Reported",
        "Reporting",
        "Result",
        "Symptoms",
        "Titer"
      ]
    }
  },
  {
    "nct_id": "NCT00485745",
    "conditions": [
      "Congenital Disorders"
    ],
    "pico_attributes": {
      "populations": {
        "minimum_age": "NA",
        "maximum_age": "21 Years",
        "country": "",
        "gender": "ALL"
      },
      "interventions": [],
      "outcomes": []
    }
  },
  {
    "nct_id": "NCT00485758",
    "conditions": [
      "Diabetes Mellitus, Non-Insulin-Dependent"
    ],
    "pico_attributes": {
      "populations": {
        "minimum_age": "18 Years",
        "maximum_age": "80 Years",
        "country": "United States",
        "gender": "ALL"
      },
      "interventions": [
        "Adverse Event Emergency Room Visit",
        "Comparator",
        "External cause codes: Unspecified",
        "Laropiprant",
        "Placebo Control",
        "Vitamin B3 Assay"
      ],
      "outcomes": []
    }
  },
  {
    "nct_id": "NCT00485771",
    "conditions": [
      "Bipolar Disorder"
    ],
    "pico_attributes": {
      "populations": {
        "minimum_age": "18 Years",
        "maximum_age": "60 Years",
        "country": "United States",
        "gender": "ALL"
      },
      "interventions": [
        "Fluoxetine measurement",
        "Lamotrigine measurement",
        "olanzapine"
      ],
      "outcomes": []
    }
  },
  {
    "nct_id": "NCT00485784",
    "conditions": [
      "Pre-Eclampsia"
    ],
    "pico_attributes": {
      "populations": {
        "minimum_age": "18 Years",
        "maximum_age": "NA",
        "country": "France",
        "gender": "FEMALE"
      },
      "interventions": [
        "Blood test device"
      ],
      "outcomes": []
    }
  },
  {
    "nct_id": "NCT00485797",
    "conditions": [
      "Attention deficit hyperactivity disorder"
    ],
    "pico_attributes": {
      "populations": {
        "minimum_age": "6 Years",
        "maximum_age": "12 Years",
        "country": "Israel",
        "gender": "ALL"
      },
      "interventions": [
        "Ritalin"
      ],
      "outcomes": []
    }
  },
  {
    "nct_id": "NCT00485810",
    "conditions": [
      "Schizophrenia"
    ],
    "pico_attributes": {
      "populations": {
        "minimum_age": "20 Years",
        "maximum_age": "64 Years",
        "country": "Japan",
        "gender": "ALL"
      },
      "interventions": [
        "hydrochloride",
        "olanzapine"
      ],
      "outcomes": []
    }
  },
  {
    "nct_id": "NCT00485823",
    "conditions": [
      "Schizophrenia"
    ],
    "pico_attributes": {
      "populations": {
        "minimum_age": "18 Years",
        "maximum_age": "65 Years",
        "country": "Korea, Republic of",
        "gender": "ALL"
      },
      "interventions": [
        "Weight management program",
        "hydrochloride",
        "olanzapine"
      ],
      "outcomes": []
    }
  },
  {
    "nct_id": "NCT00485836",
    "conditions": [
      "Macular retinal edema",
      "Retinal Vein Occlusion"
    ],
    "pico_attributes": {
      "populations": {
        "minimum_age": "18 Years",
        "maximum_age": "NA",
        "country": "United States",
        "gender": "ALL"
      },
      "interventions": [
        "0.3",
        "0.5",
        "Injection",
        "MG",
        "NOAC protocol",
        "ranibizumab single use injection"
      ],
      "outcomes": [
        "Absolute Change",
        "Activities",
        "Amount type - Percentage",
        "BaseLine dental cement",
        "CD44 wt Allele",
        "Central",
        "Change -- procedure",
        "Comparison",
        "Correspondence as Topic",
        "Distance",
        "Foveal thickness",
        "Gain",
        "In addition to",
        "Lost",
        "Monthly (qualifier value)",
        "National Eye Institute (U.S.)",
        "Participant",
        "Population Mean",
        "SCORE Index of Family Function and Change 15",
        "Subscale score"
      ]
    }
  },
  {
    "nct_id": "NCT00485849",
    "conditions": [
      "Attention deficit hyperactivity disorder"
    ],
    "pico_attributes": {
      "populations": {
        "minimum_age": "6 Years",
        "maximum_age": "17 Years",
        "country": "Netherlands",
        "gender": "ALL"
      },
      "interventions": [
        "atomoxetine hydrochloride"
      ],
      "outcomes": []
    }
  },
  {
    "nct_id": "NCT00485862",
    "conditions": [
      "Depressive Symptoms"
    ],
    "pico_attributes": {
      "populations": {
        "minimum_age": "18 Years",
        "maximum_age": "NA",
        "country": "United States",
        "gender": "ALL"
      },
      "interventions": [
        "Placebo Control",
        "Sertraline measurement",
        "atomoxetine hydrochloride"
      ],
      "outcomes": []
    }
  },
  {
    "nct_id": "NCT00485875",
    "conditions": [
      "Attention deficit hyperactivity disorder"
    ],
    "pico_attributes": {
      "populations": {
        "minimum_age": "6 Years",
        "maximum_age": "17 Years",
        "country": "United States",
        "gender": "ALL"
      },
      "interventions": [
        "atomoxetine hydrochloride"
      ],
      "outcomes": []
    }
  },
  {
    "nct_id": "NCT00485888",
    "conditions": [
      "Phobia, Social"
    ],
    "pico_attributes": {
      "populations": {
        "minimum_age": "18 Years",
        "maximum_age": "65 Years",
        "country": "Canada",
        "gender": "ALL"
      },
      "interventions": [
        "Placebo Control"
      ],
      "outcomes": []
    }
  },
  {
    "nct_id": "NCT00485901",
    "conditions": [
      "Schizophrenia"
    ],
    "pico_attributes": {
      "populations": {
        "minimum_age": "18 Years",
        "maximum_age": "65 Years",
        "country": "Taiwan",
        "gender": "ALL"
      },
      "interventions": [
        "haloperidol",
        "hydrochloride",
        "olanzapine"
      ],
      "outcomes": []
    }
  },
  {
    "nct_id": "NCT00485914",
    "conditions": [
      "Degenerative polyarthritis",
      "Rheumatoid Arthritis"
    ],
    "pico_attributes": {
      "populations": {
        "minimum_age": "18 Years",
        "maximum_age": "60 Years",
        "country": "United States",
        "gender": "ALL"
      },
      "interventions": [
        "Anatomic Site",
        "On (qualifier value)",
        "Teaching Materials",
        "Work assessment"
      ],
      "outcomes": []
    }
  },
  {
    "nct_id": "NCT00485927",
    "conditions": [
      "Stress",
      "Trauma"
    ],
    "pico_attributes": {
      "populations": {
        "minimum_age": "21 Years",
        "maximum_age": "50 Years",
        "country": "Canada",
        "gender": "ALL"
      },
      "interventions": [
        "Stress"
      ],
      "outcomes": []
    }
  },
  {
    "nct_id": "NCT00485940",
    "conditions": [
      "Constipation"
    ],
    "pico_attributes": {
      "populations": {
        "minimum_age": "18 Years",
        "maximum_age": "NA",
        "country": "",
        "gender": "ALL"
      },
      "interventions": [
        "Placebo Control",
        "prucalopride"
      ],
      "outcomes": []
    }
  },
  {
    "nct_id": "NCT00485953",
    "conditions": [
      "Breast Carcinoma",
      "Osteopenia",
      "Osteoporosis"
    ],
    "pico_attributes": {
      "populations": {
        "minimum_age": "55 Years",
        "maximum_age": "NA",
        "country": "United States",
        "gender": "FEMALE"
      },
      "interventions": [
        "risedronate"
      ],
      "outcomes": [
        "% of total",
        "Bone marker",
        "Bone structure of ischium",
        "Dual-Energy X-Ray Absorptiometry",
        "Neuron spine",
        "Osteogenesis",
        "Resorption",
        "Structure of neck of femur"
      ]
    }
  },
  {
    "nct_id": "NCT00485966",
    "conditions": [
      "Chronic Lymphocytic Leukemia"
    ],
    "pico_attributes": {
      "populations": {
        "minimum_age": "18 Years",
        "maximum_age": "NA",
        "country": "United States",
        "gender": "ALL"
      },
      "interventions": [
        "CX 3543"
      ],
      "outcomes": []
    }
  },
  {
    "nct_id": "NCT00485979",
    "conditions": [
      "Mammary Neoplasms"
    ],
    "pico_attributes": {
      "populations": {
        "minimum_age": "18 Years",
        "maximum_age": "75 Years",
        "country": "Uruguay",
        "gender": "FEMALE"
      },
      "interventions": [
        "XRP 9881",
        "docetaxel",
        "larotaxel",
        "trastuzumab"
      ],
      "outcomes": []
    }
  },
  {
    "nct_id": "NCT00485992",
    "conditions": [
      "Congenital Disorders"
    ],
    "pico_attributes": {
      "populations": {
        "minimum_age": "NA",
        "maximum_age": "18 Years",
        "country": "United States",
        "gender": "ALL"
      },
      "interventions": [],
      "outcomes": []
    }
  },
  {
    "nct_id": "NCT00486005",
    "conditions": [
      "Schizophrenia"
    ],
    "pico_attributes": {
      "populations": {
        "minimum_age": "18 Years",
        "maximum_age": "65 Years",
        "country": "Brazil",
        "gender": "ALL"
      },
      "interventions": [
        "Placebo Control",
        "hydrochloride",
        "nizatidine",
        "olanzapine"
      ],
      "outcomes": []
    }
  },
  {
    "nct_id": "NCT00486018",
    "conditions": [
      "Macular retinal edema",
      "Retinal Vein Occlusion"
    ],
    "pico_attributes": {
      "populations": {
        "minimum_age": "18 Years",
        "maximum_age": "NA",
        "country": "United States",
        "gender": "ALL"
      },
      "interventions": [
        "0.3",
        "0.5",
        "Injection",
        "MG",
        "NOAC protocol",
        "ranibizumab single use injection"
      ],
      "outcomes": [
        "Absolute Change",
        "Activities",
        "Amount type - Percentage",
        "BaseLine dental cement",
        "CD44 wt Allele",
        "Central",
        "Change -- procedure",
        "Comparison",
        "Correspondence as Topic",
        "Distance",
        "Foveal thickness",
        "Gain",
        "In addition to",
        "Lost",
        "Monthly (qualifier value)",
        "National Eye Institute (U.S.)",
        "Participant",
        "Population Mean",
        "SCORE Index of Family Function and Change 15",
        "Subscale score"
      ]
    }
  },
  {
    "nct_id": "NCT00486031",
    "conditions": [
      "Idiopathic chronic inflammatory bowel disease",
      "Ulcerative Colitis"
    ],
    "pico_attributes": {
      "populations": {
        "minimum_age": "18 Years",
        "maximum_age": "NA",
        "country": "United States",
        "gender": "ALL"
      },
      "interventions": [
        "balsalazide disodium"
      ],
      "outcomes": [
        "Administration procedure",
        "Incidence",
        "Scanning Auger Spectrometer (device)",
        "emergent"
      ]
    }
  },
  {
    "nct_id": "NCT00486044",
    "conditions": [
      "Alzheimer's Disease"
    ],
    "pico_attributes": {
      "populations": {
        "minimum_age": "35 Years",
        "maximum_age": "69 Years",
        "country": "United States",
        "gender": "ALL"
      },
      "interventions": [
        "Placebo Control",
        "simvastatin"
      ],
      "outcomes": [
        "Biological Markers",
        "CYREN gene",
        "Cerebral Blood Flow",
        "Change -- procedure",
        "Cognitive changes",
        "Inflammatory",
        "Performance",
        "regional difference"
      ]
    }
  },
  {
    "nct_id": "NCT00486057",
    "conditions": [
      "Congenital Disorders"
    ],
    "pico_attributes": {
      "populations": {
        "minimum_age": "NA",
        "maximum_age": "21 Years",
        "country": "United States",
        "gender": "ALL"
      },
      "interventions": [],
      "outcomes": []
    }
  },
  {
    "nct_id": "NCT00486070",
    "conditions": [
      "Congenital Disorders"
    ],
    "pico_attributes": {
      "populations": {
        "minimum_age": "NA",
        "maximum_age": "21 Years",
        "country": "United States",
        "gender": "ALL"
      },
      "interventions": [],
      "outcomes": []
    }
  },
  {
    "nct_id": "NCT00486083",
    "conditions": [
      "Attention deficit hyperactivity disorder"
    ],
    "pico_attributes": {
      "populations": {
        "minimum_age": "6 Years",
        "maximum_age": "16 Years",
        "country": "Mexico",
        "gender": "ALL"
      },
      "interventions": [
        "atomoxetine hydrochloride",
        "methylphenidate hydrochloride"
      ],
      "outcomes": []
    }
  },
  {
    "nct_id": "NCT00486096",
    "conditions": [
      "Congenital Disorders"
    ],
    "pico_attributes": {
      "populations": {
        "minimum_age": "NA",
        "maximum_age": "3 Months",
        "country": "United States",
        "gender": "ALL"
      },
      "interventions": [],
      "outcomes": []
    }
  },
  {
    "nct_id": "NCT00486109",
    "conditions": [
      "Diabetes Mellitus, Insulin-Dependent",
      "Diabetes Mellitus, Non-Insulin-Dependent"
    ],
    "pico_attributes": {
      "populations": {
        "minimum_age": "14 Years",
        "maximum_age": "70 Years",
        "country": "United States",
        "gender": "ALL"
      },
      "interventions": [
        "Blood group antibody I",
        "Data Port",
        "Female-to-Male Transsexual, Self-Report",
        "Injection Port"
      ],
      "outcomes": []
    }
  },
  {
    "nct_id": "NCT00486122",
    "conditions": [
      "Attention deficit hyperactivity disorder"
    ],
    "pico_attributes": {
      "populations": {
        "minimum_age": "6 Years",
        "maximum_age": "12 Years",
        "country": "United States",
        "gender": "ALL"
      },
      "interventions": [
        "Placebo Control",
        "atomoxetine hydrochloride"
      ],
      "outcomes": []
    }
  },
  {
    "nct_id": "NCT00486135",
    "conditions": [
      "Adult Lymphoma",
      "Cancer Genus"
    ],
    "pico_attributes": {
      "populations": {
        "minimum_age": "18 Years",
        "maximum_age": "NA",
        "country": "United States",
        "gender": "ALL"
      },
      "interventions": [
        "SAR245408",
        "XL147"
      ],
      "outcomes": []
    }
  },
  {
    "nct_id": "NCT00486148",
    "conditions": [
      "Nutritional",
      "Safety"
    ],
    "pico_attributes": {
      "populations": {
        "minimum_age": "1 Day",
        "maximum_age": "15 Days",
        "country": "Italy",
        "gender": "ALL"
      },
      "interventions": [
        "Infant formula"
      ],
      "outcomes": []
    }
  },
  {
    "nct_id": "NCT00486161",
    "conditions": [
      "BODY MASS INDEX QUANTITATIVE TRAIT LOCUS 20"
    ],
    "pico_attributes": {
      "populations": {
        "minimum_age": "20 Years",
        "maximum_age": "45 Years",
        "country": "Italy",
        "gender": "ALL"
      },
      "interventions": [],
      "outcomes": []
    }
  },
  {
    "nct_id": "NCT00486174",
    "conditions": [
      "Sepsis"
    ],
    "pico_attributes": {
      "populations": {
        "minimum_age": "18 Years",
        "maximum_age": "NA",
        "country": "Canada",
        "gender": "ALL"
      },
      "interventions": [
        "methylene blue"
      ],
      "outcomes": []
    }
  },
  {
    "nct_id": "NCT00486187",
    "conditions": [
      "Diabetes Mellitus, Non-Insulin-Dependent"
    ],
    "pico_attributes": {
      "populations": {
        "minimum_age": "40 Years",
        "maximum_age": "80 Years",
        "country": "Canada",
        "gender": "ALL"
      },
      "interventions": [
        "Sulfonylurea Compounds",
        "metformin",
        "rosiglitazone"
      ],
      "outcomes": []
    }
  },
  {
    "nct_id": "NCT00486200",
    "conditions": [
      "Genital Herpes"
    ],
    "pico_attributes": {
      "populations": {
        "minimum_age": "18 Years",
        "maximum_age": "NA",
        "country": "United States",
        "gender": "ALL"
      },
      "interventions": [
        "ASP2151",
        "Placebo Control",
        "valacyclovir"
      ],
      "outcomes": []
    }
  },
  {
    "nct_id": "NCT00486213",
    "conditions": [
      "Adult Solid Neoplasm",
      "Clinical trial protocol",
      "Dermatologic Complication",
      "Entity Determiner - specific",
      "External cause codes: Unspecified",
      "Palmar-plantar erythrodysesthesia syndrome"
    ],
    "pico_attributes": {
      "populations": {
        "minimum_age": "18 Years",
        "maximum_age": "NA",
        "country": "Singapore",
        "gender": "ALL"
      },
      "interventions": [
        "Placebo Control",
        "pyridoxine hydrochloride"
      ],
      "outcomes": []
    }
  },
  {
    "nct_id": "NCT00486226",
    "conditions": [
      "Intracranial Aneurysm"
    ],
    "pico_attributes": {
      "populations": {
        "minimum_age": "18 Years",
        "maximum_age": "80 Years",
        "country": "Belgium",
        "gender": "ALL"
      },
      "interventions": [
        "Optical Image Reconstruction",
        "Vascular device"
      ],
      "outcomes": [
        "Adverse Event Domain",
        "Aneurysm",
        "COIL gene",
        "Cardiovascular occlusion",
        "Devices",
        "Maasai Language",
        "Position of phenotypic abnormality",
        "Procedure-related",
        "Satisfactory - Patient Condition Code",
        "Scanning Auger Spectrometer (device)"
      ]
    }
  },
  {
    "nct_id": "NCT00486239",
    "conditions": [
      "Epilepsy"
    ],
    "pico_attributes": {
      "populations": {
        "minimum_age": "18 Years",
        "maximum_age": "64 Years",
        "country": "United States",
        "gender": "ALL"
      },
      "interventions": [
        "AKR1A1 wt Allele",
        "Blood Products Laboratory Testing",
        "Emotions",
        "Epilepsy, Temporal Lobe",
        "Memory",
        "Testing"
      ],
      "outcomes": []
    }
  },
  {
    "nct_id": "NCT00486252",
    "conditions": [
      "Angular",
      "Glaucoma",
      "Ocular Hypertension",
      "Open"
    ],
    "pico_attributes": {
      "populations": {
        "minimum_age": "18 Years",
        "maximum_age": "NA",
        "country": "Czech Republic",
        "gender": "ALL"
      },
      "interventions": [
        "Observation - diagnostic procedure"
      ],
      "outcomes": []
    }
  },
  {
    "nct_id": "NCT00486265",
    "conditions": [
      "Leukemia, Myelocytic, Acute"
    ],
    "pico_attributes": {
      "populations": {
        "minimum_age": "18 Years",
        "maximum_age": "NA",
        "country": "United States",
        "gender": "ALL"
      },
      "interventions": [
        "AZD-4877"
      ],
      "outcomes": []
    }
  },
  {
    "nct_id": "NCT00486278",
    "conditions": [
      "Congenital Bleeding Disorder",
      "F8 gene",
      "F9 gene"
    ],
    "pico_attributes": {
      "populations": {
        "minimum_age": "12 Years",
        "maximum_age": "NA",
        "country": "United States",
        "gender": "MALE"
      },
      "interventions": [
        "Activation action",
        "F7 gene",
        "vatreptacog alfa"
      ],
      "outcomes": [
        "% of total",
        "*Activity (kind of quantity)",
        "0%",
        "1-2",
        "Additional",
        "Alanine Aminotransferase 1, human",
        "Analog",
        "Arabic numeral 0",
        "Area Under Curve",
        "Base - General Qualifier",
        "Biochemistry",
        "Biologic Development",
        "Blood",
        "CBLIF gene",
        "Cessation",
        "Clearance",
        "Control function",
        "Count of entities",
        "Creatinine, CTCAE",
        "Dose number",
        "Factor VIIa Activity Measurement",
        "Finding of platelet count",
        "Fragment of (qualifier value)",
        "From",
        "GDC Treatment Outcome Terminology",
        "Hematocrit procedure",
        "Hematology (discipline)",
        "Hemoglobin",
        "Hemorrhage",
        "Hemostatic Agents",
        "Homo sapiens",
        "Human Study Subject",
        "Immunogenicity (package insert)",
        "In addition to",
        "Infinity",
        "Inhibitor",
        "MRT Regimen",
        "Mean Residence Time",
        "Needs",
        "Number of Events",
        "Pharmacokinetic Parameters Domain",
        "Plasma",
        "Recombinants",
        "Red Blood Cell Count measurement",
        "Scanning Auger Spectrometer (device)",
        "Sometimes",
        "Steady State Volume of Distribution",
        "T prime",
        "Terminal Half Life",
        "Time",
        "White Blood Cell Count procedure",
        "chloride ion",
        "eptacog alfa activated",
        "prothrombin",
        "prothrombin fragment 1.2"
      ]
    }
  },
  {
    "nct_id": "NCT00486291",
    "conditions": [
      "Diabetes Mellitus, Non-Insulin-Dependent"
    ],
    "pico_attributes": {
      "populations": {
        "minimum_age": "18 Years",
        "maximum_age": "65 Years",
        "country": "United States",
        "gender": "ALL"
      },
      "interventions": [
        "Placebo Control"
      ],
      "outcomes": [
        "Absolute",
        "Absolute Change",
        "BaseLine dental cement",
        "Body Weight",
        "Body Weight Changes",
        "CD44 wt Allele",
        "Change -- procedure",
        "From",
        "Kilogram",
        "Weekly"
      ]
    }
  },
  {
    "nct_id": "NCT00486304",
    "conditions": [
      "Body Weight",
      "Cachexia",
      "Changed status",
      "Head and Neck Carcinoma"
    ],
    "pico_attributes": {
      "populations": {
        "minimum_age": "18 Years",
        "maximum_age": "NA",
        "country": "United States",
        "gender": "ALL"
      },
      "interventions": [
        "Add - instruction imperative",
        "Placebo Control"
      ],
      "outcomes": []
    }
  },
  {
    "nct_id": "NCT00486317",
    "conditions": [
      "Degenerative polyarthritis"
    ],
    "pico_attributes": {
      "populations": {
        "minimum_age": "52 Years",
        "maximum_age": "75 Years",
        "country": "Denmark",
        "gender": "ALL"
      },
      "interventions": [
        "Oral",
        "salmon calcitonin",
        "salmon calcitonin Nasal Spray"
      ],
      "outcomes": []
    }
  },
  {
    "nct_id": "NCT00486330",
    "conditions": [
      "HIV Infections"
    ],
    "pico_attributes": {
      "populations": {
        "minimum_age": "18 Years",
        "maximum_age": "60 Years",
        "country": "United States",
        "gender": "ALL"
      },
      "interventions": [
        "Buprenorphine measurement (procedure)",
        "ritonavir",
        "tipranavir"
      ],
      "outcomes": [
        "Area Under Curve",
        "COMMD3 gene",
        "Hour Times Nanogram per Milliliter",
        "R prime"
      ]
    }
  },
  {
    "nct_id": "NCT00486343",
    "conditions": [
      "Asthma"
    ],
    "pico_attributes": {
      "populations": {
        "minimum_age": "12 Years",
        "maximum_age": "70 Years",
        "country": "United States",
        "gender": "ALL"
      },
      "interventions": [
        "CALB2 protein, human",
        "Placebo Control",
        "zileuton"
      ],
      "outcomes": []
    }
  },
  {
    "nct_id": "NCT00486356",
    "conditions": [
      "Adult Liver Carcinoma",
      "Adult Solid Neoplasm",
      "Carcinoma of extrahepatic bile duct",
      "Clinical trial protocol",
      "Entity Determiner - specific",
      "External cause codes: Unspecified",
      "Gallbladder Carcinoma",
      "Malignant neoplasm of stomach"
    ],
    "pico_attributes": {
      "populations": {
        "minimum_age": "18 Years",
        "maximum_age": "120 Years",
        "country": "United States",
        "gender": "ALL"
      },
      "interventions": [
        "Microarray Analysis",
        "Pharmacological Study",
        "Polymorphism Analysis",
        "capecitabine",
        "carboplatin",
        "epirubicin hydrochloride"
      ],
      "outcomes": []
    }
  },
  {
    "nct_id": "NCT00486369",
    "conditions": [
      "Degenerative polyarthritis"
    ],
    "pico_attributes": {
      "populations": {
        "minimum_age": "52 Years",
        "maximum_age": "75 Years",
        "country": "Denmark",
        "gender": "ALL"
      },
      "interventions": [
        "Oral",
        "salmon calcitonin"
      ],
      "outcomes": []
    }
  },
  {
    "nct_id": "NCT00486382",
    "conditions": [
      "Leishmaniasis, Visceral",
      "Post-kala-azar dermal leishmaniasis"
    ],
    "pico_attributes": {
      "populations": {
        "minimum_age": "18 Years",
        "maximum_age": "54 Years",
        "country": "India",
        "gender": "ALL"
      },
      "interventions": [
        "Adjuvant",
        "MPL gene",
        "Sleep Efficiency"
      ],
      "outcomes": []
    }
  },
  {
    "nct_id": "NCT00486395",
    "conditions": [
      "Infant, Newborn",
      "Infant, Premature",
      "Respiratory Distress Syndrome"
    ],
    "pico_attributes": {
      "populations": {
        "minimum_age": "28 Weeks",
        "maximum_age": "32 Weeks",
        "country": "France",
        "gender": "ALL"
      },
      "interventions": [
        "C-Pap",
        "Mechanical ventilation"
      ],
      "outcomes": []
    }
  },
  {
    "nct_id": "NCT00486408",
    "conditions": [
      "HIV Infections"
    ],
    "pico_attributes": {
      "populations": {
        "minimum_age": "18 Years",
        "maximum_age": "50 Years",
        "country": "United States",
        "gender": "ALL"
      },
      "interventions": [
        "Country of Poland",
        "GAG (Organic Chemical)",
        "HIV-1",
        "S100B wt Allele"
      ],
      "outcomes": []
    }
  },
  {
    "nct_id": "NCT00486421",
    "conditions": [
      "Non-Cancer Diagnosis"
    ],
    "pico_attributes": {
      "populations": {
        "minimum_age": "21 Years",
        "maximum_age": "NA",
        "country": "United States",
        "gender": "ALL"
      },
      "interventions": [
        "prednisone",
        "rituximab"
      ],
      "outcomes": []
    }
  },
  {
    "nct_id": "NCT00486434",
    "conditions": [
      "Degenerative polyarthritis"
    ],
    "pico_attributes": {
      "populations": {
        "minimum_age": "51 Years",
        "maximum_age": "80 Years",
        "country": "Romania",
        "gender": "ALL"
      },
      "interventions": [
        "Calcitonin Precursor, human",
        "Oral",
        "Placebo Control"
      ],
      "outcomes": [
        "Biochemical Marker",
        "CYREN gene",
        "Cartilage of bone",
        "Changed status",
        "Death Due to Disease Progression Not Associated with More Specific Term NOS, CTCAE",
        "Disease Progression",
        "Disorder of knee",
        "Evaluation",
        "Knee",
        "Metabolism",
        "Monitor Device",
        "Nature",
        "Progression",
        "Room of building - Study",
        "Scanning Auger Spectrometer (device)"
      ]
    }
  },
  {
    "nct_id": "NCT00486447",
    "conditions": [
      "Coronary Arteriosclerosis"
    ],
    "pico_attributes": {
      "populations": {
        "minimum_age": "18 Years",
        "maximum_age": "NA",
        "country": "United States",
        "gender": "ALL"
      },
      "interventions": [
        "64",
        "Channel",
        "Saint Vincent and the Grenadines"
      ],
      "outcomes": [
        "Arteriopathic disease",
        "CDISC Interventions Class",
        "Cardiac Death",
        "Catheterization",
        "Change Management",
        "Clinical",
        "DIAGNOSTIC STANDARD",
        "Death Related to Adverse Event",
        "Detection",
        "Downstream",
        "Electrocardiogram",
        "Event Seriousness - Significant",
        "Heart",
        "Heart Health Tests",
        "Laboratory",
        "Long-term",
        "Major",
        "Medical",
        "Motivational Interviewing",
        "Negation",
        "Related personal status",
        "Result",
        "Standard (document)",
        "Use of",
        "Work-up",
        "cardiac event",
        "diagnostic catheterization"
      ]
    }
  },
  {
    "nct_id": "NCT00486460",
    "conditions": [
      "Malignant neoplasm of pancreas"
    ],
    "pico_attributes": {
      "populations": {
        "minimum_age": "18 Years",
        "maximum_age": "NA",
        "country": "Israel",
        "gender": "ALL"
      },
      "interventions": [
        "Celebrex",
        "curcumin",
        "gemcitabine"
      ],
      "outcomes": []
    }
  },
  {
    "nct_id": "NCT00486473",
    "conditions": [
      "Breast Carcinoma"
    ],
    "pico_attributes": {
      "populations": {
        "minimum_age": "18 Years",
        "maximum_age": "NA",
        "country": "Italy",
        "gender": "FEMALE"
      },
      "interventions": [
        "Magnevist",
        "MultiHance"
      ],
      "outcomes": []
    }
  },
  {
    "nct_id": "NCT00486486",
    "conditions": [
      "Glaucoma"
    ],
    "pico_attributes": {
      "populations": {
        "minimum_age": "39 Years",
        "maximum_age": "81 Years",
        "country": "Greece",
        "gender": "ALL"
      },
      "interventions": [
        "Combined",
        "Dosage",
        "Fix",
        "GDC Prior Malignancy Terminology",
        "Pharmaceutical Preparations",
        "bimatoprost",
        "timolol"
      ],
      "outcomes": []
    }
  },
  {
    "nct_id": "NCT00486499",
    "conditions": [
      "Malignant neoplasm of prostate"
    ],
    "pico_attributes": {
      "populations": {
        "minimum_age": "40 Years",
        "maximum_age": "90 Years",
        "country": "United States",
        "gender": "MALE"
      },
      "interventions": [
        "Clinical act of insertion",
        "Palladium-103",
        "Radioactive Seed Implant Dosing Unit",
        "Radioactivity",
        "Seed Implantation",
        "iodine-125"
      ],
      "outcomes": []
    }
  },
  {
    "nct_id": "NCT00486512",
    "conditions": [
      "Adenomatous Polyps"
    ],
    "pico_attributes": {
      "populations": {
        "minimum_age": "40 Years",
        "maximum_age": "75 Years",
        "country": "United States",
        "gender": "ALL"
      },
      "interventions": [
        "0.5",
        "Calcitriol Drug Class",
        "Consent Type - Colonoscopy",
        "Dihydroxycholecalciferols",
        "MG",
        "Maxillary right third molar abutment",
        "Placebo Control"
      ],
      "outcomes": []
    }
  },
  {
    "nct_id": "NCT00486525",
    "conditions": [
      "Breast Carcinoma",
      "Depressed mood",
      "Fatigue",
      "Feel Pain"
    ],
    "pico_attributes": {
      "populations": {
        "minimum_age": "21 Years",
        "maximum_age": "NA",
        "country": "United States",
        "gender": "FEMALE"
      },
      "interventions": [
        "Yoga"
      ],
      "outcomes": [
        "Center for Epidemiologic Studies Depression Scale",
        "Fatigue",
        "IL1B gene",
        "IL6 gene",
        "Lobular Neoplasia",
        "Stimulation (motivation)",
        "TNF protein, human"
      ]
    }
  },
  {
    "nct_id": "NCT00486538",
    "conditions": [
      "Advanced Renal Cell Carcinoma"
    ],
    "pico_attributes": {
      "populations": {
        "minimum_age": "18 Years",
        "maximum_age": "NA",
        "country": "United States",
        "gender": "ALL"
      },
      "interventions": [
        "ABT-869"
      ],
      "outcomes": []
    }
  },
  {
    "nct_id": "NCT00486551",
    "conditions": [
      "Attention deficit hyperactivity disorder",
      "Chronic Motor or Vocal Tic Disorder",
      "Gilles de la Tourette syndrome",
      "Oppositional Defiant Disorder"
    ],
    "pico_attributes": {
      "populations": {
        "minimum_age": "11 Years",
        "maximum_age": "16 Years",
        "country": "United States",
        "gender": "ALL"
      },
      "interventions": [
        "Anger Control",
        "Training"
      ],
      "outcomes": []
    }
  },
  {
    "nct_id": "NCT00486564",
    "conditions": [
      "Central neuroblastoma"
    ],
    "pico_attributes": {
      "populations": {
        "minimum_age": "NA",
        "maximum_age": "21 Years",
        "country": "United States",
        "gender": "ALL"
      },
      "interventions": [
        "nifurtimox"
      ],
      "outcomes": []
    }
  },
  {
    "nct_id": "NCT00486577",
    "conditions": [
      "Deafness",
      "Hearing problem",
      "Hyperacusis",
      "Tinnitus"
    ],
    "pico_attributes": {
      "populations": {
        "minimum_age": "18 Years",
        "maximum_age": "70 Years",
        "country": "France",
        "gender": "ALL"
      },
      "interventions": [
        "Event Seriousness - Significant",
        "First (number)",
        "Negation",
        "Primary Auditory Cortex",
        "Stimulation (motivation)",
        "Two weeks",
        "chronic"
      ],
      "outcomes": []
    }
  },
  {
    "nct_id": "NCT00486590",
    "conditions": [
      "Infant",
      "Infant, Very Low Birth Weight"
    ],
    "pico_attributes": {
      "populations": {
        "minimum_age": "1 Day",
        "maximum_age": "30 Days",
        "country": "United States",
        "gender": "ALL"
      },
      "interventions": [
        "Human milk fortifier",
        "In addition to"
      ],
      "outcomes": []
    }
  },
  {
    "nct_id": "NCT00486603",
    "conditions": [
      "Brain",
      "Central Nervous System Neoplasms"
    ],
    "pico_attributes": {
      "populations": {
        "minimum_age": "18 Years",
        "maximum_age": "120 Years",
        "country": "United States",
        "gender": "ALL"
      },
      "interventions": [
        "Electromagnetic Radiation",
        "Pharmacological Study",
        "hydroxychloroquine",
        "temozolomide"
      ],
      "outcomes": [
        "4+ Answer to question",
        "Able to Concentrate Question",
        "Autophagy",
        "Bayer Corneal Epitheliopathy Grade 3",
        "Biological Absorption",
        "Borg Category-Ratio 10 Perceived Exertion Score 10",
        "Brodmann area 18",
        "Clearance",
        "Cmax",
        "Count of entities",
        "Determined by",
        "First Order",
        "Fluorides",
        "In addition to",
        "Inhibition",
        "Liter per Hour",
        "Measured",
        "Oral",
        "Overall Survival",
        "Participant",
        "Pyruvate Kinase",
        "Rate Constant",
        "Relative to",
        "Stage level 2",
        "Toxic effect",
        "central compartment",
        "chloride ion",
        "drug distribution volume",
        "hydroxychloroquine",
        "peripheral compartment"
      ]
    }
  },
  {
    "nct_id": "NCT00486616",
    "conditions": [
      "Clinical act of insertion",
      "Double lumen tube",
      "One-Lung Ventilation"
    ],
    "pico_attributes": {
      "populations": {
        "minimum_age": "18 Years",
        "maximum_age": "NA",
        "country": "Germany",
        "gender": "ALL"
      },
      "interventions": [
        "Clinical act of insertion",
        "Double lumen tube",
        "electrical impedance tomography"
      ],
      "outcomes": []
    }
  },
  {
    "nct_id": "NCT00486629",
    "conditions": [
      "BODY MASS INDEX QUANTITATIVE TRAIT LOCUS 20",
      "Diabetes Mellitus, Non-Insulin-Dependent",
      "Gestational Diabetes"
    ],
    "pico_attributes": {
      "populations": {
        "minimum_age": "18 Years",
        "maximum_age": "NA",
        "country": "Canada",
        "gender": "FEMALE"
      },
      "interventions": [
        "Diet",
        "Educational Status",
        "Exercise"
      ],
      "outcomes": []
    }
  },
  {
    "nct_id": "NCT00486642",
    "conditions": [
      "Hormone-Resistant Prostate Carcinoma",
      "Recurrent Prostate Carcinoma"
    ],
    "pico_attributes": {
      "populations": {
        "minimum_age": "18 Years",
        "maximum_age": "NA",
        "country": "Canada",
        "gender": "MALE"
      },
      "interventions": [
        "Laboratory Biomarker Analysis",
        "Pharmacological Study",
        "bicalutamide",
        "pazopanib hydrochloride"
      ],
      "outcomes": [
        "Assessed",
        "Clinical Trial Objective",
        "Frequency of Responses",
        "Global Stable Disease",
        "Median (qualifier value)",
        "Median Survival Time",
        "Morbidity - disease rate",
        "Neoplasms",
        "PROS1 wt Allele",
        "Patient Condition Code - Stable",
        "Progression-Free Survival",
        "Rate",
        "Response Duration",
        "Response Evaluation Criteria in Solid Tumors",
        "Survival Rate",
        "Time to Progression",
        "criteria"
      ]
    }
  },
  {
    "nct_id": "NCT00486655",
    "conditions": [
      "Cholecystitis",
      "Cholelithiasis"
    ],
    "pico_attributes": {
      "populations": {
        "minimum_age": "18 Years",
        "maximum_age": "85 Years",
        "country": "United States",
        "gender": "ALL"
      },
      "interventions": [
        "Assisted (qualifier value)",
        "Cholecystectomy procedure",
        "Note (document)"
      ],
      "outcomes": []
    }
  },
  {
    "nct_id": "NCT00486668",
    "conditions": [
      "Invasive carcinoma of breast"
    ],
    "pico_attributes": {
      "populations": {
        "minimum_age": "18 Years",
        "maximum_age": "NA",
        "country": "United States",
        "gender": "FEMALE"
      },
      "interventions": [
        "cyclophosphamide",
        "doxorubicin",
        "lapatinib",
        "paclitaxel",
        "trastuzumab"
      ],
      "outcomes": []
    }
  },
  {
    "nct_id": "NCT00486681",
    "conditions": [
      "Blood Glucose",
      "Diabetes Mellitus",
      "Hospital Information Systems",
      "Medical Devices"
    ],
    "pico_attributes": {
      "populations": {
        "minimum_age": "18 Years",
        "maximum_age": "NA",
        "country": "France",
        "gender": "ALL"
      },
      "interventions": [
        "Reporting"
      ],
      "outcomes": []
    }
  },
  {
    "nct_id": "NCT00486694",
    "conditions": [
      "Malaria"
    ],
    "pico_attributes": {
      "populations": {
        "minimum_age": "2 Years",
        "maximum_age": "NA",
        "country": "",
        "gender": "ALL"
      },
      "interventions": [
        "chloroquine",
        "sulfadoxine-pyrimethamine-artesunate"
      ],
      "outcomes": []
    }
  },
  {
    "nct_id": "NCT00486707",
    "conditions": [
      "Carcinoma, Ovarian Epithelial"
    ],
    "pico_attributes": {
      "populations": {
        "minimum_age": "18 Years",
        "maximum_age": "NA",
        "country": "United States",
        "gender": "FEMALE"
      },
      "interventions": [
        "Questionnaires"
      ],
      "outcomes": []
    }
  },
  {
    "nct_id": "NCT00486720",
    "conditions": [
      "Bone Marrow Diseases",
      "Disorder of cellular component of blood",
      "MYELODYSPLASTIC SYNDROME"
    ],
    "pico_attributes": {
      "populations": {
        "minimum_age": "18 Years",
        "maximum_age": "NA",
        "country": "United States",
        "gender": "ALL"
      },
      "interventions": [
        "vorinostat"
      ],
      "outcomes": [
        "Adverse Event Domain",
        "Assessed",
        "Count of entities",
        "Defined Criterion Group",
        "Disease Response",
        "International",
        "Negation",
        "Participant",
        "Safety",
        "Tolerability Study",
        "Work"
      ]
    }
  },
  {
    "nct_id": "NCT00486733",
    "conditions": [
      "Soft Tissue Injuries"
    ],
    "pico_attributes": {
      "populations": {
        "minimum_age": "18 Years",
        "maximum_age": "NA",
        "country": "United States",
        "gender": "ALL"
      },
      "interventions": [],
      "outcomes": []
    }
  },
  {
    "nct_id": "NCT00486746",
    "conditions": [
      "Sleep Apnea, Obstructive"
    ],
    "pico_attributes": {
      "populations": {
        "minimum_age": "18 Years",
        "maximum_age": "65 Years",
        "country": "Finland",
        "gender": "ALL"
      },
      "interventions": [
        "Behaviorial Habits",
        "Dietary Assessment",
        "Exercise",
        "General medical service",
        "Healthy Lifestyle",
        "Information",
        "Intervention regimes",
        "Life Style"
      ],
      "outcomes": []
    }
  },
  {
    "nct_id": "NCT00486759",
    "conditions": [
      "B-Cell Lymphomas"
    ],
    "pico_attributes": {
      "populations": {
        "minimum_age": "18 Years",
        "maximum_age": "79 Years",
        "country": "Uruguay",
        "gender": "ALL"
      },
      "interventions": [
        "Chop (action)",
        "Placebo Control",
        "bevacizumab",
        "rituximab"
      ],
      "outcomes": [
        "Overall Survival"
      ]
    }
  },
  {
    "nct_id": "NCT00486772",
    "conditions": [
      "Vascular Diseases"
    ],
    "pico_attributes": {
      "populations": {
        "minimum_age": "18 Years",
        "maximum_age": "65 Years",
        "country": "",
        "gender": "ALL"
      },
      "interventions": [
        "Phos <invertebrate>",
        "RenaGel",
        "calcium acetate",
        "sevelamer"
      ],
      "outcomes": []
    }
  },
  {
    "nct_id": "NCT00486785",
    "conditions": [
      "Benign Prostatic Hyperplasia"
    ],
    "pico_attributes": {
      "populations": {
        "minimum_age": "50 Years",
        "maximum_age": "90 Years",
        "country": "Mexico",
        "gender": "MALE"
      },
      "interventions": [
        "alfuzosin"
      ],
      "outcomes": []
    }
  },
  {
    "nct_id": "NCT00486798",
    "conditions": [
      "Bipolar Disorder",
      "Psychotic Disorders",
      "Schizophrenia"
    ],
    "pico_attributes": {
      "populations": {
        "minimum_age": "18 Years",
        "maximum_age": "65 Years",
        "country": "Sweden",
        "gender": "ALL"
      },
      "interventions": [
        "Ability to Sleep After Treatment question",
        "Blood",
        "Form:Finding:Point in time:{Setting}:Document:{Role}",
        "Patterns",
        "Self-Assessment",
        "Urine - SpecimenType",
        "quetiapine",
        "rating scale"
      ],
      "outcomes": []
    }
  },
  {
    "nct_id": "NCT00486811",
    "conditions": [
      "Feel Pain",
      "Osteoarthritis, Knee"
    ],
    "pico_attributes": {
      "populations": {
        "minimum_age": "40 Years",
        "maximum_age": "NA",
        "country": "United Kingdom",
        "gender": "ALL"
      },
      "interventions": [
        "100%",
        "20/50",
        "Adverse Event Emergency Room Visit",
        "CALB2 protein, human",
        "MATCHING",
        "MG",
        "Placebo Control",
        "Twice a day",
        "oxycodone",
        "tapentadol 250 MG"
      ],
      "outcomes": [
        "ADHD hyperactive symptoms mean score:Score:Pt:^Patient:Qn:Calculated",
        "Amount of sleep",
        "Articular system",
        "Assessing Pain",
        "Awakening (time frame)",
        "BaseLine dental cement",
        "CD44 wt Allele",
        "Categories",
        "Change -- procedure",
        "Count of entities",
        "Disability",
        "During",
        "Form:Finding:Point in time:{Setting}:Document:{Role}",
        "GDC Treatment Outcome Terminology",
        "Generalized",
        "Global Change",
        "Health Surveys",
        "Hour",
        "Impression",
        "Joint stiffness",
        "Knee",
        "Knee joint",
        "Knee stiff",
        "Maintenance",
        "Ontario",
        "Participant",
        "Patients",
        "Period (temporal qualifier)",
        "Quality of sleep",
        "Questionnaires",
        "Reporting",
        "SF-36",
        "Score",
        "Sleep",
        "Sleep Onset Latency",
        "Stiffness",
        "Time",
        "Weekly",
        "West (direction)"
      ]
    }
  },
  {
    "nct_id": "NCT00486824",
    "conditions": [
      "Immature",
      "Labor (Childbirth)"
    ],
    "pico_attributes": {
      "populations": {
        "minimum_age": "18 Years",
        "maximum_age": "NA",
        "country": "United States",
        "gender": "FEMALE"
      },
      "interventions": [
        "indomethacin",
        "nifedipine"
      ],
      "outcomes": [
        "Adverse reaction to drug",
        "Age.at delivery",
        "Birth Weight",
        "Childbirth",
        "Count",
        "Deferred",
        "Due to",
        "Episodic",
        "First (number)",
        "GDC Treatment Outcome Terminology",
        "Gestational",
        "In addition to",
        "Infant, Newborn",
        "Measurement",
        "Neonatal morbidity",
        "Participant",
        "Patients",
        "Pharmacotherapy Initiation",
        "Premature Obstetric Labor",
        "Randomization",
        "Two weeks",
        "day"
      ]
    }
  },
  {
    "nct_id": "NCT00486837",
    "conditions": [
      "Cystic Fibrosis"
    ],
    "pico_attributes": {
      "populations": {
        "minimum_age": "8 Years",
        "maximum_age": "NA",
        "country": "",
        "gender": "ALL"
      },
      "interventions": [
        "Alpha1 proteinase inhibitor (disposition)",
        "Homo sapiens"
      ],
      "outcomes": [
        "% of total",
        "*Activity (kind of quantity)",
        "Alpha-1-antitrypsin measurement",
        "Bacterial Load",
        "BaseLine dental cement",
        "CD44 wt Allele",
        "Change -- procedure",
        "Count of entities",
        "Elastases",
        "Empty (qualifier)",
        "From",
        "Load - Remote control command",
        "Pseudomonas",
        "SERPINA1 gene",
        "Sputum, Induced",
        "Weekly",
        "neutrophil"
      ]
    }
  },
  {
    "nct_id": "NCT00486850",
    "conditions": [
      "Infant, Newborn",
      "Respiratory Distress Syndrome"
    ],
    "pico_attributes": {
      "populations": {
        "minimum_age": "10 Minutes",
        "maximum_age": "120 Minutes",
        "country": "United States",
        "gender": "ALL"
      },
      "interventions": [
        "Intermittent Positive-Pressure Ventilation",
        "Nasal (intended site)",
        "Tracheal Extubation"
      ],
      "outcomes": []
    }
  },
  {
    "nct_id": "NCT00486863",
    "conditions": [
      "Schistosomiasis"
    ],
    "pico_attributes": {
      "populations": {
        "minimum_age": "18 Years",
        "maximum_age": "99 Years",
        "country": "United States",
        "gender": "FEMALE"
      },
      "interventions": [
        "Placebo Control",
        "praziquantel"
      ],
      "outcomes": [
        "% live",
        "24 Hours",
        "4+ Answer to question",
        "90%",
        "Abnormal blood test",
        "Apoptosis",
        "Aspects of disease screening",
        "Birth Weight",
        "Birth outcome",
        "Blood group antibody I",
        "Body Weight Changes",
        "Change -- procedure",
        "Chemical procedure",
        "Chemistry, Clinical",
        "Childbirth",
        "Congenital Abnormality",
        "Count of entities",
        "Cytokeratin 18",
        "Dosage",
        "Egg Food Product",
        "Epitopes",
        "Evaluation procedure",
        "Experience",
        "Ferritin",
        "Fetal",
        "From",
        "GDC Treatment Outcome Terminology",
        "Greater",
        "HAMP gene",
        "Hemoglobin",
        "Human Study Subject",
        "IL1A protein, human",
        "IL6 gene",
        "In addition to",
        "Induced abortion (procedure)",
        "Infant",
        "Infant, Newborn",
        "Levels (qualifier value)",
        "Loss",
        "Maternal Relative",
        "Measurement",
        "Median (qualifier value)",
        "Mental concentration",
        "Neomycin resistance gene",
        "Participant",
        "Percent (qualifier value)",
        "Pharmacokinetic study",
        "Placental vessel",
        "Population Mean",
        "Pre-Eclampsia",
        "Pregnancy",
        "Ratio",
        "Recombinant Tumor Necrosis Factor-Alpha",
        "Reduced",
        "Reporting",
        "Seriousness of Adverse Event",
        "Serum",
        "Serum transferrin level result",
        "Skin fold thickness:Len:Pt:Thigh:Qn",
        "Staining (finding)",
        "TFRC gene",
        "Tumor Necrosis Factor Receptor",
        "Weeks pregnant",
        "Within 24 hours",
        "counts",
        "cytokine",
        "hydroxyl group",
        "praziquantel",
        "receptor",
        "research clinical testing"
      ]
    }
  },
  {
    "nct_id": "NCT00486876",
    "conditions": [
      "Irritable Bowel Syndrome"
    ],
    "pico_attributes": {
      "populations": {
        "minimum_age": "18 Years",
        "maximum_age": "65 Years",
        "country": "United States",
        "gender": "FEMALE"
      },
      "interventions": [
        "Dextofisopam"
      ],
      "outcomes": []
    }
  },
  {
    "nct_id": "NCT00486889",
    "conditions": [
      "GAA gene",
      "Glycogen storage disease type II"
    ],
    "pico_attributes": {
      "populations": {
        "minimum_age": "NA",
        "maximum_age": "24 Months",
        "country": "United States",
        "gender": "ALL"
      },
      "interventions": [
        "alglucosidase alfa"
      ],
      "outcomes": [
        "88",
        "Cognitive",
        "Composite",
        "Device Motor",
        "Gross motor functions",
        "III (suffix)",
        "Infant scale",
        "Languages",
        "Measurement",
        "Montreal Cognitive Assessment Total Score",
        "Normalize",
        "Score",
        "Third edition",
        "Toddler Development"
      ]
    }
  },
  {
    "nct_id": "NCT00486902",
    "conditions": [
      "Anesthesia procedures",
      "Childbirth",
      "Effect",
      "Ketamine adverse reaction",
      "Medication administration: epidural",
      "Obstetric Labor Complications",
      "Pregnancy",
      "Spinal"
    ],
    "pico_attributes": {
      "populations": {
        "minimum_age": "18 Years",
        "maximum_age": "60 Years",
        "country": "United States",
        "gender": "FEMALE"
      },
      "interventions": [
        "Placebo Control",
        "ketamine"
      ],
      "outcomes": [
        "0%",
        "10%",
        "24 Hours",
        "AT genotype",
        "Absence of pain sensation",
        "Acetaminophen / Hydrocodone",
        "Breakthrough Pain",
        "Cesarean section",
        "Count of entities",
        "Cumulative",
        "Dreams",
        "First (number)",
        "Following",
        "GDC Treatment Outcome Terminology",
        "Human Study Subject",
        "Pain score",
        "Postoperative Nausea",
        "Pruritus",
        "Supplement",
        "Therapeutic procedure",
        "Vomiting, Postoperative",
        "week"
      ]
    }
  },
  {
    "nct_id": "NCT00486915",
    "conditions": [
      "Atrial Fibrillation",
      "Cerebrovascular accident",
      "Thromboembolism"
    ],
    "pico_attributes": {
      "populations": {
        "minimum_age": "NA",
        "maximum_age": "NA",
        "country": "Italy",
        "gender": "ALL"
      },
      "interventions": [
        "Left Atrial Appendage",
        "Ligation"
      ],
      "outcomes": []
    }
  },
  {
    "nct_id": "NCT00486928",
    "conditions": [
      "Aortic Valve Disease, CTCAE"
    ],
    "pico_attributes": {
      "populations": {
        "minimum_age": "NA",
        "maximum_age": "NA",
        "country": "Norway",
        "gender": "ALL"
      },
      "interventions": [],
      "outcomes": []
    }
  },
  {
    "nct_id": "NCT00486941",
    "conditions": [
      "BODY MASS INDEX QUANTITATIVE TRAIT LOCUS 20",
      "Diabetes Mellitus, Non-Insulin-Dependent",
      "Dyslipidemias",
      "Hypertension, CTCAE"
    ],
    "pico_attributes": {
      "populations": {
        "minimum_age": "18 Years",
        "maximum_age": "65 Years",
        "country": "Sweden",
        "gender": "ALL"
      },
      "interventions": [
        "Basal Diet",
        "Base - General Qualifier",
        "DSPP gene",
        "Disintegration per Second",
        "Exercise"
      ],
      "outcomes": []
    }
  },
  {
    "nct_id": "NCT00486954",
    "conditions": [
      "Gastrointestinal tract structure",
      "Neoplasms"
    ],
    "pico_attributes": {
      "populations": {
        "minimum_age": "20 Years",
        "maximum_age": "NA",
        "country": "Taiwan",
        "gender": "ALL"
      },
      "interventions": [
        "lapatinib",
        "paclitaxel"
      ],
      "outcomes": [
        "0%",
        "0.24",
        "10%",
        "24 Hours",
        "ADHD hyperactive symptoms mean score:Score:Pt:^Patient:Qn:Calculated",
        "AE synonym fragment",
        "Ability to perform cognitive activity",
        "Able to Concentrate Question",
        "Acid reflux SYMPTOMS",
        "Act Relationship Subset - maximum",
        "Alopecia",
        "Amount type - Percentage",
        "Anorexia",
        "Anxiety",
        "Anxiety Scale (BASC-2)",
        "Anxiety score",
        "Arabic numeral 0",
        "Area Under Curve",
        "BaseLine dental cement",
        "Bayer Corneal Epitheliopathy Grade 3",
        "Body Image Scale",
        "Bothered by Nausea",
        "Bothered by Vomiting",
        "CBLIF gene",
        "CD44 wt Allele",
        "Change -- procedure",
        "Clearance",
        "Cmax",
        "Cognitive Therapy",
        "Constipation",
        "Count of entities",
        "Daily Living",
        "Deglutition Disorders",
        "Diarrhea",
        "Diarrhea, CTCAE",
        "Disease Response",
        "Dry Mouth, CTCAE",
        "Dyspnea",
        "EGR3 gene",
        "ERBB2 gene",
        "Eating",
        "Emotional score",
        "End",
        "Etiology",
        "European Organization for Research and Treatment of Cancer",
        "Fatigue",
        "Financial (qualifier)",
        "From",
        "Generic Role",
        "Grade",
        "HER-2-neu peptide vaccine",
        "Half-Life",
        "Has difficulty doing (qualifier value)",
        "Immunohistochemistry",
        "In addition to",
        "Indicated",
        "Infinity",
        "Insomnia, CTCAE 3.0",
        "Intellectual scale",
        "Kind of quantity - Taste",
        "Life Threatening Adverse Event",
        "Month of May",
        "Mutation",
        "Overall Response",
        "Pain management",
        "Part",
        "Participant",
        "PedsQL-4 Scale Score",
        "Physical score",
        "Physical therapy",
        "Pilot Projects",
        "Plasma",
        "Randomization",
        "Reaction Time",
        "Regardless",
        "Report (document)",
        "Response Duration",
        "Restricted",
        "Room of building - Study",
        "Scanning Auger Spectrometer (device)",
        "Social Adjustment",
        "Social therapy",
        "Symptoms score",
        "TAF1 wt Allele",
        "Therapeutic procedure",
        "Time",
        "Tmax",
        "Toxic effect",
        "Vomiting",
        "With intensity",
        "With time",
        "epidermal growth factor receptor 2, human",
        "fatigue - symptom",
        "lapatinib",
        "paclitaxel",
        "part of",
        "plasma concentration"
      ]
    }
  },
  {
    "nct_id": "NCT00486967",
    "conditions": [
      "Congestive heart failure"
    ],
    "pico_attributes": {
      "populations": {
        "minimum_age": "30 Years",
        "maximum_age": "90 Years",
        "country": "United Kingdom",
        "gender": "ALL"
      },
      "interventions": [],
      "outcomes": []
    }
  },
  {
    "nct_id": "NCT00486980",
    "conditions": [
      "Influenza"
    ],
    "pico_attributes": {
      "populations": {
        "minimum_age": "18 Years",
        "maximum_age": "NA",
        "country": "",
        "gender": "ALL"
      },
      "interventions": [
        "peramivir"
      ],
      "outcomes": []
    }
  }
]