[
  {
    "nct_id": "NCT00332306",
    "conditions": [
      "HIV Infections",
      "Tuberculosis"
    ],
    "pico_attributes": {
      "populations": {
        "minimum_age": "18 Years",
        "maximum_age": "61 Years",
        "country": "India",
        "gender": "ALL"
      },
      "interventions": [
        "didanosine",
        "efavirenz",
        "lamivudine",
        "nevirapine"
      ],
      "outcomes": []
    }
  },
  {
    "nct_id": "NCT00332319",
    "conditions": [
      "Incontinence",
      "Overactive",
      "Overactive Bladder",
      "Urinary Bladder",
      "Urinary tract"
    ],
    "pico_attributes": {
      "populations": {
        "minimum_age": "18 Years",
        "maximum_age": "65 Years",
        "country": "United States",
        "gender": "ALL"
      },
      "interventions": [
        "GW679769"
      ],
      "outcomes": []
    }
  },
  {
    "nct_id": "NCT00332332",
    "conditions": [
      "Psoriasis"
    ],
    "pico_attributes": {
      "populations": {
        "minimum_age": "18 Years",
        "maximum_age": "NA",
        "country": "Canada",
        "gender": "ALL"
      },
      "interventions": [
        "etanercept"
      ],
      "outcomes": [
        "% of total",
        "Affecting",
        "Better",
        "Body Surface Area",
        "DLQI (Dermatology Life Quality Index) score",
        "Epidermal cGVHD Score 2",
        "GDC Treatment Outcome Terminology",
        "Monthly (qualifier value)",
        "Participant",
        "Patient Assessment of Overall Well-Being",
        "Percent Change From Baseline",
        "Physician:Identifier:Point in time:^Patient:Nominal",
        "Psoriasis",
        "Status",
        "global assessment"
      ]
    }
  },
  {
    "nct_id": "NCT00332345",
    "conditions": [
      "Ocular Hypertension"
    ],
    "pico_attributes": {
      "populations": {
        "minimum_age": "21 Years",
        "maximum_age": "NA",
        "country": "United States",
        "gender": "ALL"
      },
      "interventions": [
        "Combined",
        "Fix",
        "brimonidine / Timolol"
      ],
      "outcomes": []
    }
  },
  {
    "nct_id": "NCT00332371",
    "conditions": [
      "Shock",
      "septic"
    ],
    "pico_attributes": {
      "populations": {
        "minimum_age": "18 Years",
        "maximum_age": "NA",
        "country": "Italy",
        "gender": "ALL"
      },
      "interventions": [
        "Adsorption (natural process)",
        "Couple (action)",
        "Plasma filtration"
      ],
      "outcomes": []
    }
  },
  {
    "nct_id": "NCT00332384",
    "conditions": [
      "Ocular Hypertension"
    ],
    "pico_attributes": {
      "populations": {
        "minimum_age": "18 Years",
        "maximum_age": "NA",
        "country": "United States",
        "gender": "ALL"
      },
      "interventions": [
        "Combined",
        "Fix",
        "brimonidine / Timolol"
      ],
      "outcomes": []
    }
  },
  {
    "nct_id": "NCT00332397",
    "conditions": [
      "Coronary Artery Disease"
    ],
    "pico_attributes": {
      "populations": {
        "minimum_age": "18 Years",
        "maximum_age": "NA",
        "country": "Germany",
        "gender": "ALL"
      },
      "interventions": [
        "Stent, device",
        "sirolimus",
        "zotarolimus"
      ],
      "outcomes": []
    }
  },
  {
    "nct_id": "NCT00332410",
    "conditions": [
      "Kidney Transplantation"
    ],
    "pico_attributes": {
      "populations": {
        "minimum_age": "18 Years",
        "maximum_age": "NA",
        "country": "United States",
        "gender": "ALL"
      },
      "interventions": [],
      "outcomes": []
    }
  },
  {
    "nct_id": "NCT00332436",
    "conditions": [
      "Ocular Hypertension"
    ],
    "pico_attributes": {
      "populations": {
        "minimum_age": "18 Years",
        "maximum_age": "NA",
        "country": "United States",
        "gender": "ALL"
      },
      "interventions": [
        "Combined",
        "Fix",
        "brimonidine / Timolol"
      ],
      "outcomes": []
    }
  },
  {
    "nct_id": "NCT00332449",
    "conditions": [
      "Neonatal hypoglycemia"
    ],
    "pico_attributes": {
      "populations": {
        "minimum_age": "1 Day",
        "maximum_age": "1 Day",
        "country": "Israel",
        "gender": "ALL"
      },
      "interventions": [],
      "outcomes": []
    }
  },
  {
    "nct_id": "NCT00332462",
    "conditions": [
      "Transplantation of liver"
    ],
    "pico_attributes": {
      "populations": {
        "minimum_age": "18 Years",
        "maximum_age": "75 Years",
        "country": "Switzerland",
        "gender": "ALL"
      },
      "interventions": [
        "Blood group antibody I",
        "Cyclosporins",
        "Sandimmune"
      ],
      "outcomes": [
        "Acute Rejection",
        "Biopsy",
        "Blood group antibody I",
        "Cyclosporins",
        "First (number)",
        "Incidence",
        "Intravenous",
        "Post",
        "Proven findings",
        "Safety",
        "Tolerability Study",
        "Transplantation of liver",
        "de novo",
        "month"
      ]
    }
  },
  {
    "nct_id": "NCT00332488",
    "conditions": [
      "Bristol Stool Type 2",
      "Diabetes Mellitus"
    ],
    "pico_attributes": {
      "populations": {
        "minimum_age": "18 Years",
        "maximum_age": "80 Years",
        "country": "United States",
        "gender": "ALL"
      },
      "interventions": [
        "INS protein, human",
        "Secretagogues",
        "metformin"
      ],
      "outcomes": [
        "Administration procedure",
        "BaseLine dental cement",
        "Change -- procedure",
        "Delta (difference)",
        "Different",
        "From",
        "Human Study Subject",
        "Living Alone",
        "Original",
        "Secretagogues",
        "Tebi",
        "WHO Temperature/Humidity Storage Condition",
        "Weekly",
        "metformin"
      ]
    }
  },
  {
    "nct_id": "NCT00332514",
    "conditions": [
      "Hospital environment",
      "Re-admission"
    ],
    "pico_attributes": {
      "populations": {
        "minimum_age": "18 Years",
        "maximum_age": "NA",
        "country": "United States",
        "gender": "ALL"
      },
      "interventions": [
        "Pharmacist",
        "telephone call"
      ],
      "outcomes": []
    }
  },
  {
    "nct_id": "NCT00332540",
    "conditions": [
      "Ocular Hypertension"
    ],
    "pico_attributes": {
      "populations": {
        "minimum_age": "18 Years",
        "maximum_age": "NA",
        "country": "United States",
        "gender": "ALL"
      },
      "interventions": [
        "Combined",
        "Fix",
        "bimatoprost",
        "timolol"
      ],
      "outcomes": []
    }
  },
  {
    "nct_id": "NCT00332553",
    "conditions": [
      "Endometrial",
      "Safety",
      "vasomotor symptom"
    ],
    "pico_attributes": {
      "populations": {
        "minimum_age": "50 Years",
        "maximum_age": "70 Years",
        "country": "United States",
        "gender": "FEMALE"
      },
      "interventions": [
        "Estrogen (disposition)",
        "Therapeutic Estradiol",
        "medroxyprogesterone acetate",
        "raloxifene"
      ],
      "outcomes": []
    }
  },
  {
    "nct_id": "NCT00332566",
    "conditions": [
      "Diphtheria",
      "Entire cell",
      "Haemophilus influenzae type B antigen",
      "Hepatitis B",
      "Pertussis",
      "Tetanus"
    ],
    "pico_attributes": {
      "populations": {
        "minimum_age": "18 Months",
        "maximum_age": "24 Months",
        "country": "Nicaragua",
        "gender": "ALL"
      },
      "interventions": [
        "HibTITER",
        "Hiberix",
        "gamma-hydroxy-gamma-ethyl-gamma-phenylbutyramide"
      ],
      "outcomes": []
    }
  },
  {
    "nct_id": "NCT00332579",
    "conditions": [
      "Kleptomania"
    ],
    "pico_attributes": {
      "populations": {
        "minimum_age": "21 Years",
        "maximum_age": "75 Years",
        "country": "United States",
        "gender": "ALL"
      },
      "interventions": [
        "Placebo Control",
        "naltrexone"
      ],
      "outcomes": []
    }
  },
  {
    "nct_id": "NCT00332592",
    "conditions": [
      "Necrotizing Enterocolitis"
    ],
    "pico_attributes": {
      "populations": {
        "minimum_age": "3 Days",
        "maximum_age": "6 Months",
        "country": "Denmark",
        "gender": "ALL"
      },
      "interventions": [],
      "outcomes": []
    }
  },
  {
    "nct_id": "NCT00332605",
    "conditions": [
      "Methamphetamine dependence"
    ],
    "pico_attributes": {
      "populations": {
        "minimum_age": "18 Years",
        "maximum_age": "65 Years",
        "country": "United States",
        "gender": "ALL"
      },
      "interventions": [
        "In addition to",
        "Placebo Control",
        "acetylcysteine",
        "naltrexone"
      ],
      "outcomes": [
        "Craving",
        "Intellectual scale"
      ]
    }
  },
  {
    "nct_id": "NCT00332618",
    "conditions": [
      "Xerostomia"
    ],
    "pico_attributes": {
      "populations": {
        "minimum_age": "18 Years",
        "maximum_age": "NA",
        "country": "France",
        "gender": "ALL"
      },
      "interventions": [
        "Glycerol measurement"
      ],
      "outcomes": []
    }
  },
  {
    "nct_id": "NCT00332631",
    "conditions": [
      "Cardiac Surgery procedures",
      "Cardiopulmonary Bypass"
    ],
    "pico_attributes": {
      "populations": {
        "minimum_age": "18 Years",
        "maximum_age": "NA",
        "country": "Australia",
        "gender": "ALL"
      },
      "interventions": [
        "Placebo Control",
        "acetylcysteine"
      ],
      "outcomes": []
    }
  },
  {
    "nct_id": "NCT00332644",
    "conditions": [
      "Nicotine Dependence"
    ],
    "pico_attributes": {
      "populations": {
        "minimum_age": "18 Years",
        "maximum_age": "NA",
        "country": "United States",
        "gender": "ALL"
      },
      "interventions": [
        "Body tissue patch material",
        "Lozenge (unit of presentation)",
        "Nicotine Oral Lozenge",
        "Nicotine Transdermal Patch",
        "Placebo Control",
        "bupropion"
      ],
      "outcomes": [
        "Colombia",
        "Confirmation",
        "Day 7",
        "Expiration, function",
        "Medical Device Emits Smoke",
        "Point",
        "Prevalence aspects"
      ]
    }
  },
  {
    "nct_id": "NCT00332657",
    "conditions": [
      "AMD1 wt Allele"
    ],
    "pico_attributes": {
      "populations": {
        "minimum_age": "50 Years",
        "maximum_age": "NA",
        "country": "India",
        "gender": "ALL"
      },
      "interventions": [
        "30%",
        "60%",
        "Drug vehicle",
        "Infertility",
        "Kilogram per Cubic Meter",
        "Suspension (action)",
        "anecortave acetate"
      ],
      "outcomes": []
    }
  },
  {
    "nct_id": "NCT00332670",
    "conditions": [
      "Major Depressive Disorder"
    ],
    "pico_attributes": {
      "populations": {
        "minimum_age": "60 Years",
        "maximum_age": "NA",
        "country": "Netherlands",
        "gender": "ALL"
      },
      "interventions": [
        "/hour",
        "10%",
        "3,3'-diindolylmethane",
        "Blue 1",
        "Daily",
        "Every three weeks",
        "Radiological Exposure Device"
      ],
      "outcomes": []
    }
  },
  {
    "nct_id": "NCT00332683",
    "conditions": [
      "Deglutition Disorders"
    ],
    "pico_attributes": {
      "populations": {
        "minimum_age": "21 Years",
        "maximum_age": "65 Years",
        "country": "Canada",
        "gender": "ALL"
      },
      "interventions": [
        "Cuff pressure",
        "How Often Felt Normal question",
        "IPSS Risk Category Low",
        "Maintenance"
      ],
      "outcomes": []
    }
  },
  {
    "nct_id": "NCT00332696",
    "conditions": [
      "Carcinomatosis",
      "Intestinal Obstruction",
      "Peritoneal Neoplasms"
    ],
    "pico_attributes": {
      "populations": {
        "minimum_age": "18 Years",
        "maximum_age": "NA",
        "country": "France",
        "gender": "ALL"
      },
      "interventions": [
        "Immediate Release Dosage Form",
        "Low Anterior Resection",
        "Placebo Control",
        "methylprednisolone",
        "octreotide"
      ],
      "outcomes": [
        "10%",
        "Bothered by Vomiting",
        "Count of entities",
        "Daily",
        "Day 2",
        "Day 5",
        "Day 7",
        "Episode of",
        "Feeling relief",
        "In addition to",
        "Intellectual scale",
        "Monthly (qualifier value)",
        "Number of Episodes",
        "Obstruction",
        "Participant",
        "Perceived quality of life",
        "Recurrent intestinal obstruction",
        "Use of",
        "per day",
        "treatment success"
      ]
    }
  },
  {
    "nct_id": "NCT00332709",
    "conditions": [
      "Osteoporosis",
      "Postmenopausal state"
    ],
    "pico_attributes": {
      "populations": {
        "minimum_age": "18 Years",
        "maximum_age": "NA",
        "country": "Germany",
        "gender": "ALL"
      },
      "interventions": [
        "letrozole",
        "zoledronic acid"
      ],
      "outcomes": [
        "12 Months",
        "36",
        "BaseLine dental cement",
        "Bone Density",
        "Change -- procedure",
        "Count of entities",
        "Fracture",
        "From",
        "In addition to",
        "Monthly (qualifier value)",
        "Participant",
        "Patient Visit",
        "T-Score",
        "Type - attribute",
        "Z-score"
      ]
    }
  },
  {
    "nct_id": "NCT00332722",
    "conditions": [
      "Neck Pain"
    ],
    "pico_attributes": {
      "populations": {
        "minimum_age": "18 Years",
        "maximum_age": "NA",
        "country": "United States",
        "gender": "ALL"
      },
      "interventions": [
        "Cervical",
        "Local anesthetic facet joint nerve block"
      ],
      "outcomes": []
    }
  },
  {
    "nct_id": "NCT00332735",
    "conditions": [
      "Spinal Anesthesia"
    ],
    "pico_attributes": {
      "populations": {
        "minimum_age": "18 Years",
        "maximum_age": "70 Years",
        "country": "Netherlands",
        "gender": "ALL"
      },
      "interventions": [
        "Administration occupational activities",
        "Spinal",
        "articaine",
        "bupivacaine"
      ],
      "outcomes": []
    }
  },
  {
    "nct_id": "NCT00332748",
    "conditions": [
      "Cancer Genus"
    ],
    "pico_attributes": {
      "populations": {
        "minimum_age": "18 Years",
        "maximum_age": "NA",
        "country": "United States",
        "gender": "ALL"
      },
      "interventions": [
        "Oral",
        "Taxanes"
      ],
      "outcomes": []
    }
  },
  {
    "nct_id": "NCT00332761",
    "conditions": [
      "Dyslipidemias",
      "Hypertension, CTCAE"
    ],
    "pico_attributes": {
      "populations": {
        "minimum_age": "21 Years",
        "maximum_age": "NA",
        "country": "United States",
        "gender": "ALL"
      },
      "interventions": [
        "Caduet"
      ],
      "outcomes": []
    }
  },
  {
    "nct_id": "NCT00332774",
    "conditions": [
      "Cataract"
    ],
    "pico_attributes": {
      "populations": {
        "minimum_age": "10 Years",
        "maximum_age": "NA",
        "country": "United States",
        "gender": "ALL"
      },
      "interventions": [
        "0.1",
        "0.4",
        "Drug vehicle",
        "Eye Drops",
        "Ketorolac Ophthalmic Solution",
        "nepafenac",
        "nepafenac Ophthalmic Suspension",
        "tromethamine"
      ],
      "outcomes": []
    }
  },
  {
    "nct_id": "NCT00332787",
    "conditions": [
      "Depressed mood"
    ],
    "pico_attributes": {
      "populations": {
        "minimum_age": "7 Years",
        "maximum_age": "18 Years",
        "country": "United States",
        "gender": "ALL"
      },
      "interventions": [
        "Fluoxetine measurement"
      ],
      "outcomes": []
    }
  },
  {
    "nct_id": "NCT00332800",
    "conditions": [
      "Cerebrovascular accident"
    ],
    "pico_attributes": {
      "populations": {
        "minimum_age": "18 Years",
        "maximum_age": "95 Years",
        "country": "United States",
        "gender": "ALL"
      },
      "interventions": [
        "Dietary Supplementation"
      ],
      "outcomes": []
    }
  },
  {
    "nct_id": "NCT00332813",
    "conditions": [
      "HIV risk behavior"
    ],
    "pico_attributes": {
      "populations": {
        "minimum_age": "18 Years",
        "maximum_age": "NA",
        "country": "United States",
        "gender": "FEMALE"
      },
      "interventions": [
        "HIV risk behavior",
        "Intervention regimes"
      ],
      "outcomes": []
    }
  },
  {
    "nct_id": "NCT00332826",
    "conditions": [
      "Asthma",
      "Bristol Stool Type 1",
      "Bristol Stool Type 2",
      "Diabetes Mellitus"
    ],
    "pico_attributes": {
      "populations": {
        "minimum_age": "18 Years",
        "maximum_age": "NA",
        "country": "United States",
        "gender": "ALL"
      },
      "interventions": [
        "INS protein, human"
      ],
      "outcomes": []
    }
  },
  {
    "nct_id": "NCT00332839",
    "conditions": [
      "Kidney Transplantation"
    ],
    "pico_attributes": {
      "populations": {
        "minimum_age": "18 Years",
        "maximum_age": "NA",
        "country": "Switzerland",
        "gender": "ALL"
      },
      "interventions": [
        "Adrenal Cortex Hormones",
        "everolimus",
        "tacrolimus"
      ],
      "outcomes": [
        "Act Relationship Type - occurrence",
        "Acute Rejection",
        "Adverse Event Domain",
        "Biological Evolution",
        "Biopsy",
        "Cardiovascular",
        "Cessation of life",
        "Changed status",
        "Count of entities",
        "Experience",
        "Participant",
        "Proteinuria",
        "Proven findings",
        "Renal function",
        "Risk",
        "graft loss",
        "treatment failure"
      ]
    }
  },
  {
    "nct_id": "NCT00332852",
    "conditions": [
      "Breast Carcinoma"
    ],
    "pico_attributes": {
      "populations": {
        "minimum_age": "18 Years",
        "maximum_age": "NA",
        "country": "Germany",
        "gender": "FEMALE"
      },
      "interventions": [
        "letrozole"
      ],
      "outcomes": []
    }
  },
  {
    "nct_id": "NCT00332865",
    "conditions": [
      "Head and Neck Carcinoma"
    ],
    "pico_attributes": {
      "populations": {
        "minimum_age": "18 Years",
        "maximum_age": "NA",
        "country": "Denmark",
        "gender": "ALL"
      },
      "interventions": [
        "Deglutition",
        "Exercise"
      ],
      "outcomes": []
    }
  },
  {
    "nct_id": "NCT00332878",
    "conditions": [
      "HIV Infections"
    ],
    "pico_attributes": {
      "populations": {
        "minimum_age": "16 Years",
        "maximum_age": "23 Years",
        "country": "South Africa",
        "gender": "ALL"
      },
      "interventions": [
        "Calculi",
        "Gait, Drop Foot",
        "Short"
      ],
      "outcomes": []
    }
  },
  {
    "nct_id": "NCT00332891",
    "conditions": [
      "Anxiety Disorders"
    ],
    "pico_attributes": {
      "populations": {
        "minimum_age": "18 Years",
        "maximum_age": "65 Years",
        "country": "Serbia",
        "gender": "ALL"
      },
      "interventions": [],
      "outcomes": []
    }
  },
  {
    "nct_id": "NCT00332904",
    "conditions": [
      "Liver Cirrhosis",
      "Portal Hypertension"
    ],
    "pico_attributes": {
      "populations": {
        "minimum_age": "18 Years",
        "maximum_age": "75 Years",
        "country": "Denmark",
        "gender": "ALL"
      },
      "interventions": [
        "propranolol",
        "spironolactone"
      ],
      "outcomes": []
    }
  },
  {
    "nct_id": "NCT00332917",
    "conditions": [
      "Early stage",
      "Parkinson Disease"
    ],
    "pico_attributes": {
      "populations": {
        "minimum_age": "30 Years",
        "maximum_age": "NA",
        "country": "United States",
        "gender": "ALL"
      },
      "interventions": [
        "pardoprunox"
      ],
      "outcomes": []
    }
  },
  {
    "nct_id": "NCT00332930",
    "conditions": [
      "HIV"
    ],
    "pico_attributes": {
      "populations": {
        "minimum_age": "18 Years",
        "maximum_age": "NA",
        "country": "Australia",
        "gender": "ALL"
      },
      "interventions": [
        "Country of Poland",
        "GAG (Organic Chemical)",
        "Gene Products, gag",
        "HIV",
        "HIV Antigens",
        "IFNG gene"
      ],
      "outcomes": []
    }
  },
  {
    "nct_id": "NCT00332943",
    "conditions": [
      "Colorectal Cancer Pathway",
      "polyps"
    ],
    "pico_attributes": {
      "populations": {
        "minimum_age": "18 Years",
        "maximum_age": "NA",
        "country": "Denmark",
        "gender": "ALL"
      },
      "interventions": [
        "Feces",
        "LINC01194 gene",
        "MRC1 gene"
      ],
      "outcomes": []
    }
  },
  {
    "nct_id": "NCT00332956",
    "conditions": [
      "Healthy Volunteers"
    ],
    "pico_attributes": {
      "populations": {
        "minimum_age": "18 Years",
        "maximum_age": "55 Years",
        "country": "United States",
        "gender": "ALL"
      },
      "interventions": [
        "0%",
        "Entity Name Part Type - given",
        "On Study",
        "Vaccines",
        "day",
        "microgram"
      ],
      "outcomes": []
    }
  },
  {
    "nct_id": "NCT00332969",
    "conditions": [
      "THM gene"
    ],
    "pico_attributes": {
      "populations": {
        "minimum_age": "18 Years",
        "maximum_age": "NA",
        "country": "Germany",
        "gender": "ALL"
      },
      "interventions": [
        "octreotide"
      ],
      "outcomes": []
    }
  },
  {
    "nct_id": "NCT00332982",
    "conditions": [
      "Blood Transfusion",
      "Breathing Distress Question",
      "Catheter related bloodstream infection",
      "Clinical Trials",
      "Daily",
      "Pneumonia, Ventilator-Associated",
      "Pressure Ulcer",
      "Prophylactic treatment",
      "Restricted",
      "Strategy",
      "dvt prophylaxis"
    ],
    "pico_attributes": {
      "populations": {
        "minimum_age": "NA",
        "maximum_age": "NA",
        "country": "Canada",
        "gender": "ALL"
      },
      "interventions": [
        "Focal",
        "Knowledge Translation",
        "Strategy"
      ],
      "outcomes": []
    }
  },
  {
    "nct_id": "NCT00332995",
    "conditions": [
      "HIV Infections"
    ],
    "pico_attributes": {
      "populations": {
        "minimum_age": "18 Years",
        "maximum_age": "50 Years",
        "country": "Belgium",
        "gender": "FEMALE"
      },
      "interventions": [
        "TMC120",
        "Vaginal System",
        "dapivirine"
      ],
      "outcomes": []
    }
  },
  {
    "nct_id": "NCT00333008",
    "conditions": [
      "Adult Diffuse Large B-Cell Lymphoma",
      "Adult Lymphoma",
      "Lymphoma, Non-Hodgkin"
    ],
    "pico_attributes": {
      "populations": {
        "minimum_age": "18 Years",
        "maximum_age": "NA",
        "country": "United States",
        "gender": "ALL"
      },
      "interventions": [
        "Doxil",
        "cyclophosphamide",
        "pegfilgrastim",
        "prednisone",
        "rituximab",
        "vincristine"
      ],
      "outcomes": []
    }
  },
  {
    "nct_id": "NCT00333021",
    "conditions": [
      "Venous Thromboembolism"
    ],
    "pico_attributes": {
      "populations": {
        "minimum_age": "40 Years",
        "maximum_age": "NA",
        "country": "Japan",
        "gender": "ALL"
      },
      "interventions": [
        "fondaparinux sodium"
      ],
      "outcomes": []
    }
  },
  {
    "nct_id": "NCT00333034",
    "conditions": [
      "Psoriasis"
    ],
    "pico_attributes": {
      "populations": {
        "minimum_age": "18 Years",
        "maximum_age": "NA",
        "country": "Spain",
        "gender": "ALL"
      },
      "interventions": [
        "etanercept"
      ],
      "outcomes": []
    }
  },
  {
    "nct_id": "NCT00333047",
    "conditions": [
      "Carcinoma breast stage IV"
    ],
    "pico_attributes": {
      "populations": {
        "minimum_age": "65 Years",
        "maximum_age": "NA",
        "country": "Germany",
        "gender": "FEMALE"
      },
      "interventions": [
        "letrozole"
      ],
      "outcomes": []
    }
  },
  {
    "nct_id": "NCT00333060",
    "conditions": [
      "Epiretinal Membrane",
      "Macular Holes"
    ],
    "pico_attributes": {
      "populations": {
        "minimum_age": "50 Years",
        "maximum_age": "NA",
        "country": "United States",
        "gender": "ALL"
      },
      "interventions": [
        "Eye Drops",
        "OT-551"
      ],
      "outcomes": []
    }
  },
  {
    "nct_id": "NCT00333073",
    "conditions": [
      "Urinary Incontinence"
    ],
    "pico_attributes": {
      "populations": {
        "minimum_age": "18 Years",
        "maximum_age": "NA",
        "country": "United Kingdom",
        "gender": "FEMALE"
      },
      "interventions": [
        "Bulkamid"
      ],
      "outcomes": []
    }
  },
  {
    "nct_id": "NCT00333086",
    "conditions": [
      "Endometrial neoplasm malignant metastatic",
      "Episodic"
    ],
    "pico_attributes": {
      "populations": {
        "minimum_age": "18 Years",
        "maximum_age": "NA",
        "country": "Germany",
        "gender": "FEMALE"
      },
      "interventions": [
        "letrozole"
      ],
      "outcomes": []
    }
  },
  {
    "nct_id": "NCT00333099",
    "conditions": [
      "Childhood Esophageal Carcinoma",
      "Head and Neck Carcinoma",
      "Malnutrition"
    ],
    "pico_attributes": {
      "populations": {
        "minimum_age": "18 Years",
        "maximum_age": "NA",
        "country": "France",
        "gender": "ALL"
      },
      "interventions": [
        "Enteral Feeding",
        "IMPACT gene",
        "R prime"
      ],
      "outcomes": []
    }
  },
  {
    "nct_id": "NCT00333112",
    "conditions": [
      "Urinary Incontinence"
    ],
    "pico_attributes": {
      "populations": {
        "minimum_age": "45 Years",
        "maximum_age": "NA",
        "country": "United States",
        "gender": "MALE"
      },
      "interventions": [
        "Placebo Control",
        "solifenacin succinate",
        "tamsulosin"
      ],
      "outcomes": []
    }
  },
  {
    "nct_id": "NCT00333125",
    "conditions": [
      "Glaucoma",
      "Ocular Hypertension"
    ],
    "pico_attributes": {
      "populations": {
        "minimum_age": "18 Years",
        "maximum_age": "NA",
        "country": "France",
        "gender": "ALL"
      },
      "interventions": [
        "/40",
        "Cosopt",
        "Drug vehicle",
        "Duotrav",
        "Eye Drops",
        "Liter Per Liter",
        "Pharmaceutical Solutions",
        "Timolol 5 MG",
        "dorzolamide 20 MG/ML",
        "microgram",
        "timolol",
        "travoprost"
      ],
      "outcomes": []
    }
  },
  {
    "nct_id": "NCT00333138",
    "conditions": [
      "MS gene"
    ],
    "pico_attributes": {
      "populations": {
        "minimum_age": "18 Years",
        "maximum_age": "60 Years",
        "country": "United Kingdom",
        "gender": "ALL"
      },
      "interventions": [
        "FTY-720",
        "Placebo Control"
      ],
      "outcomes": [
        "Amount type - Percentage",
        "Analysis",
        "BaseLine dental cement",
        "Blood concentration results",
        "Body Weight",
        "CD44 wt Allele",
        "CD5 gene",
        "Change -- procedure",
        "Empty (qualifier)",
        "Enhance (action)",
        "Estimated",
        "Event",
        "Extracompartmental Tumor",
        "FTY-720",
        "Free weights individual each 15 minutes",
        "G-Series Nerve Agent GD",
        "Global Relapse",
        "Lesion",
        "New",
        "Number of lesions",
        "Participant",
        "Patient Visit",
        "Patients",
        "Population Mean",
        "Time",
        "Trough",
        "Volume"
      ]
    }
  },
  {
    "nct_id": "NCT00333151",
    "conditions": [
      "Bristol Stool Type 2",
      "Diabetes",
      "Diabetes Mellitus"
    ],
    "pico_attributes": {
      "populations": {
        "minimum_age": "18 Years",
        "maximum_age": "80 Years",
        "country": "United States",
        "gender": "ALL"
      },
      "interventions": [
        "liraglutide",
        "metformin",
        "rosiglitazone"
      ],
      "outcomes": []
    }
  },
  {
    "nct_id": "NCT00333164",
    "conditions": [
      "Cerebrovascular Disorders"
    ],
    "pico_attributes": {
      "populations": {
        "minimum_age": "45 Years",
        "maximum_age": "85 Years",
        "country": "Japan",
        "gender": "ALL"
      },
      "interventions": [
        "cilostazol"
      ],
      "outcomes": []
    }
  },
  {
    "nct_id": "NCT00333177",
    "conditions": [
      "Schizophrenia"
    ],
    "pico_attributes": {
      "populations": {
        "minimum_age": "18 Years",
        "maximum_age": "45 Years",
        "country": "United States",
        "gender": "ALL"
      },
      "interventions": [
        "Arikaree language",
        "Cancer/Testis Antigen",
        "Cognitive Remediation",
        "Having administered",
        "Injection",
        "Oral",
        "Oral (intended site)",
        "Training",
        "risperidone"
      ],
      "outcomes": [
        "Administration procedure",
        "Assessed",
        "Average",
        "Awareness",
        "CD44 wt Allele",
        "Change -- procedure",
        "Coping Behavior",
        "Disease of diaphragm",
        "Exacerbation",
        "GDC Treatment Outcome Terminology",
        "Global Relapse",
        "Illness (finding)",
        "Intellectual scale",
        "Lack of awareness finding",
        "Maintenance",
        "Medication Nonadherence",
        "Psychotic symptom",
        "R prime",
        "Retention (Psychology)",
        "Revision procedure",
        "School",
        "School attendance",
        "Strategy",
        "Version",
        "Work",
        "readiness to change"
      ]
    }
  },
  {
    "nct_id": "NCT00333190",
    "conditions": [
      "All",
      "Hematologic Neoplasms",
      "Hodgkin Disease",
      "Leukemia, Myelocytic, Acute",
      "Lymphoma, Non-Hodgkin",
      "Multiple Myeloma",
      "N(6)-carboxymethyllysine"
    ],
    "pico_attributes": {
      "populations": {
        "minimum_age": "18 Years",
        "maximum_age": "NA",
        "country": "United States",
        "gender": "ALL"
      },
      "interventions": [
        "T-Cell Depletion Therapy",
        "With lunch"
      ],
      "outcomes": []
    }
  },
  {
    "nct_id": "NCT00333203",
    "conditions": [
      "Disorder of eye"
    ],
    "pico_attributes": {
      "populations": {
        "minimum_age": "18 Years",
        "maximum_age": "NA",
        "country": "United States",
        "gender": "ALL"
      },
      "interventions": [
        "Barber Say syndrome",
        "In addition to"
      ],
      "outcomes": []
    }
  },
  {
    "nct_id": "NCT00333216",
    "conditions": [
      "AMD1 wt Allele"
    ],
    "pico_attributes": {
      "populations": {
        "minimum_age": "50 Years",
        "maximum_age": "NA",
        "country": "United States",
        "gender": "ALL"
      },
      "interventions": [
        "30%",
        "60%",
        "Drug vehicle",
        "Infertility",
        "Kilogram per Cubic Meter",
        "Suspension (action)",
        "anecortave acetate"
      ],
      "outcomes": []
    }
  },
  {
    "nct_id": "NCT00333229",
    "conditions": [
      "Female Breast Carcinoma",
      "Hormone Receptor",
      "Negative",
      "Premenopausal - menopausal status",
      "Primary",
      "Primary malignant neoplasm of breast",
      "Woman",
      "breast cancer (non-specific) premenopausal"
    ],
    "pico_attributes": {
      "populations": {
        "minimum_age": "18 Years",
        "maximum_age": "NA",
        "country": "Germany",
        "gender": "FEMALE"
      },
      "interventions": [
        "Placebo Control",
        "zoledronic acid"
      ],
      "outcomes": [
        "24 Months",
        "60%",
        "ATP6V1E1 gene",
        "And",
        "Assessed",
        "BGLAP gene",
        "Biochemical",
        "Biochemical Marker",
        "Biologic Development",
        "Blood group antibody I",
        "Bone marker",
        "CYREN gene",
        "Cancer/Testis Antigen",
        "Course",
        "Diagnostic radiologic examination",
        "Does turn (finding)",
        "Monthly (qualifier value)",
        "Neoplasm Metastasis",
        "Pathological fracture",
        "Peptides",
        "Serum",
        "Skeletal bone",
        "Therapeutic Estradiol",
        "deoxypyridinoline",
        "month",
        "procollagen Type I N-terminal peptide"
      ]
    }
  },
  {
    "nct_id": "NCT00333242",
    "conditions": [
      "Hyperalgesia",
      "Induce (action)",
      "Opioids"
    ],
    "pico_attributes": {
      "populations": {
        "minimum_age": "18 Years",
        "maximum_age": "55 Years",
        "country": "United States",
        "gender": "ALL"
      },
      "interventions": [
        "dextromethorphan"
      ],
      "outcomes": []
    }
  },
  {
    "nct_id": "NCT00333255",
    "conditions": [
      "Cataract"
    ],
    "pico_attributes": {
      "populations": {
        "minimum_age": "10 Years",
        "maximum_age": "NA",
        "country": "United States",
        "gender": "ALL"
      },
      "interventions": [
        "0.1",
        "nepafenac Ophthalmic Suspension"
      ],
      "outcomes": []
    }
  },
  {
    "nct_id": "NCT00333268",
    "conditions": [
      "Cataract"
    ],
    "pico_attributes": {
      "populations": {
        "minimum_age": "18 Years",
        "maximum_age": "NA",
        "country": "United States",
        "gender": "ALL"
      },
      "interventions": [
        "Barber Say syndrome",
        "In addition to"
      ],
      "outcomes": []
    }
  },
  {
    "nct_id": "NCT00333281",
    "conditions": [
      "Erectile Dysfunction, CTCAE"
    ],
    "pico_attributes": {
      "populations": {
        "minimum_age": "30 Years",
        "maximum_age": "65 Years",
        "country": "United States",
        "gender": "MALE"
      },
      "interventions": [
        "tadalafil"
      ],
      "outcomes": []
    }
  },
  {
    "nct_id": "NCT00333294",
    "conditions": [
      "NCI CTEP SDC Non-Small Cell Lung Cancer Sub-Category Terminology"
    ],
    "pico_attributes": {
      "populations": {
        "minimum_age": "18 Years",
        "maximum_age": "75 Years",
        "country": "France",
        "gender": "ALL"
      },
      "interventions": [
        "Therapeutic radiology procedure",
        "cisplatin",
        "gefitinib",
        "vinorelbine"
      ],
      "outcomes": []
    }
  },
  {
    "nct_id": "NCT00333307",
    "conditions": [
      "Pre-Eclampsia"
    ],
    "pico_attributes": {
      "populations": {
        "minimum_age": "18 Years",
        "maximum_age": "40 Years",
        "country": "United States",
        "gender": "FEMALE"
      },
      "interventions": [
        "Recombinant human relaxin"
      ],
      "outcomes": []
    }
  },
  {
    "nct_id": "NCT00333320",
    "conditions": [
      "Acute Myocardial Infarction by ECG Finding"
    ],
    "pico_attributes": {
      "populations": {
        "minimum_age": "18 Years",
        "maximum_age": "NA",
        "country": "France",
        "gender": "ALL"
      },
      "interventions": [
        "Control Groups"
      ],
      "outcomes": []
    }
  },
  {
    "nct_id": "NCT00333333",
    "conditions": [
      "Decreased platelet count",
      "Pre-Eclampsia"
    ],
    "pico_attributes": {
      "populations": {
        "minimum_age": "NA",
        "maximum_age": "NA",
        "country": "United States",
        "gender": "ALL"
      },
      "interventions": [
        "Specimen Source Codes - Cord blood"
      ],
      "outcomes": []
    }
  },
  {
    "nct_id": "NCT00333346",
    "conditions": [
      "Ambulatory Surgical Procedures"
    ],
    "pico_attributes": {
      "populations": {
        "minimum_age": "18 Years",
        "maximum_age": "70 Years",
        "country": "Belgium",
        "gender": "ALL"
      },
      "interventions": [
        "Administration occupational activities",
        "Tramadol measurement (procedure)"
      ],
      "outcomes": []
    }
  },
  {
    "nct_id": "NCT00333359",
    "conditions": [
      "Restless Legs Syndrome"
    ],
    "pico_attributes": {
      "populations": {
        "minimum_age": "18 Years",
        "maximum_age": "NA",
        "country": "United States",
        "gender": "ALL"
      },
      "interventions": [
        "GDC Gender Terminology",
        "XP 13512"
      ],
      "outcomes": [
        "*Activity (kind of quantity)",
        "/hour",
        "ADHD hyperactive symptoms mean score:Score:Pt:^Patient:Qn:Calculated",
        "Administration procedure",
        "Affecting",
        "BGLAP gene",
        "BaseLine dental cement",
        "Blood group antibody I",
        "CD44 wt Allele",
        "Categories",
        "Change -- procedure",
        "Classification",
        "Clinical Global Impression Generic Modification Version Questionnaire",
        "Clinical Item",
        "Count of entities",
        "Data",
        "Due to",
        "Entity With Role in Clinical Study",
        "First (number)",
        "From",
        "GDC Treatment Outcome Terminology",
        "Hour",
        "Impaired",
        "In addition to",
        "Individual",
        "Median (qualifier value)",
        "Missed Reason",
        "Missing",
        "NR0B2 gene",
        "Participant",
        "Patient Visit",
        "PedsQL-4 Scale Score",
        "Period (temporal qualifier)",
        "Population Mean",
        "Productivity",
        "Questionnaires",
        "Rating (action)",
        "Record - QueryRequestLimit",
        "Report (document)",
        "Research Personnel",
        "Restless Legs Syndrome",
        "Score",
        "Summary (document)",
        "Symptom:Find:Pt:^Patient:Nom",
        "Symptoms",
        "Time of symptom onset",
        "Use of",
        "Weekly",
        "Work",
        "rating scale",
        "week",
        "work productivity"
      ]
    }
  },
  {
    "nct_id": "NCT00333372",
    "conditions": [
      "Nonulcer dyspepsia"
    ],
    "pico_attributes": {
      "populations": {
        "minimum_age": "20 Years",
        "maximum_age": "79 Years",
        "country": "Japan",
        "gender": "ALL"
      },
      "interventions": [
        "Z 338"
      ],
      "outcomes": []
    }
  },
  {
    "nct_id": "NCT00333385",
    "conditions": [
      "Cystic Fibrosis",
      "Exacerbation",
      "Lung",
      "Pseudomonas aeruginosa"
    ],
    "pico_attributes": {
      "populations": {
        "minimum_age": "8 Years",
        "maximum_age": "NA",
        "country": "France",
        "gender": "ALL"
      },
      "interventions": [
        "ceftazidime"
      ],
      "outcomes": []
    }
  },
  {
    "nct_id": "NCT00333398",
    "conditions": [
      "Influenza"
    ],
    "pico_attributes": {
      "populations": {
        "minimum_age": "18 Years",
        "maximum_age": "64 Years",
        "country": "United States",
        "gender": "ALL"
      },
      "interventions": [
        "CSHL1 gene",
        "Empty (qualifier)",
        "FDA Inactivation",
        "Placebo Control",
        "thimerosal",
        "trivalent influenza vaccine"
      ],
      "outcomes": []
    }
  },
  {
    "nct_id": "NCT00333411",
    "conditions": [
      "Psoriasis"
    ],
    "pico_attributes": {
      "populations": {
        "minimum_age": "18 Years",
        "maximum_age": "75 Years",
        "country": "United Kingdom",
        "gender": "ALL"
      },
      "interventions": [
        "46XX",
        "Placebo Control"
      ],
      "outcomes": []
    }
  },
  {
    "nct_id": "NCT00333424",
    "conditions": [
      "HIV"
    ],
    "pico_attributes": {
      "populations": {
        "minimum_age": "18 Years",
        "maximum_age": "55 Years",
        "country": "Thailand",
        "gender": "ALL"
      },
      "interventions": [
        "AE synonym fragment",
        "Boost",
        "Fowlpox",
        "GPI gene",
        "HIV",
        "Priming",
        "Vaccines",
        "Vaccines, DNA",
        "recombinant virus"
      ],
      "outcomes": []
    }
  },
  {
    "nct_id": "NCT00333437",
    "conditions": [
      "Scleroderma",
      "Systemic"
    ],
    "pico_attributes": {
      "populations": {
        "minimum_age": "21 Years",
        "maximum_age": "70 Years",
        "country": "United States",
        "gender": "ALL"
      },
      "interventions": [
        "mycophenolate mofetil"
      ],
      "outcomes": [
        "Carbon Monoxide Diffusing Capability Test",
        "Carbon Monoxide Measurement",
        "Change -- procedure",
        "Diffusion capacity of lung, function",
        "Distance",
        "Dyspnea",
        "Minute (diminutive)",
        "Patient Self-Report",
        "Population Mean",
        "Six",
        "Walk-in, not otherwise specified"
      ]
    }
  },
  {
    "nct_id": "NCT00333450",
    "conditions": [
      "Infection",
      "Streptococcus"
    ],
    "pico_attributes": {
      "populations": {
        "minimum_age": "11 Months",
        "maximum_age": "14 Months",
        "country": "Germany",
        "gender": "ALL"
      },
      "interventions": [
        "Pneumococcal Vaccine:-:Point in time:^Patient:-"
      ],
      "outcomes": []
    }
  },
  {
    "nct_id": "NCT00333463",
    "conditions": [
      "Biomechanical compliance"
    ],
    "pico_attributes": {
      "populations": {
        "minimum_age": "NA",
        "maximum_age": "NA",
        "country": "United States",
        "gender": "ALL"
      },
      "interventions": [
        "Intervention regimes"
      ],
      "outcomes": []
    }
  },
  {
    "nct_id": "NCT00333476",
    "conditions": [
      "Age related macular degeneration"
    ],
    "pico_attributes": {
      "populations": {
        "minimum_age": "50 Years",
        "maximum_age": "NA",
        "country": "United States",
        "gender": "ALL"
      },
      "interventions": [
        "MSI-1256F",
        "squalamine lactate"
      ],
      "outcomes": []
    }
  },
  {
    "nct_id": "NCT00333489",
    "conditions": [
      "Hypertension, CTCAE"
    ],
    "pico_attributes": {
      "populations": {
        "minimum_age": "21 Years",
        "maximum_age": "70 Years",
        "country": "Switzerland",
        "gender": "ALL"
      },
      "interventions": [
        "valsartan"
      ],
      "outcomes": []
    }
  },
  {
    "nct_id": "NCT00333502",
    "conditions": [
      "Adult Solid Neoplasm",
      "Cancer Genus"
    ],
    "pico_attributes": {
      "populations": {
        "minimum_age": "18 Years",
        "maximum_age": "NA",
        "country": "United States",
        "gender": "ALL"
      },
      "interventions": [],
      "outcomes": []
    }
  },
  {
    "nct_id": "NCT00333515",
    "conditions": [
      "Chemical Terrorism",
      "Chemical Warfare",
      "Healthy Volunteers"
    ],
    "pico_attributes": {
      "populations": {
        "minimum_age": "18 Years",
        "maximum_age": "55 Years",
        "country": "United States",
        "gender": "ALL"
      },
      "interventions": [
        "Normal saline",
        "Placebo Control"
      ],
      "outcomes": []
    }
  },
  {
    "nct_id": "NCT00333528",
    "conditions": [
      "Healthy Volunteers"
    ],
    "pico_attributes": {
      "populations": {
        "minimum_age": "18 Years",
        "maximum_age": "55 Years",
        "country": "United States",
        "gender": "ALL"
      },
      "interventions": [
        "Normal saline",
        "Placebo Control"
      ],
      "outcomes": []
    }
  },
  {
    "nct_id": "NCT00333541",
    "conditions": [
      "Contraception Behavior",
      "Internet",
      "Usage"
    ],
    "pico_attributes": {
      "populations": {
        "minimum_age": "15 Years",
        "maximum_age": "24 Years",
        "country": "United States",
        "gender": "FEMALE"
      },
      "interventions": [
        "Authorization Mode - Mail",
        "Clinical Study Follow-up",
        "Internet",
        "Use of"
      ],
      "outcomes": []
    }
  },
  {
    "nct_id": "NCT00333554",
    "conditions": [
      "Diabetes Mellitus, Insulin-Dependent"
    ],
    "pico_attributes": {
      "populations": {
        "minimum_age": "NA",
        "maximum_age": "5 Months",
        "country": "United States",
        "gender": "ALL"
      },
      "interventions": [
        "Administration procedure",
        "Placebo Control",
        "docosahexaenoic acid"
      ],
      "outcomes": []
    }
  },
  {
    "nct_id": "NCT00333567",
    "conditions": [
      "Feel Pain"
    ],
    "pico_attributes": {
      "populations": {
        "minimum_age": "18 Years",
        "maximum_age": "NA",
        "country": "Switzerland",
        "gender": "ALL"
      },
      "interventions": [
        "lumiracoxib"
      ],
      "outcomes": []
    }
  },
  {
    "nct_id": "NCT00333580",
    "conditions": [
      "Cerebrovascular accident",
      "Spinal Cord Injuries"
    ],
    "pico_attributes": {
      "populations": {
        "minimum_age": "18 Years",
        "maximum_age": "NA",
        "country": "United States",
        "gender": "ALL"
      },
      "interventions": [],
      "outcomes": []
    }
  },
  {
    "nct_id": "NCT00333593",
    "conditions": [
      "Kidney Failure, Acute",
      "Sepsis"
    ],
    "pico_attributes": {
      "populations": {
        "minimum_age": "18 Years",
        "maximum_age": "NA",
        "country": "Australia",
        "gender": "ALL"
      },
      "interventions": [
        "DIALYZER",
        "Large",
        "Pore",
        "Standard (document)"
      ],
      "outcomes": []
    }
  },
  {
    "nct_id": "NCT00333606",
    "conditions": [
      "Evoked Potentials",
      "Healthy Volunteers"
    ],
    "pico_attributes": {
      "populations": {
        "minimum_age": "20 Years",
        "maximum_age": "40 Years",
        "country": "Germany",
        "gender": "ALL"
      },
      "interventions": [
        "Acupuncture procedure"
      ],
      "outcomes": [
        "Auditory Evoked Potentials",
        "Latent",
        "Pain Distress Question"
      ]
    }
  },
  {
    "nct_id": "NCT00333619",
    "conditions": [
      "Sleep Disorders"
    ],
    "pico_attributes": {
      "populations": {
        "minimum_age": "60 Years",
        "maximum_age": "NA",
        "country": "United States",
        "gender": "ALL"
      },
      "interventions": [
        "Active Control",
        "Intervention regimes",
        "Sleep"
      ],
      "outcomes": [
        "Pittsburgh sleep quality index",
        "Sleep Efficiency"
      ]
    }
  },
  {
    "nct_id": "NCT00333632",
    "conditions": [
      "Sleep"
    ],
    "pico_attributes": {
      "populations": {
        "minimum_age": "21 Years",
        "maximum_age": "50 Years",
        "country": "United States",
        "gender": "ALL"
      },
      "interventions": [
        "Fentanyl measurement",
        "Midazolam Measurement",
        "dexmedetomidine",
        "isoflurane",
        "propofol"
      ],
      "outcomes": []
    }
  },
  {
    "nct_id": "NCT00333645",
    "conditions": [
      "Mycoses",
      "Transplantation of liver"
    ],
    "pico_attributes": {
      "populations": {
        "minimum_age": "18 Years",
        "maximum_age": "NA",
        "country": "Spain",
        "gender": "ALL"
      },
      "interventions": [
        "caspofungin"
      ],
      "outcomes": []
    }
  },
  {
    "nct_id": "NCT00333658",
    "conditions": [
      "Mental disorders"
    ],
    "pico_attributes": {
      "populations": {
        "minimum_age": "NA",
        "maximum_age": "NA",
        "country": "United States",
        "gender": "ALL"
      },
      "interventions": [
        "Feedback - evaluative response process",
        "Group Object",
        "Sets goals",
        "Work"
      ],
      "outcomes": []
    }
  }
]