[
  {
    "nct_id": "NCT00052507",
    "conditions": [
      "Colorectal Cancer Pathway"
    ],
    "pico_attributes": {
      "populations": {
        "minimum_age": "18 Years",
        "maximum_age": "NA",
        "country": "Canada",
        "gender": "ALL"
      },
      "interventions": [
        "bortezomib"
      ],
      "outcomes": []
    }
  },
  {
    "nct_id": "NCT00052520",
    "conditions": [
      "11q23",
      "Adult Acute Myeloblastic Leukemia",
      "Adult B Acute Lymphoblastic Leukemia",
      "Adult T Acute Lymphoblastic Leukemia",
      "Blast (physical force)",
      "Childhood B Acute Lymphoblastic Leukemia",
      "Childhood Chronic Myelogenous Leukemia, BCR-ABL1 Positive",
      "Childhood Myelodysplastic Syndrome",
      "Childhood T Acute Lymphoblastic Leukemia",
      "Chromosome inversion",
      "Congenital Abnormality",
      "Data Transformation",
      "EXOSC1 gene",
      "Excess",
      "Juvenile Myelomonocytic Leukemia",
      "MYELODYSPLASTIC SYNDROME",
      "Myeloid Leukemia, Chronic",
      "Polycythemia Vera",
      "Recurrent Adult Acute Lymphoblastic Leukemia",
      "Recurrent Childhood Acute Lymphoblastic Leukemia",
      "Refractory anaemia with excess blasts",
      "Refractory anemia, without ringed sideroblasts, without excess blasts",
      "Relapse",
      "Secondary Acute Myeloid Leukemia",
      "Thrombocythemia, Essential",
      "Treating",
      "recurrent adult acute myeloid leukemia",
      "recurrent childhood acute myeloid leukemia"
    ],
    "pico_attributes": {
      "populations": {
        "minimum_age": "NA",
        "maximum_age": "NA",
        "country": "United States",
        "gender": "ALL"
      },
      "interventions": [
        "Allogeneic Lymphocyte",
        "Allogeneic bone marrow transplantation",
        "Cytogenetic Analysis",
        "Flow Cytometry",
        "Gene Expression Analysis",
        "Immunologic Techniques",
        "Laboratory Biomarker Analysis",
        "Peripheral Stem Cell Transplantation",
        "Polymerase Chain Reaction",
        "Staining method",
        "aldesleukin"
      ],
      "outcomes": []
    }
  },
  {
    "nct_id": "NCT00052559",
    "conditions": [
      "Adenocarcinoma of rectum",
      "Stage II Rectal Cancer",
      "Stage III Rectal Cancer AJCC v6"
    ],
    "pico_attributes": {
      "populations": {
        "minimum_age": "18 Years",
        "maximum_age": "NA",
        "country": "United States",
        "gender": "ALL"
      },
      "interventions": [
        "External Beam Radiation Therapy",
        "Laboratory Biomarker Analysis",
        "Therapeutic Conventional Surgery",
        "bevacizumab",
        "fluorouracil"
      ],
      "outcomes": []
    }
  },
  {
    "nct_id": "NCT00052572",
    "conditions": [
      "Adult Lymphoma",
      "Childhood Leukemia"
    ],
    "pico_attributes": {
      "populations": {
        "minimum_age": "18 Years",
        "maximum_age": "NA",
        "country": "United States",
        "gender": "ALL"
      },
      "interventions": [
        "ixabepilone"
      ],
      "outcomes": []
    }
  },
  {
    "nct_id": "NCT00052585",
    "conditions": [
      "Adenocarcinoma of colon",
      "Adenocarcinoma of rectum",
      "Colon Mucinous Adenocarcinoma",
      "Rectal Mucinous Adenocarcinoma",
      "Rectal Signet Ring Cell Adenocarcinoma",
      "Recurrent Colon Carcinoma",
      "Recurrent Rectal Cancer",
      "Stage IV Colon Carcinoma",
      "Stage IV Rectal Carcinoma",
      "signet ring adenocarcinoma of the colon"
    ],
    "pico_attributes": {
      "populations": {
        "minimum_age": "18 Years",
        "maximum_age": "NA",
        "country": "United States",
        "gender": "ALL"
      },
      "interventions": [
        "fluorouracil",
        "gefitinib",
        "irinotecan hydrochloride",
        "leucovorin calcium"
      ],
      "outcomes": []
    }
  },
  {
    "nct_id": "NCT00052598",
    "conditions": [
      "11q23",
      "5q",
      "Acute myeloid leukemia with multilineage dysplasia",
      "Adult Acute Myeloblastic Leukemia",
      "Adult Myelodysplastic Syndrome",
      "Blast Phase",
      "Childhood Chronic Myelogenous Leukemia, BCR-ABL1 Positive",
      "Childhood Myelodysplastic Syndrome",
      "Chromosome Deletion",
      "Chromosome inversion",
      "Congenital Abnormality",
      "EXOSC1 gene",
      "Following",
      "Leukemia, Myeloid, Accelerated Phase",
      "Myeloid Leukemia, Chronic",
      "Relapse",
      "Secondary Acute Myeloid Leukemia",
      "recurrent adult acute myeloid leukemia",
      "recurrent childhood acute myeloid leukemia"
    ],
    "pico_attributes": {
      "populations": {
        "minimum_age": "NA",
        "maximum_age": "NA",
        "country": "United States",
        "gender": "ALL"
      },
      "interventions": [
        "Allogeneic Lymphocyte",
        "Flow Cytometry",
        "Laboratory Biomarker Analysis",
        "aldesleukin"
      ],
      "outcomes": []
    }
  },
  {
    "nct_id": "NCT00052611",
    "conditions": [
      "Head and Neck Carcinoma"
    ],
    "pico_attributes": {
      "populations": {
        "minimum_age": "18 Years",
        "maximum_age": "NA",
        "country": "United States",
        "gender": "ALL"
      },
      "interventions": [
        "celecoxib"
      ],
      "outcomes": []
    }
  },
  {
    "nct_id": "NCT00052624",
    "conditions": [
      "Brain",
      "Central Nervous System Neoplasms"
    ],
    "pico_attributes": {
      "populations": {
        "minimum_age": "5 Years",
        "maximum_age": "18 Years",
        "country": "United States",
        "gender": "ALL"
      },
      "interventions": [
        "Tf-CRM107"
      ],
      "outcomes": []
    }
  },
  {
    "nct_id": "NCT00052637",
    "conditions": [
      "Bladder Cancer Pathway"
    ],
    "pico_attributes": {
      "populations": {
        "minimum_age": "18 Years",
        "maximum_age": "NA",
        "country": "United States",
        "gender": "ALL"
      },
      "interventions": [
        "Biopsy",
        "Cystoscopy",
        "hexyl 5-aminolevulinate"
      ],
      "outcomes": []
    }
  },
  {
    "nct_id": "NCT00052676",
    "conditions": [
      "Breast Carcinoma"
    ],
    "pico_attributes": {
      "populations": {
        "minimum_age": "18 Years",
        "maximum_age": "NA",
        "country": "France",
        "gender": "ALL"
      },
      "interventions": [
        "Aspects of radionuclide imaging",
        "Sentinel Lymph Node Biopsy",
        "patent blue violet",
        "technetium Tc-99m sulfur colloid"
      ],
      "outcomes": []
    }
  },
  {
    "nct_id": "NCT00052689",
    "conditions": [
      "Pancreatic Ductal Adenocarcinoma",
      "stage IV pancreatic cancer"
    ],
    "pico_attributes": {
      "populations": {
        "minimum_age": "18 Years",
        "maximum_age": "NA",
        "country": "United States",
        "gender": "ALL"
      },
      "interventions": [
        "bortezomib",
        "gemcitabine hydrochloride"
      ],
      "outcomes": []
    }
  },
  {
    "nct_id": "NCT00052715",
    "conditions": [
      "Brain",
      "Central Nervous System Neoplasms"
    ],
    "pico_attributes": {
      "populations": {
        "minimum_age": "18 Years",
        "maximum_age": "120 Years",
        "country": "United States",
        "gender": "ALL"
      },
      "interventions": [
        "poly ICLC"
      ],
      "outcomes": [
        "4-toluenesulfonamide",
        "Diagnosis",
        "Monthly (qualifier value)",
        "Overall Survival",
        "Survival Rate",
        "newly"
      ]
    }
  },
  {
    "nct_id": "NCT00052728",
    "conditions": [
      "Breast Carcinoma"
    ],
    "pico_attributes": {
      "populations": {
        "minimum_age": "18 Years",
        "maximum_age": "NA",
        "country": "United States",
        "gender": "FEMALE"
      },
      "interventions": [
        "tamoxifen citrate",
        "tipifarnib"
      ],
      "outcomes": []
    }
  },
  {
    "nct_id": "NCT00052754",
    "conditions": [
      "Malignant neoplasm of soft tissue"
    ],
    "pico_attributes": {
      "populations": {
        "minimum_age": "18 Years",
        "maximum_age": "NA",
        "country": "United Kingdom",
        "gender": "ALL"
      },
      "interventions": [
        "gefitinib"
      ],
      "outcomes": []
    }
  },
  {
    "nct_id": "NCT00052780",
    "conditions": [
      "Childhood Central Nervous System Germ Cell Tumor",
      "Childhood Choroid Plexus Neoplasm",
      "Childhood Craniopharyngioma",
      "Childhood Embryonal Tumor with Multilayered Rosettes, C19MC-Altered",
      "Childhood Glioblastoma",
      "Childhood Grade I Meningioma",
      "Childhood Grade II Meningioma",
      "Childhood Grade III Meningioma",
      "Childhood Infratentorial Ependymoma",
      "Childhood Mixed Glioma",
      "Childhood Oligodendroglioma",
      "Childhood Supratentorial Ependymoma",
      "Glioblastoma Multiforme Pathway",
      "Hypothalamic structure",
      "Recurrent Childhood Acute Lymphoblastic Leukemia",
      "Recurrent Childhood Brain Stem Glioma",
      "Recurrent Childhood Cerebellar Astrocytoma",
      "Recurrent Childhood Cerebral Astrocytoma",
      "Recurrent Childhood Ependymoma",
      "Recurrent Childhood Medulloblastoma",
      "Recurrent Childhood Pineoblastoma",
      "Recurrent Childhood Subependymal Giant Cell Astrocytoma",
      "Recurrent Childhood Supratentorial Embryonal Tumor, Not Otherwise Specified",
      "Visual Pathways",
      "childhood high-grade cerebellar astrocytoma",
      "childhood low-grade cerebellar astrocytoma",
      "childhood low-grade cerebral astrocytoma",
      "childhood medulloepithelioma"
    ],
    "pico_attributes": {
      "populations": {
        "minimum_age": "NA",
        "maximum_age": "21 Years",
        "country": "United States",
        "gender": "ALL"
      },
      "interventions": [
        "CSF3 gene",
        "Laboratory Biomarker Analysis",
        "O(6)-benzylguanine",
        "Pharmacological Study",
        "temozolomide"
      ],
      "outcomes": []
    }
  },
  {
    "nct_id": "NCT00052832",
    "conditions": [
      "Childhood Leukemia",
      "MYELODYSPLASTIC SYNDROME",
      "Myelodysplastic-Myeloproliferative Diseases"
    ],
    "pico_attributes": {
      "populations": {
        "minimum_age": "18 Years",
        "maximum_age": "120 Years",
        "country": "United States",
        "gender": "ALL"
      },
      "interventions": [
        "doxercalciferol"
      ],
      "outcomes": []
    }
  },
  {
    "nct_id": "NCT00052845",
    "conditions": [
      "Malignant neoplasm of prostate"
    ],
    "pico_attributes": {
      "populations": {
        "minimum_age": "18 Years",
        "maximum_age": "NA",
        "country": "United States",
        "gender": "MALE"
      },
      "interventions": [
        "docetaxel",
        "estramustine phosphate sodium",
        "sulindac sulfone"
      ],
      "outcomes": []
    }
  },
  {
    "nct_id": "NCT00052884",
    "conditions": [
      "Drug toxicity",
      "Multiple Myeloma",
      "Plasma Cell Neoplasm"
    ],
    "pico_attributes": {
      "populations": {
        "minimum_age": "18 Years",
        "maximum_age": "70 Years",
        "country": "United States",
        "gender": "ALL"
      },
      "interventions": [
        "Amifostine Trihydrate",
        "Bone Marrow Ablation with Stem Cell Support",
        "CSF3 gene",
        "Peripheral Stem Cell Transplantation",
        "melphalan"
      ],
      "outcomes": []
    }
  },
  {
    "nct_id": "NCT00052897",
    "conditions": [
      "Anal carcinoma"
    ],
    "pico_attributes": {
      "populations": {
        "minimum_age": "18 Years",
        "maximum_age": "NA",
        "country": "United States",
        "gender": "ALL"
      },
      "interventions": [
        "Verpasep caltespen"
      ],
      "outcomes": []
    }
  },
  {
    "nct_id": "NCT00052910",
    "conditions": [
      "Childhood Esophageal Carcinoma",
      "Malignant neoplasm of stomach"
    ],
    "pico_attributes": {
      "populations": {
        "minimum_age": "18 Years",
        "maximum_age": "NA",
        "country": "United States",
        "gender": "ALL"
      },
      "interventions": [
        "Therapeutic radiology procedure",
        "cisplatin",
        "epirubicin hydrochloride",
        "fluorouracil",
        "leucovorin calcium"
      ],
      "outcomes": [
        "Disease-Free Survival",
        "Overall Survival"
      ]
    }
  },
  {
    "nct_id": "NCT00052923",
    "conditions": [
      "Adult Lymphoma"
    ],
    "pico_attributes": {
      "populations": {
        "minimum_age": "18 Years",
        "maximum_age": "70 Years",
        "country": "United States",
        "gender": "ALL"
      },
      "interventions": [
        "CSF3 gene",
        "Peripheral Stem Cell Transplantation",
        "Therapeutic radiology procedure",
        "carmustine",
        "cyclophosphamide",
        "etoposide",
        "rituximab"
      ],
      "outcomes": []
    }
  },
  {
    "nct_id": "NCT00052936",
    "conditions": [
      "Adult Lymphoma"
    ],
    "pico_attributes": {
      "populations": {
        "minimum_age": "61 Years",
        "maximum_age": "80 Years",
        "country": "Switzerland",
        "gender": "ALL"
      },
      "interventions": [
        "CHOP protocol-cyclophosphamide/doxorubicin/prednisone/vincristine",
        "CSF3 gene",
        "Therapeutic radiology procedure",
        "cyclophosphamide",
        "doxorubicin hydrochloride",
        "prednisone",
        "rituximab",
        "vincristine sulfate"
      ],
      "outcomes": []
    }
  },
  {
    "nct_id": "NCT00052949",
    "conditions": [
      "Recurrent Lung Small Cell Carcinoma"
    ],
    "pico_attributes": {
      "populations": {
        "minimum_age": "18 Years",
        "maximum_age": "NA",
        "country": "United States",
        "gender": "ALL"
      },
      "interventions": [
        "Laboratory Biomarker Analysis",
        "imatinib mesylate"
      ],
      "outcomes": []
    }
  },
  {
    "nct_id": "NCT00052962",
    "conditions": [
      "Gastrointestinal Neoplasms"
    ],
    "pico_attributes": {
      "populations": {
        "minimum_age": "18 Years",
        "maximum_age": "NA",
        "country": "United States",
        "gender": "ALL"
      },
      "interventions": [
        "Continuous Chemotherapeutic Hyperthermic Peritoneal Perfusion",
        "Cytoreductive Surgery",
        "Hyperthermic Intraperitoneal Chemotherapy"
      ],
      "outcomes": [
        "Adverse event",
        "Count of entities",
        "Participant",
        "Progression-Free Survival"
      ]
    }
  },
  {
    "nct_id": "NCT00053001",
    "conditions": [
      "Anemia",
      "Childhood Leukemia",
      "MYELODYSPLASTIC SYNDROME",
      "Myelodysplastic-Myeloproliferative Diseases"
    ],
    "pico_attributes": {
      "populations": {
        "minimum_age": "21 Years",
        "maximum_age": "NA",
        "country": "United States",
        "gender": "ALL"
      },
      "interventions": [
        "epoetin alfa",
        "thalidomide"
      ],
      "outcomes": []
    }
  },
  {
    "nct_id": "NCT00053014",
    "conditions": [
      "Childhood Leukemia"
    ],
    "pico_attributes": {
      "populations": {
        "minimum_age": "55 Years",
        "maximum_age": "69 Years",
        "country": "United States",
        "gender": "ALL"
      },
      "interventions": [
        "Allogeneic Lymphocyte",
        "Cyclosporins",
        "Peripheral Stem Cell Transplantation",
        "Therapeutic radiology procedure",
        "fludarabine",
        "mycophenolate mofetil"
      ],
      "outcomes": [
        "Overall Survival",
        "Serious Adverse Event"
      ]
    }
  },
  {
    "nct_id": "NCT00053027",
    "conditions": [
      "Adult Lymphoma"
    ],
    "pico_attributes": {
      "populations": {
        "minimum_age": "18 Years",
        "maximum_age": "NA",
        "country": "United States",
        "gender": "ALL"
      },
      "interventions": [
        "cladribine",
        "rituximab"
      ],
      "outcomes": []
    }
  },
  {
    "nct_id": "NCT00053040",
    "conditions": [
      "Brain",
      "Central Nervous System Neoplasms"
    ],
    "pico_attributes": {
      "populations": {
        "minimum_age": "3 Years",
        "maximum_age": "21 Years",
        "country": "United States",
        "gender": "ALL"
      },
      "interventions": [
        "Cintredekin Besudotox",
        "Conventional Surgery"
      ],
      "outcomes": []
    }
  },
  {
    "nct_id": "NCT00053053",
    "conditions": [
      "Adult Lymphoma",
      "Adult Solid Neoplasm",
      "Cachexia",
      "Clinical trial protocol",
      "Entity Determiner - specific",
      "External cause codes: Unspecified",
      "Lymphoproliferative Disorders"
    ],
    "pico_attributes": {
      "populations": {
        "minimum_age": "17 Years",
        "maximum_age": "120 Years",
        "country": "United States",
        "gender": "ALL"
      },
      "interventions": [
        "Dietary Supplements",
        "JUVEN",
        "Negation"
      ],
      "outcomes": []
    }
  },
  {
    "nct_id": "NCT00053092",
    "conditions": [
      "Adult Lymphoma"
    ],
    "pico_attributes": {
      "populations": {
        "minimum_age": "18 Years",
        "maximum_age": "NA",
        "country": "United Kingdom",
        "gender": "ALL"
      },
      "interventions": [
        "cyclophosphamide",
        "fludarabine phosphate",
        "rituximab"
      ],
      "outcomes": []
    }
  },
  {
    "nct_id": "NCT00053105",
    "conditions": [
      "Adult Lymphoma"
    ],
    "pico_attributes": {
      "populations": {
        "minimum_age": "18 Years",
        "maximum_age": "64 Years",
        "country": "United States",
        "gender": "ALL"
      },
      "interventions": [
        "Pixantrone Dimaleate",
        "cisplatin",
        "cytarabine",
        "methylprednisolone"
      ],
      "outcomes": []
    }
  },
  {
    "nct_id": "NCT00053118",
    "conditions": [
      "Adult Lymphoma",
      "Brain",
      "Central Nervous System Neoplasms",
      "Central neuroblastoma",
      "NCI CTEP SDC Retinoblastoma Sub-Category Terminology"
    ],
    "pico_attributes": {
      "populations": {
        "minimum_age": "NA",
        "maximum_age": "18 Years",
        "country": "United States",
        "gender": "ALL"
      },
      "interventions": [
        "Bone Marrow Ablation with Stem Cell Support",
        "CSF3 gene",
        "Peripheral Stem Cell Transplantation",
        "carboplatin",
        "etoposide"
      ],
      "outcomes": []
    }
  },
  {
    "nct_id": "NCT00053131",
    "conditions": [
      "Childhood Leukemia"
    ],
    "pico_attributes": {
      "populations": {
        "minimum_age": "15 Years",
        "maximum_age": "NA",
        "country": "United States",
        "gender": "ALL"
      },
      "interventions": [
        "CSF2 gene",
        "CSF3 gene",
        "cytarabine",
        "mitoxantrone hydrochloride"
      ],
      "outcomes": []
    }
  },
  {
    "nct_id": "NCT00053144",
    "conditions": [
      "Childhood Leukemia"
    ],
    "pico_attributes": {
      "populations": {
        "minimum_age": "15 Years",
        "maximum_age": "NA",
        "country": "United States",
        "gender": "ALL"
      },
      "interventions": [
        "cytarabine",
        "irinotecan hydrochloride"
      ],
      "outcomes": []
    }
  },
  {
    "nct_id": "NCT00053157",
    "conditions": [
      "Adult Lymphoma",
      "Childhood Leukemia",
      "Chronic myeloproliferative disorder",
      "Graft-Versus-Host Disease Pathway",
      "MYELODYSPLASTIC SYNDROME",
      "Myelodysplastic-Myeloproliferative Diseases"
    ],
    "pico_attributes": {
      "populations": {
        "minimum_age": "5 Years",
        "maximum_age": "60 Years",
        "country": "United States",
        "gender": "ALL"
      },
      "interventions": [
        "CSF2 gene"
      ],
      "outcomes": []
    }
  },
  {
    "nct_id": "NCT00053183",
    "conditions": [
      "Brain",
      "Central Nervous System Neoplasms"
    ],
    "pico_attributes": {
      "populations": {
        "minimum_age": "18 Years",
        "maximum_age": "NA",
        "country": "United States",
        "gender": "ALL"
      },
      "interventions": [
        "Brachytherapy",
        "Conventional Surgery",
        "Therapeutic radiology procedure"
      ],
      "outcomes": []
    }
  },
  {
    "nct_id": "NCT00053196",
    "conditions": [
      "Adult Lymphoma",
      "Childhood Leukemia",
      "MYELODYSPLASTIC SYNDROME",
      "Multiple Myeloma",
      "Myeloproliferative disease"
    ],
    "pico_attributes": {
      "populations": {
        "minimum_age": "NA",
        "maximum_age": "69 Years",
        "country": "United States",
        "gender": "ALL"
      },
      "interventions": [
        "Allogeneic",
        "Allogeneic Cells",
        "CEL gene",
        "Cell Transplantation",
        "Granulocyte Colony-Stimulating Factor",
        "Transplantation",
        "Transplantation, Homologous",
        "allopurinol",
        "busulfan",
        "fludarabine phosphate",
        "lymphocyte immune globulin, anti-thymocyte globulin",
        "methotrexate",
        "mycophenolate mofetil",
        "tacrolimus"
      ],
      "outcomes": []
    }
  },
  {
    "nct_id": "NCT00053209",
    "conditions": [
      "Bladder Cancer Pathway",
      "Renal Pelvis Urothelial Carcinoma",
      "Ureter",
      "Urethral Carcinoma"
    ],
    "pico_attributes": {
      "populations": {
        "minimum_age": "18 Years",
        "maximum_age": "120 Years",
        "country": "United States",
        "gender": "ALL"
      },
      "interventions": [
        "gemcitabine hydrochloride",
        "pemetrexed disodium"
      ],
      "outcomes": []
    }
  },
  {
    "nct_id": "NCT00053222",
    "conditions": [
      "Malignant neoplasm of pancreas"
    ],
    "pico_attributes": {
      "populations": {
        "minimum_age": "18 Years",
        "maximum_age": "NA",
        "country": "United States",
        "gender": "ALL"
      },
      "interventions": [
        "arsenic trioxide"
      ],
      "outcomes": []
    }
  },
  {
    "nct_id": "NCT00053235",
    "conditions": [
      "Carcinoma, Ovarian Epithelial",
      "Ovarian Serous Surface Papillary Adenocarcinoma",
      "Ovarian cancer stage IV",
      "Pathologic Stage IIIB Gastric Cancer AJCC v8",
      "Phase",
      "Serous ovarian cystadenocarcinoma",
      "Stage IIIA Ovarian Cancer AJCC v6 and v7",
      "Stage IIIC Ovarian Cancer"
    ],
    "pico_attributes": {
      "populations": {
        "minimum_age": "NA",
        "maximum_age": "NA",
        "country": "United States",
        "gender": "FEMALE"
      },
      "interventions": [
        "Laboratory Biomarker Analysis",
        "Polymerase Chain Reaction",
        "comparative genomic analysis"
      ],
      "outcomes": []
    }
  },
  {
    "nct_id": "NCT00053248",
    "conditions": [
      "Childhood Leukemia"
    ],
    "pico_attributes": {
      "populations": {
        "minimum_age": "18 Years",
        "maximum_age": "NA",
        "country": "United States",
        "gender": "ALL"
      },
      "interventions": [
        "arsenic trioxide",
        "imatinib mesylate"
      ],
      "outcomes": []
    }
  },
  {
    "nct_id": "NCT00053261",
    "conditions": [
      "Cervix carcinoma",
      "Reproductive History",
      "Sex Behavior"
    ],
    "pico_attributes": {
      "populations": {
        "minimum_age": "NA",
        "maximum_age": "69 Years",
        "country": "United States",
        "gender": "FEMALE"
      },
      "interventions": [
        "Management of Therapy Complications"
      ],
      "outcomes": []
    }
  },
  {
    "nct_id": "NCT00053287",
    "conditions": [
      "Childhood Leukemia",
      "MYELODYSPLASTIC SYNDROME",
      "Myelodysplastic-Myeloproliferative Diseases"
    ],
    "pico_attributes": {
      "populations": {
        "minimum_age": "18 Years",
        "maximum_age": "NA",
        "country": "United States",
        "gender": "ALL"
      },
      "interventions": [
        "carboplatin",
        "fludarabine phosphate",
        "thalidomide",
        "topotecan hydrochloride"
      ],
      "outcomes": []
    }
  },
  {
    "nct_id": "NCT00053300",
    "conditions": [
      "Carcinoma of lung"
    ],
    "pico_attributes": {
      "populations": {
        "minimum_age": "18 Years",
        "maximum_age": "NA",
        "country": "United States",
        "gender": "ALL"
      },
      "interventions": [
        "Adjuvant Therapy",
        "thalidomide"
      ],
      "outcomes": []
    }
  },
  {
    "nct_id": "NCT00053326",
    "conditions": [
      "Recurrent Neuroblastoma"
    ],
    "pico_attributes": {
      "populations": {
        "minimum_age": "NA",
        "maximum_age": "21 Years",
        "country": "United States",
        "gender": "ALL"
      },
      "interventions": [
        "Fenretinide",
        "Pharmacological Study"
      ],
      "outcomes": []
    }
  },
  {
    "nct_id": "NCT00053339",
    "conditions": [
      "IV number:ID:Pt:^Patient:Nom",
      "Recurrent Breast Carcinoma",
      "malignant neoplasm of breast staging"
    ],
    "pico_attributes": {
      "populations": {
        "minimum_age": "18 Years",
        "maximum_age": "NA",
        "country": "",
        "gender": "ALL"
      },
      "interventions": [
        "tamoxifen",
        "trastuzumab"
      ],
      "outcomes": []
    }
  },
  {
    "nct_id": "NCT00053352",
    "conditions": [
      "Adult Yolk Sac Tumor",
      "Childhood Extracranial Germ Cell Tumor",
      "Childhood Extragonadal Malignant Germ Cell Tumor",
      "Childhood Malignant Ovarian Germ Cell Tumor",
      "Childhood Malignant Testicular Germ Cell Tumor",
      "Childhood Ovarian Germ Cell Tumor",
      "Childhood Teratoma",
      "Choriocarcinoma of the Testis",
      "Endodermal sinus tumor of ovary",
      "Ovarian Embryonal Carcinoma",
      "Pathologic Stage IIIB Gastric Cancer AJCC v8",
      "Phase",
      "Stage IIA Ovarian Germ Cell Tumor AJCC v6 and v7",
      "Stage IIB Ovarian Germ Cell Tumor AJCC v6 and v7",
      "Stage IIB Prostate Cancer AJCC v8",
      "Stage IIIA Ovarian Germ Cell Tumor AJCC v6 and v7",
      "Stage IIIC Ovarian Germ Cell Tumor AJCC v6 and v7",
      "Testicular Embryonal Carcinoma",
      "childhood embryonal tumor",
      "stage II testicular cancer",
      "stage III testicular cancer"
    ],
    "pico_attributes": {
      "populations": {
        "minimum_age": "NA",
        "maximum_age": "21 Years",
        "country": "United States",
        "gender": "ALL"
      },
      "interventions": [
        "Conventional Surgery",
        "Laboratory Biomarker Analysis",
        "bleomycin sulfate",
        "cisplatin",
        "etoposide"
      ],
      "outcomes": [
        "Chemotherapy",
        "Receive",
        "day",
        "hospitalized patients"
      ]
    }
  },
  {
    "nct_id": "NCT00053365",
    "conditions": [
      "Malignant tumor of peritoneum",
      "Recurrent ovarian cancer"
    ],
    "pico_attributes": {
      "populations": {
        "minimum_age": "18 Years",
        "maximum_age": "85 Years",
        "country": "United States",
        "gender": "FEMALE"
      },
      "interventions": [
        "irofulven"
      ],
      "outcomes": [
        "Progression-Free Survival"
      ]
    }
  },
  {
    "nct_id": "NCT00053378",
    "conditions": [
      "Hypocalcemia"
    ],
    "pico_attributes": {
      "populations": {
        "minimum_age": "18 Years",
        "maximum_age": "NA",
        "country": "United States",
        "gender": "ALL"
      },
      "interventions": [
        "4-toluenesulfonamide",
        "Administration occupational activities",
        "CALCIUM SUPPLEMENTS",
        "Effect",
        "Hypocalcemia",
        "Inventory of Callous-Unemotional Traits",
        "Paricalcitol Liquid Injection",
        "Regulation",
        "Zemplar",
        "calcium"
      ],
      "outcomes": []
    }
  },
  {
    "nct_id": "NCT00053391",
    "conditions": [
      "Melanoma Pathway",
      "Skin"
    ],
    "pico_attributes": {
      "populations": {
        "minimum_age": "18 Years",
        "maximum_age": "NA",
        "country": "Germany",
        "gender": "ALL"
      },
      "interventions": [
        "Recombinant CD40-Ligand",
        "therapeutic autologous dendritic cells"
      ],
      "outcomes": []
    }
  },
  {
    "nct_id": "NCT00053404",
    "conditions": [
      "HIV Infections"
    ],
    "pico_attributes": {
      "populations": {
        "minimum_age": "18 Years",
        "maximum_age": "NA",
        "country": "United States",
        "gender": "ALL"
      },
      "interventions": [],
      "outcomes": []
    }
  },
  {
    "nct_id": "NCT00053417",
    "conditions": [
      "MS gene"
    ],
    "pico_attributes": {
      "populations": {
        "minimum_age": "18 Years",
        "maximum_age": "70 Years",
        "country": "United States",
        "gender": "ALL"
      },
      "interventions": [
        "20%",
        "4-Aminopyridine Sustained Release",
        "MG",
        "Placebo Control",
        "dalfampridine"
      ],
      "outcomes": [
        "Average",
        "CD44 wt Allele",
        "Feet, unit of measurement",
        "Median (qualifier value)",
        "Percent Change From Baseline",
        "Speed of test",
        "Test time",
        "Timed",
        "Walk-in, not otherwise specified",
        "Walking Speed"
      ]
    }
  },
  {
    "nct_id": "NCT00053430",
    "conditions": [
      "HIV Infections"
    ],
    "pico_attributes": {
      "populations": {
        "minimum_age": "18 Years",
        "maximum_age": "NA",
        "country": "United States",
        "gender": "ALL"
      },
      "interventions": [
        "Placebo Control",
        "thalidomide"
      ],
      "outcomes": []
    }
  },
  {
    "nct_id": "NCT00053443",
    "conditions": [
      "HIV Infections"
    ],
    "pico_attributes": {
      "populations": {
        "minimum_age": "16 Years",
        "maximum_age": "NA",
        "country": "United States",
        "gender": "ALL"
      },
      "interventions": [
        "Adherence To Medication Regime",
        "Reminder Systems",
        "tracker"
      ],
      "outcomes": []
    }
  },
  {
    "nct_id": "NCT00053456",
    "conditions": [
      "Coronary Arteriosclerosis"
    ],
    "pico_attributes": {
      "populations": {
        "minimum_age": "NA",
        "maximum_age": "NA",
        "country": "United States",
        "gender": "ALL"
      },
      "interventions": [],
      "outcomes": []
    }
  },
  {
    "nct_id": "NCT00053469",
    "conditions": [
      "Healthy",
      "Infant"
    ],
    "pico_attributes": {
      "populations": {
        "minimum_age": "NA",
        "maximum_age": "2 Years",
        "country": "United States",
        "gender": "ALL"
      },
      "interventions": [],
      "outcomes": []
    }
  },
  {
    "nct_id": "NCT00053482",
    "conditions": [
      "Smallpox"
    ],
    "pico_attributes": {
      "populations": {
        "minimum_age": "28 Years",
        "maximum_age": "NA",
        "country": "United States",
        "gender": "ALL"
      },
      "interventions": [
        "ACAM2000",
        "Cattle calf (organism)",
        "Dryvax",
        "Lymph",
        "smallpox vaccine",
        "vaccinia virus"
      ],
      "outcomes": [
        "ACAM2000",
        "Administration procedure",
        "Alanine Transaminase",
        "Antibodies, Blocking",
        "Aspartate Transaminase",
        "BaseLine dental cement",
        "Blood Platelets",
        "CDISC Events Class",
        "Chemistry, Clinical",
        "Choose (action)",
        "Count of entities",
        "Creatinine, CTCAE",
        "Cutaneous plaque",
        "Daily",
        "Disease Response",
        "DryVax vaccine",
        "Dryvax",
        "Eruptions",
        "Erythrocytes",
        "Folded structure",
        "Grade 3 Severe Adverse Event",
        "Hematocrit level",
        "Hematology (discipline)",
        "Increase",
        "Lymphocyte",
        "Neutralization",
        "Neutralization Tests",
        "Observation parameter",
        "Participant",
        "Patch Tests",
        "Post",
        "Reduced",
        "Reporting",
        "Smallpox",
        "Titer",
        "Vaccination",
        "With intensity",
        "emergent",
        "eosinophil",
        "glucose",
        "smallpox vaccine"
      ]
    }
  },
  {
    "nct_id": "NCT00053495",
    "conditions": [
      "Smallpox"
    ],
    "pico_attributes": {
      "populations": {
        "minimum_age": "18 Years",
        "maximum_age": "29 Years",
        "country": "United States",
        "gender": "ALL"
      },
      "interventions": [
        "ACAM2000",
        "Cattle calf (organism)",
        "Dryvax",
        "Lymph",
        "smallpox vaccine",
        "vaccinia virus"
      ],
      "outcomes": [
        "ACAM2000",
        "Administration procedure",
        "Alanine Aminotransferase 1, human",
        "And",
        "Antibodies, Blocking",
        "Aspartic Acid Measurement",
        "BaseLine dental cement",
        "Blood Platelets",
        "CDISC Events Class",
        "Chemistry, Clinical",
        "Choose (action)",
        "Count of entities",
        "Creatinine, CTCAE",
        "Cutaneous plaque",
        "Daily",
        "Disease Response",
        "DryVax vaccine",
        "Dryvax",
        "Eruptions",
        "Finding of red blood cell count",
        "Folded structure",
        "Grade 3 Severe Adverse Event",
        "Hematocrit level",
        "Hematology (discipline)",
        "Increase",
        "Lymphocyte",
        "Neutralization",
        "Neutralization Tests",
        "Observation parameter",
        "Participant",
        "Patch Tests",
        "Post",
        "Reduced",
        "Reporting",
        "Smallpox",
        "Titer",
        "Vaccinated (qualifier)",
        "Vaccination",
        "With intensity",
        "emergent",
        "eosinophil",
        "glucose",
        "smallpox vaccine"
      ]
    }
  },
  {
    "nct_id": "NCT00053508",
    "conditions": [
      "Smallpox"
    ],
    "pico_attributes": {
      "populations": {
        "minimum_age": "18 Years",
        "maximum_age": "29 Years",
        "country": "United States",
        "gender": "ALL"
      },
      "interventions": [
        "Cattle calf (organism)",
        "Dryvax",
        "Lymph",
        "smallpox vaccine",
        "vaccinia virus"
      ],
      "outcomes": []
    }
  },
  {
    "nct_id": "NCT00053521",
    "conditions": [
      "Cardiovascular Diseases",
      "Heart Diseases"
    ],
    "pico_attributes": {
      "populations": {
        "minimum_age": "NA",
        "maximum_age": "100 Years",
        "country": "",
        "gender": "ALL"
      },
      "interventions": [],
      "outcomes": []
    }
  },
  {
    "nct_id": "NCT00053534",
    "conditions": [
      "BODY MASS INDEX QUANTITATIVE TRAIT LOCUS 20",
      "Cardiovascular Diseases",
      "Congestive heart failure",
      "Coronary Artery Disease",
      "Diabetes Mellitus",
      "Heart Diseases",
      "Hypertension, CTCAE"
    ],
    "pico_attributes": {
      "populations": {
        "minimum_age": "NA",
        "maximum_age": "NA",
        "country": "",
        "gender": "ALL"
      },
      "interventions": [],
      "outcomes": []
    }
  },
  {
    "nct_id": "NCT00053547",
    "conditions": [
      "Chronic kidney disease stage 5",
      "Hyperparathyroidism, Secondary"
    ],
    "pico_attributes": {
      "populations": {
        "minimum_age": "2 Years",
        "maximum_age": "20 Years",
        "country": "United States",
        "gender": "ALL"
      },
      "interventions": [
        "Paricalcitol Liquid Injection"
      ],
      "outcomes": []
    }
  },
  {
    "nct_id": "NCT00053560",
    "conditions": [
      "Lupus Erythematosus"
    ],
    "pico_attributes": {
      "populations": {
        "minimum_age": "18 Years",
        "maximum_age": "NA",
        "country": "United States",
        "gender": "FEMALE"
      },
      "interventions": [
        "GL701",
        "prasterone"
      ],
      "outcomes": []
    }
  },
  {
    "nct_id": "NCT00053573",
    "conditions": [
      "GAA gene",
      "Glycogen storage disease type II"
    ],
    "pico_attributes": {
      "populations": {
        "minimum_age": "6 Months",
        "maximum_age": "36 Months",
        "country": "United States",
        "gender": "ALL"
      },
      "interventions": [
        "Myozyme"
      ],
      "outcomes": []
    }
  },
  {
    "nct_id": "NCT00053599",
    "conditions": [
      "Alzheimer's Disease"
    ],
    "pico_attributes": {
      "populations": {
        "minimum_age": "50 Years",
        "maximum_age": "NA",
        "country": "United States",
        "gender": "ALL"
      },
      "interventions": [
        "simvastatin"
      ],
      "outcomes": []
    }
  },
  {
    "nct_id": "NCT00053612",
    "conditions": [
      "HIV Infections",
      "HIV Seronegativity",
      "Vitamin A Deficiency"
    ],
    "pico_attributes": {
      "populations": {
        "minimum_age": "NA",
        "maximum_age": "NA",
        "country": "",
        "gender": "FEMALE"
      },
      "interventions": [
        "Vitamin A Drug Class"
      ],
      "outcomes": []
    }
  },
  {
    "nct_id": "NCT00053625",
    "conditions": [
      "Parkinson Disease"
    ],
    "pico_attributes": {
      "populations": {
        "minimum_age": "30 Years",
        "maximum_age": "75 Years",
        "country": "United States",
        "gender": "ALL"
      },
      "interventions": [
        "Deep Brain Stimulation"
      ],
      "outcomes": []
    }
  },
  {
    "nct_id": "NCT00053638",
    "conditions": [
      "HIV Infections"
    ],
    "pico_attributes": {
      "populations": {
        "minimum_age": "18 Years",
        "maximum_age": "NA",
        "country": "United States",
        "gender": "ALL"
      },
      "interventions": [
        "abacavir / Lamivudine",
        "efavirenz",
        "tenofovir"
      ],
      "outcomes": []
    }
  },
  {
    "nct_id": "NCT00053651",
    "conditions": [
      "Depressed mood",
      "Postpartum Period"
    ],
    "pico_attributes": {
      "populations": {
        "minimum_age": "18 Years",
        "maximum_age": "45 Years",
        "country": "United States",
        "gender": "FEMALE"
      },
      "interventions": [
        "Continuance of life",
        "Infant",
        "Multiple of the median",
        "New",
        "skill"
      ],
      "outcomes": []
    }
  },
  {
    "nct_id": "NCT00053677",
    "conditions": [
      "Gambling"
    ],
    "pico_attributes": {
      "populations": {
        "minimum_age": "21 Years",
        "maximum_age": "75 Years",
        "country": "United States",
        "gender": "ALL"
      },
      "interventions": [
        "Placebo Control",
        "naltrexone"
      ],
      "outcomes": []
    }
  },
  {
    "nct_id": "NCT00053690",
    "conditions": [
      "Post",
      "Stress Disorders, Traumatic",
      "Traumatic"
    ],
    "pico_attributes": {
      "populations": {
        "minimum_age": "18 Years",
        "maximum_age": "65 Years",
        "country": "United States",
        "gender": "ALL"
      },
      "interventions": [
        "Cognitive Therapy"
      ],
      "outcomes": []
    }
  },
  {
    "nct_id": "NCT00053703",
    "conditions": [
      "Schizophrenia"
    ],
    "pico_attributes": {
      "populations": {
        "minimum_age": "8 Years",
        "maximum_age": "19 Years",
        "country": "United States",
        "gender": "ALL"
      },
      "interventions": [
        "Administration procedure",
        "Closed",
        "Enrollment",
        "molindone",
        "olanzapine",
        "risperidone"
      ],
      "outcomes": [
        "Akathisia",
        "BRAF Gene Rearrangement",
        "BaseLine dental cement",
        "Body Weight",
        "Body mass index",
        "CD44 wt Allele",
        "Change -- procedure",
        "Intellectual scale",
        "Kilogram Per Square Meter",
        "Negative",
        "Positive and Negative Syndrome Scale Clinical Classification",
        "Subscale score",
        "Symptom:Find:Pt:^Patient:Nom",
        "Weekly",
        "week"
      ]
    }
  },
  {
    "nct_id": "NCT00053716",
    "conditions": [
      "Peripheral Vascular Diseases"
    ],
    "pico_attributes": {
      "populations": {
        "minimum_age": "18 Years",
        "maximum_age": "75 Years",
        "country": "United States",
        "gender": "ALL"
      },
      "interventions": [
        "liposomal prostaglandin E1"
      ],
      "outcomes": []
    }
  },
  {
    "nct_id": "NCT00053742",
    "conditions": [
      "Healthy"
    ],
    "pico_attributes": {
      "populations": {
        "minimum_age": "NA",
        "maximum_age": "NA",
        "country": "United States",
        "gender": "ALL"
      },
      "interventions": [
        "AS virus",
        "Modified vaccinia ankara",
        "Motor vehicle accident",
        "TBC"
      ],
      "outcomes": []
    }
  },
  {
    "nct_id": "NCT00053768",
    "conditions": [
      "Adult Lymphoma"
    ],
    "pico_attributes": {
      "populations": {
        "minimum_age": "18 Years",
        "maximum_age": "60 Years",
        "country": "Switzerland",
        "gender": "ALL"
      },
      "interventions": [
        "CSF3 gene",
        "EPOCH protocol",
        "Therapeutic radiology procedure",
        "cyclophosphamide",
        "doxorubicin hydrochloride",
        "etoposide",
        "prednisone",
        "vincristine sulfate"
      ],
      "outcomes": []
    }
  },
  {
    "nct_id": "NCT00053781",
    "conditions": [
      "Melanoma Pathway",
      "Skin"
    ],
    "pico_attributes": {
      "populations": {
        "minimum_age": "18 Years",
        "maximum_age": "120 Years",
        "country": "Canada",
        "gender": "ALL"
      },
      "interventions": [
        "perifosine"
      ],
      "outcomes": []
    }
  },
  {
    "nct_id": "NCT00053794",
    "conditions": [
      "Endometrial Carcinoma",
      "Malignant neoplasm of soft tissue"
    ],
    "pico_attributes": {
      "populations": {
        "minimum_age": "18 Years",
        "maximum_age": "120 Years",
        "country": "Canada",
        "gender": "ALL"
      },
      "interventions": [
        "perifosine"
      ],
      "outcomes": []
    }
  },
  {
    "nct_id": "NCT00053807",
    "conditions": [
      "Malignant neoplasm of kidney"
    ],
    "pico_attributes": {
      "populations": {
        "minimum_age": "NA",
        "maximum_age": "75 Years",
        "country": "United Kingdom",
        "gender": "ALL"
      },
      "interventions": [
        "Adjuvant Therapy",
        "Recombinant Interferon Alfa",
        "aldesleukin",
        "fluorouracil"
      ],
      "outcomes": []
    }
  },
  {
    "nct_id": "NCT00053820",
    "conditions": [
      "Malignant neoplasm of kidney"
    ],
    "pico_attributes": {
      "populations": {
        "minimum_age": "18 Years",
        "maximum_age": "81 Years",
        "country": "Slovakia",
        "gender": "ALL"
      },
      "interventions": [
        "Recombinant Interferon Alfa",
        "aldesleukin",
        "fluorouracil"
      ],
      "outcomes": []
    }
  },
  {
    "nct_id": "NCT00053833",
    "conditions": [
      "Carcinoma, Ovarian Epithelial",
      "Fallopian Tube Carcinoma",
      "Malignant tumor of peritoneum"
    ],
    "pico_attributes": {
      "populations": {
        "minimum_age": "NA",
        "maximum_age": "NA",
        "country": "United States",
        "gender": "FEMALE"
      },
      "interventions": [
        "irinotecan"
      ],
      "outcomes": []
    }
  },
  {
    "nct_id": "NCT00053846",
    "conditions": [
      "Adult Solid Neoplasm",
      "Clinical trial protocol",
      "Dyspnea",
      "Entity Determiner - specific",
      "External cause codes: Unspecified",
      "Pulmonary Complication"
    ],
    "pico_attributes": {
      "populations": {
        "minimum_age": "18 Years",
        "maximum_age": "120 Years",
        "country": "United States",
        "gender": "ALL"
      },
      "interventions": [
        "Placebo Control",
        "buspirone hydrochloride"
      ],
      "outcomes": []
    }
  },
  {
    "nct_id": "NCT00053872",
    "conditions": [
      "Brain",
      "Central Nervous System Neoplasms"
    ],
    "pico_attributes": {
      "populations": {
        "minimum_age": "3 Years",
        "maximum_age": "21 Years",
        "country": "United Kingdom",
        "gender": "ALL"
      },
      "interventions": [
        "Adjuvant Therapy",
        "Therapeutic radiology procedure",
        "cisplatin",
        "lomustine",
        "vincristine sulfate"
      ],
      "outcomes": []
    }
  },
  {
    "nct_id": "NCT00053885",
    "conditions": [
      "Malignant mesothelioma"
    ],
    "pico_attributes": {
      "populations": {
        "minimum_age": "18 Years",
        "maximum_age": "NA",
        "country": "United States",
        "gender": "ALL"
      },
      "interventions": [
        "PTK787/ZK 222584"
      ],
      "outcomes": []
    }
  },
  {
    "nct_id": "NCT00053898",
    "conditions": [
      "Breast Carcinoma"
    ],
    "pico_attributes": {
      "populations": {
        "minimum_age": "NA",
        "maximum_age": "NA",
        "country": "United States",
        "gender": "FEMALE"
      },
      "interventions": [
        "Therapeutic radiology procedure",
        "anastrozole",
        "tamoxifen citrate"
      ],
      "outcomes": [
        "Adjustment Action",
        "Alive",
        "Amount type - Percentage",
        "Breast",
        "Breast Carcinoma",
        "Disease",
        "Empty (qualifier)",
        "Fracture",
        "In complete remission",
        "Invasive carcinoma of breast",
        "Ipsilateral",
        "Negation",
        "Overall Survival",
        "Patients",
        "Quality",
        "Recurrence",
        "Secondary malignant neoplasm of female breast",
        "Survival time",
        "contralateral breast cancer"
      ]
    }
  },
  {
    "nct_id": "NCT00053911",
    "conditions": [
      "Breast Carcinoma"
    ],
    "pico_attributes": {
      "populations": {
        "minimum_age": "18 Years",
        "maximum_age": "65 Years",
        "country": "France",
        "gender": "FEMALE"
      },
      "interventions": [
        "Adjuvant Therapy",
        "anastrozole",
        "cyclophosphamide",
        "docetaxel",
        "epirubicin hydrochloride",
        "fluorouracil",
        "goserelin acetate",
        "tamoxifen citrate"
      ],
      "outcomes": []
    }
  },
  {
    "nct_id": "NCT00053924",
    "conditions": [
      "Malignant neoplasm of pancreas"
    ],
    "pico_attributes": {
      "populations": {
        "minimum_age": "18 Years",
        "maximum_age": "NA",
        "country": "Canada",
        "gender": "ALL"
      },
      "interventions": [
        "perifosine"
      ],
      "outcomes": []
    }
  },
  {
    "nct_id": "NCT00053937",
    "conditions": [
      "Neurofibromatosis 1",
      "Precancerous Conditions"
    ],
    "pico_attributes": {
      "populations": {
        "minimum_age": "3 Years",
        "maximum_age": "21 Years",
        "country": "United States",
        "gender": "ALL"
      },
      "interventions": [
        "pirfenidone"
      ],
      "outcomes": []
    }
  },
  {
    "nct_id": "NCT00053950",
    "conditions": [
      "Disseminated neuroblastoma",
      "Recurrent Neuroblastoma"
    ],
    "pico_attributes": {
      "populations": {
        "minimum_age": "1 Year",
        "maximum_age": "30 Years",
        "country": "United States",
        "gender": "ALL"
      },
      "interventions": [
        "CSF3 gene",
        "Laboratory Biomarker Analysis",
        "Peripheral Stem Cell Transplantation",
        "Pharmacological Study",
        "Pyrazoloacridine"
      ],
      "outcomes": []
    }
  },
  {
    "nct_id": "NCT00053963",
    "conditions": [
      "Blast Phase",
      "Childhood Central Nervous System Germ Cell Tumor",
      "Childhood Choroid Plexus Neoplasm",
      "Childhood Chronic Myelogenous Leukemia, BCR-ABL1 Positive",
      "Childhood Craniopharyngioma",
      "Childhood Glioblastoma",
      "Childhood Grade I Meningioma",
      "Childhood Grade II Meningioma",
      "Childhood Grade III Meningioma",
      "Childhood Infratentorial Ependymoma",
      "Childhood Solid Neoplasm",
      "Childhood Spinal Cord Neoplasm",
      "Childhood Supratentorial Ependymoma",
      "Clinical trial protocol",
      "Entity Determiner - specific",
      "External cause codes: Unspecified",
      "Glioblastoma Multiforme Pathway",
      "Hypothalamic structure",
      "Myeloid Leukemia, Chronic",
      "Recurrent Childhood Acute Lymphoblastic Leukemia",
      "Recurrent Childhood Brain Stem Glioma",
      "Recurrent Childhood Cerebellar Astrocytoma",
      "Recurrent Childhood Cerebral Astrocytoma",
      "Recurrent Childhood Ependymoma",
      "Recurrent Childhood Medulloblastoma",
      "Recurrent Childhood Supratentorial Embryonal Tumor, Not Otherwise Specified",
      "Refractory Chronic Lymphocytic Leukemia",
      "Relapse",
      "Visual Pathways",
      "childhood low-grade cerebral astrocytoma",
      "recurrent childhood acute myeloid leukemia"
    ],
    "pico_attributes": {
      "populations": {
        "minimum_age": "NA",
        "maximum_age": "21 Years",
        "country": "United States",
        "gender": "ALL"
      },
      "interventions": [
        "romidepsin"
      ],
      "outcomes": []
    }
  },
  {
    "nct_id": "NCT00053976",
    "conditions": [
      "Graft-Versus-Host Disease Pathway"
    ],
    "pico_attributes": {
      "populations": {
        "minimum_age": "18 Years",
        "maximum_age": "NA",
        "country": "United States",
        "gender": "ALL"
      },
      "interventions": [
        "Placebo Control",
        "daclizumab",
        "methylprednisolone"
      ],
      "outcomes": []
    }
  },
  {
    "nct_id": "NCT00053989",
    "conditions": [
      "Adult Lymphoma",
      "Aplastic Anemia",
      "Childhood Leukemia",
      "Chronic myeloproliferative disorder",
      "FANCONI ANEMIA, COMPLEMENTATION GROUP A (disorder)",
      "MYELODYSPLASTIC SYNDROME",
      "Multiple Myeloma",
      "Myelodysplastic-Myeloproliferative Diseases",
      "Plasma Cell Neoplasm"
    ],
    "pico_attributes": {
      "populations": {
        "minimum_age": "4 Years",
        "maximum_age": "75 Years",
        "country": "United States",
        "gender": "ALL"
      },
      "interventions": [
        "Allogeneic Lymphocyte",
        "Allogeneic bone marrow transplantation",
        "CSF2 gene",
        "Graft material",
        "Induce (action)",
        "Induction Therapy",
        "Neoplasms",
        "Peripheral Stem Cell Transplantation",
        "Umbilical Cord Blood Transplantation",
        "cyclophosphamide",
        "fludarabine phosphate",
        "lymphocyte immune globulin, anti-thymocyte globulin",
        "methylprednisolone",
        "mycophenolate mofetil",
        "neoplasm therapy",
        "tacrolimus"
      ],
      "outcomes": [
        "100%",
        "Acute GVH disease",
        "Best Overall Response",
        "Daily",
        "Early infantile epileptic encephalopathy with suppression bursts",
        "Progression-Free Survival",
        "Transplant-Related Mortality"
      ]
    }
  },
  {
    "nct_id": "NCT00054002",
    "conditions": [
      "Malignant mesothelioma"
    ],
    "pico_attributes": {
      "populations": {
        "minimum_age": "18 Years",
        "maximum_age": "NA",
        "country": "United States",
        "gender": "ALL"
      },
      "interventions": [
        "Adjuvant Therapy",
        "Conventional Surgery",
        "porfimer sodium"
      ],
      "outcomes": []
    }
  },
  {
    "nct_id": "NCT00054015",
    "conditions": [
      "Malignant neoplasm of prostate"
    ],
    "pico_attributes": {
      "populations": {
        "minimum_age": "18 Years",
        "maximum_age": "NA",
        "country": "United States",
        "gender": "MALE"
      },
      "interventions": [
        "3-aminopyridine-2-carboxaldehyde thiosemicarbazone"
      ],
      "outcomes": []
    }
  },
  {
    "nct_id": "NCT00054028",
    "conditions": [
      "IV number:ID:Pt:^Patient:Nom",
      "Recurrent Breast Carcinoma",
      "Stage IIIB Breast Carcinoma",
      "malignant neoplasm of breast staging"
    ],
    "pico_attributes": {
      "populations": {
        "minimum_age": "18 Years",
        "maximum_age": "NA",
        "country": "United States",
        "gender": "FEMALE"
      },
      "interventions": [
        "Pharmacological Study",
        "paclitaxel",
        "suramin"
      ],
      "outcomes": [
        "Amount type - Percentage",
        "Clinical Trial Objective",
        "Disease Response",
        "Frequency of Responses",
        "Global Complete Response",
        "Global Partial Response",
        "Measured",
        "Patients",
        "Response Evaluation Criteria in Solid Tumors",
        "Stage level 2",
        "Target",
        "criteria",
        "plasma concentration",
        "suramin"
      ]
    }
  },
  {
    "nct_id": "NCT00054041",
    "conditions": [
      "Carcinoma in situ of uterine cervix",
      "Cervix carcinoma",
      "Human papilloma virus infection"
    ],
    "pico_attributes": {
      "populations": {
        "minimum_age": "17 Years",
        "maximum_age": "NA",
        "country": "United States",
        "gender": "FEMALE"
      },
      "interventions": [
        "Laboratory Biomarker Analysis",
        "Therapeutic Conventional Surgery",
        "Verpasep caltespen"
      ],
      "outcomes": []
    }
  },
  {
    "nct_id": "NCT00054054",
    "conditions": [
      "Head and Neck Carcinoma"
    ],
    "pico_attributes": {
      "populations": {
        "minimum_age": "18 Years",
        "maximum_age": "NA",
        "country": "United States",
        "gender": "ALL"
      },
      "interventions": [
        "Therapeutic radiology procedure",
        "cisplatin",
        "docetaxel",
        "fluorouracil"
      ],
      "outcomes": []
    }
  },
  {
    "nct_id": "NCT00054067",
    "conditions": [
      "Cervix carcinoma"
    ],
    "pico_attributes": {
      "populations": {
        "minimum_age": "18 Years",
        "maximum_age": "NA",
        "country": "United States",
        "gender": "FEMALE"
      },
      "interventions": [
        "Adjuvant Therapy",
        "Brachytherapy",
        "Conventional Surgery",
        "Therapeutic radiology procedure",
        "cisplatin"
      ],
      "outcomes": []
    }
  },
  {
    "nct_id": "NCT00054106",
    "conditions": [
      "Malignant neoplasm of prostate"
    ],
    "pico_attributes": {
      "populations": {
        "minimum_age": "18 Years",
        "maximum_age": "120 Years",
        "country": "Canada",
        "gender": "MALE"
      },
      "interventions": [
        "Conventional Surgery",
        "Custirsen Sodium",
        "Neoadjuvant Therapy",
        "buserelin",
        "flutamide"
      ],
      "outcomes": []
    }
  },
  {
    "nct_id": "NCT00054119",
    "conditions": [
      "Primary peritoneal carcinoma",
      "Recurrent ovarian cancer"
    ],
    "pico_attributes": {
      "populations": {
        "minimum_age": "NA",
        "maximum_age": "NA",
        "country": "United States",
        "gender": "FEMALE"
      },
      "interventions": [
        "Pharmacological Study",
        "cositecan"
      ],
      "outcomes": []
    }
  },
  {
    "nct_id": "NCT00054132",
    "conditions": [
      "IV number:ID:Pt:^Patient:Nom",
      "Recurrent Breast Carcinoma",
      "malignant neoplasm of breast staging"
    ],
    "pico_attributes": {
      "populations": {
        "minimum_age": "18 Years",
        "maximum_age": "NA",
        "country": "United States",
        "gender": "FEMALE"
      },
      "interventions": [
        "Laboratory Biomarker Analysis",
        "bevacizumab",
        "erlotinib hydrochloride"
      ],
      "outcomes": [
        "AKT1 gene",
        "Amount type - Percentage",
        "BRAF Gene Rearrangement",
        "Cell Count",
        "Duration",
        "EGFR Positive",
        "EGFR protein, human",
        "ERBB2 gene",
        "ERBB3 Receptor Protein-Tyrosine Kinase",
        "ERBB3 gene",
        "Equal",
        "Evaluation",
        "Global Stable Disease",
        "Greater Than",
        "KDR Positive",
        "Ki67 Measurement",
        "MKI67 gene",
        "Number of patients",
        "Participant",
        "Patient Condition Code - Stable",
        "Positive for tumor protein p53",
        "Proto-Oncogene Proteins c-akt",
        "Response Duration",
        "Staining (finding)",
        "Status",
        "TP53 gene",
        "Toxic effect",
        "Vascular Endothelial Growth Factors",
        "disease length",
        "expression level",
        "month"
      ]
    }
  }
]