[
  {
    "nct_id": "NCT00250835",
    "conditions": [
      "Childhood Rectal Carcinoma"
    ],
    "pico_attributes": {
      "populations": {
        "minimum_age": "18 Years",
        "maximum_age": "NA",
        "country": "United States",
        "gender": "ALL"
      },
      "interventions": [
        "Chemotherapy",
        "Electromagnetic Radiation",
        "celecoxib"
      ],
      "outcomes": [
        "Ability to control pelvic posture",
        "General surgery specialty",
        "Incidence",
        "Local",
        "Operative Surgical Procedures",
        "Rate",
        "Sphincter"
      ]
    }
  },
  {
    "nct_id": "NCT00250848",
    "conditions": [
      "Carcinoma of lung"
    ],
    "pico_attributes": {
      "populations": {
        "minimum_age": "NA",
        "maximum_age": "NA",
        "country": "United States",
        "gender": "ALL"
      },
      "interventions": [],
      "outcomes": []
    }
  },
  {
    "nct_id": "NCT00250861",
    "conditions": [
      "Lymphoma, Non-Hodgkin"
    ],
    "pico_attributes": {
      "populations": {
        "minimum_age": "18 Years",
        "maximum_age": "NA",
        "country": "United States",
        "gender": "ALL"
      },
      "interventions": [
        "aldesleukin",
        "rituximab"
      ],
      "outcomes": []
    }
  },
  {
    "nct_id": "NCT00250874",
    "conditions": [
      "Carcinoma breast stage IV"
    ],
    "pico_attributes": {
      "populations": {
        "minimum_age": "18 Years",
        "maximum_age": "70 Years",
        "country": "Italy",
        "gender": "FEMALE"
      },
      "interventions": [
        "Myocet",
        "docetaxel",
        "doxorubicin liposome",
        "trastuzumab"
      ],
      "outcomes": []
    }
  },
  {
    "nct_id": "NCT00250887",
    "conditions": [
      "Recurrent Childhood Glioblastoma"
    ],
    "pico_attributes": {
      "populations": {
        "minimum_age": "18 Years",
        "maximum_age": "NA",
        "country": "Switzerland",
        "gender": "ALL"
      },
      "interventions": [],
      "outcomes": []
    }
  },
  {
    "nct_id": "NCT00250900",
    "conditions": [
      "Infectious Otitis Media"
    ],
    "pico_attributes": {
      "populations": {
        "minimum_age": "6 Months",
        "maximum_age": "12 Years",
        "country": "United States",
        "gender": "ALL"
      },
      "interventions": [
        "Fill",
        "Prescription status"
      ],
      "outcomes": []
    }
  },
  {
    "nct_id": "NCT00250913",
    "conditions": [
      "Coronary Arteriosclerosis",
      "Electrocardiogram: myocardial infarction (finding)"
    ],
    "pico_attributes": {
      "populations": {
        "minimum_age": "20 Years",
        "maximum_age": "85 Years",
        "country": "Canada",
        "gender": "ALL"
      },
      "interventions": [
        "Base - General Qualifier",
        "Counsel - legal",
        "Exercise",
        "Program",
        "Telephone"
      ],
      "outcomes": []
    }
  },
  {
    "nct_id": "NCT00250926",
    "conditions": [
      "Malignant lymphoma - lymphoplasmacytic"
    ],
    "pico_attributes": {
      "populations": {
        "minimum_age": "18 Years",
        "maximum_age": "NA",
        "country": "United States",
        "gender": "ALL"
      },
      "interventions": [
        "bortezomib",
        "dexamethasone",
        "rituximab"
      ],
      "outcomes": [
        "Adverse Event Domain",
        "Best Overall Response",
        "Count of entities",
        "Frequency of Responses",
        "Participant",
        "Reaction Time",
        "Time",
        "best (quality)"
      ]
    }
  },
  {
    "nct_id": "NCT00250939",
    "conditions": [
      "GAA gene",
      "Glycogen storage disease type II",
      "Late onset"
    ],
    "pico_attributes": {
      "populations": {
        "minimum_age": "5 Years",
        "maximum_age": "18 Years",
        "country": "Netherlands",
        "gender": "ALL"
      },
      "interventions": [
        "Myozyme"
      ],
      "outcomes": []
    }
  },
  {
    "nct_id": "NCT00250952",
    "conditions": [
      "Skin Wrinkling"
    ],
    "pico_attributes": {
      "populations": {
        "minimum_age": "18 Years",
        "maximum_age": "NA",
        "country": "United States",
        "gender": "FEMALE"
      },
      "interventions": [
        "Botox",
        "Cosmetic procedure"
      ],
      "outcomes": []
    }
  },
  {
    "nct_id": "NCT00250965",
    "conditions": [
      "Coronary Arteriosclerosis",
      "Heart valve disease"
    ],
    "pico_attributes": {
      "populations": {
        "minimum_age": "20 Years",
        "maximum_age": "NA",
        "country": "Canada",
        "gender": "ALL"
      },
      "interventions": [
        "Dietary Magnesium",
        "Intravenous"
      ],
      "outcomes": []
    }
  },
  {
    "nct_id": "NCT00250978",
    "conditions": [
      "Carcinoma",
      "Lung",
      "Non-small cell"
    ],
    "pico_attributes": {
      "populations": {
        "minimum_age": "18 Years",
        "maximum_age": "NA",
        "country": "United States",
        "gender": "ALL"
      },
      "interventions": [
        "Chemotherapy",
        "bevacizumab",
        "catheter placement"
      ],
      "outcomes": []
    }
  },
  {
    "nct_id": "NCT00250991",
    "conditions": [
      "Cerebrovascular accident"
    ],
    "pico_attributes": {
      "populations": {
        "minimum_age": "18 Years",
        "maximum_age": "80 Years",
        "country": "United States",
        "gender": "ALL"
      },
      "interventions": [
        "Activase",
        "Integrilin"
      ],
      "outcomes": []
    }
  },
  {
    "nct_id": "NCT00251004",
    "conditions": [
      "Graft Rejection",
      "Kidney Transplantation"
    ],
    "pico_attributes": {
      "populations": {
        "minimum_age": "18 Years",
        "maximum_age": "70 Years",
        "country": "United States",
        "gender": "ALL"
      },
      "interventions": [
        "Adrenal Cortex Hormones",
        "basiliximab",
        "everolimus"
      ],
      "outcomes": [
        "12 Months",
        "Amount type - Percentage",
        "Analysis",
        "Cessation of life",
        "Clinical Study Follow-up",
        "Composite",
        "Composite Vessel Graft",
        "Count of entities",
        "Effectiveness",
        "End Point",
        "GDC Treatment Outcome Terminology",
        "In addition to",
        "Incidence",
        "Loss",
        "Monthly (qualifier value)",
        "Negation",
        "Participant",
        "Post",
        "Transplantation",
        "graft loss",
        "inferiority"
      ]
    }
  },
  {
    "nct_id": "NCT00251017",
    "conditions": [
      "Adverse effects"
    ],
    "pico_attributes": {
      "populations": {
        "minimum_age": "16 Years",
        "maximum_age": "NA",
        "country": "Taiwan",
        "gender": "ALL"
      },
      "interventions": [
        "DNA",
        "Extracted Lead",
        "Human Study Subject",
        "Specimen Source Codes - Whole blood",
        "vancomycin"
      ],
      "outcomes": []
    }
  },
  {
    "nct_id": "NCT00251030",
    "conditions": [
      "Healthy Volunteers"
    ],
    "pico_attributes": {
      "populations": {
        "minimum_age": "18 Years",
        "maximum_age": "55 Years",
        "country": "United States",
        "gender": "ALL"
      },
      "interventions": [
        "nelfinavir",
        "omeprazole"
      ],
      "outcomes": []
    }
  },
  {
    "nct_id": "NCT00251043",
    "conditions": [
      "Depressed mood"
    ],
    "pico_attributes": {
      "populations": {
        "minimum_age": "18 Years",
        "maximum_age": "45 Years",
        "country": "United States",
        "gender": "FEMALE"
      },
      "interventions": [
        "Depressed mood",
        "Education program",
        "Interpersonal Psychotherapy",
        "PTPN22 protein, human",
        "Parenting Education",
        "Parenting behavior",
        "Pregnancy",
        "Program"
      ],
      "outcomes": []
    }
  },
  {
    "nct_id": "NCT00251056",
    "conditions": [
      "Cystic Fibrosis"
    ],
    "pico_attributes": {
      "populations": {
        "minimum_age": "7 Years",
        "maximum_age": "NA",
        "country": "Canada",
        "gender": "ALL"
      },
      "interventions": [
        "Mannitol Measurement"
      ],
      "outcomes": []
    }
  },
  {
    "nct_id": "NCT00251069",
    "conditions": [
      "Degenerative polyarthritis"
    ],
    "pico_attributes": {
      "populations": {
        "minimum_age": "40 Years",
        "maximum_age": "NA",
        "country": "Denmark",
        "gender": "ALL"
      },
      "interventions": [
        "glucosamine sulfate"
      ],
      "outcomes": []
    }
  },
  {
    "nct_id": "NCT00251082",
    "conditions": [
      "Postmenopause"
    ],
    "pico_attributes": {
      "populations": {
        "minimum_age": "45 Years",
        "maximum_age": "65 Years",
        "country": "Russian Federation",
        "gender": "FEMALE"
      },
      "interventions": [
        "Combined",
        "Continuous",
        "Placebo Control",
        "Therapeutic Estradiol",
        "dydrogesterone"
      ],
      "outcomes": []
    }
  },
  {
    "nct_id": "NCT00251095",
    "conditions": [
      "Mammary Neoplasms"
    ],
    "pico_attributes": {
      "populations": {
        "minimum_age": "18 Years",
        "maximum_age": "NA",
        "country": "United States",
        "gender": "FEMALE"
      },
      "interventions": [
        "TOCOSOL\u2122 Paclitaxel",
        "Taxol"
      ],
      "outcomes": []
    }
  },
  {
    "nct_id": "NCT00251108",
    "conditions": [
      "Craniocerebral Trauma"
    ],
    "pico_attributes": {
      "populations": {
        "minimum_age": "15 Years",
        "maximum_age": "65 Years",
        "country": "Australia",
        "gender": "ALL"
      },
      "interventions": [
        "Cardiorespiratory Fitness",
        "Training"
      ],
      "outcomes": []
    }
  },
  {
    "nct_id": "NCT00251121",
    "conditions": [
      "Atrial Fibrillation",
      "Atrial Flutter",
      "Preexcitation Syndrome",
      "Tachycardia, Paroxysmal",
      "Wolff-Parkinson-White Syndrome"
    ],
    "pico_attributes": {
      "populations": {
        "minimum_age": "18 Years",
        "maximum_age": "75 Years",
        "country": "Norway",
        "gender": "ALL"
      },
      "interventions": [
        "Heart Atrium",
        "Invasive",
        "Mini",
        "Pacing up and down",
        "electrophysiological studies"
      ],
      "outcomes": []
    }
  },
  {
    "nct_id": "NCT00251134",
    "conditions": [
      "Electrocardiogram: myocardial infarction (finding)"
    ],
    "pico_attributes": {
      "populations": {
        "minimum_age": "18 Years",
        "maximum_age": "NA",
        "country": "Germany",
        "gender": "ALL"
      },
      "interventions": [
        "Pharmaceutical Preparations",
        "Placebo Control",
        "olive oil",
        "zodin"
      ],
      "outcomes": []
    }
  },
  {
    "nct_id": "NCT00251147",
    "conditions": [
      "Rotator cuff syndrome"
    ],
    "pico_attributes": {
      "populations": {
        "minimum_age": "18 Years",
        "maximum_age": "NA",
        "country": "Canada",
        "gender": "ALL"
      },
      "interventions": [
        "Acromioplasty of shoulder",
        "Arthroscopic acromioplasty",
        "Mini",
        "Open",
        "Open repair of zygomatic fracture",
        "Repair of musculotendinous cuff of shoulder"
      ],
      "outcomes": []
    }
  },
  {
    "nct_id": "NCT00251160",
    "conditions": [
      "Shoulder Dislocation"
    ],
    "pico_attributes": {
      "populations": {
        "minimum_age": "14 Years",
        "maximum_age": "NA",
        "country": "Canada",
        "gender": "ALL"
      },
      "interventions": [],
      "outcomes": []
    }
  },
  {
    "nct_id": "NCT00251173",
    "conditions": [
      "Drug abuse"
    ],
    "pico_attributes": {
      "populations": {
        "minimum_age": "19 Years",
        "maximum_age": "60 Years",
        "country": "United States",
        "gender": "ALL"
      },
      "interventions": [],
      "outcomes": []
    }
  },
  {
    "nct_id": "NCT00251186",
    "conditions": [
      "Colorectal Cancer Pathway"
    ],
    "pico_attributes": {
      "populations": {
        "minimum_age": "18 Years",
        "maximum_age": "NA",
        "country": "United States",
        "gender": "ALL"
      },
      "interventions": [
        "capecitabine",
        "cetuximab"
      ],
      "outcomes": []
    }
  },
  {
    "nct_id": "NCT00251199",
    "conditions": [
      "Hepatitis C"
    ],
    "pico_attributes": {
      "populations": {
        "minimum_age": "18 Years",
        "maximum_age": "60 Years",
        "country": "Netherlands",
        "gender": "ALL"
      },
      "interventions": [
        "PEGINTERFERON",
        "VX 950"
      ],
      "outcomes": []
    }
  },
  {
    "nct_id": "NCT00251212",
    "conditions": [
      "Alcohol Abuse Scale (BASC-2)",
      "Violence"
    ],
    "pico_attributes": {
      "populations": {
        "minimum_age": "14 Years",
        "maximum_age": "18 Years",
        "country": "United States",
        "gender": "ALL"
      },
      "interventions": [
        "Adapt (substance)",
        "Motivational Interviewing",
        "Training",
        "skill"
      ],
      "outcomes": []
    }
  },
  {
    "nct_id": "NCT00251225",
    "conditions": [
      "Malignant neoplasm of prostate"
    ],
    "pico_attributes": {
      "populations": {
        "minimum_age": "18 Years",
        "maximum_age": "NA",
        "country": "United States",
        "gender": "MALE"
      },
      "interventions": [
        "Gleevec",
        "docetaxel"
      ],
      "outcomes": []
    }
  },
  {
    "nct_id": "NCT00251238",
    "conditions": [
      "Raynaud Disease"
    ],
    "pico_attributes": {
      "populations": {
        "minimum_age": "18 Years",
        "maximum_age": "75 Years",
        "country": "Netherlands",
        "gender": "ALL"
      },
      "interventions": [
        "GBE 761"
      ],
      "outcomes": [
        "Attack behavior",
        "BaseLine dental cement",
        "CD44 wt Allele",
        "Change -- procedure",
        "Duration",
        "Frequencies (time pattern)",
        "Severities"
      ]
    }
  },
  {
    "nct_id": "NCT00251251",
    "conditions": [
      "Congestive",
      "Congestive heart failure"
    ],
    "pico_attributes": {
      "populations": {
        "minimum_age": "18 Years",
        "maximum_age": "NA",
        "country": "Turkey",
        "gender": "ALL"
      },
      "interventions": [
        "Chemoradiotherapy",
        "Disruptive, Impulse Control, and Conduct Disorders",
        "In addition to",
        "Medical therapy",
        "Optimum"
      ],
      "outcomes": []
    }
  },
  {
    "nct_id": "NCT00251264",
    "conditions": [
      "Joint Instability",
      "Shoulder Dislocation"
    ],
    "pico_attributes": {
      "populations": {
        "minimum_age": "14 Years",
        "maximum_age": "NA",
        "country": "Canada",
        "gender": "ALL"
      },
      "interventions": [
        "Open",
        "Stabilization",
        "arthroscopic"
      ],
      "outcomes": []
    }
  },
  {
    "nct_id": "NCT00251277",
    "conditions": [
      "Purpura, Thrombotic Thrombocytopenic"
    ],
    "pico_attributes": {
      "populations": {
        "minimum_age": "17 Years",
        "maximum_age": "NA",
        "country": "United States",
        "gender": "ALL"
      },
      "interventions": [
        "rituximab"
      ],
      "outcomes": []
    }
  },
  {
    "nct_id": "NCT00251290",
    "conditions": [
      "SLEEP APNEA (device)",
      "Transient Ischemic Attack"
    ],
    "pico_attributes": {
      "populations": {
        "minimum_age": "45 Years",
        "maximum_age": "NA",
        "country": "United States",
        "gender": "ALL"
      },
      "interventions": [],
      "outcomes": []
    }
  },
  {
    "nct_id": "NCT00251303",
    "conditions": [
      "Asperger Syndrome",
      "Autism Spectrum Disorders",
      "Autistic Disorder",
      "Developmental Disabilities",
      "Obsessive compulsive disorder drugs"
    ],
    "pico_attributes": {
      "populations": {
        "minimum_age": "7 Years",
        "maximum_age": "17 Years",
        "country": "United States",
        "gender": "ALL"
      },
      "interventions": [
        "Placebo Control",
        "riluzole"
      ],
      "outcomes": [
        "Brown color",
        "Controlled by",
        "PedsQL-4 Scale Score"
      ]
    }
  },
  {
    "nct_id": "NCT00251316",
    "conditions": [
      "Differentiated Thyroid Gland Carcinoma",
      "Malignant neoplasm of thyroid"
    ],
    "pico_attributes": {
      "populations": {
        "minimum_age": "16 Years",
        "maximum_age": "NA",
        "country": "United States",
        "gender": "ALL"
      },
      "interventions": [
        "Placebo Control",
        "lithium carbonate"
      ],
      "outcomes": []
    }
  },
  {
    "nct_id": "NCT00251329",
    "conditions": [
      "Breast Carcinoma"
    ],
    "pico_attributes": {
      "populations": {
        "minimum_age": "18 Years",
        "maximum_age": "NA",
        "country": "United States",
        "gender": "ALL"
      },
      "interventions": [
        "Chemotherapy",
        "Neoadjuvant Therapy"
      ],
      "outcomes": []
    }
  },
  {
    "nct_id": "NCT00251342",
    "conditions": [
      "Depressed mood",
      "Postpartum Period"
    ],
    "pico_attributes": {
      "populations": {
        "minimum_age": "NA",
        "maximum_age": "NA",
        "country": "China",
        "gender": "FEMALE"
      },
      "interventions": [
        "Edinburgh postnatal depression scale (assessment scale)"
      ],
      "outcomes": []
    }
  },
  {
    "nct_id": "NCT00251355",
    "conditions": [
      "Malignant neoplasm of pancreas"
    ],
    "pico_attributes": {
      "populations": {
        "minimum_age": "18 Years",
        "maximum_age": "72 Years",
        "country": "United States",
        "gender": "ALL"
      },
      "interventions": [
        "Therapeutic radiology procedure",
        "fluorouracil",
        "gemcitabine"
      ],
      "outcomes": []
    }
  },
  {
    "nct_id": "NCT00251368",
    "conditions": [
      "Acute lymphocytic leukemia",
      "Childhood Leukemia",
      "Myelocyte count procedure",
      "acute"
    ],
    "pico_attributes": {
      "populations": {
        "minimum_age": "18 Years",
        "maximum_age": "NA",
        "country": "United States",
        "gender": "ALL"
      },
      "interventions": [
        "9-aminocamptothecin"
      ],
      "outcomes": []
    }
  },
  {
    "nct_id": "NCT00251381",
    "conditions": [
      "Oropharyngeal Neoplasms"
    ],
    "pico_attributes": {
      "populations": {
        "minimum_age": "18 Years",
        "maximum_age": "80 Years",
        "country": "Spain",
        "gender": "ALL"
      },
      "interventions": [
        "cetuximab"
      ],
      "outcomes": []
    }
  },
  {
    "nct_id": "NCT00251394",
    "conditions": [
      "Lymphoma, Non-Hodgkin"
    ],
    "pico_attributes": {
      "populations": {
        "minimum_age": "18 Years",
        "maximum_age": "NA",
        "country": "United States",
        "gender": "ALL"
      },
      "interventions": [
        "1018 oligonucleotide",
        "Rituxan"
      ],
      "outcomes": []
    }
  },
  {
    "nct_id": "NCT00251407",
    "conditions": [
      "Adult Solid Neoplasm"
    ],
    "pico_attributes": {
      "populations": {
        "minimum_age": "18 Years",
        "maximum_age": "NA",
        "country": "United States",
        "gender": "ALL"
      },
      "interventions": [
        "CPT-11",
        "Taxotere",
        "cisplatin"
      ],
      "outcomes": []
    }
  },
  {
    "nct_id": "NCT00251420",
    "conditions": [
      "ARCN1 gene",
      "Asthma"
    ],
    "pico_attributes": {
      "populations": {
        "minimum_age": "20 Years",
        "maximum_age": "70 Years",
        "country": "Norway",
        "gender": "ALL"
      },
      "interventions": [
        "Ability to Write question",
        "Disease"
      ],
      "outcomes": []
    }
  },
  {
    "nct_id": "NCT00251433",
    "conditions": [
      "Breast",
      "Neoplasms"
    ],
    "pico_attributes": {
      "populations": {
        "minimum_age": "18 Years",
        "maximum_age": "NA",
        "country": "United States",
        "gender": "ALL"
      },
      "interventions": [
        "docetaxel",
        "lapatinib",
        "trastuzumab"
      ],
      "outcomes": []
    }
  },
  {
    "nct_id": "NCT00251446",
    "conditions": [
      "NCI CTEP SDC Non-Small Cell Lung Cancer Sub-Category Terminology"
    ],
    "pico_attributes": {
      "populations": {
        "minimum_age": "18 Years",
        "maximum_age": "NA",
        "country": "United States",
        "gender": "ALL"
      },
      "interventions": [
        "vinflunine"
      ],
      "outcomes": []
    }
  },
  {
    "nct_id": "NCT00251459",
    "conditions": [
      "Age related macular degeneration",
      "Choroidal Neovascularization"
    ],
    "pico_attributes": {
      "populations": {
        "minimum_age": "50 Years",
        "maximum_age": "NA",
        "country": "United States",
        "gender": "ALL"
      },
      "interventions": [
        "ranibizumab"
      ],
      "outcomes": []
    }
  },
  {
    "nct_id": "NCT00251472",
    "conditions": [
      "Carcinoma breast stage IV"
    ],
    "pico_attributes": {
      "populations": {
        "minimum_age": "18 Years",
        "maximum_age": "NA",
        "country": "United States",
        "gender": "ALL"
      },
      "interventions": [
        "130-nm albumin-bound paclitaxel",
        "Albumins",
        "Artificial nanoparticles",
        "Injectable Suspension",
        "Paclitaxel Albumin"
      ],
      "outcomes": []
    }
  },
  {
    "nct_id": "NCT00251485",
    "conditions": [
      "Colorectal Cancer Pathway"
    ],
    "pico_attributes": {
      "populations": {
        "minimum_age": "18 Years",
        "maximum_age": "NA",
        "country": "United States",
        "gender": "ALL"
      },
      "interventions": [
        "cetuximab"
      ],
      "outcomes": []
    }
  },
  {
    "nct_id": "NCT00251498",
    "conditions": [
      "Carcinoma",
      "Lung",
      "Non-small cell"
    ],
    "pico_attributes": {
      "populations": {
        "minimum_age": "18 Years",
        "maximum_age": "NA",
        "country": "United States",
        "gender": "ALL"
      },
      "interventions": [
        "cetuximab"
      ],
      "outcomes": []
    }
  },
  {
    "nct_id": "NCT00251511",
    "conditions": [
      "Adult Myelodysplastic Syndrome"
    ],
    "pico_attributes": {
      "populations": {
        "minimum_age": "18 Years",
        "maximum_age": "90 Years",
        "country": "United States",
        "gender": "ALL"
      },
      "interventions": [
        "arsenic trioxide"
      ],
      "outcomes": []
    }
  },
  {
    "nct_id": "NCT00251524",
    "conditions": [
      "NCI CTEP SDC Non-Small Cell Lung Cancer Sub-Category Terminology"
    ],
    "pico_attributes": {
      "populations": {
        "minimum_age": "18 Years",
        "maximum_age": "NA",
        "country": "United States",
        "gender": "ALL"
      },
      "interventions": [
        "bevacizumab",
        "oxaliplatin",
        "pemetrexed"
      ],
      "outcomes": []
    }
  },
  {
    "nct_id": "NCT00251537",
    "conditions": [
      "HIV Infections"
    ],
    "pico_attributes": {
      "populations": {
        "minimum_age": "18 Years",
        "maximum_age": "65 Years",
        "country": "Canada",
        "gender": "ALL"
      },
      "interventions": [
        "Leukotriene B4"
      ],
      "outcomes": []
    }
  },
  {
    "nct_id": "NCT00251550",
    "conditions": [
      "Malignant - descriptor",
      "Pleura"
    ],
    "pico_attributes": {
      "populations": {
        "minimum_age": "20 Years",
        "maximum_age": "75 Years",
        "country": "Japan",
        "gender": "ALL"
      },
      "interventions": [
        "cisplatin",
        "pemetrexed"
      ],
      "outcomes": []
    }
  },
  {
    "nct_id": "NCT00251563",
    "conditions": [
      "Cancer Genus"
    ],
    "pico_attributes": {
      "populations": {
        "minimum_age": "18 Years",
        "maximum_age": "89 Years",
        "country": "China",
        "gender": "ALL"
      },
      "interventions": [],
      "outcomes": []
    }
  },
  {
    "nct_id": "NCT00251576",
    "conditions": [
      "Acute Coronary Syndrome"
    ],
    "pico_attributes": {
      "populations": {
        "minimum_age": "18 Years",
        "maximum_age": "80 Years",
        "country": "",
        "gender": "ALL"
      },
      "interventions": [
        "2 Days",
        "48 Hours",
        "<2 years",
        "Act Relationship Subset - maximum",
        "ActRelationshipSubset - minimum",
        "Comparator",
        "Duration of treatment",
        "Heparin, Low-Molecular-Weight",
        "Hour",
        "Minium",
        "Phase",
        "Unfractionated Heparin [EPC]",
        "simvastatin",
        "suggestion",
        "tirofiban"
      ],
      "outcomes": []
    }
  },
  {
    "nct_id": "NCT00251589",
    "conditions": [
      "Carcinoma",
      "Lung",
      "Non-small cell"
    ],
    "pico_attributes": {
      "populations": {
        "minimum_age": "18 Years",
        "maximum_age": "NA",
        "country": "United States",
        "gender": "ALL"
      },
      "interventions": [
        "erlotinib",
        "vorinostat"
      ],
      "outcomes": [
        "And",
        "Dose-Limiting",
        "HLA Class II Histocompatibility Antigen Gamma Chain, human",
        "Occur (action)",
        "Part",
        "Phase 2 Clinical Trials",
        "Phase I Clinical Trials",
        "Progression-Free Survival",
        "Toxic effect",
        "event cycle"
      ]
    }
  },
  {
    "nct_id": "NCT00251602",
    "conditions": [
      "Healthy"
    ],
    "pico_attributes": {
      "populations": {
        "minimum_age": "21 Years",
        "maximum_age": "40 Years",
        "country": "United States",
        "gender": "ALL"
      },
      "interventions": [
        "Atropinum, atropine",
        "Normal saline",
        "propranolol"
      ],
      "outcomes": []
    }
  },
  {
    "nct_id": "NCT00251615",
    "conditions": [
      "Arteriosclerosis"
    ],
    "pico_attributes": {
      "populations": {
        "minimum_age": "21 Years",
        "maximum_age": "NA",
        "country": "United States",
        "gender": "ALL"
      },
      "interventions": [],
      "outcomes": []
    }
  },
  {
    "nct_id": "NCT00251628",
    "conditions": [
      "Tonsillectomy"
    ],
    "pico_attributes": {
      "populations": {
        "minimum_age": "6 Years",
        "maximum_age": "15 Years",
        "country": "United States",
        "gender": "ALL"
      },
      "interventions": [
        "Anaplastic thyroid carcinoma",
        "As needed for (qualifier value)",
        "Disease management program (regime/therapy)",
        "Dosage",
        "Feel Pain",
        "Standard (document)",
        "Structure",
        "care activity"
      ],
      "outcomes": []
    }
  },
  {
    "nct_id": "NCT00251641",
    "conditions": [
      "Psoriasis"
    ],
    "pico_attributes": {
      "populations": {
        "minimum_age": "18 Years",
        "maximum_age": "75 Years",
        "country": "United Kingdom",
        "gender": "ALL"
      },
      "interventions": [
        "infliximab",
        "methotrexate"
      ],
      "outcomes": [
        "ADHD hyperactive symptoms mean score:Score:Pt:^Patient:Qn:Calculated",
        "Cleared by",
        "Disease Response",
        "Mild (qualifier value)",
        "Participant",
        "Pepsinogen A Measurement",
        "Proportion",
        "Weekly"
      ]
    }
  },
  {
    "nct_id": "NCT00251654",
    "conditions": [
      "Adverse effects",
      "Communicable Diseases",
      "Inflammation"
    ],
    "pico_attributes": {
      "populations": {
        "minimum_age": "1 Year",
        "maximum_age": "NA",
        "country": "Germany",
        "gender": "ALL"
      },
      "interventions": [
        "Nerve block anesthesia",
        "Perineural Route of Drug Administration"
      ],
      "outcomes": []
    }
  },
  {
    "nct_id": "NCT00251680",
    "conditions": [
      "Diabetes Mellitus, Non-Insulin-Dependent"
    ],
    "pico_attributes": {
      "populations": {
        "minimum_age": "18 Years",
        "maximum_age": "NA",
        "country": "United States",
        "gender": "ALL"
      },
      "interventions": [
        "Lapaquistat Acetate",
        "Lipid-lowering therapy"
      ],
      "outcomes": []
    }
  },
  {
    "nct_id": "NCT00251693",
    "conditions": [
      "Acid reflux",
      "Esophagitis",
      "Peptic"
    ],
    "pico_attributes": {
      "populations": {
        "minimum_age": "18 Years",
        "maximum_age": "NA",
        "country": "United States",
        "gender": "ALL"
      },
      "interventions": [
        "MRC1 gene",
        "dexlansoprazole",
        "lansoprazole"
      ],
      "outcomes": [
        "Amount type - Percentage",
        "Analysis",
        "Assessed",
        "BaseLine dental cement",
        "Blood group antigen D",
        "Combined",
        "Compleat Liquid Nutrition",
        "Endoscopy (procedure)",
        "Erosive esophagitis",
        "Grade C",
        "Healed",
        "Human Study Subject",
        "In addition to",
        "Life Table Methods",
        "Rate",
        "Weekly"
      ]
    }
  },
  {
    "nct_id": "NCT00251706",
    "conditions": [
      "Atrial Fibrillation"
    ],
    "pico_attributes": {
      "populations": {
        "minimum_age": "0 Years",
        "maximum_age": "NA",
        "country": "Canada",
        "gender": "ALL"
      },
      "interventions": [
        "amiodarone"
      ],
      "outcomes": []
    }
  },
  {
    "nct_id": "NCT00251719",
    "conditions": [
      "Acid reflux",
      "Esophagitis",
      "Peptic"
    ],
    "pico_attributes": {
      "populations": {
        "minimum_age": "18 Years",
        "maximum_age": "NA",
        "country": "United States",
        "gender": "ALL"
      },
      "interventions": [
        "MRC1 gene",
        "dexlansoprazole",
        "lansoprazole"
      ],
      "outcomes": [
        "Amount type - Percentage",
        "Analysis",
        "Assessed",
        "BaseLine dental cement",
        "Blood group antigen D",
        "Combined",
        "Compleat Liquid Nutrition",
        "Endoscopy (procedure)",
        "Erosive esophagitis",
        "Grade C",
        "Healed",
        "Human Study Subject",
        "In addition to",
        "Life Table Methods",
        "Rate",
        "Weekly"
      ]
    }
  },
  {
    "nct_id": "NCT00251732",
    "conditions": [
      "Gastroesophageal Reflux Disease, CTCAE"
    ],
    "pico_attributes": {
      "populations": {
        "minimum_age": "18 Years",
        "maximum_age": "75 Years",
        "country": "United States",
        "gender": "ALL"
      },
      "interventions": [
        "Antidepressive Agents",
        "Daily",
        "Dosage",
        "Double Value Type",
        "Evening",
        "In addition to",
        "Inorganic Pyrophosphate Measurement",
        "Low dose",
        "Placebo Control",
        "Standard (document)",
        "rabeprazole"
      ],
      "outcomes": []
    }
  },
  {
    "nct_id": "NCT00251745",
    "conditions": [
      "Gastroesophageal Reflux Disease, CTCAE"
    ],
    "pico_attributes": {
      "populations": {
        "minimum_age": "18 Years",
        "maximum_age": "NA",
        "country": "United States",
        "gender": "ALL"
      },
      "interventions": [
        "MRC1 gene",
        "Placebo Control",
        "dexlansoprazole"
      ],
      "outcomes": [
        "Amount type - Percentage",
        "Assessed",
        "Authorization Mode - Electronic",
        "Daily",
        "Daytime",
        "Diary",
        "Heartburn",
        "Median (qualifier value)",
        "Night Administration",
        "Population Mean",
        "Without",
        "day"
      ]
    }
  },
  {
    "nct_id": "NCT00251758",
    "conditions": [
      "Gastroesophageal Reflux Disease, CTCAE"
    ],
    "pico_attributes": {
      "populations": {
        "minimum_age": "18 Years",
        "maximum_age": "NA",
        "country": "United States",
        "gender": "ALL"
      },
      "interventions": [
        "MRC1 gene",
        "Placebo Control",
        "dexlansoprazole"
      ],
      "outcomes": [
        "Amount type - Percentage",
        "Assessed",
        "Authorization Mode - Electronic",
        "Daily",
        "Daytime",
        "Diary",
        "Heartburn",
        "Median (qualifier value)",
        "Night Administration",
        "Population Mean",
        "Without",
        "day"
      ]
    }
  },
  {
    "nct_id": "NCT00251771",
    "conditions": [
      "Deep Vein Thrombosis"
    ],
    "pico_attributes": {
      "populations": {
        "minimum_age": "18 Years",
        "maximum_age": "75 Years",
        "country": "Norway",
        "gender": "ALL"
      },
      "interventions": [
        "Directed Blood Product Donation",
        "Thrombolysis, function",
        "Veins",
        "catheter device"
      ],
      "outcomes": []
    }
  },
  {
    "nct_id": "NCT00251784",
    "conditions": [
      "Blindness"
    ],
    "pico_attributes": {
      "populations": {
        "minimum_age": "18 Years",
        "maximum_age": "NA",
        "country": "",
        "gender": "MALE"
      },
      "interventions": [
        "sildenafil"
      ],
      "outcomes": []
    }
  },
  {
    "nct_id": "NCT00251797",
    "conditions": [
      "Brain",
      "Cancer Genus",
      "NERVOUS SYSTEM DRUGS"
    ],
    "pico_attributes": {
      "populations": {
        "minimum_age": "18 Years",
        "maximum_age": "NA",
        "country": "United States",
        "gender": "ALL"
      },
      "interventions": [
        "irinotecan",
        "thalidomide"
      ],
      "outcomes": []
    }
  },
  {
    "nct_id": "NCT00251810",
    "conditions": [
      "General Anesthesia"
    ],
    "pico_attributes": {
      "populations": {
        "minimum_age": "18 Years",
        "maximum_age": "70 Years",
        "country": "Norway",
        "gender": "ALL"
      },
      "interventions": [
        "Cerebral monitor",
        "Geographic state"
      ],
      "outcomes": []
    }
  },
  {
    "nct_id": "NCT00251823",
    "conditions": [
      "Electrocardiogram: myocardial infarction (finding)"
    ],
    "pico_attributes": {
      "populations": {
        "minimum_age": "NA",
        "maximum_age": "NA",
        "country": "Canada",
        "gender": "ALL"
      },
      "interventions": [
        "Peritoneal Cancer Index",
        "eptifibatide"
      ],
      "outcomes": []
    }
  },
  {
    "nct_id": "NCT00251836",
    "conditions": [
      "Addison Disease",
      "Decreased circulating aldosterone level"
    ],
    "pico_attributes": {
      "populations": {
        "minimum_age": "18 Years",
        "maximum_age": "80 Years",
        "country": "Switzerland",
        "gender": "ALL"
      },
      "interventions": [
        "Assisted (qualifier value)",
        "Donor person",
        "Hand",
        "Laparoscopic approach",
        "Removal of kidney from donor",
        "laparoscopic nephrectomy"
      ],
      "outcomes": []
    }
  },
  {
    "nct_id": "NCT00251849",
    "conditions": [
      "Intermittent Claudication",
      "Peripheral Vascular Diseases"
    ],
    "pico_attributes": {
      "populations": {
        "minimum_age": "40 Years",
        "maximum_age": "80 Years",
        "country": "United States",
        "gender": "ALL"
      },
      "interventions": [
        "Rifalazil"
      ],
      "outcomes": []
    }
  },
  {
    "nct_id": "NCT00251862",
    "conditions": [
      "Colorectal Cancer Pathway"
    ],
    "pico_attributes": {
      "populations": {
        "minimum_age": "50 Years",
        "maximum_age": "75 Years",
        "country": "United States",
        "gender": "ALL"
      },
      "interventions": [
        "Base - General Qualifier",
        "CDISC SDTM Risk Assessment Terminology",
        "Decision Aids",
        "Generic Drugs",
        "In addition to",
        "Internet",
        "Living Alone",
        "Personalized",
        "Web Site"
      ],
      "outcomes": [
        "Blood Products Laboratory Testing",
        "Client satisfaction",
        "Complete",
        "Compliance behavior",
        "Decision Making",
        "Human Cells, Tissues, and Cellular and Tissue-Based Products Processing",
        "Knowledge",
        "Patients",
        "Screening - procedure intent"
      ]
    }
  },
  {
    "nct_id": "NCT00251875",
    "conditions": [
      "Diabetes"
    ],
    "pico_attributes": {
      "populations": {
        "minimum_age": "18 Years",
        "maximum_age": "NA",
        "country": "United States",
        "gender": "ALL"
      },
      "interventions": [
        "Journal",
        "health information"
      ],
      "outcomes": []
    }
  },
  {
    "nct_id": "NCT00251888",
    "conditions": [
      "Cervix carcinoma"
    ],
    "pico_attributes": {
      "populations": {
        "minimum_age": "18 Years",
        "maximum_age": "NA",
        "country": "France",
        "gender": "FEMALE"
      },
      "interventions": [
        "Campto",
        "Cisplatyl",
        "cisplatin",
        "irinotecan"
      ],
      "outcomes": []
    }
  },
  {
    "nct_id": "NCT00251901",
    "conditions": [
      "Acid reflux",
      "Chest Pain"
    ],
    "pico_attributes": {
      "populations": {
        "minimum_age": "18 Years",
        "maximum_age": "70 Years",
        "country": "Sweden",
        "gender": "ALL"
      },
      "interventions": [
        "esomeprazole"
      ],
      "outcomes": []
    }
  },
  {
    "nct_id": "NCT00251914",
    "conditions": [
      "Aspects of signs",
      "Digestion",
      "Dyspepsia",
      "Gastrointestinal Diseases",
      "Symptoms"
    ],
    "pico_attributes": {
      "populations": {
        "minimum_age": "18 Years",
        "maximum_age": "70 Years",
        "country": "Switzerland",
        "gender": "ALL"
      },
      "interventions": [
        "esomeprazole"
      ],
      "outcomes": []
    }
  },
  {
    "nct_id": "NCT00251927",
    "conditions": [
      "Acid reflux"
    ],
    "pico_attributes": {
      "populations": {
        "minimum_age": "18 Years",
        "maximum_age": "70 Years",
        "country": "United Kingdom",
        "gender": "ALL"
      },
      "interventions": [
        "General surgery specialty",
        "Laparoscopic fundoplication",
        "esomeprazole"
      ],
      "outcomes": [
        "/hour",
        "A Moderate Amount of Effort",
        "Absence of therapeutic response",
        "Amount type - Percentage",
        "Assessed",
        "Borg Category-Ratio 10 Perceived Exertion Score 5",
        "Count of entities",
        "During",
        "Epidermal cGVHD Score 2",
        "Heartburn",
        "In addition to",
        "Infusion pump Alert priority PH",
        "P4HTM gene",
        "Participant",
        "Patient Visit",
        "Research Personnel",
        "Severities",
        "Time",
        "per year",
        "year"
      ]
    }
  },
  {
    "nct_id": "NCT00251940",
    "conditions": [
      "Diabetes Mellitus, Non-Insulin-Dependent"
    ],
    "pico_attributes": {
      "populations": {
        "minimum_age": "18 Years",
        "maximum_age": "NA",
        "country": "Vietnam",
        "gender": "ALL"
      },
      "interventions": [
        "+5",
        "0.5",
        "1+",
        "MG",
        "glyburide",
        "tesaglitazar"
      ],
      "outcomes": []
    }
  },
  {
    "nct_id": "NCT00251953",
    "conditions": [
      "Diabetes Mellitus, Non-Insulin-Dependent"
    ],
    "pico_attributes": {
      "populations": {
        "minimum_age": "18 Years",
        "maximum_age": "NA",
        "country": "United Kingdom",
        "gender": "ALL"
      },
      "interventions": [
        "metformin",
        "tesaglitazar"
      ],
      "outcomes": []
    }
  },
  {
    "nct_id": "NCT00251966",
    "conditions": [
      "Acid reflux"
    ],
    "pico_attributes": {
      "populations": {
        "minimum_age": "60 Years",
        "maximum_age": "NA",
        "country": "United Kingdom",
        "gender": "ALL"
      },
      "interventions": [
        "esomeprazole"
      ],
      "outcomes": []
    }
  },
  {
    "nct_id": "NCT00251979",
    "conditions": [
      "Gastrointestinal Hemorrhage"
    ],
    "pico_attributes": {
      "populations": {
        "minimum_age": "18 Years",
        "maximum_age": "NA",
        "country": "United Kingdom",
        "gender": "ALL"
      },
      "interventions": [
        "esomeprazole"
      ],
      "outcomes": [
        "30 days",
        "30%",
        "72 Hours",
        "Administration procedure",
        "Blood",
        "Cessation of life",
        "Content Type Requirement",
        "Count of entities",
        "Daily",
        "Day 7",
        "Due to",
        "Endoscopic approach - access",
        "Endothelial Progenitor Cells",
        "Event Seriousness - Significant",
        "GDC Radon Exposure Terminology",
        "General surgery specialty",
        "Infusion procedures",
        "Judge",
        "Number of units",
        "Patient in hospital",
        "Period (temporal qualifier)",
        "Placebo Control",
        "Relative to",
        "Transfused",
        "Units of blood",
        "day",
        "esomeprazole"
      ]
    }
  },
  {
    "nct_id": "NCT00251992",
    "conditions": [
      "Aspects of signs",
      "Digestion",
      "Dyspepsia",
      "Gastrointestinal Diseases",
      "Symptoms"
    ],
    "pico_attributes": {
      "populations": {
        "minimum_age": "18 Years",
        "maximum_age": "50 Years",
        "country": "United Kingdom",
        "gender": "ALL"
      },
      "interventions": [
        "esomeprazole"
      ],
      "outcomes": []
    }
  },
  {
    "nct_id": "NCT00252005",
    "conditions": [
      "Deep Vein Thrombosis"
    ],
    "pico_attributes": {
      "populations": {
        "minimum_age": "18 Years",
        "maximum_age": "90 Years",
        "country": "United States",
        "gender": "ALL"
      },
      "interventions": [
        "apixaban"
      ],
      "outcomes": []
    }
  },
  {
    "nct_id": "NCT00252018",
    "conditions": [
      "Cardiovascular Diseases",
      "Diabetes Mellitus",
      "Hypercholesterolemia",
      "Hypertension, CTCAE"
    ],
    "pico_attributes": {
      "populations": {
        "minimum_age": "18 Years",
        "maximum_age": "80 Years",
        "country": "Denmark",
        "gender": "ALL"
      },
      "interventions": [
        "Brassica oleracea",
        "Daily",
        "Intake"
      ],
      "outcomes": []
    }
  },
  {
    "nct_id": "NCT00252031",
    "conditions": [
      "Borderline Personality Disorder"
    ],
    "pico_attributes": {
      "populations": {
        "minimum_age": "18 Years",
        "maximum_age": "60 Years",
        "country": "United States",
        "gender": "ALL"
      },
      "interventions": [
        "Behavior Therapy",
        "Dialect"
      ],
      "outcomes": []
    }
  },
  {
    "nct_id": "NCT00252044",
    "conditions": [
      "Personality Disorders",
      "Schizotypal Personality Disorder"
    ],
    "pico_attributes": {
      "populations": {
        "minimum_age": "18 Years",
        "maximum_age": "60 Years",
        "country": "United States",
        "gender": "ALL"
      },
      "interventions": [
        "pergolide"
      ],
      "outcomes": []
    }
  },
  {
    "nct_id": "NCT00252057",
    "conditions": [],
    "pico_attributes": {
      "populations": {
        "minimum_age": "18 Years",
        "maximum_age": "NA",
        "country": "United States",
        "gender": "ALL"
      },
      "interventions": [
        "Discharge from hospital",
        "Engineer",
        "GDC Radon Exposure Terminology"
      ],
      "outcomes": []
    }
  },
  {
    "nct_id": "NCT00252070",
    "conditions": [
      "Arthritis"
    ],
    "pico_attributes": {
      "populations": {
        "minimum_age": "20 Years",
        "maximum_age": "85 Years",
        "country": "United States",
        "gender": "ALL"
      },
      "interventions": [
        "Arthritis",
        "Exercise",
        "Function (attribute)",
        "Persons"
      ],
      "outcomes": []
    }
  },
  {
    "nct_id": "NCT00252083",
    "conditions": [
      "HIV Infections"
    ],
    "pico_attributes": {
      "populations": {
        "minimum_age": "18 Years",
        "maximum_age": "NA",
        "country": "United States",
        "gender": "MALE"
      },
      "interventions": [
        "Opinions",
        "popularity"
      ],
      "outcomes": []
    }
  },
  {
    "nct_id": "NCT00252096",
    "conditions": [
      "Chlamydia Infections",
      "Gonorrhea"
    ],
    "pico_attributes": {
      "populations": {
        "minimum_age": "16 Years",
        "maximum_age": "NA",
        "country": "United States",
        "gender": "ALL"
      },
      "interventions": [
        "Nucleic Acid Amplification Tests"
      ],
      "outcomes": []
    }
  },
  {
    "nct_id": "NCT00252109",
    "conditions": [
      "HIV Infections"
    ],
    "pico_attributes": {
      "populations": {
        "minimum_age": "18 Years",
        "maximum_age": "NA",
        "country": "United States",
        "gender": "MALE"
      },
      "interventions": [
        "Opinions",
        "popularity"
      ],
      "outcomes": []
    }
  },
  {
    "nct_id": "NCT00252122",
    "conditions": [
      "Anemia, Sickle Cell"
    ],
    "pico_attributes": {
      "populations": {
        "minimum_age": "7 Years",
        "maximum_age": "18 Years",
        "country": "United States",
        "gender": "ALL"
      },
      "interventions": [
        "ketamine"
      ],
      "outcomes": []
    }
  },
  {
    "nct_id": "NCT00252135",
    "conditions": [
      "Asthma"
    ],
    "pico_attributes": {
      "populations": {
        "minimum_age": "12 Years",
        "maximum_age": "NA",
        "country": "United States",
        "gender": "ALL"
      },
      "interventions": [],
      "outcomes": []
    }
  }
]