[
  {
    "nct_id": "NCT00578864",
    "conditions": [
      "Central neuroblastoma"
    ],
    "pico_attributes": {
      "populations": {
        "minimum_age": "NA",
        "maximum_age": "NA",
        "country": "United States",
        "gender": "ALL"
      },
      "interventions": [
        "Excision",
        "Excision of neoplasm",
        "Hematopoietic factor",
        "Intravenous Bolus",
        "Oral",
        "Primary",
        "Primary Neoplasm",
        "cisplatin",
        "cyclophosphamide",
        "doxorubicin",
        "etoposide",
        "mesna"
      ],
      "outcomes": [
        "Associated with",
        "Child",
        "Did not receive therapy or drug for",
        "Event-Free Survival",
        "Frequency of Responses",
        "General surgery specialty",
        "Having administered",
        "Hertz (Hz)",
        "High-Risk Neuroblastoma",
        "Induction Therapy",
        "Interval",
        "Neoplasms",
        "Number of patients",
        "Oral",
        "Overall Survival",
        "Rate",
        "Regimen - CHV concept",
        "This (eukaryote)",
        "Toxic effect",
        "Treating",
        "Two",
        "Upfront Treatment",
        "cisplatin",
        "etoposide",
        "event cycle"
      ]
    }
  },
  {
    "nct_id": "NCT00578877",
    "conditions": [
      "Contraceptive methods"
    ],
    "pico_attributes": {
      "populations": {
        "minimum_age": "18 Years",
        "maximum_age": "40 Years",
        "country": "United States",
        "gender": "ALL"
      },
      "interventions": [
        "Buffers",
        "Device Diaphragm Device",
        "Gel",
        "nonoxynol-9"
      ],
      "outcomes": [
        "Adverse Event Domain",
        "Contraceptive Agents",
        "Device Diaphragm Device",
        "During",
        "Gel",
        "Genitourinary system",
        "Percent (qualifier value)",
        "Pregnancy",
        "Probability",
        "Use of",
        "Used by",
        "Usual",
        "Woman",
        "month",
        "user - individual"
      ]
    }
  },
  {
    "nct_id": "NCT00578890",
    "conditions": [
      "Diabetic Foot"
    ],
    "pico_attributes": {
      "populations": {
        "minimum_age": "18 Years",
        "maximum_age": "80 Years",
        "country": "France",
        "gender": "ALL"
      },
      "interventions": [
        "Administration procedure",
        "Medical",
        "Medical-Surgical Nursing",
        "Operative Surgical Procedures",
        "Surgical service",
        "medical treatment method"
      ],
      "outcomes": []
    }
  },
  {
    "nct_id": "NCT00578903",
    "conditions": [
      "Aplastic Anemia"
    ],
    "pico_attributes": {
      "populations": {
        "minimum_age": "1 Minute",
        "maximum_age": "60 Years",
        "country": "United States",
        "gender": "ALL"
      },
      "interventions": [
        "Campath",
        "Cytoxan",
        "FK-506",
        "Infusion procedures",
        "Stem cells",
        "methotrexate"
      ],
      "outcomes": [
        "100%",
        "Acute GVH disease",
        "Alive",
        "Chronic graft-versus-host disease",
        "Count of entities",
        "Graft acceptance",
        "Human Study Subject",
        "In addition to",
        "Number of patients",
        "Post",
        "Rate",
        "Transplant",
        "day",
        "per year",
        "year"
      ]
    }
  },
  {
    "nct_id": "NCT00578916",
    "conditions": [
      "Cancer Genus"
    ],
    "pico_attributes": {
      "populations": {
        "minimum_age": "18 Years",
        "maximum_age": "45 Years",
        "country": "Switzerland",
        "gender": "MALE"
      },
      "interventions": [
        "BMS-690514"
      ],
      "outcomes": []
    }
  },
  {
    "nct_id": "NCT00578929",
    "conditions": [
      "Hay fever"
    ],
    "pico_attributes": {
      "populations": {
        "minimum_age": "6 Years",
        "maximum_age": "11 Years",
        "country": "United States",
        "gender": "ALL"
      },
      "interventions": [
        "0.6",
        "Drug vehicle",
        "Nasal Spray",
        "olopatadine hydrochloride"
      ],
      "outcomes": []
    }
  },
  {
    "nct_id": "NCT00578942",
    "conditions": [
      "Adult Lymphoma",
      "Childhood Leukemia",
      "MYELODYSPLASTIC SYNDROME",
      "Multiple Myeloma",
      "Solid Neoplasm"
    ],
    "pico_attributes": {
      "populations": {
        "minimum_age": "17 Years",
        "maximum_age": "NA",
        "country": "United States",
        "gender": "ALL"
      },
      "interventions": [
        "Campath",
        "Negation",
        "purged"
      ],
      "outcomes": [
        "Disease Response"
      ]
    }
  },
  {
    "nct_id": "NCT00578955",
    "conditions": [
      "Blepharoconjunctivitis"
    ],
    "pico_attributes": {
      "populations": {
        "minimum_age": "1 Year",
        "maximum_age": "NA",
        "country": "United States",
        "gender": "ALL"
      },
      "interventions": [
        "0.1",
        "1+",
        "azithromycin",
        "dexamethasone"
      ],
      "outcomes": []
    }
  },
  {
    "nct_id": "NCT00578968",
    "conditions": [
      "ARCN1 gene",
      "Chronic Obstructive Airway Disease"
    ],
    "pico_attributes": {
      "populations": {
        "minimum_age": "35 Years",
        "maximum_age": "85 Years",
        "country": "United States",
        "gender": "ALL"
      },
      "interventions": [
        "Placebo Control",
        "tiotropium"
      ],
      "outcomes": [
        "Amount type - Percentage",
        "BaseLine dental cement",
        "Borg Category-Ratio 10 Perceived Exertion Score 10",
        "Change -- procedure",
        "Coagulation Index Measurement",
        "Exercise",
        "FEV1, CTCAE",
        "First (number)",
        "Forced Vital Capacity",
        "Intermediate",
        "Interphase Cell",
        "Oxygen Consumption",
        "Peak level",
        "Percent (qualifier value)",
        "Percent of Predicted Value",
        "Period (temporal qualifier)",
        "Post",
        "Precision - second",
        "Pretreatment",
        "Pretreatment Period",
        "Protocol Agent",
        "Room of building - Study",
        "Volume expired during 1.0 s of forced expiration percent change:VPctDiff:Pt:Respiratory system:Qn",
        "post treatment"
      ]
    }
  },
  {
    "nct_id": "NCT00578981",
    "conditions": [
      "Age",
      "Osteopenia",
      "Osteoporosis",
      "Osteoporosis, Postmenopausal",
      "Related personal status"
    ],
    "pico_attributes": {
      "populations": {
        "minimum_age": "50 Years",
        "maximum_age": "90 Years",
        "country": "United States",
        "gender": "FEMALE"
      },
      "interventions": [
        "Choice Behavior",
        "Decision Aids",
        "Osteoporosis"
      ],
      "outcomes": []
    }
  },
  {
    "nct_id": "NCT00578994",
    "conditions": [
      "Avascular Necrosis, CTCAE",
      "Degenerative polyarthritis"
    ],
    "pico_attributes": {
      "populations": {
        "minimum_age": "18 Years",
        "maximum_age": "NA",
        "country": "United States",
        "gender": "ALL"
      },
      "interventions": [
        "Device system",
        "Knee meniscus structure"
      ],
      "outcomes": []
    }
  },
  {
    "nct_id": "NCT00579007",
    "conditions": [
      "Breast Carcinoma",
      "Carcinoma, Ovarian Epithelial"
    ],
    "pico_attributes": {
      "populations": {
        "minimum_age": "25 Years",
        "maximum_age": "NA",
        "country": "United States",
        "gender": "FEMALE"
      },
      "interventions": [
        "Interviews, Telephone"
      ],
      "outcomes": []
    }
  },
  {
    "nct_id": "NCT00579020",
    "conditions": [
      "Infiltrate of cornea"
    ],
    "pico_attributes": {
      "populations": {
        "minimum_age": "12 Years",
        "maximum_age": "NA",
        "country": "United States",
        "gender": "ALL"
      },
      "interventions": [
        "0.1",
        "0.5",
        "Pharmaceutical Solutions",
        "dexamethasone phosphate",
        "moxifloxacin Ophthalmic Solution"
      ],
      "outcomes": []
    }
  },
  {
    "nct_id": "NCT00579033",
    "conditions": [
      "CAMP gene",
      "Dystonia, Focal, Task-Specific",
      "Musician's Dystonia",
      "Organic writer's cramp"
    ],
    "pico_attributes": {
      "populations": {
        "minimum_age": "18 Years",
        "maximum_age": "NA",
        "country": "Canada",
        "gender": "ALL"
      },
      "interventions": [
        "CD96 gene",
        "NOAC protocol",
        "Training",
        "Transcranial Magnetic Stimulation, Repetitive"
      ],
      "outcomes": []
    }
  },
  {
    "nct_id": "NCT00579046",
    "conditions": [
      "Anemia",
      "Chronic Obstructive Airway Disease"
    ],
    "pico_attributes": {
      "populations": {
        "minimum_age": "40 Years",
        "maximum_age": "75 Years",
        "country": "France",
        "gender": "ALL"
      },
      "interventions": [
        "darbepoetin alfa"
      ],
      "outcomes": []
    }
  },
  {
    "nct_id": "NCT00579059",
    "conditions": [
      "Degenerative polyarthritis",
      "Rheumatoid Arthritis",
      "Traumatic arthropathy"
    ],
    "pico_attributes": {
      "populations": {
        "minimum_age": "18 Years",
        "maximum_age": "NA",
        "country": "United States",
        "gender": "ALL"
      },
      "interventions": [
        "Bone structure of tibia",
        "Device system",
        "Filamentous fungus",
        "Knee",
        "Maxims",
        "Polyethylene",
        "Regular",
        "Removable"
      ],
      "outcomes": [
        "ADHD hyperactive symptoms mean score:Score:Pt:^Patient:Qn:Calculated",
        "Flexion, function",
        "Function (attribute)",
        "Knee",
        "Range of Motion, Articular",
        "Societies"
      ]
    }
  },
  {
    "nct_id": "NCT00579072",
    "conditions": [
      "Malignant neoplasm of prostate"
    ],
    "pico_attributes": {
      "populations": {
        "minimum_age": "65 Years",
        "maximum_age": "NA",
        "country": "United States",
        "gender": "MALE"
      },
      "interventions": [
        "Optional",
        "Radionuclide Imaging",
        "fMRI"
      ],
      "outcomes": []
    }
  },
  {
    "nct_id": "NCT00579085",
    "conditions": [
      "Complex Regional Pain Syndromes"
    ],
    "pico_attributes": {
      "populations": {
        "minimum_age": "18 Years",
        "maximum_age": "65 Years",
        "country": "United States",
        "gender": "ALL"
      },
      "interventions": [
        "IV number:ID:Pt:^Patient:Nom",
        "Normal saline",
        "Partial nephrectomy",
        "ketamine"
      ],
      "outcomes": []
    }
  },
  {
    "nct_id": "NCT00579098",
    "conditions": [
      "Atrial Fibrillation",
      "Cardiac Arrhythmia",
      "Endothelial dysfunction",
      "Inflammation"
    ],
    "pico_attributes": {
      "populations": {
        "minimum_age": "18 Years",
        "maximum_age": "90 Years",
        "country": "United States",
        "gender": "ALL"
      },
      "interventions": [
        "Placebo Control",
        "atorvastatin"
      ],
      "outcomes": [
        "3 Months",
        "Amount type - Percentage",
        "Atrial Fibrillation",
        "Atrial arrhythmia",
        "C-reactive protein level",
        "Change -- procedure",
        "Finding of lipid level",
        "Human Study Subject",
        "Levels (qualifier value)",
        "Population Mean",
        "Quality of life score change",
        "Symptoms",
        "Without",
        "lipid modification",
        "month"
      ]
    }
  },
  {
    "nct_id": "NCT00579111",
    "conditions": [
      "Acute lymphocytic leukemia",
      "Hematological Disease",
      "Leukemia, Myelocytic, Acute",
      "Lymphoproliferative Disorders",
      "Multiple Myeloma",
      "Myeloid Leukemia, Chronic",
      "Myeloproliferative disease",
      "Plasma Cell Neoplasm"
    ],
    "pico_attributes": {
      "populations": {
        "minimum_age": "NA",
        "maximum_age": "70 Years",
        "country": "United States",
        "gender": "ALL"
      },
      "interventions": [
        "Campath",
        "FK-506",
        "Hematopoietic stem cells",
        "Infusion procedures",
        "busulfan",
        "fludarabine"
      ],
      "outcomes": [
        "Administration procedure",
        "Bayer Corneal Epitheliopathy Grade 3",
        "Donor person",
        "Graft acceptance",
        "Hematology (discipline)",
        "IV number:ID:Pt:^Patient:Nom",
        "Negation",
        "Number of patients",
        "Related personal status",
        "Success",
        "Toxic effect"
      ]
    }
  },
  {
    "nct_id": "NCT00579124",
    "conditions": [
      "Immunologic Deficiency Syndromes"
    ],
    "pico_attributes": {
      "populations": {
        "minimum_age": "NA",
        "maximum_age": "22 Years",
        "country": "United States",
        "gender": "ALL"
      },
      "interventions": [],
      "outcomes": [
        "Count of entities",
        "Graft acceptance",
        "Participant",
        "Success"
      ]
    }
  },
  {
    "nct_id": "NCT00579137",
    "conditions": [
      "Borg Category-Ratio 10 Perceived Exertion Score 5",
      "Deficiency",
      "Disease",
      "Primary Immunodeficiency Pathway",
      "Severe Combined Immunodeficiency",
      "T lymphocyte disorder",
      "T-lymphocyte deficiency",
      "Wiskott-Aldrich Syndrome",
      "undefined"
    ],
    "pico_attributes": {
      "populations": {
        "minimum_age": "NA",
        "maximum_age": "NA",
        "country": "United States",
        "gender": "ALL"
      },
      "interventions": [
        "Campath 1H",
        "Infusion procedures",
        "PTPRC protein, human",
        "Stem cells",
        "fludarabine"
      ],
      "outcomes": [
        "Acute GVH disease",
        "Alive",
        "Bayer Corneal Epitheliopathy Grade 3",
        "Donor person",
        "Grade",
        "Graft acceptance",
        "III (suffix)",
        "IV number:ID:Pt:^Patient:Nom",
        "In addition to",
        "Number of patients",
        "Patients",
        "Toxic effect",
        "per year"
      ]
    }
  },
  {
    "nct_id": "NCT00579150",
    "conditions": [
      "Birth defects diagnosis:Find:Pt:^Patient:Nar",
      "Diabetes Mellitus, Non-Insulin-Dependent",
      "Premature Birth"
    ],
    "pico_attributes": {
      "populations": {
        "minimum_age": "18 Years",
        "maximum_age": "NA",
        "country": "United States",
        "gender": "FEMALE"
      },
      "interventions": [],
      "outcomes": []
    }
  },
  {
    "nct_id": "NCT00579163",
    "conditions": [
      "Adult Lymphoma",
      "Childhood Leukemia",
      "Colonic Neoplasms",
      "Lymphoma, Non-Hodgkin",
      "Mammary Neoplasms",
      "Prostatic Neoplasms",
      "Uterine Cervical Neoplasm",
      "ovarian neoplasm"
    ],
    "pico_attributes": {
      "populations": {
        "minimum_age": "NA",
        "maximum_age": "NA",
        "country": "United States",
        "gender": "ALL"
      },
      "interventions": [],
      "outcomes": []
    }
  },
  {
    "nct_id": "NCT00579189",
    "conditions": [
      "Acute otitis media"
    ],
    "pico_attributes": {
      "populations": {
        "minimum_age": "6 Months",
        "maximum_age": "12 Years",
        "country": "United States",
        "gender": "ALL"
      },
      "interventions": [
        "Myringotomy tubes (device)",
        "Otic Solution",
        "moxifloxacin"
      ],
      "outcomes": []
    }
  },
  {
    "nct_id": "NCT00579202",
    "conditions": [
      "Drug Administration via Hemodialysis"
    ],
    "pico_attributes": {
      "populations": {
        "minimum_age": "18 Years",
        "maximum_age": "NA",
        "country": "United States",
        "gender": "ALL"
      },
      "interventions": [
        "C4A wt Allele",
        "DIALYZER",
        "Small"
      ],
      "outcomes": []
    }
  },
  {
    "nct_id": "NCT00579215",
    "conditions": [
      "Advance",
      "Cancer Genus",
      "Carcinoma of lung",
      "Decision Making",
      "Enhance (action)",
      "IV number:ID:Pt:^Patient:Nom",
      "Phase",
      "Stage III Lung Cancer",
      "care activity"
    ],
    "pico_attributes": {
      "populations": {
        "minimum_age": "NA",
        "maximum_age": "NA",
        "country": "United States",
        "gender": "ALL"
      },
      "interventions": [
        "Enhance (action)",
        "Usual",
        "care activity"
      ],
      "outcomes": []
    }
  },
  {
    "nct_id": "NCT00579228",
    "conditions": [
      "Diabetes",
      "Inflammation"
    ],
    "pico_attributes": {
      "populations": {
        "minimum_age": "19 Years",
        "maximum_age": "80 Years",
        "country": "United States",
        "gender": "ALL"
      },
      "interventions": [],
      "outcomes": []
    }
  },
  {
    "nct_id": "NCT00579241",
    "conditions": [
      "Cerebrovascular Disorders",
      "Coronary Arteriosclerosis"
    ],
    "pico_attributes": {
      "populations": {
        "minimum_age": "19 Years",
        "maximum_age": "NA",
        "country": "United States",
        "gender": "ALL"
      },
      "interventions": [
        "Temporal bone structure",
        "Ultrasonic"
      ],
      "outcomes": []
    }
  },
  {
    "nct_id": "NCT00579254",
    "conditions": [
      "Hypertension, CTCAE",
      "cardiovascular risk factor"
    ],
    "pico_attributes": {
      "populations": {
        "minimum_age": "18 Years",
        "maximum_age": "NA",
        "country": "",
        "gender": "ALL"
      },
      "interventions": [
        "10%",
        "20%",
        "Caduet",
        "MG",
        "amlodipine",
        "atorvastatin",
        "mg/mg"
      ],
      "outcomes": [
        "Change -- procedure",
        "Diastolic blood pressure",
        "Systole"
      ]
    }
  },
  {
    "nct_id": "NCT00579267",
    "conditions": [
      "Alcoholic Intoxication, Chronic",
      "Anxiety Disorders",
      "Attention deficit hyperactivity disorder",
      "Autistic behavior",
      "Conduct Disorder",
      "Drug Dependence",
      "Dysthymic Disorder",
      "Eating Disorders",
      "Gilles de la Tourette syndrome",
      "Major Depressive Disorder",
      "Mania (moth)",
      "Oppositional Defiant Disorder",
      "Psychotic Disorders",
      "Suicidality"
    ],
    "pico_attributes": {
      "populations": {
        "minimum_age": "6 Years",
        "maximum_age": "17 Years",
        "country": "United States",
        "gender": "ALL"
      },
      "interventions": [
        "GJB2 wt Allele",
        "Mini"
      ],
      "outcomes": []
    }
  },
  {
    "nct_id": "NCT00579280",
    "conditions": [
      "Bipolar Disorder",
      "Generalized Anxiety Disorder",
      "Panic Disorder"
    ],
    "pico_attributes": {
      "populations": {
        "minimum_age": "18 Years",
        "maximum_age": "65 Years",
        "country": "United States",
        "gender": "ALL"
      },
      "interventions": [
        "Adverse Event Emergency Room Visit",
        "Final Statistical Report",
        "Placebo Control",
        "divalproex sodium",
        "quetiapine"
      ],
      "outcomes": [
        "% of total",
        "Anxiety",
        "Anxiety symptoms",
        "BGN gene",
        "Base Pair Unit",
        "BaseLine dental cement",
        "Bipolar Disorder",
        "Change -- procedure",
        "Clinical Global Impression Generic Modification Version Questionnaire",
        "Clinical Item",
        "Clinician",
        "Generalized",
        "Impression",
        "Improvement",
        "Intellectual scale",
        "Irritability, CTCAE",
        "On (qualifier value)",
        "Overall",
        "PDGFB wt Allele",
        "Panic Disorder",
        "Patient scale",
        "SPS",
        "Severities",
        "Sheehan Disability Scale Questionnaire",
        "Sheehan disability scale",
        "Suicidality",
        "Tracking",
        "USP39 gene",
        "Version",
        "sodium tetradecyl sulfate"
      ]
    }
  },
  {
    "nct_id": "NCT00579293",
    "conditions": [
      "Malignant Childhood Neoplasm"
    ],
    "pico_attributes": {
      "populations": {
        "minimum_age": "18 Years",
        "maximum_age": "49 Years",
        "country": "United States",
        "gender": "ALL"
      },
      "interventions": [],
      "outcomes": []
    }
  },
  {
    "nct_id": "NCT00579306",
    "conditions": [
      "Cerebrovascular accident",
      "Hypertension, CTCAE"
    ],
    "pico_attributes": {
      "populations": {
        "minimum_age": "30 Years",
        "maximum_age": "NA",
        "country": "United States",
        "gender": "ALL"
      },
      "interventions": [],
      "outcomes": []
    }
  },
  {
    "nct_id": "NCT00579319",
    "conditions": [
      "Breast Carcinoma"
    ],
    "pico_attributes": {
      "populations": {
        "minimum_age": "21 Years",
        "maximum_age": "NA",
        "country": "United States",
        "gender": "FEMALE"
      },
      "interventions": [],
      "outcomes": []
    }
  },
  {
    "nct_id": "NCT00579332",
    "conditions": [
      "Biochemical",
      "Failure"
    ],
    "pico_attributes": {
      "populations": {
        "minimum_age": "40 Years",
        "maximum_age": "NA",
        "country": "United States",
        "gender": "MALE"
      },
      "interventions": [
        "Brassica",
        "Intervention regimes"
      ],
      "outcomes": []
    }
  },
  {
    "nct_id": "NCT00579345",
    "conditions": [
      "Influenza"
    ],
    "pico_attributes": {
      "populations": {
        "minimum_age": "18 Years",
        "maximum_age": "NA",
        "country": "Poland",
        "gender": "ALL"
      },
      "interventions": [
        "Cell Culture",
        "Derivation",
        "Egg Food Product",
        "Empty (qualifier)",
        "Influenza virus vaccine",
        "Polycythemia Vera",
        "Seasonal course",
        "thimerosal",
        "trivalent influenza vaccine"
      ],
      "outcomes": [
        "Antibody Formation",
        "Assessed",
        "CSF2RA protein, human",
        "Count of entities",
        "Daily",
        "Doses of vaccine",
        "Geometric Mean",
        "Hemagglutination Inhibition Tests",
        "Human Study Subject",
        "Influenza",
        "Local",
        "Participant",
        "Post",
        "Randomization",
        "Ratio",
        "Reporting",
        "Singular",
        "Systemic Reaction"
      ]
    }
  },
  {
    "nct_id": "NCT00579358",
    "conditions": [
      "Congenital Heart Defects"
    ],
    "pico_attributes": {
      "populations": {
        "minimum_age": "NA",
        "maximum_age": "NA",
        "country": "United States",
        "gender": "ALL"
      },
      "interventions": [],
      "outcomes": []
    }
  },
  {
    "nct_id": "NCT00579371",
    "conditions": [
      "Bristol Stool Type 1",
      "Diabetes Mellitus",
      "Islets of Langerhans Transplantation"
    ],
    "pico_attributes": {
      "populations": {
        "minimum_age": "19 Years",
        "maximum_age": "70 Years",
        "country": "United States",
        "gender": "ALL"
      },
      "interventions": [],
      "outcomes": []
    }
  },
  {
    "nct_id": "NCT00579384",
    "conditions": [
      "Reflex Epilepsy, Photosensitive"
    ],
    "pico_attributes": {
      "populations": {
        "minimum_age": "18 Years",
        "maximum_age": "60 Years",
        "country": "United States",
        "gender": "ALL"
      },
      "interventions": [
        "JNJ-26489112",
        "Placebo Control"
      ],
      "outcomes": []
    }
  },
  {
    "nct_id": "NCT00579397",
    "conditions": [
      "Acute GVH disease"
    ],
    "pico_attributes": {
      "populations": {
        "minimum_age": "NA",
        "maximum_age": "21 Years",
        "country": "United States",
        "gender": "ALL"
      },
      "interventions": [],
      "outcomes": []
    }
  },
  {
    "nct_id": "NCT00579410",
    "conditions": [
      "Abdominal Pain",
      "Esophagitis",
      "Gastritis",
      "Heartburn",
      "Inflammation"
    ],
    "pico_attributes": {
      "populations": {
        "minimum_age": "18 Years",
        "maximum_age": "NA",
        "country": "United States",
        "gender": "ALL"
      },
      "interventions": [],
      "outcomes": []
    }
  },
  {
    "nct_id": "NCT00579423",
    "conditions": [
      "Cancer Genus",
      "Prostate"
    ],
    "pico_attributes": {
      "populations": {
        "minimum_age": "18 Years",
        "maximum_age": "NA",
        "country": "United States",
        "gender": "MALE"
      },
      "interventions": [
        "QS-21"
      ],
      "outcomes": []
    }
  },
  {
    "nct_id": "NCT00579436",
    "conditions": [
      "Insulin Resistance",
      "Metabolic Syndrome X"
    ],
    "pico_attributes": {
      "populations": {
        "minimum_age": "35 Years",
        "maximum_age": "65 Years",
        "country": "United States",
        "gender": "ALL"
      },
      "interventions": [
        "Omega-3 Fatty Acid [EPC]",
        "Placebo Control"
      ],
      "outcomes": [
        "Adipocytes",
        "Administration procedure",
        "BaseLine dental cement",
        "Insulin Resistance",
        "fish oils",
        "size"
      ]
    }
  },
  {
    "nct_id": "NCT00579449",
    "conditions": [
      "Victim of child abuse"
    ],
    "pico_attributes": {
      "populations": {
        "minimum_age": "NA",
        "maximum_age": "NA",
        "country": "United States",
        "gender": "FEMALE"
      },
      "interventions": [
        "Durham",
        "Family Health Company",
        "Health Checkup"
      ],
      "outcomes": []
    }
  },
  {
    "nct_id": "NCT00579462",
    "conditions": [
      "Carcinoma of lung"
    ],
    "pico_attributes": {
      "populations": {
        "minimum_age": "NA",
        "maximum_age": "NA",
        "country": "United States",
        "gender": "ALL"
      },
      "interventions": [
        "Blood",
        "Body tissue",
        "Room of building - Study"
      ],
      "outcomes": []
    }
  },
  {
    "nct_id": "NCT00579475",
    "conditions": [
      "Uterine Fibroids"
    ],
    "pico_attributes": {
      "populations": {
        "minimum_age": "18 Years",
        "maximum_age": "NA",
        "country": "Sweden",
        "gender": "FEMALE"
      },
      "interventions": [
        "Mifegyne",
        "Placebo Control"
      ],
      "outcomes": []
    }
  },
  {
    "nct_id": "NCT00579488",
    "conditions": [
      "Breast Carcinoma",
      "Carcinoma, Ovarian Epithelial"
    ],
    "pico_attributes": {
      "populations": {
        "minimum_age": "18 Years",
        "maximum_age": "NA",
        "country": "United States",
        "gender": "ALL"
      },
      "interventions": [],
      "outcomes": []
    }
  },
  {
    "nct_id": "NCT00579501",
    "conditions": [
      "Adult Liposarcoma",
      "Myxoid"
    ],
    "pico_attributes": {
      "populations": {
        "minimum_age": "18 Years",
        "maximum_age": "NA",
        "country": "United States",
        "gender": "ALL"
      },
      "interventions": [
        "dexamethasone",
        "trabectedin"
      ],
      "outcomes": []
    }
  },
  {
    "nct_id": "NCT00579514",
    "conditions": [
      "Bladder Cancer Pathway",
      "Breast Carcinoma",
      "Carcinoma of lung",
      "Carcinoma, Ovarian Epithelial",
      "Colon Carcinoma",
      "Malignant neoplasm of kidney",
      "Malignant neoplasm of prostate"
    ],
    "pico_attributes": {
      "populations": {
        "minimum_age": "NA",
        "maximum_age": "NA",
        "country": "United States",
        "gender": "ALL"
      },
      "interventions": [
        "Pathologic Complete Response",
        "Strategy"
      ],
      "outcomes": []
    }
  },
  {
    "nct_id": "NCT00579527",
    "conditions": [
      "Atypical",
      "Compleat Liquid Nutrition",
      "DiGeorge Syndrome"
    ],
    "pico_attributes": {
      "populations": {
        "minimum_age": "NA",
        "maximum_age": "NA",
        "country": "United States",
        "gender": "ALL"
      },
      "interventions": [
        "Administration via Implantation",
        "Blood",
        "Cyclosporins",
        "Drawings (art)",
        "Thymus <angiosperm>",
        "Tissue culture",
        "Transplantation of parathyroid",
        "daclizumab",
        "methylprednisolone",
        "mycophenolate mofetil",
        "parent",
        "prednisolone",
        "rabbit anti-human T-lymphocyte globulin",
        "tacrolimus"
      ],
      "outcomes": [
        "% of total",
        "Allograft surgical material",
        "Biopsy of thymus",
        "CD3 Expressing Cell Count",
        "CD4 Expressing Cell Count",
        "CD8 Expressing Cell Count",
        "CD8-Positive T-Lymphocytes",
        "Continuance of life",
        "Disease Response",
        "Effectiveness",
        "Immune Reconstitution",
        "Mitogens",
        "Naive T-Lymphocyte",
        "Post",
        "T-Lymphocyte",
        "per year",
        "year"
      ]
    }
  },
  {
    "nct_id": "NCT00579540",
    "conditions": [
      "Polycystic Ovary Syndrome"
    ],
    "pico_attributes": {
      "populations": {
        "minimum_age": "18 Years",
        "maximum_age": "45 Years",
        "country": "United States",
        "gender": "FEMALE"
      },
      "interventions": [
        "fish oils",
        "flax seed oil",
        "soybean oil"
      ],
      "outcomes": []
    }
  },
  {
    "nct_id": "NCT00579553",
    "conditions": [
      "Immature",
      "Infant",
      "Premature Birth"
    ],
    "pico_attributes": {
      "populations": {
        "minimum_age": "18 Years",
        "maximum_age": "45 Years",
        "country": "United States",
        "gender": "FEMALE"
      },
      "interventions": [
        "Intramuscular",
        "Progesterone [EPC]",
        "Vagina"
      ],
      "outcomes": [
        "Age.at delivery",
        "Birth Weight",
        "Gestational",
        "Infant, Newborn",
        "Population Mean",
        "Premature Birth"
      ]
    }
  },
  {
    "nct_id": "NCT00579566",
    "conditions": [
      "Malignant neoplasm of soft tissue"
    ],
    "pico_attributes": {
      "populations": {
        "minimum_age": "NA",
        "maximum_age": "NA",
        "country": "United States",
        "gender": "ALL"
      },
      "interventions": [
        "Biospecimen",
        "Clinical trial protocol"
      ],
      "outcomes": []
    }
  },
  {
    "nct_id": "NCT00579579",
    "conditions": [
      "Childhood Rectal Carcinoma"
    ],
    "pico_attributes": {
      "populations": {
        "minimum_age": "18 Years",
        "maximum_age": "NA",
        "country": "United States",
        "gender": "ALL"
      },
      "interventions": [],
      "outcomes": []
    }
  },
  {
    "nct_id": "NCT00579592",
    "conditions": [
      "Acute Rejection",
      "Kidney Transplantation"
    ],
    "pico_attributes": {
      "populations": {
        "minimum_age": "18 Years",
        "maximum_age": "NA",
        "country": "United States",
        "gender": "ALL"
      },
      "interventions": [
        "Campath 1H",
        "Myfortic",
        "rituximab"
      ],
      "outcomes": []
    }
  },
  {
    "nct_id": "NCT00579605",
    "conditions": [
      "Breast Feeding"
    ],
    "pico_attributes": {
      "populations": {
        "minimum_age": "17 Years",
        "maximum_age": "45 Years",
        "country": "",
        "gender": "FEMALE"
      },
      "interventions": [
        "Motivational Interviewing"
      ],
      "outcomes": []
    }
  },
  {
    "nct_id": "NCT00579618",
    "conditions": [
      "Affecting",
      "Cancer Genus",
      "Negation",
      "Voluntary Workers"
    ],
    "pico_attributes": {
      "populations": {
        "minimum_age": "60 Years",
        "maximum_age": "NA",
        "country": "United States",
        "gender": "ALL"
      },
      "interventions": [
        "Blood specimen",
        "Saliva - SpecimenType"
      ],
      "outcomes": []
    }
  },
  {
    "nct_id": "NCT00579631",
    "conditions": [
      "Adolescent (age group)",
      "Cancer Survivors",
      "Malignant Childhood Neoplasm",
      "Pediatric",
      "Survivors"
    ],
    "pico_attributes": {
      "populations": {
        "minimum_age": "14 Years",
        "maximum_age": "19 Years",
        "country": "United States",
        "gender": "ALL"
      },
      "interventions": [
        "Interview",
        "Questionnaires"
      ],
      "outcomes": []
    }
  },
  {
    "nct_id": "NCT00579644",
    "conditions": [
      "Rheumatoid Arthritis"
    ],
    "pico_attributes": {
      "populations": {
        "minimum_age": "19 Years",
        "maximum_age": "75 Years",
        "country": "United States",
        "gender": "ALL"
      },
      "interventions": [
        "Combined",
        "Living Alone",
        "MTX1 gene",
        "methotrexate",
        "minocycline"
      ],
      "outcomes": []
    }
  },
  {
    "nct_id": "NCT00579657",
    "conditions": [
      "BODY MASS INDEX QUANTITATIVE TRAIT LOCUS 20",
      "Metabolic Syndrome X",
      "Overweight"
    ],
    "pico_attributes": {
      "populations": {
        "minimum_age": "24 Years",
        "maximum_age": "70 Years",
        "country": "United Kingdom",
        "gender": "ALL"
      },
      "interventions": [
        "Abnormally high",
        "Animal in fiber production",
        "Basal Diet",
        "Bilateral",
        "Cereals",
        "Control function",
        "Diet, High-Protein",
        "Dietary Supplement Marketing Category",
        "High residue diet",
        "Moderate",
        "Proteins",
        "Supportive assistance",
        "Twice a day"
      ],
      "outcomes": []
    }
  },
  {
    "nct_id": "NCT00579670",
    "conditions": [
      "Schizophrenia"
    ],
    "pico_attributes": {
      "populations": {
        "minimum_age": "18 Years",
        "maximum_age": "NA",
        "country": "Greece",
        "gender": "ALL"
      },
      "interventions": [
        "ziprasidone"
      ],
      "outcomes": [
        "Ability",
        "Academic degree",
        "Account number:Identifier:Point in time:^Patient:Nominal",
        "Administration of medication",
        "Administration procedure",
        "Adverse effects",
        "Adverse reaction to drug",
        "Affecting",
        "All",
        "Any",
        "Awake",
        "Bad",
        "Beginning",
        "Body Weight",
        "Certain (qualifier value)",
        "Complete",
        "Composite",
        "Condition",
        "Continuous",
        "Convenient",
        "Count of entities",
        "Current Medication",
        "Diagnosis Type - Final",
        "Difficult (qualifier value)",
        "Dissatisfaction",
        "Easy",
        "Emotionally Satisfied with Extremity",
        "Entity",
        "Etc.",
        "Experience",
        "Experimental Result",
        "Extent",
        "Finding of menstrual bleeding",
        "Following",
        "Form:Finding:Point in time:{Setting}:Document:{Role}",
        "Frequently",
        "Function (attribute)",
        "GDC Treatment Outcome Terminology",
        "Good",
        "Inclusion Exclusion Domain",
        "Individual Physical Condition",
        "Infantile Neuroaxonal Dystrophy",
        "Interferes with",
        "Medications",
        "Mental function",
        "Metabolic",
        "Negative",
        "Overall",
        "PREVENT (product)",
        "Participant",
        "Patient Visit",
        "Percent Change From Baseline",
        "Positive and Negative Syndrome Scale Clinical Classification",
        "Quantity",
        "Question (inquiry)",
        "Relieving",
        "Response (statement)",
        "Satisfaction with Medication",
        "Schizophrenia",
        "Simultaneous",
        "Summary (document)",
        "Symptoms",
        "Take",
        "Therapeutic procedure",
        "Thinking, function",
        "This (eukaryote)",
        "Time",
        "Usage",
        "Used by",
        "Work",
        "risk factors",
        "ziprasidone"
      ]
    }
  },
  {
    "nct_id": "NCT00579683",
    "conditions": [],
    "pico_attributes": {
      "populations": {
        "minimum_age": "NA",
        "maximum_age": "NA",
        "country": "United States",
        "gender": "ALL"
      },
      "interventions": [
        "Core needle biopsy",
        "Isolated",
        "Neoplasms",
        "RNA Isolation",
        "RNA, Neoplasm"
      ],
      "outcomes": []
    }
  },
  {
    "nct_id": "NCT00579696",
    "conditions": [
      "multiple pathologies"
    ],
    "pico_attributes": {
      "populations": {
        "minimum_age": "18 Years",
        "maximum_age": "NA",
        "country": "United States",
        "gender": "ALL"
      },
      "interventions": [],
      "outcomes": []
    }
  },
  {
    "nct_id": "NCT00579709",
    "conditions": [
      "Compleat Liquid Nutrition",
      "DiGeorge Syndrome"
    ],
    "pico_attributes": {
      "populations": {
        "minimum_age": "NA",
        "maximum_age": "NA",
        "country": "United States",
        "gender": "ALL"
      },
      "interventions": [
        "Thymus transplantation"
      ],
      "outcomes": []
    }
  },
  {
    "nct_id": "NCT00579735",
    "conditions": [
      "Breast Carcinoma"
    ],
    "pico_attributes": {
      "populations": {
        "minimum_age": "21 Years",
        "maximum_age": "NA",
        "country": "United States",
        "gender": "FEMALE"
      },
      "interventions": [],
      "outcomes": []
    }
  },
  {
    "nct_id": "NCT00579748",
    "conditions": [
      "Barrett Esophagus",
      "Dysplasia",
      "Early",
      "Esophageal",
      "Intestinal metaplasia of stomach",
      "Malignant neoplasm of stomach",
      "Oroqen Chinese",
      "Patients"
    ],
    "pico_attributes": {
      "populations": {
        "minimum_age": "18 Years",
        "maximum_age": "NA",
        "country": "United States",
        "gender": "ALL"
      },
      "interventions": [],
      "outcomes": []
    }
  },
  {
    "nct_id": "NCT00579761",
    "conditions": [
      "Endocarditis"
    ],
    "pico_attributes": {
      "populations": {
        "minimum_age": "18 Years",
        "maximum_age": "NA",
        "country": "United States",
        "gender": "ALL"
      },
      "interventions": [],
      "outcomes": []
    }
  },
  {
    "nct_id": "NCT00579774",
    "conditions": [
      "Aging"
    ],
    "pico_attributes": {
      "populations": {
        "minimum_age": "18 Years",
        "maximum_age": "35 Years",
        "country": "United States",
        "gender": "ALL"
      },
      "interventions": [
        "Age",
        "Basal Diet",
        "Diet",
        "IPSS Risk Category Low"
      ],
      "outcomes": []
    }
  },
  {
    "nct_id": "NCT00579787",
    "conditions": [
      "Cervix carcinoma"
    ],
    "pico_attributes": {
      "populations": {
        "minimum_age": "18 Years",
        "maximum_age": "45 Years",
        "country": "United States",
        "gender": "FEMALE"
      },
      "interventions": [],
      "outcomes": []
    }
  },
  {
    "nct_id": "NCT00579800",
    "conditions": [
      "Breast Carcinoma"
    ],
    "pico_attributes": {
      "populations": {
        "minimum_age": "21 Years",
        "maximum_age": "NA",
        "country": "United States",
        "gender": "FEMALE"
      },
      "interventions": [
        "Computer software",
        "DNA Sequence",
        "Deang Chinese",
        "Ideal",
        "New"
      ],
      "outcomes": []
    }
  },
  {
    "nct_id": "NCT00579813",
    "conditions": [
      "Insulin Resistance",
      "Metabolic Syndrome X",
      "Prediabetes syndrome"
    ],
    "pico_attributes": {
      "populations": {
        "minimum_age": "18 Years",
        "maximum_age": "65 Years",
        "country": "United States",
        "gender": "ALL"
      },
      "interventions": [
        "pioglitazone"
      ],
      "outcomes": [
        "Change -- procedure",
        "Changed status",
        "Effect",
        "FAT1 wt Allele",
        "Finding of body mass index",
        "Following",
        "Inflammatory",
        "Insulin Sensitivity",
        "Muscle (organ)",
        "On (qualifier value)",
        "Use of",
        "lipid modification",
        "pioglitazone"
      ]
    }
  },
  {
    "nct_id": "NCT00579826",
    "conditions": [
      "Breast Carcinoma"
    ],
    "pico_attributes": {
      "populations": {
        "minimum_age": "30 Years",
        "maximum_age": "69 Years",
        "country": "United States",
        "gender": "FEMALE"
      },
      "interventions": [
        "Placebo Control",
        "letrozole"
      ],
      "outcomes": [
        "ADHD hyperactive symptoms mean score:Score:Pt:^Patient:Qn:Calculated",
        "Assessed",
        "BaseLine dental cement",
        "CD44 wt Allele",
        "Change -- procedure",
        "From",
        "Immunocytochemistry",
        "Ki67 Measurement",
        "Mammographic Breast Density",
        "Morphology",
        "Proliferation",
        "Rate",
        "month"
      ]
    }
  },
  {
    "nct_id": "NCT00579839",
    "conditions": [
      "Infant, Newborn",
      "Premature Birth"
    ],
    "pico_attributes": {
      "populations": {
        "minimum_age": "18 Years",
        "maximum_age": "50 Years",
        "country": "United States",
        "gender": "FEMALE"
      },
      "interventions": [
        "Application of clamp",
        "Cone-Rod Dystrophy 2",
        "Deferred",
        "Immediate"
      ],
      "outcomes": []
    }
  },
  {
    "nct_id": "NCT00579852",
    "conditions": [
      "Carcinoma of lung",
      "Non-small cell"
    ],
    "pico_attributes": {
      "populations": {
        "minimum_age": "18 Years",
        "maximum_age": "NA",
        "country": "United States",
        "gender": "ALL"
      },
      "interventions": [
        "X-Ray Computed Tomography"
      ],
      "outcomes": []
    }
  },
  {
    "nct_id": "NCT00579865",
    "conditions": [
      "Adult Liver Carcinoma",
      "Bile duct carcinoma",
      "Gallbladder Carcinoma"
    ],
    "pico_attributes": {
      "populations": {
        "minimum_age": "18 Years",
        "maximum_age": "NA",
        "country": "United States",
        "gender": "ALL"
      },
      "interventions": [
        "Questionnaire Domain"
      ],
      "outcomes": []
    }
  },
  {
    "nct_id": "NCT00579878",
    "conditions": [
      "Rheumatoid Arthritis"
    ],
    "pico_attributes": {
      "populations": {
        "minimum_age": "19 Years",
        "maximum_age": "80 Years",
        "country": "United States",
        "gender": "ALL"
      },
      "interventions": [
        "hydroxychloroquine",
        "leflunomide",
        "methotrexate",
        "sulfasalazine"
      ],
      "outcomes": [
        "20%",
        "48",
        "ACR gene",
        "Antirheumatic Drugs, Disease-Modifying",
        "Combined",
        "Disease Response",
        "Dispense Method - Traditional",
        "Effectiveness",
        "Living Alone",
        "Measured",
        "New",
        "Oroqen Chinese",
        "Participant",
        "Reaching",
        "Safety",
        "leflunomide",
        "week"
      ]
    }
  },
  {
    "nct_id": "NCT00579891",
    "conditions": [
      "Colorectal Cancer Pathway"
    ],
    "pico_attributes": {
      "populations": {
        "minimum_age": "NA",
        "maximum_age": "NA",
        "country": "United States",
        "gender": "ALL"
      },
      "interventions": [],
      "outcomes": []
    }
  },
  {
    "nct_id": "NCT00579904",
    "conditions": [
      "Insulin Resistance",
      "Polycystic Ovary Syndrome"
    ],
    "pico_attributes": {
      "populations": {
        "minimum_age": "18 Years",
        "maximum_age": "45 Years",
        "country": "United States",
        "gender": "FEMALE"
      },
      "interventions": [
        "Almond Nut",
        "Juglans"
      ],
      "outcomes": []
    }
  },
  {
    "nct_id": "NCT00579917",
    "conditions": [
      "Childhood Leukemia",
      "Hodgkin Disease",
      "Lymphoma, Non-Hodgkin",
      "Multiple Myeloma"
    ],
    "pico_attributes": {
      "populations": {
        "minimum_age": "18 Years",
        "maximum_age": "NA",
        "country": "United States",
        "gender": "ALL"
      },
      "interventions": [
        "Cognitive Therapy",
        "Questionnaire Domain",
        "Usual",
        "care activity"
      ],
      "outcomes": []
    }
  },
  {
    "nct_id": "NCT00579930",
    "conditions": [
      "Carcinoma of lung"
    ],
    "pico_attributes": {
      "populations": {
        "minimum_age": "NA",
        "maximum_age": "NA",
        "country": "United States",
        "gender": "ALL"
      },
      "interventions": [],
      "outcomes": []
    }
  },
  {
    "nct_id": "NCT00579943",
    "conditions": [
      "Cerebral Hemorrhage",
      "Disease",
      "Immature",
      "Infant",
      "Infant, Very Low Birth Weight"
    ],
    "pico_attributes": {
      "populations": {
        "minimum_age": "1 Hour",
        "maximum_age": "7 Days",
        "country": "United States",
        "gender": "ALL"
      },
      "interventions": [],
      "outcomes": []
    }
  },
  {
    "nct_id": "NCT00579956",
    "conditions": [
      "Melioidosis"
    ],
    "pico_attributes": {
      "populations": {
        "minimum_age": "15 Years",
        "maximum_age": "NA",
        "country": "Thailand",
        "gender": "ALL"
      },
      "interventions": [
        "ceftazidime",
        "meropenem"
      ],
      "outcomes": []
    }
  },
  {
    "nct_id": "NCT00579969",
    "conditions": [
      "Glaucoma"
    ],
    "pico_attributes": {
      "populations": {
        "minimum_age": "19 Years",
        "maximum_age": "NA",
        "country": "United States",
        "gender": "ALL"
      },
      "interventions": [
        "latanoprost",
        "timolol"
      ],
      "outcomes": []
    }
  },
  {
    "nct_id": "NCT00579982",
    "conditions": [
      "Mood Disorders"
    ],
    "pico_attributes": {
      "populations": {
        "minimum_age": "18 Years",
        "maximum_age": "NA",
        "country": "United States",
        "gender": "ALL"
      },
      "interventions": [
        "Lamotrigine measurement"
      ],
      "outcomes": [
        "Aftertaste",
        "Bad",
        "BaseLine dental cement",
        "CD44 wt Allele",
        "Caregiver",
        "Certain (qualifier value)",
        "Change -- procedure",
        "Clinical Item",
        "Clinical impression",
        "Companions",
        "Comparison",
        "Confidence",
        "Convenient",
        "Count of entities",
        "Diet Code Specification Type - Preference",
        "Difficult (qualifier value)",
        "Dissatisfaction",
        "Dissolve (transformation)",
        "Does swallow fluid",
        "Drug Formulation Process",
        "Easy",
        "Emotionally Satisfied with Extremity",
        "Entity",
        "Feelings",
        "Finding",
        "GDC Treatment Outcome Terminology",
        "Generalized",
        "Good",
        "INSR protein, human",
        "Medications",
        "Medicine",
        "More",
        "Needs",
        "Optical Doppler Tomography",
        "Oral cavity",
        "Orodispersible tablet",
        "Participant",
        "Pharmaceutical Preparations",
        "Pharmaceutical Strength",
        "Population Mean",
        "Probable diagnosis",
        "Question (inquiry)",
        "Rate",
        "Response (statement)",
        "Satisfaction",
        "Satisfaction with Medication",
        "Severity of illness",
        "Standard (document)",
        "Study Site Dissolved",
        "Subscale score",
        "Tablet (unit of presentation)",
        "Tablet Dosage Form",
        "Take",
        "Time",
        "Usage",
        "Use of",
        "Weekly",
        "YES Portal",
        "Yes or No Response",
        "flavor enhancers"
      ]
    }
  },
  {
    "nct_id": "NCT00579995",
    "conditions": [
      "Kidney Diseases"
    ],
    "pico_attributes": {
      "populations": {
        "minimum_age": "19 Years",
        "maximum_age": "NA",
        "country": "United States",
        "gender": "ALL"
      },
      "interventions": [
        "Oral",
        "acetylcysteine",
        "sodium bicarbonate"
      ],
      "outcomes": [
        "Comparison",
        "Contrast - Induced Nephropathy",
        "Effectiveness",
        "Medications",
        "Preposition For",
        "Prevention Study",
        "Two"
      ]
    }
  },
  {
    "nct_id": "NCT00580008",
    "conditions": [
      "Arteriosclerosis of coronary artery bypass graft",
      "Coronary Arteriosclerosis"
    ],
    "pico_attributes": {
      "populations": {
        "minimum_age": "18 Years",
        "maximum_age": "NA",
        "country": "United States",
        "gender": "ALL"
      },
      "interventions": [],
      "outcomes": []
    }
  },
  {
    "nct_id": "NCT00580021",
    "conditions": [
      "Breast Carcinoma",
      "Malignant neoplasm of pancreas"
    ],
    "pico_attributes": {
      "populations": {
        "minimum_age": "NA",
        "maximum_age": "NA",
        "country": "United States",
        "gender": "ALL"
      },
      "interventions": [
        "Genotype determination"
      ],
      "outcomes": []
    }
  },
  {
    "nct_id": "NCT00580034",
    "conditions": [
      "Adult Lymphoma",
      "Childhood Leukemia",
      "MYELODYSPLASTIC SYNDROME",
      "Multiple Myeloma",
      "Solid Neoplasm"
    ],
    "pico_attributes": {
      "populations": {
        "minimum_age": "17 Years",
        "maximum_age": "NA",
        "country": "United States",
        "gender": "ALL"
      },
      "interventions": [
        "Apheresis (procedure)",
        "Campath",
        "Donor person",
        "Negation",
        "purged"
      ],
      "outcomes": [
        "Disease Response"
      ]
    }
  },
  {
    "nct_id": "NCT00580047",
    "conditions": [
      "Kidney Failure"
    ],
    "pico_attributes": {
      "populations": {
        "minimum_age": "19 Years",
        "maximum_age": "NA",
        "country": "United States",
        "gender": "ALL"
      },
      "interventions": [
        "CALCIUM/VITAMIN D",
        "alendronate",
        "zoledronic acid"
      ],
      "outcomes": [
        "Biomechanical compliance",
        "CALCIUM/VITAMIN D",
        "Dietary Supplementation",
        "alendronate",
        "zoledronic acid"
      ]
    }
  },
  {
    "nct_id": "NCT00580060",
    "conditions": [
      "Melanoma Pathway"
    ],
    "pico_attributes": {
      "populations": {
        "minimum_age": "NA",
        "maximum_age": "NA",
        "country": "United States",
        "gender": "ALL"
      },
      "interventions": [
        "Catechol Oxidase",
        "GM-CSF DNA",
        "SCLEROSING CHOLANGITIS, NEONATAL"
      ],
      "outcomes": []
    }
  },
  {
    "nct_id": "NCT00580073",
    "conditions": [
      "Childhood Rectal Carcinoma"
    ],
    "pico_attributes": {
      "populations": {
        "minimum_age": "18 Years",
        "maximum_age": "NA",
        "country": "United States",
        "gender": "ALL"
      },
      "interventions": [
        "cetuximab"
      ],
      "outcomes": [
        "Diagnostic Neoplasm Staging",
        "Disease Response",
        "Lanugo",
        "Overall Survival",
        "Progression-Free Survival",
        "Therapeutic procedure"
      ]
    }
  },
  {
    "nct_id": "NCT00580086",
    "conditions": [
      "Breast Carcinoma"
    ],
    "pico_attributes": {
      "populations": {
        "minimum_age": "18 Years",
        "maximum_age": "NA",
        "country": "United States",
        "gender": "ALL"
      },
      "interventions": [
        "Magnetic Resonance Spectroscopy"
      ],
      "outcomes": []
    }
  },
  {
    "nct_id": "NCT00580099",
    "conditions": [
      "Biologic Development",
      "Growth"
    ],
    "pico_attributes": {
      "populations": {
        "minimum_age": "30 Weeks",
        "maximum_age": "35 Weeks",
        "country": "United States",
        "gender": "ALL"
      },
      "interventions": [
        "Assisting exercise"
      ],
      "outcomes": []
    }
  },
  {
    "nct_id": "NCT00580112",
    "conditions": [
      "Mammary Neoplasms"
    ],
    "pico_attributes": {
      "populations": {
        "minimum_age": "18 Years",
        "maximum_age": "NA",
        "country": "United States",
        "gender": "ALL"
      },
      "interventions": [
        "dexamethasone",
        "trabectedin"
      ],
      "outcomes": []
    }
  },
  {
    "nct_id": "NCT00580125",
    "conditions": [
      "Schizophrenia"
    ],
    "pico_attributes": {
      "populations": {
        "minimum_age": "18 Years",
        "maximum_age": "NA",
        "country": "United States",
        "gender": "ALL"
      },
      "interventions": [
        "PF 00217830",
        "Placebo Control",
        "aripiprazole"
      ],
      "outcomes": []
    }
  },
  {
    "nct_id": "NCT00580138",
    "conditions": [
      "Cerebrovascular accident",
      "Head and Neck Carcinoma"
    ],
    "pico_attributes": {
      "populations": {
        "minimum_age": "21 Years",
        "maximum_age": "NA",
        "country": "United States",
        "gender": "ALL"
      },
      "interventions": [],
      "outcomes": [
        "Clinician",
        "Internet",
        "Rating (action)",
        "Real Time",
        "Reliability (characteristic)",
        "Swallow Evaluation",
        "Use of"
      ]
    }
  },
  {
    "nct_id": "NCT00580151",
    "conditions": [
      "Anxiety",
      "Feel Pain"
    ],
    "pico_attributes": {
      "populations": {
        "minimum_age": "4 Years",
        "maximum_age": "20 Years",
        "country": "United States",
        "gender": "ALL"
      },
      "interventions": [
        "Placebo Control",
        "clonidine"
      ],
      "outcomes": [
        "Alleviating anxiety",
        "Feel Pain",
        "Reduced"
      ]
    }
  },
  {
    "nct_id": "NCT00580164",
    "conditions": [
      "Clinical act of insertion",
      "Distal (qualifier value)",
      "Flexor (Anatomical coordinate)",
      "Structure of extensor tendon",
      "Traumatic AND/OR non-traumatic injury"
    ],
    "pico_attributes": {
      "populations": {
        "minimum_age": "18 Years",
        "maximum_age": "NA",
        "country": "United States",
        "gender": "ALL"
      },
      "interventions": [],
      "outcomes": []
    }
  },
  {
    "nct_id": "NCT00580177",
    "conditions": [
      "Hernia",
      "Inguinal region"
    ],
    "pico_attributes": {
      "populations": {
        "minimum_age": "30 Years",
        "maximum_age": "75 Years",
        "country": "Sweden",
        "gender": "MALE"
      },
      "interventions": [
        "Device system",
        "Hernia",
        "Medical Subject Headings",
        "Plug (physical object)",
        "Prolene"
      ],
      "outcomes": []
    }
  }
]