[
  {
    "nct_id": "NCT00170625",
    "conditions": [
      "Carcinoma, Ovarian Epithelial"
    ],
    "pico_attributes": {
      "populations": {
        "minimum_age": "18 Years",
        "maximum_age": "NA",
        "country": "",
        "gender": "FEMALE"
      },
      "interventions": [
        "Hycamtin"
      ],
      "outcomes": [
        "Progression-Free Survival"
      ]
    }
  },
  {
    "nct_id": "NCT00170638",
    "conditions": [
      "Tuberculosis"
    ],
    "pico_attributes": {
      "populations": {
        "minimum_age": "1 Day",
        "maximum_age": "NA",
        "country": "United States",
        "gender": "ALL"
      },
      "interventions": [],
      "outcomes": []
    }
  },
  {
    "nct_id": "NCT00170664",
    "conditions": [
      "Carcinoma, Ovarian Epithelial"
    ],
    "pico_attributes": {
      "populations": {
        "minimum_age": "18 Years",
        "maximum_age": "75 Years",
        "country": "Germany",
        "gender": "FEMALE"
      },
      "interventions": [
        "carboplatin",
        "paclitaxel"
      ],
      "outcomes": []
    }
  },
  {
    "nct_id": "NCT00170677",
    "conditions": [
      "Carcinoma, Ovarian Epithelial"
    ],
    "pico_attributes": {
      "populations": {
        "minimum_age": "18 Years",
        "maximum_age": "NA",
        "country": "Germany",
        "gender": "FEMALE"
      },
      "interventions": [
        "topotecan"
      ],
      "outcomes": []
    }
  },
  {
    "nct_id": "NCT00170690",
    "conditions": [
      "Carcinoma, Ovarian Epithelial"
    ],
    "pico_attributes": {
      "populations": {
        "minimum_age": "70 Years",
        "maximum_age": "NA",
        "country": "Germany",
        "gender": "FEMALE"
      },
      "interventions": [
        "treosulfan"
      ],
      "outcomes": []
    }
  },
  {
    "nct_id": "NCT00170703",
    "conditions": [
      "Broca Aphasia",
      "Cerebrovascular accident"
    ],
    "pico_attributes": {
      "populations": {
        "minimum_age": "21 Years",
        "maximum_age": "NA",
        "country": "United States",
        "gender": "ALL"
      },
      "interventions": [
        "Adrenal Cortex",
        "Electric stimulation technique"
      ],
      "outcomes": []
    }
  },
  {
    "nct_id": "NCT00170716",
    "conditions": [
      "Cerebrovascular accident",
      "Hemiparesis"
    ],
    "pico_attributes": {
      "populations": {
        "minimum_age": "21 Years",
        "maximum_age": "NA",
        "country": "United States",
        "gender": "ALL"
      },
      "interventions": [
        "Adrenal Cortex",
        "Rehabilitation - specialty",
        "Stimulation (motivation)"
      ],
      "outcomes": []
    }
  },
  {
    "nct_id": "NCT00170729",
    "conditions": [
      "Cataract Extraction"
    ],
    "pico_attributes": {
      "populations": {
        "minimum_age": "40 Years",
        "maximum_age": "NA",
        "country": "",
        "gender": "ALL"
      },
      "interventions": [
        "prednisolone acetate"
      ],
      "outcomes": []
    }
  },
  {
    "nct_id": "NCT00170742",
    "conditions": [
      "Proliferative diabetic retinopathy"
    ],
    "pico_attributes": {
      "populations": {
        "minimum_age": "18 Years",
        "maximum_age": "70 Years",
        "country": "Switzerland",
        "gender": "ALL"
      },
      "interventions": [
        "30%",
        "Blood group antibody I",
        "Drug Formulation Process",
        "Low Anterior Resection",
        "M NOS ANTIBODY",
        "MG",
        "octreotide"
      ],
      "outcomes": []
    }
  },
  {
    "nct_id": "NCT00170755",
    "conditions": [
      "Overactive bladder syndrome"
    ],
    "pico_attributes": {
      "populations": {
        "minimum_age": "18 Years",
        "maximum_age": "NA",
        "country": "United States",
        "gender": "ALL"
      },
      "interventions": [
        "darifenacin"
      ],
      "outcomes": []
    }
  },
  {
    "nct_id": "NCT00170768",
    "conditions": [
      "Healthy Volunteers"
    ],
    "pico_attributes": {
      "populations": {
        "minimum_age": "60 Years",
        "maximum_age": "NA",
        "country": "United States",
        "gender": "ALL"
      },
      "interventions": [
        "Placebo Control",
        "darifenacin",
        "oxybutynin"
      ],
      "outcomes": []
    }
  },
  {
    "nct_id": "NCT00170781",
    "conditions": [
      "Primary gout"
    ],
    "pico_attributes": {
      "populations": {
        "minimum_age": "18 Years",
        "maximum_age": "NA",
        "country": "Switzerland",
        "gender": "ALL"
      },
      "interventions": [
        "lumiracoxib"
      ],
      "outcomes": []
    }
  },
  {
    "nct_id": "NCT00170794",
    "conditions": [
      "Heart Transplantation"
    ],
    "pico_attributes": {
      "populations": {
        "minimum_age": "18 Years",
        "maximum_age": "70 Years",
        "country": "",
        "gender": "ALL"
      },
      "interventions": [
        "RAD 001",
        "everolimus"
      ],
      "outcomes": []
    }
  },
  {
    "nct_id": "NCT00170820",
    "conditions": [
      "Kidney Transplantation"
    ],
    "pico_attributes": {
      "populations": {
        "minimum_age": "18 Years",
        "maximum_age": "75 Years",
        "country": "Switzerland",
        "gender": "ALL"
      },
      "interventions": [
        "everolimus"
      ],
      "outcomes": []
    }
  },
  {
    "nct_id": "NCT00170833",
    "conditions": [
      "Kidney Transplantation"
    ],
    "pico_attributes": {
      "populations": {
        "minimum_age": "18 Years",
        "maximum_age": "65 Years",
        "country": "",
        "gender": "ALL"
      },
      "interventions": [
        "everolimus"
      ],
      "outcomes": []
    }
  },
  {
    "nct_id": "NCT00170846",
    "conditions": [
      "Kidney Transplantation"
    ],
    "pico_attributes": {
      "populations": {
        "minimum_age": "18 Years",
        "maximum_age": "NA",
        "country": "Switzerland",
        "gender": "ALL"
      },
      "interventions": [
        "RAD 001",
        "Steroids",
        "everolimus"
      ],
      "outcomes": [
        "BaseLine dental cement",
        "Calculated",
        "Change -- procedure",
        "Cockcroft-Gault formula",
        "Count of entities",
        "Creatinine clearance",
        "Observation parameter",
        "Participant",
        "Safety"
      ]
    }
  },
  {
    "nct_id": "NCT00170859",
    "conditions": [
      "Heart Transplantation"
    ],
    "pico_attributes": {
      "populations": {
        "minimum_age": "18 Years",
        "maximum_age": "75 Years",
        "country": "Switzerland",
        "gender": "ALL"
      },
      "interventions": [
        "everolimus"
      ],
      "outcomes": []
    }
  },
  {
    "nct_id": "NCT00170872",
    "conditions": [
      "Degenerative polyarthritis",
      "Rheumatoid Arthritis"
    ],
    "pico_attributes": {
      "populations": {
        "minimum_age": "18 Years",
        "maximum_age": "NA",
        "country": "",
        "gender": "ALL"
      },
      "interventions": [
        "lumiracoxib"
      ],
      "outcomes": []
    }
  },
  {
    "nct_id": "NCT00170885",
    "conditions": [
      "Kidney Transplantation"
    ],
    "pico_attributes": {
      "populations": {
        "minimum_age": "18 Years",
        "maximum_age": "75 Years",
        "country": "Switzerland",
        "gender": "ALL"
      },
      "interventions": [
        "everolimus"
      ],
      "outcomes": []
    }
  },
  {
    "nct_id": "NCT00170898",
    "conditions": [
      "Musculoskeletal Pain"
    ],
    "pico_attributes": {
      "populations": {
        "minimum_age": "18 Years",
        "maximum_age": "NA",
        "country": "United Kingdom",
        "gender": "ALL"
      },
      "interventions": [
        "lumiracoxib"
      ],
      "outcomes": []
    }
  },
  {
    "nct_id": "NCT00170911",
    "conditions": [
      "Osteoporosis"
    ],
    "pico_attributes": {
      "populations": {
        "minimum_age": "50 Years",
        "maximum_age": "75 Years",
        "country": "",
        "gender": "FEMALE"
      },
      "interventions": [
        "AAE581"
      ],
      "outcomes": []
    }
  },
  {
    "nct_id": "NCT00170924",
    "conditions": [
      "Diastolic dysfunction",
      "Hypertension, CTCAE"
    ],
    "pico_attributes": {
      "populations": {
        "minimum_age": "45 Years",
        "maximum_age": "NA",
        "country": "United States",
        "gender": "ALL"
      },
      "interventions": [
        "valsartan"
      ],
      "outcomes": []
    }
  },
  {
    "nct_id": "NCT00170937",
    "conditions": [
      "Hypertension, CTCAE",
      "Metabolic Syndrome X",
      "Prehypertension"
    ],
    "pico_attributes": {
      "populations": {
        "minimum_age": "18 Years",
        "maximum_age": "75 Years",
        "country": "United States",
        "gender": "ALL"
      },
      "interventions": [
        "Hydrochlorothiazide / valsartan",
        "In addition to"
      ],
      "outcomes": []
    }
  },
  {
    "nct_id": "NCT00170950",
    "conditions": [
      "Hypertension, CTCAE"
    ],
    "pico_attributes": {
      "populations": {
        "minimum_age": "55 Years",
        "maximum_age": "NA",
        "country": "United States",
        "gender": "ALL"
      },
      "interventions": [
        "/40",
        "1 Day",
        "10%",
        "20%",
        "Amlodipine / benazepril",
        "Amlodipine 2.5 MG",
        "Amlodipine 5 MG",
        "Dosage",
        "Hydrochlorothiazide 12.5 MG",
        "Hydrochlorothiazide 25 MG",
        "Level 2 (qualifier value)",
        "Level 3",
        "Monthly (qualifier value)",
        "benazepril",
        "magnesium cation"
      ],
      "outcomes": []
    }
  },
  {
    "nct_id": "NCT00170963",
    "conditions": [
      "Hypertension, CTCAE"
    ],
    "pico_attributes": {
      "populations": {
        "minimum_age": "18 Years",
        "maximum_age": "NA",
        "country": "Switzerland",
        "gender": "ALL"
      },
      "interventions": [
        "amlodipine",
        "valsartan"
      ],
      "outcomes": []
    }
  },
  {
    "nct_id": "NCT00170976",
    "conditions": [
      "Hypertension, CTCAE"
    ],
    "pico_attributes": {
      "populations": {
        "minimum_age": "18 Years",
        "maximum_age": "NA",
        "country": "Switzerland",
        "gender": "ALL"
      },
      "interventions": [
        "amlodipine",
        "valsartan"
      ],
      "outcomes": []
    }
  },
  {
    "nct_id": "NCT00170989",
    "conditions": [
      "Hypertension, CTCAE"
    ],
    "pico_attributes": {
      "populations": {
        "minimum_age": "18 Years",
        "maximum_age": "80 Years",
        "country": "Switzerland",
        "gender": "ALL"
      },
      "interventions": [
        "Hydrochlorothiazide / valsartan",
        "In addition to"
      ],
      "outcomes": []
    }
  },
  {
    "nct_id": "NCT00171002",
    "conditions": [
      "Hypertension, CTCAE"
    ],
    "pico_attributes": {
      "populations": {
        "minimum_age": "18 Years",
        "maximum_age": "NA",
        "country": "Switzerland",
        "gender": "ALL"
      },
      "interventions": [
        "amlodipine",
        "valsartan"
      ],
      "outcomes": []
    }
  },
  {
    "nct_id": "NCT00171015",
    "conditions": [
      "Hypertension, CTCAE"
    ],
    "pico_attributes": {
      "populations": {
        "minimum_age": "18 Years",
        "maximum_age": "NA",
        "country": "Switzerland",
        "gender": "ALL"
      },
      "interventions": [
        "Hydrochlorothiazide / valsartan",
        "In addition to"
      ],
      "outcomes": []
    }
  },
  {
    "nct_id": "NCT00171028",
    "conditions": [
      "Hypertension, CTCAE"
    ],
    "pico_attributes": {
      "populations": {
        "minimum_age": "1 Year",
        "maximum_age": "5 Years",
        "country": "United States",
        "gender": "ALL"
      },
      "interventions": [
        "valsartan"
      ],
      "outcomes": []
    }
  },
  {
    "nct_id": "NCT00171041",
    "conditions": [
      "Hypertension, CTCAE"
    ],
    "pico_attributes": {
      "populations": {
        "minimum_age": "6 Years",
        "maximum_age": "16 Years",
        "country": "United States",
        "gender": "ALL"
      },
      "interventions": [
        "valsartan"
      ],
      "outcomes": []
    }
  },
  {
    "nct_id": "NCT00171054",
    "conditions": [
      "Hypertension, CTCAE"
    ],
    "pico_attributes": {
      "populations": {
        "minimum_age": "50 Years",
        "maximum_age": "75 Years",
        "country": "Switzerland",
        "gender": "FEMALE"
      },
      "interventions": [
        "Amlodipine 10 MG",
        "hydrochlorothiazide",
        "valsartan 320 MG"
      ],
      "outcomes": [
        "Antimicrobial susceptibility",
        "Applanation tonometry",
        "Baroreflex",
        "BaseLine dental cement",
        "Blood pressure alteration (finding)",
        "CD44 wt Allele",
        "Central",
        "Change -- procedure",
        "Changed status",
        "End Point",
        "Evaluation",
        "From",
        "Ischemic",
        "Left",
        "Population Mean",
        "Post",
        "Reactive Hyperemia",
        "Relate - vinyl resin",
        "Right",
        "Skin structure of forearm",
        "Weekly",
        "carotid",
        "week"
      ]
    }
  },
  {
    "nct_id": "NCT00171067",
    "conditions": [
      "Hypertension, CTCAE"
    ],
    "pico_attributes": {
      "populations": {
        "minimum_age": "18 Years",
        "maximum_age": "75 Years",
        "country": "Switzerland",
        "gender": "ALL"
      },
      "interventions": [
        "lisinopril",
        "valsartan"
      ],
      "outcomes": []
    }
  },
  {
    "nct_id": "NCT00171080",
    "conditions": [
      "Hypertension, CTCAE"
    ],
    "pico_attributes": {
      "populations": {
        "minimum_age": "18 Years",
        "maximum_age": "80 Years",
        "country": "Switzerland",
        "gender": "ALL"
      },
      "interventions": [
        "irbesartan",
        "valsartan"
      ],
      "outcomes": []
    }
  },
  {
    "nct_id": "NCT00171093",
    "conditions": [
      "Hypercholesterolemia",
      "Hypertension, CTCAE"
    ],
    "pico_attributes": {
      "populations": {
        "minimum_age": "18 Years",
        "maximum_age": "75 Years",
        "country": "United States",
        "gender": "ALL"
      },
      "interventions": [
        "simvastatin",
        "valsartan"
      ],
      "outcomes": []
    }
  },
  {
    "nct_id": "NCT00171106",
    "conditions": [
      "Diastolic dysfunction",
      "Symptomatic congestive heart failure"
    ],
    "pico_attributes": {
      "populations": {
        "minimum_age": "21 Years",
        "maximum_age": "NA",
        "country": "Switzerland",
        "gender": "ALL"
      },
      "interventions": [
        "valsartan"
      ],
      "outcomes": []
    }
  },
  {
    "nct_id": "NCT00171119",
    "conditions": [
      "DIANPH gene",
      "Hypertension, CTCAE"
    ],
    "pico_attributes": {
      "populations": {
        "minimum_age": "35 Years",
        "maximum_age": "75 Years",
        "country": "Switzerland",
        "gender": "ALL"
      },
      "interventions": [
        "valsartan"
      ],
      "outcomes": []
    }
  },
  {
    "nct_id": "NCT00171132",
    "conditions": [
      "Hypertension, CTCAE"
    ],
    "pico_attributes": {
      "populations": {
        "minimum_age": "18 Years",
        "maximum_age": "NA",
        "country": "Switzerland",
        "gender": "FEMALE"
      },
      "interventions": [
        "atenolol",
        "hydrochlorothiazide",
        "valsartan"
      ],
      "outcomes": []
    }
  },
  {
    "nct_id": "NCT00171145",
    "conditions": [
      "Overactive bladder syndrome"
    ],
    "pico_attributes": {
      "populations": {
        "minimum_age": "18 Years",
        "maximum_age": "NA",
        "country": "United States",
        "gender": "ALL"
      },
      "interventions": [
        "Placebo Control",
        "darifenacin"
      ],
      "outcomes": []
    }
  },
  {
    "nct_id": "NCT00171158",
    "conditions": [
      "Philadelphia chromosome positive chronic myelogenous leukemia"
    ],
    "pico_attributes": {
      "populations": {
        "minimum_age": "18 Years",
        "maximum_age": "NA",
        "country": "United States",
        "gender": "ALL"
      },
      "interventions": [
        "imatinib mesylate"
      ],
      "outcomes": [
        "Monthly (qualifier value)",
        "Overall Survival"
      ]
    }
  },
  {
    "nct_id": "NCT00171171",
    "conditions": [
      "Beta plus thalassemia",
      "Hemosiderosis"
    ],
    "pico_attributes": {
      "populations": {
        "minimum_age": "2 Years",
        "maximum_age": "NA",
        "country": "Syrian Arab Republic",
        "gender": "ALL"
      },
      "interventions": [
        "deferasirox"
      ],
      "outcomes": []
    }
  },
  {
    "nct_id": "NCT00171184",
    "conditions": [
      "Overactive Bladder"
    ],
    "pico_attributes": {
      "populations": {
        "minimum_age": "65 Years",
        "maximum_age": "NA",
        "country": "United States",
        "gender": "ALL"
      },
      "interventions": [
        "Placebo Control",
        "darifenacin"
      ],
      "outcomes": []
    }
  },
  {
    "nct_id": "NCT00171210",
    "conditions": [
      "Blood Transfusion",
      "Iron Overload",
      "Thalassemia"
    ],
    "pico_attributes": {
      "populations": {
        "minimum_age": "2 Years",
        "maximum_age": "NA",
        "country": "United States",
        "gender": "ALL"
      },
      "interventions": [
        "deferasirox"
      ],
      "outcomes": [
        "*Relative",
        "Absolute Change",
        "Administration procedure",
        "Adverse event",
        "Base Number",
        "Beginning",
        "Biopsy",
        "CD44 wt Allele",
        "Change -- procedure",
        "Changed status",
        "Contents",
        "Dietary Iron",
        "Effect",
        "End",
        "Experience",
        "From",
        "GDC Treatment Outcome Terminology",
        "ICL670A",
        "In addition to",
        "Liver",
        "Long-term",
        "Longterm Effects",
        "Measured",
        "Participant",
        "Profile (lab procedure)",
        "Room of building - Study",
        "Safety",
        "Serum ferritin measurement",
        "Serum iron measurement",
        "Serum transferrin level result",
        "Squid",
        "Surrogate Markers",
        "Tolerability Study",
        "Transferrin saturation measurement",
        "long-term care"
      ]
    }
  },
  {
    "nct_id": "NCT00171223",
    "conditions": [
      "ABL Positive",
      "ABL1 wt Allele",
      "B-Cell Receptor Complex",
      "BCR positive",
      "BCR-ABL Fusion Gene",
      "BRAF Gene Rearrangement",
      "Childhood Leukemia",
      "Myeloid",
      "chronic"
    ],
    "pico_attributes": {
      "populations": {
        "minimum_age": "18 Years",
        "maximum_age": "NA",
        "country": "United States",
        "gender": "ALL"
      },
      "interventions": [
        "STI571"
      ],
      "outcomes": [
        "4+ Answer to question",
        "Alive",
        "Amount type - Percentage",
        "Base - General Qualifier",
        "Cancer-Related Death",
        "Complete Hematologic Response",
        "Count of entities",
        "Cytogenetic Complete Response",
        "Cytogenetic Response",
        "Duration",
        "Estimated",
        "Grade 3 Severe Adverse Event",
        "In addition to",
        "Major Cytogenetic Response in Chronic Myelogenous Leukemia, BCR-ABL1 Positive",
        "Participant",
        "STI571",
        "Symptoms",
        "Time"
      ]
    }
  },
  {
    "nct_id": "NCT00171236",
    "conditions": [
      "Dyslipidemias",
      "Familial hypercholesterolemia - heterozygous",
      "Mixed (qualifier value)"
    ],
    "pico_attributes": {
      "populations": {
        "minimum_age": "10 Years",
        "maximum_age": "16 Years",
        "country": "Switzerland",
        "gender": "ALL"
      },
      "interventions": [
        "fluvastatin"
      ],
      "outcomes": []
    }
  },
  {
    "nct_id": "NCT00171249",
    "conditions": [
      "Acute Myeloid Leukemia Pathway",
      "Acute lymphocytic leukemia",
      "Myeloid Leukemia, Chronic",
      "chronic"
    ],
    "pico_attributes": {
      "populations": {
        "minimum_age": "18 Years",
        "maximum_age": "NA",
        "country": "United States",
        "gender": "ALL"
      },
      "interventions": [
        "400",
        "600",
        "MG",
        "STI571"
      ],
      "outcomes": [
        "Amount type - Percentage",
        "CD44 wt Allele",
        "Cytogenetic Response",
        "Disease",
        "Dosage",
        "Hematologic Response",
        "In addition to",
        "Leukemia, Myeloid, Accelerated Phase",
        "Myeloid",
        "Overall Survival",
        "Participant",
        "Response Duration"
      ]
    }
  },
  {
    "nct_id": "NCT00171262",
    "conditions": [
      "Dyslipidemias"
    ],
    "pico_attributes": {
      "populations": {
        "minimum_age": "18 Years",
        "maximum_age": "75 Years",
        "country": "Spain",
        "gender": "ALL"
      },
      "interventions": [
        "fluvastatin"
      ],
      "outcomes": []
    }
  },
  {
    "nct_id": "NCT00171275",
    "conditions": [
      "Coronary Artery Disease",
      "Electrocardiogram: myocardial infarction (finding)"
    ],
    "pico_attributes": {
      "populations": {
        "minimum_age": "18 Years",
        "maximum_age": "75 Years",
        "country": "Czech Republic",
        "gender": "ALL"
      },
      "interventions": [
        "fluvastatin"
      ],
      "outcomes": []
    }
  },
  {
    "nct_id": "NCT00171288",
    "conditions": [
      "Dyslipidemias"
    ],
    "pico_attributes": {
      "populations": {
        "minimum_age": "18 Years",
        "maximum_age": "75 Years",
        "country": "Spain",
        "gender": "ALL"
      },
      "interventions": [
        "ezetimibe",
        "fluvastatin"
      ],
      "outcomes": []
    }
  },
  {
    "nct_id": "NCT00171301",
    "conditions": [
      "Anemia",
      "Cooley's anemia",
      "Hemosiderosis",
      "Infrequent",
      "Iron Overload"
    ],
    "pico_attributes": {
      "populations": {
        "minimum_age": "2 Years",
        "maximum_age": "NA",
        "country": "Syrian Arab Republic",
        "gender": "ALL"
      },
      "interventions": [
        "deferasirox"
      ],
      "outcomes": []
    }
  },
  {
    "nct_id": "NCT00171314",
    "conditions": [
      "Breast Carcinoma"
    ],
    "pico_attributes": {
      "populations": {
        "minimum_age": "18 Years",
        "maximum_age": "NA",
        "country": "Spain",
        "gender": "FEMALE"
      },
      "interventions": [
        "letrozole",
        "zoledronic acid"
      ],
      "outcomes": [
        "% of total",
        "12 Months",
        "3+ Answer to Question",
        "4+ Answer to question",
        "Amount type - Percentage",
        "BaseLine dental cement",
        "Bone structure of ischium",
        "Bone structure of lumbar vertebra",
        "Bone structure of spine",
        "Change -- procedure",
        "Diagnostic radiologic examination",
        "FAM49B wt Allele",
        "Fracture",
        "L2 innervation",
        "Life Expectancy Less than Five Years",
        "Negation",
        "Participant",
        "Percent (qualifier value)",
        "Present",
        "RPL4 gene",
        "Therapeutic procedure",
        "letrozole",
        "per year",
        "year"
      ]
    }
  },
  {
    "nct_id": "NCT00171327",
    "conditions": [
      "Dyslipidemias",
      "Hypertension, CTCAE"
    ],
    "pico_attributes": {
      "populations": {
        "minimum_age": "30 Years",
        "maximum_age": "65 Years",
        "country": "Russian Federation",
        "gender": "ALL"
      },
      "interventions": [
        "fluvastatin",
        "valsartan"
      ],
      "outcomes": []
    }
  },
  {
    "nct_id": "NCT00171340",
    "conditions": [
      "Breast Carcinoma",
      "Osteopenia"
    ],
    "pico_attributes": {
      "populations": {
        "minimum_age": "NA",
        "maximum_age": "NA",
        "country": "Venezuela",
        "gender": "FEMALE"
      },
      "interventions": [
        "letrozole",
        "zoledronic acid"
      ],
      "outcomes": [
        "Amount type - Percentage",
        "BaseLine dental cement",
        "Clinical",
        "Fracture",
        "In addition to",
        "Negation",
        "Participant",
        "Present",
        "Therapeutic procedure",
        "year"
      ]
    }
  },
  {
    "nct_id": "NCT00171353",
    "conditions": [
      "Hypertension, CTCAE"
    ],
    "pico_attributes": {
      "populations": {
        "minimum_age": "30 Years",
        "maximum_age": "65 Years",
        "country": "Switzerland",
        "gender": "ALL"
      },
      "interventions": [
        "valsartan"
      ],
      "outcomes": []
    }
  },
  {
    "nct_id": "NCT00171366",
    "conditions": [
      "Hypertension, CTCAE"
    ],
    "pico_attributes": {
      "populations": {
        "minimum_age": "18 Years",
        "maximum_age": "NA",
        "country": "United States",
        "gender": "ALL"
      },
      "interventions": [
        "Amlodipine / benazepril"
      ],
      "outcomes": []
    }
  },
  {
    "nct_id": "NCT00171379",
    "conditions": [
      "Acute Rejection",
      "Kidney Transplantation",
      "Prevention Study"
    ],
    "pico_attributes": {
      "populations": {
        "minimum_age": "18 Years",
        "maximum_age": "NA",
        "country": "",
        "gender": "ALL"
      },
      "interventions": [
        "Coating (film)",
        "Enteral",
        "mycophenolate sodium"
      ],
      "outcomes": []
    }
  },
  {
    "nct_id": "NCT00171392",
    "conditions": [
      "Acute Rejection",
      "Kidney Transplantation",
      "Prevention Study"
    ],
    "pico_attributes": {
      "populations": {
        "minimum_age": "18 Years",
        "maximum_age": "NA",
        "country": "",
        "gender": "ALL"
      },
      "interventions": [
        "Coating (film)",
        "Enteral",
        "mycophenolate sodium"
      ],
      "outcomes": []
    }
  },
  {
    "nct_id": "NCT00171405",
    "conditions": [
      "Hypertension, CTCAE"
    ],
    "pico_attributes": {
      "populations": {
        "minimum_age": "18 Years",
        "maximum_age": "NA",
        "country": "United States",
        "gender": "ALL"
      },
      "interventions": [
        "aliskiren"
      ],
      "outcomes": []
    }
  },
  {
    "nct_id": "NCT00171418",
    "conditions": [],
    "pico_attributes": {
      "populations": {
        "minimum_age": "18 Years",
        "maximum_age": "NA",
        "country": "United States",
        "gender": "ALL"
      },
      "interventions": [
        "tegaserod"
      ],
      "outcomes": []
    }
  },
  {
    "nct_id": "NCT00171431",
    "conditions": [
      "Constipation",
      "Main"
    ],
    "pico_attributes": {
      "populations": {
        "minimum_age": "18 Years",
        "maximum_age": "NA",
        "country": "United States",
        "gender": "FEMALE"
      },
      "interventions": [
        "tegaserod"
      ],
      "outcomes": []
    }
  },
  {
    "nct_id": "NCT00171444",
    "conditions": [
      "Hypertension, CTCAE"
    ],
    "pico_attributes": {
      "populations": {
        "minimum_age": "18 Years",
        "maximum_age": "NA",
        "country": "",
        "gender": "ALL"
      },
      "interventions": [
        "Education, Medical"
      ],
      "outcomes": []
    }
  },
  {
    "nct_id": "NCT00171457",
    "conditions": [
      "Dyspepsia",
      "Heartburn"
    ],
    "pico_attributes": {
      "populations": {
        "minimum_age": "18 Years",
        "maximum_age": "NA",
        "country": "United States",
        "gender": "ALL"
      },
      "interventions": [
        "tegaserod"
      ],
      "outcomes": []
    }
  },
  {
    "nct_id": "NCT00171470",
    "conditions": [
      "Dyspepsia"
    ],
    "pico_attributes": {
      "populations": {
        "minimum_age": "18 Years",
        "maximum_age": "NA",
        "country": "United States",
        "gender": "FEMALE"
      },
      "interventions": [
        "tegaserod"
      ],
      "outcomes": []
    }
  },
  {
    "nct_id": "NCT00171483",
    "conditions": [],
    "pico_attributes": {
      "populations": {
        "minimum_age": "18 Years",
        "maximum_age": "70 Years",
        "country": "United States",
        "gender": "ALL"
      },
      "interventions": [
        "tegaserod"
      ],
      "outcomes": []
    }
  },
  {
    "nct_id": "NCT00171496",
    "conditions": [
      "Kidney Transplantation"
    ],
    "pico_attributes": {
      "populations": {
        "minimum_age": "18 Years",
        "maximum_age": "70 Years",
        "country": "",
        "gender": "ALL"
      },
      "interventions": [
        "cyclosporine microemulsion",
        "tacrolimus"
      ],
      "outcomes": []
    }
  },
  {
    "nct_id": "NCT00171509",
    "conditions": [
      "Transplantation of liver"
    ],
    "pico_attributes": {
      "populations": {
        "minimum_age": "18 Years",
        "maximum_age": "70 Years",
        "country": "",
        "gender": "ALL"
      },
      "interventions": [
        "cyclosporine microemulsion"
      ],
      "outcomes": []
    }
  },
  {
    "nct_id": "NCT00171522",
    "conditions": [
      "Constipation"
    ],
    "pico_attributes": {
      "populations": {
        "minimum_age": "18 Years",
        "maximum_age": "64 Years",
        "country": "United States",
        "gender": "FEMALE"
      },
      "interventions": [
        "polyethylene glycol 3350",
        "tegaserod"
      ],
      "outcomes": []
    }
  },
  {
    "nct_id": "NCT00171535",
    "conditions": [
      "Hypertension, CTCAE"
    ],
    "pico_attributes": {
      "populations": {
        "minimum_age": "18 Years",
        "maximum_age": "NA",
        "country": "United States",
        "gender": "ALL"
      },
      "interventions": [
        "amlodipine",
        "valsartan"
      ],
      "outcomes": []
    }
  },
  {
    "nct_id": "NCT00171548",
    "conditions": [
      "Metabolic Syndrome X"
    ],
    "pico_attributes": {
      "populations": {
        "minimum_age": "40 Years",
        "maximum_age": "65 Years",
        "country": "Switzerland",
        "gender": "ALL"
      },
      "interventions": [],
      "outcomes": []
    }
  },
  {
    "nct_id": "NCT00171561",
    "conditions": [
      "Hypertension, CTCAE"
    ],
    "pico_attributes": {
      "populations": {
        "minimum_age": "40 Years",
        "maximum_age": "80 Years",
        "country": "Switzerland",
        "gender": "ALL"
      },
      "interventions": [
        "Hydrochlorothiazide / valsartan"
      ],
      "outcomes": []
    }
  },
  {
    "nct_id": "NCT00171574",
    "conditions": [
      "DIANPH gene",
      "Hypertension, CTCAE"
    ],
    "pico_attributes": {
      "populations": {
        "minimum_age": "18 Years",
        "maximum_age": "70 Years",
        "country": "Switzerland",
        "gender": "ALL"
      },
      "interventions": [
        "In addition to",
        "hydrochlorothiazide",
        "lisinopril",
        "valsartan"
      ],
      "outcomes": []
    }
  },
  {
    "nct_id": "NCT00171587",
    "conditions": [
      "Neoplasm Metastasis",
      "Neoplasms"
    ],
    "pico_attributes": {
      "populations": {
        "minimum_age": "18 Years",
        "maximum_age": "NA",
        "country": "United States",
        "gender": "ALL"
      },
      "interventions": [
        "PTK787/ZK 222584",
        "vatalanib"
      ],
      "outcomes": []
    }
  },
  {
    "nct_id": "NCT00171600",
    "conditions": [
      "DIANPH gene",
      "Early",
      "Hypertension, CTCAE"
    ],
    "pico_attributes": {
      "populations": {
        "minimum_age": "40 Years",
        "maximum_age": "75 Years",
        "country": "Switzerland",
        "gender": "ALL"
      },
      "interventions": [
        "In addition to",
        "hydrochlorothiazide",
        "lisinopril",
        "valsartan"
      ],
      "outcomes": []
    }
  },
  {
    "nct_id": "NCT00171613",
    "conditions": [
      "Hypothalamic obesity"
    ],
    "pico_attributes": {
      "populations": {
        "minimum_age": "6 Years",
        "maximum_age": "17 Years",
        "country": "",
        "gender": "ALL"
      },
      "interventions": [
        "octreotide"
      ],
      "outcomes": []
    }
  },
  {
    "nct_id": "NCT00171626",
    "conditions": [
      "Degenerative polyarthritis"
    ],
    "pico_attributes": {
      "populations": {
        "minimum_age": "35 Years",
        "maximum_age": "NA",
        "country": "United States",
        "gender": "ALL"
      },
      "interventions": [
        "Diclofenac Sodium Gel",
        "Diclofenac Topical Gel",
        "Sodium Drug Class",
        "Topical surface"
      ],
      "outcomes": []
    }
  },
  {
    "nct_id": "NCT00171639",
    "conditions": [
      "Malignant neoplasm of prostate"
    ],
    "pico_attributes": {
      "populations": {
        "minimum_age": "18 Years",
        "maximum_age": "NA",
        "country": "United States",
        "gender": "MALE"
      },
      "interventions": [
        "zoledronic acid"
      ],
      "outcomes": []
    }
  },
  {
    "nct_id": "NCT00171652",
    "conditions": [
      "Degenerative polyarthritis"
    ],
    "pico_attributes": {
      "populations": {
        "minimum_age": "40 Years",
        "maximum_age": "NA",
        "country": "Germany",
        "gender": "ALL"
      },
      "interventions": [
        "Diclofenac Sodium Gel"
      ],
      "outcomes": []
    }
  },
  {
    "nct_id": "NCT00171665",
    "conditions": [
      "Degenerative polyarthritis"
    ],
    "pico_attributes": {
      "populations": {
        "minimum_age": "40 Years",
        "maximum_age": "NA",
        "country": "United States",
        "gender": "ALL"
      },
      "interventions": [
        "Diclofenac Sodium Gel",
        "Diclofenac Topical Gel",
        "Sodium Drug Class",
        "Topical surface"
      ],
      "outcomes": []
    }
  },
  {
    "nct_id": "NCT00171678",
    "conditions": [],
    "pico_attributes": {
      "populations": {
        "minimum_age": "35 Years",
        "maximum_age": "NA",
        "country": "United States",
        "gender": "ALL"
      },
      "interventions": [
        "Diclofenac Sodium Gel",
        "Diclofenac Topical Gel",
        "Sodium Drug Class",
        "Topical surface"
      ],
      "outcomes": []
    }
  },
  {
    "nct_id": "NCT00171691",
    "conditions": [
      "Degenerative polyarthritis"
    ],
    "pico_attributes": {
      "populations": {
        "minimum_age": "35 Years",
        "maximum_age": "NA",
        "country": "United States",
        "gender": "ALL"
      },
      "interventions": [
        "Diclofenac Sodium Gel",
        "Diclofenac Topical Gel",
        "Sodium Drug Class",
        "Topical surface"
      ],
      "outcomes": []
    }
  },
  {
    "nct_id": "NCT00171704",
    "conditions": [
      "Female Breast Carcinoma",
      "Hormone Responsive",
      "Postmenopausal state",
      "Primary",
      "Primary malignant neoplasm of breast",
      "Resected",
      "Woman"
    ],
    "pico_attributes": {
      "populations": {
        "minimum_age": "50 Years",
        "maximum_age": "NA",
        "country": "United Kingdom",
        "gender": "FEMALE"
      },
      "interventions": [
        "letrozole",
        "tamoxifen"
      ],
      "outcomes": [
        "Amount type - Percentage",
        "BaseLine dental cement",
        "Bone Density",
        "Bone remodeling",
        "Bone structure of lumbar vertebra",
        "CD44 wt Allele",
        "Cessation of life",
        "Change -- procedure",
        "Changed status",
        "Count of entities",
        "In addition to",
        "L2 innervation",
        "Measurement of serum lipid level",
        "Median (qualifier value)",
        "Participant",
        "Percent Change From Baseline",
        "RPL4 gene",
        "Relevance",
        "Serum Markers",
        "Time",
        "cholesterol",
        "disease recurrence",
        "year"
      ]
    }
  },
  {
    "nct_id": "NCT00171717",
    "conditions": [
      "Diabetes",
      "Maintenance",
      "Patients",
      "Transplantation of liver",
      "new onset"
    ],
    "pico_attributes": {
      "populations": {
        "minimum_age": "18 Years",
        "maximum_age": "70 Years",
        "country": "",
        "gender": "ALL"
      },
      "interventions": [
        "cyclosporine microemulsion"
      ],
      "outcomes": []
    }
  },
  {
    "nct_id": "NCT00171730",
    "conditions": [
      "Acromegaly"
    ],
    "pico_attributes": {
      "populations": {
        "minimum_age": "18 Years",
        "maximum_age": "80 Years",
        "country": "United States",
        "gender": "ALL"
      },
      "interventions": [
        "pasireotide"
      ],
      "outcomes": [
        "1 (finding)",
        "Acromegaly",
        "Adverse Event Domain",
        "Amount type - Percentage",
        "Assessed",
        "Epworth Sleepiness Scale Questionnaire",
        "In addition to",
        "More",
        "Participant",
        "SLEEP APNEA (device)",
        "Scanning Auger Spectrometer (device)",
        "Symptoms"
      ]
    }
  },
  {
    "nct_id": "NCT00171743",
    "conditions": [
      "Transplantation of liver"
    ],
    "pico_attributes": {
      "populations": {
        "minimum_age": "18 Years",
        "maximum_age": "NA",
        "country": "",
        "gender": "ALL"
      },
      "interventions": [
        "cyclosporine microemulsion"
      ],
      "outcomes": []
    }
  },
  {
    "nct_id": "NCT00171756",
    "conditions": [
      "Hypertension, CTCAE"
    ],
    "pico_attributes": {
      "populations": {
        "minimum_age": "18 Years",
        "maximum_age": "75 Years",
        "country": "Switzerland",
        "gender": "ALL"
      },
      "interventions": [
        "atenolol",
        "valsartan"
      ],
      "outcomes": []
    }
  },
  {
    "nct_id": "NCT00171769",
    "conditions": [
      "Other persistent atrial fibrillation"
    ],
    "pico_attributes": {
      "populations": {
        "minimum_age": "18 Years",
        "maximum_age": "NA",
        "country": "United States",
        "gender": "ALL"
      },
      "interventions": [
        "certoparin"
      ],
      "outcomes": []
    }
  },
  {
    "nct_id": "NCT00171782",
    "conditions": [
      "Hypertension, CTCAE"
    ],
    "pico_attributes": {
      "populations": {
        "minimum_age": "18 Years",
        "maximum_age": "80 Years",
        "country": "",
        "gender": "ALL"
      },
      "interventions": [
        "Hydrochlorothiazide / valsartan"
      ],
      "outcomes": []
    }
  },
  {
    "nct_id": "NCT00171795",
    "conditions": [
      "Traumatic Brain Injury"
    ],
    "pico_attributes": {
      "populations": {
        "minimum_age": "18 Years",
        "maximum_age": "65 Years",
        "country": "",
        "gender": "ALL"
      },
      "interventions": [
        "rivastigmine"
      ],
      "outcomes": []
    }
  },
  {
    "nct_id": "NCT00171808",
    "conditions": [
      "Endometrial Carcinoma"
    ],
    "pico_attributes": {
      "populations": {
        "minimum_age": "18 Years",
        "maximum_age": "NA",
        "country": "Germany",
        "gender": "FEMALE"
      },
      "interventions": [
        "letrozole"
      ],
      "outcomes": []
    }
  },
  {
    "nct_id": "NCT00171821",
    "conditions": [
      "Iron Overload",
      "Transfusion dependent"
    ],
    "pico_attributes": {
      "populations": {
        "minimum_age": "2 Years",
        "maximum_age": "NA",
        "country": "United Kingdom",
        "gender": "ALL"
      },
      "interventions": [
        "deferasirox"
      ],
      "outcomes": []
    }
  },
  {
    "nct_id": "NCT00171834",
    "conditions": [
      "Carcinoma",
      "Lung",
      "Non-small cell"
    ],
    "pico_attributes": {
      "populations": {
        "minimum_age": "18 Years",
        "maximum_age": "NA",
        "country": "United States",
        "gender": "ALL"
      },
      "interventions": [
        "epothilone B"
      ],
      "outcomes": [
        "Best Overall Response",
        "Count of entities",
        "Duration",
        "Global Stable Disease",
        "Overall",
        "Overall Response",
        "Overall Survival",
        "Participant",
        "Patient Condition Code - Stable",
        "Response Duration",
        "Stage level 1",
        "Stage level 2",
        "Survival time",
        "Time",
        "disease length"
      ]
    }
  },
  {
    "nct_id": "NCT00171847",
    "conditions": [
      "Carcinoma breast stage IV"
    ],
    "pico_attributes": {
      "populations": {
        "minimum_age": "18 Years",
        "maximum_age": "NA",
        "country": "Germany",
        "gender": "FEMALE"
      },
      "interventions": [
        "In addition to",
        "Letrozole/Trastuzumab Regimen",
        "letrozole"
      ],
      "outcomes": []
    }
  },
  {
    "nct_id": "NCT00171860",
    "conditions": [
      "Disseminated eosinophilic collagen disease"
    ],
    "pico_attributes": {
      "populations": {
        "minimum_age": "18 Years",
        "maximum_age": "NA",
        "country": "Belgium",
        "gender": "ALL"
      },
      "interventions": [
        "imatinib mesylate"
      ],
      "outcomes": []
    }
  },
  {
    "nct_id": "NCT00171873",
    "conditions": [
      "Neuroendocrine Tumors"
    ],
    "pico_attributes": {
      "populations": {
        "minimum_age": "18 Years",
        "maximum_age": "NA",
        "country": "Germany",
        "gender": "ALL"
      },
      "interventions": [
        "% release (qualifier value)",
        "ACTG1 wt Allele",
        "Long",
        "Low Anterior Resection",
        "Placebo Control",
        "octreotide"
      ],
      "outcomes": [
        "AT genotype",
        "Biochemical Diagnosis",
        "Comparison",
        "Continuance of life",
        "In addition to",
        "Interval",
        "Monthly (qualifier value)",
        "Perceived quality of life",
        "Questionnaires",
        "Study Start",
        "Symptom control (regime/therapy)",
        "Three"
      ]
    }
  },
  {
    "nct_id": "NCT00171886",
    "conditions": [
      "Acromegaly"
    ],
    "pico_attributes": {
      "populations": {
        "minimum_age": "18 Years",
        "maximum_age": "80 Years",
        "country": "Spain",
        "gender": "ALL"
      },
      "interventions": [
        "octreotide"
      ],
      "outcomes": []
    }
  },
  {
    "nct_id": "NCT00171899",
    "conditions": [
      "Myeloid Leukemia, Chronic"
    ],
    "pico_attributes": {
      "populations": {
        "minimum_age": "18 Years",
        "maximum_age": "NA",
        "country": "Canada",
        "gender": "ALL"
      },
      "interventions": [
        "imatinib mesylate"
      ],
      "outcomes": []
    }
  },
  {
    "nct_id": "NCT00171912",
    "conditions": [
      "Dermatofibrosarcoma",
      "Disseminated eosinophilic collagen disease",
      "Juvenile Myelomonocytic Leukemia",
      "Mastocytosis, Systemic"
    ],
    "pico_attributes": {
      "populations": {
        "minimum_age": "16 Years",
        "maximum_age": "80 Years",
        "country": "Australia",
        "gender": "ALL"
      },
      "interventions": [
        "imatinib mesylate"
      ],
      "outcomes": []
    }
  },
  {
    "nct_id": "NCT00171925",
    "conditions": [
      "DS Stage I Plasma Cell Myeloma"
    ],
    "pico_attributes": {
      "populations": {
        "minimum_age": "18 Years",
        "maximum_age": "NA",
        "country": "Germany",
        "gender": "ALL"
      },
      "interventions": [
        "CALCIUM/VITAMIN D",
        "zoledronic acid"
      ],
      "outcomes": [
        "Complication",
        "Count of entities",
        "Disease Progression",
        "Has development",
        "In addition to",
        "Individual",
        "Number of patients",
        "Participant",
        "Progression-Free Survival",
        "Skeletal",
        "Skeletal Development",
        "criteria",
        "day"
      ]
    }
  },
  {
    "nct_id": "NCT00171938",
    "conditions": [
      "Adult Glioblastoma"
    ],
    "pico_attributes": {
      "populations": {
        "minimum_age": "18 Years",
        "maximum_age": "NA",
        "country": "Brazil",
        "gender": "ALL"
      },
      "interventions": [
        "imatinib mesylate"
      ],
      "outcomes": []
    }
  },
  {
    "nct_id": "NCT00171951",
    "conditions": [
      "Pituitary-dependent Cushing's disease"
    ],
    "pico_attributes": {
      "populations": {
        "minimum_age": "18 Years",
        "maximum_age": "NA",
        "country": "United States",
        "gender": "ALL"
      },
      "interventions": [
        "pasireotide"
      ],
      "outcomes": [
        "BaseLine dental cement",
        "Biological Markers",
        "Blood Proteins",
        "Change -- procedure",
        "Gene Expression",
        "Plasma",
        "Serum cortisol measurement",
        "TAF1 wt Allele",
        "Trough",
        "Trough Concentration",
        "pasireotide",
        "plasma concentration",
        "urinary tract development"
      ]
    }
  }
]