[
  {
    "nct_id": "NCT00449657",
    "conditions": [
      "NCI CTEP SDC Non-Small Cell Lung Cancer Sub-Category Terminology"
    ],
    "pico_attributes": {
      "populations": {
        "minimum_age": "18 Years",
        "maximum_age": "NA",
        "country": "United States",
        "gender": "ALL"
      },
      "interventions": [
        "Radiation Oncology specialty",
        "Taxol",
        "carboplatin",
        "gemcitabine",
        "paclitaxel"
      ],
      "outcomes": []
    }
  },
  {
    "nct_id": "NCT00449670",
    "conditions": [
      "Influenza",
      "Influenza virus vaccine"
    ],
    "pico_attributes": {
      "populations": {
        "minimum_age": "18 Years",
        "maximum_age": "60 Years",
        "country": "Thailand",
        "gender": "ALL"
      },
      "interventions": [
        "Adjuvant",
        "Emotional Strain",
        "Indonesia",
        "Influenza A Virus, H5N1 Subtype",
        "Influenza in Birds",
        "Negation",
        "Splitting",
        "Vaccines",
        "Vietnam",
        "Viral Vaccines"
      ],
      "outcomes": [
        "ABCC8 gene",
        "Adult",
        "Adverse Event Domain",
        "Against",
        "Analysis",
        "Antibodies",
        "Antibodies, Neutralizing",
        "Bayer Corneal Epitheliopathy Grade 3",
        "Biological Markers",
        "Boost",
        "Booster 2",
        "CD4 Expressing Cell Count",
        "CD8 Expressing Cell Count",
        "Cell Differentiation process",
        "Cluster",
        "Count of entities",
        "Disease",
        "Dosage",
        "Entity Determiner - specific",
        "Frequencies (time pattern)",
        "General symptom",
        "Human Study Subject",
        "In Vitro Route of Administration",
        "Influenza",
        "LIN7B gene",
        "Local",
        "Microbiology subtype strains",
        "Monthly (qualifier value)",
        "Negation",
        "Phase",
        "Phase 2",
        "Preposition For",
        "Receive",
        "Recombinant Cytokines",
        "Related personal status",
        "Scanning Auger Spectrometer (device)",
        "Secondary Immunization",
        "Stimulation (motivation)",
        "Symptoms",
        "T-Lymphocyte",
        "Upon - dosing instruction fragment"
      ]
    }
  },
  {
    "nct_id": "NCT00449683",
    "conditions": [
      "Hyperhidrosis disorder"
    ],
    "pico_attributes": {
      "populations": {
        "minimum_age": "18 Years",
        "maximum_age": "75 Years",
        "country": "United States",
        "gender": "ALL"
      },
      "interventions": [
        "terazosin"
      ],
      "outcomes": []
    }
  },
  {
    "nct_id": "NCT00449696",
    "conditions": [
      "Osteoarthritis, Knee"
    ],
    "pico_attributes": {
      "populations": {
        "minimum_age": "40 Years",
        "maximum_age": "80 Years",
        "country": "United States",
        "gender": "ALL"
      },
      "interventions": [
        "200",
        "Gel",
        "Placebo Control"
      ],
      "outcomes": [
        "Acetaminophen [EPC]",
        "BaseLine dental cement",
        "Change -- procedure",
        "Consumption of goods",
        "Human Study Subject",
        "Montreal Cognitive Assessment Total Score",
        "Physical Function Subordinate Domain",
        "Physician:Identifier:Point in time:^Patient:Nominal",
        "Stiffness",
        "Vibroacoustic Stimulation",
        "global assessment"
      ]
    }
  },
  {
    "nct_id": "NCT00449709",
    "conditions": [
      "Immature",
      "Labor (Childbirth)",
      "Premature Ejaculation"
    ],
    "pico_attributes": {
      "populations": {
        "minimum_age": "18 Years",
        "maximum_age": "50 Years",
        "country": "United States",
        "gender": "ALL"
      },
      "interventions": [],
      "outcomes": []
    }
  },
  {
    "nct_id": "NCT00449722",
    "conditions": [
      "Ulcerative Colitis"
    ],
    "pico_attributes": {
      "populations": {
        "minimum_age": "18 Years",
        "maximum_age": "75 Years",
        "country": "Germany",
        "gender": "ALL"
      },
      "interventions": [
        "mesalamine"
      ],
      "outcomes": []
    }
  },
  {
    "nct_id": "NCT00449735",
    "conditions": [
      "Bacterial Infections"
    ],
    "pico_attributes": {
      "populations": {
        "minimum_age": "18 Years",
        "maximum_age": "NA",
        "country": "United States",
        "gender": "ALL"
      },
      "interventions": [],
      "outcomes": []
    }
  },
  {
    "nct_id": "NCT00449748",
    "conditions": [
      "Mastocytosis, Systemic"
    ],
    "pico_attributes": {
      "populations": {
        "minimum_age": "18 Years",
        "maximum_age": "NA",
        "country": "United States",
        "gender": "ALL"
      },
      "interventions": [
        "RAD 001",
        "everolimus"
      ],
      "outcomes": [
        "Clinical Trial Objective",
        "Count of entities",
        "Disease Response",
        "Participant"
      ]
    }
  },
  {
    "nct_id": "NCT00449761",
    "conditions": [
      "Childhood Leukemia",
      "Myeloid",
      "chronic"
    ],
    "pico_attributes": {
      "populations": {
        "minimum_age": "18 Years",
        "maximum_age": "NA",
        "country": "United States",
        "gender": "ALL"
      },
      "interventions": [
        "LBH589"
      ],
      "outcomes": [
        "Act Relationship Subset - maximum",
        "And",
        "Area",
        "BCR-ABL Fusion Gene",
        "BaseLine dental cement",
        "Cameroon",
        "Change -- procedure",
        "Cmax",
        "Compleat Liquid Nutrition",
        "Cytogenetic Response",
        "Cytogenetics",
        "Disease Progression",
        "Duration",
        "Entry (data)",
        "Extreme",
        "Frequency of Responses",
        "Hematologic",
        "Hematologic Response",
        "Last",
        "MRC1 wt Allele",
        "Major",
        "Major Cytogenetic Response in Chronic Myelogenous Leukemia, BCR-ABL1 Positive",
        "Molecular Response",
        "Mutation",
        "Numerical value",
        "Observed",
        "Oral",
        "Overall",
        "Overall Survival",
        "Partial",
        "Participant",
        "Plasma",
        "QT interval feature (observable entity)",
        "Rate",
        "Receive",
        "Response Duration",
        "Room of building - Study",
        "Safety",
        "Survival time",
        "Time",
        "Tolerability Study",
        "panobinostat",
        "plasma concentration"
      ]
    }
  },
  {
    "nct_id": "NCT00449774",
    "conditions": [
      "Mental disorders"
    ],
    "pico_attributes": {
      "populations": {
        "minimum_age": "19 Years",
        "maximum_age": "55 Years",
        "country": "United States",
        "gender": "ALL"
      },
      "interventions": [
        "INSR protein, human",
        "Optical Doppler Tomography",
        "lamotrigine Oral Tablet"
      ],
      "outcomes": []
    }
  },
  {
    "nct_id": "NCT00449787",
    "conditions": [
      "Headache Disorders, Primary",
      "Migraine Disorders",
      "Tension Headache"
    ],
    "pico_attributes": {
      "populations": {
        "minimum_age": "18 Years",
        "maximum_age": "65 Years",
        "country": "United States",
        "gender": "ALL"
      },
      "interventions": [
        "Sumatriptan 100 MG",
        "naproxen"
      ],
      "outcomes": [
        "Client satisfaction",
        "Functional Disability",
        "Headache",
        "Numbers",
        "Related personal status",
        "rating scale"
      ]
    }
  },
  {
    "nct_id": "NCT00449800",
    "conditions": [
      "Sepsis",
      "Septic Shock",
      "Severe Sepsis"
    ],
    "pico_attributes": {
      "populations": {
        "minimum_age": "18 Years",
        "maximum_age": "NA",
        "country": "France",
        "gender": "ALL"
      },
      "interventions": [
        "ceftriaxone"
      ],
      "outcomes": []
    }
  },
  {
    "nct_id": "NCT00449813",
    "conditions": [
      "Acid reflux",
      "Disease",
      "Gastroesophageal Reflux Disease, CTCAE",
      "Non-erosive"
    ],
    "pico_attributes": {
      "populations": {
        "minimum_age": "18 Years",
        "maximum_age": "NA",
        "country": "Switzerland",
        "gender": "ALL"
      },
      "interventions": [
        "pantoprazole"
      ],
      "outcomes": []
    }
  },
  {
    "nct_id": "NCT00449826",
    "conditions": [
      "Acute Coronary Syndrome",
      "Angina, Unstable",
      "Non ST ELEVATION MYOCARDIAL INFARCTION"
    ],
    "pico_attributes": {
      "populations": {
        "minimum_age": "18 Years",
        "maximum_age": "NA",
        "country": "Canada",
        "gender": "ALL"
      },
      "interventions": [
        "Cardiac Computerized Tomographic Angiography"
      ],
      "outcomes": []
    }
  },
  {
    "nct_id": "NCT00449839",
    "conditions": [
      "Diabetes"
    ],
    "pico_attributes": {
      "populations": {
        "minimum_age": "18 Years",
        "maximum_age": "50 Years",
        "country": "Denmark",
        "gender": "ALL"
      },
      "interventions": [
        "Insulin Aspart"
      ],
      "outcomes": []
    }
  },
  {
    "nct_id": "NCT00449852",
    "conditions": [
      "Coronary Arteriosclerosis"
    ],
    "pico_attributes": {
      "populations": {
        "minimum_age": "18 Years",
        "maximum_age": "90 Years",
        "country": "Canada",
        "gender": "ALL"
      },
      "interventions": [
        "Disease Response",
        "Interaction",
        "TelecommunicationCapabilities <voice>"
      ],
      "outcomes": []
    }
  },
  {
    "nct_id": "NCT00449865",
    "conditions": [
      "Parkinson Disease"
    ],
    "pico_attributes": {
      "populations": {
        "minimum_age": "NA",
        "maximum_age": "NA",
        "country": "United States",
        "gender": "ALL"
      },
      "interventions": [
        "Placebo Control",
        "creatine"
      ],
      "outcomes": [
        "Activities of Daily Living (activity)",
        "Ambulatory - qualifier value",
        "BaseLine dental cement",
        "Capacity",
        "Changing",
        "Clinical Item",
        "Combined",
        "Digit - number character",
        "England",
        "From",
        "Generalized",
        "Modality",
        "Parkinson Disease",
        "Questionnaires",
        "Result",
        "information change",
        "symbol",
        "year"
      ]
    }
  },
  {
    "nct_id": "NCT00449878",
    "conditions": [
      "Cystic Fibrosis",
      "Exocrine pancreatic insufficiency"
    ],
    "pico_attributes": {
      "populations": {
        "minimum_age": "7 Years",
        "maximum_age": "NA",
        "country": "United States",
        "gender": "ALL"
      },
      "interventions": [
        "Placebo Control"
      ],
      "outcomes": []
    }
  },
  {
    "nct_id": "NCT00449891",
    "conditions": [
      "Diabetes Mellitus, Insulin-Dependent"
    ],
    "pico_attributes": {
      "populations": {
        "minimum_age": "3 Years",
        "maximum_age": "10 Years",
        "country": "United States",
        "gender": "ALL"
      },
      "interventions": [],
      "outcomes": []
    }
  },
  {
    "nct_id": "NCT00449904",
    "conditions": [
      "Cystic Fibrosis",
      "Exocrine pancreatic insufficiency"
    ],
    "pico_attributes": {
      "populations": {
        "minimum_age": "7 Years",
        "maximum_age": "NA",
        "country": "United States",
        "gender": "ALL"
      },
      "interventions": [],
      "outcomes": []
    }
  },
  {
    "nct_id": "NCT00449917",
    "conditions": [
      "Macular Pigment",
      "Optical density function"
    ],
    "pico_attributes": {
      "populations": {
        "minimum_age": "45 Years",
        "maximum_age": "55 Years",
        "country": "France",
        "gender": "MALE"
      },
      "interventions": [
        "VITAMINS [VA Class]",
        "docosahexaenoic acid",
        "lutein"
      ],
      "outcomes": []
    }
  },
  {
    "nct_id": "NCT00449930",
    "conditions": [
      "Diabetes Mellitus, Non-Insulin-Dependent"
    ],
    "pico_attributes": {
      "populations": {
        "minimum_age": "18 Years",
        "maximum_age": "78 Years",
        "country": "United States",
        "gender": "ALL"
      },
      "interventions": [
        "Comparator",
        "metformin hydrochloride",
        "sitagliptin phosphate"
      ],
      "outcomes": [
        "1+",
        "Abdominal Pain",
        "Adverse event",
        "Bothered by Nausea",
        "Bothered by Vomiting",
        "Diarrhea",
        "Episode of",
        "More",
        "Number of patients",
        "Report (document)"
      ]
    }
  },
  {
    "nct_id": "NCT00449943",
    "conditions": [
      "Coronary Arteriosclerosis"
    ],
    "pico_attributes": {
      "populations": {
        "minimum_age": "18 Years",
        "maximum_age": "NA",
        "country": "Canada",
        "gender": "ALL"
      },
      "interventions": [
        "Cardiac Computerized Tomographic Angiography",
        "Diagnostic Imaging",
        "Myocardial Perfusion Imaging",
        "Radionuclide Imaging",
        "Radionuclide myocardial perfusion study"
      ],
      "outcomes": []
    }
  },
  {
    "nct_id": "NCT00449956",
    "conditions": [
      "Glaucoma"
    ],
    "pico_attributes": {
      "populations": {
        "minimum_age": "20 Years",
        "maximum_age": "NA",
        "country": "Japan",
        "gender": "ALL"
      },
      "interventions": [
        "Comparator",
        "dorzolamide hydrochloride",
        "timolol maleate"
      ],
      "outcomes": [
        "CD44 wt Allele",
        "Decrease in pressure (physical force)",
        "Percent Change From Baseline",
        "Pressure Rate",
        "Rate",
        "Reduced",
        "week"
      ]
    }
  },
  {
    "nct_id": "NCT00449969",
    "conditions": [
      "Cardiac Arrest",
      "Resuscitation procedure"
    ],
    "pico_attributes": {
      "populations": {
        "minimum_age": "18 Years",
        "maximum_age": "NA",
        "country": "Germany",
        "gender": "ALL"
      },
      "interventions": [
        "Cystamine Dihydrochloride",
        "Patient Reported Outcome"
      ],
      "outcomes": []
    }
  },
  {
    "nct_id": "NCT00449982",
    "conditions": [
      "Condylomata Acuminata"
    ],
    "pico_attributes": {
      "populations": {
        "minimum_age": "18 Years",
        "maximum_age": "NA",
        "country": "United States",
        "gender": "ALL"
      },
      "interventions": [
        "10%",
        "Polyphenon E Topical Ointment"
      ],
      "outcomes": []
    }
  },
  {
    "nct_id": "NCT00449995",
    "conditions": [
      "Barrett Esophagus"
    ],
    "pico_attributes": {
      "populations": {
        "minimum_age": "18 Years",
        "maximum_age": "80 Years",
        "country": "Germany",
        "gender": "ALL"
      },
      "interventions": [
        "Laser Device",
        "Laser Microscopy",
        "Microscopy, Confocal"
      ],
      "outcomes": []
    }
  },
  {
    "nct_id": "NCT00450008",
    "conditions": [
      "Prostatic Neoplasms"
    ],
    "pico_attributes": {
      "populations": {
        "minimum_age": "18 Years",
        "maximum_age": "NA",
        "country": "United States",
        "gender": "MALE"
      },
      "interventions": [
        "Granulocyte-Macrophage Colony-Stimulating Factor",
        "docetaxel",
        "thalidomide"
      ],
      "outcomes": []
    }
  },
  {
    "nct_id": "NCT00450021",
    "conditions": [
      "Healthy"
    ],
    "pico_attributes": {
      "populations": {
        "minimum_age": "18 Years",
        "maximum_age": "65 Years",
        "country": "United States",
        "gender": "ALL"
      },
      "interventions": [],
      "outcomes": []
    }
  },
  {
    "nct_id": "NCT00450034",
    "conditions": [
      "Frail elderly assessment",
      "Generalized",
      "medical patients"
    ],
    "pico_attributes": {
      "populations": {
        "minimum_age": "70 Years",
        "maximum_age": "NA",
        "country": "France",
        "gender": "ALL"
      },
      "interventions": [
        "Medication intervention",
        "Multifaceted",
        "Orientation (spatial)"
      ],
      "outcomes": []
    }
  },
  {
    "nct_id": "NCT00450047",
    "conditions": [
      "Dementia"
    ],
    "pico_attributes": {
      "populations": {
        "minimum_age": "65 Years",
        "maximum_age": "NA",
        "country": "",
        "gender": "ALL"
      },
      "interventions": [
        "Bicycle ergometer",
        "Conventional",
        "Feedback - evaluative response process",
        "Settings",
        "Speed (motion)",
        "ergometers",
        "systems therapy"
      ],
      "outcomes": []
    }
  },
  {
    "nct_id": "NCT00450060",
    "conditions": [
      "Headache"
    ],
    "pico_attributes": {
      "populations": {
        "minimum_age": "4 Years",
        "maximum_age": "18 Years",
        "country": "Germany",
        "gender": "ALL"
      },
      "interventions": [
        "CDISC SEND Study Design Terminology",
        "Lumbar puncture needle"
      ],
      "outcomes": []
    }
  },
  {
    "nct_id": "NCT00450073",
    "conditions": [
      "Cystic Fibrosis"
    ],
    "pico_attributes": {
      "populations": {
        "minimum_age": "18 Years",
        "maximum_age": "60 Years",
        "country": "United States",
        "gender": "ALL"
      },
      "interventions": [
        "Chromosome Deletion",
        "Ergocalciferol Drug Product",
        "Lights, manufactured",
        "Sleep Onset Latency",
        "cholecalciferol",
        "ergocalciferol"
      ],
      "outcomes": [
        "25-hydroxyvitamin D",
        "BGLAP gene",
        "Parathyroid Hormone [EPC]",
        "Serum"
      ]
    }
  },
  {
    "nct_id": "NCT00450086",
    "conditions": [
      "Colitis, Collagenous"
    ],
    "pico_attributes": {
      "populations": {
        "minimum_age": "18 Years",
        "maximum_age": "80 Years",
        "country": "Germany",
        "gender": "ALL"
      },
      "interventions": [
        "Placebo Control",
        "budesonide",
        "mesalamine"
      ],
      "outcomes": []
    }
  },
  {
    "nct_id": "NCT00450099",
    "conditions": [
      "Acute onset pain"
    ],
    "pico_attributes": {
      "populations": {
        "minimum_age": "18 Years",
        "maximum_age": "50 Years",
        "country": "Canada",
        "gender": "FEMALE"
      },
      "interventions": [
        "bupivacaine"
      ],
      "outcomes": []
    }
  },
  {
    "nct_id": "NCT00450112",
    "conditions": [
      "Osteoarthritis, Knee"
    ],
    "pico_attributes": {
      "populations": {
        "minimum_age": "40 Years",
        "maximum_age": "80 Years",
        "country": "United States",
        "gender": "ALL"
      },
      "interventions": [
        "200",
        "Gel"
      ],
      "outcomes": [
        "200",
        "Acetaminophen [EPC]",
        "Act Relationship Type - occurrence",
        "Adverse Event Domain",
        "BaseLine dental cement",
        "Consumption of goods",
        "Following",
        "Gel",
        "Human Study Subject",
        "Improvement",
        "Injection, intraarticular route",
        "Local",
        "Montreal Cognitive Assessment Total Score",
        "Physical Function Subordinate Domain",
        "Physician:Identifier:Point in time:^Patient:Nominal",
        "Repeat",
        "Singular",
        "Stiffness",
        "Systemic",
        "Vibroacoustic Stimulation",
        "global assessment"
      ]
    }
  },
  {
    "nct_id": "NCT00450125",
    "conditions": [
      "Carcinoma of lung"
    ],
    "pico_attributes": {
      "populations": {
        "minimum_age": "18 Years",
        "maximum_age": "90 Years",
        "country": "United States",
        "gender": "ALL"
      },
      "interventions": [
        "6-Minute Walk Test",
        "Exercise stress test"
      ],
      "outcomes": []
    }
  },
  {
    "nct_id": "NCT00450138",
    "conditions": [
      "Head and Neck Carcinoma"
    ],
    "pico_attributes": {
      "populations": {
        "minimum_age": "18 Years",
        "maximum_age": "NA",
        "country": "United States",
        "gender": "ALL"
      },
      "interventions": [
        "Electromagnetic Radiation",
        "ZD 6474",
        "cisplatin",
        "vandetanib"
      ],
      "outcomes": []
    }
  },
  {
    "nct_id": "NCT00450151",
    "conditions": [
      "Coronary Artery Disease"
    ],
    "pico_attributes": {
      "populations": {
        "minimum_age": "NA",
        "maximum_age": "7 Years",
        "country": "United States",
        "gender": "ALL"
      },
      "interventions": [],
      "outcomes": []
    }
  },
  {
    "nct_id": "NCT00450164",
    "conditions": [
      "Cirrhosis",
      "Gastrointestinal Hemorrhage",
      "Portal Hypertension"
    ],
    "pico_attributes": {
      "populations": {
        "minimum_age": "18 Years",
        "maximum_age": "80 Years",
        "country": "Spain",
        "gender": "ALL"
      },
      "interventions": [
        "Ligation of varicose vein",
        "isosorbide mononitrate",
        "nadolol",
        "prazosin"
      ],
      "outcomes": []
    }
  },
  {
    "nct_id": "NCT00450177",
    "conditions": [
      "Critical Illness",
      "Patients",
      "anaemic"
    ],
    "pico_attributes": {
      "populations": {
        "minimum_age": "18 Years",
        "maximum_age": "NA",
        "country": "United States",
        "gender": "ALL"
      },
      "interventions": [
        "ferrous sulfate",
        "placebo Oral Tablet"
      ],
      "outcomes": [
        "1 (finding)",
        "Able to Concentrate Question",
        "Admission activity",
        "Antibiotic throat preparations",
        "Average",
        "Blood Transfusion",
        "Blood erythrocyte concentration",
        "Cessation of life",
        "Communicable Diseases",
        "Constipation",
        "Count of entities",
        "Dietary Iron",
        "Erythrocytes",
        "Ferritin",
        "Hematocrit level",
        "Hospital Mortality",
        "Hospital admission",
        "Hospital environment",
        "Human Study Subject",
        "Infections, Hospital",
        "Instance relation",
        "Length of Stay",
        "Measured",
        "Pharmaceutical Preparations",
        "Receive",
        "Serum ferritin measurement",
        "Serum iron measurement",
        "Take",
        "day",
        "serum concentration",
        "zinc protoporphyrin"
      ]
    }
  },
  {
    "nct_id": "NCT00450190",
    "conditions": [
      "Growth Disorders"
    ],
    "pico_attributes": {
      "populations": {
        "minimum_age": "NA",
        "maximum_age": "NA",
        "country": "",
        "gender": "ALL"
      },
      "interventions": [
        "Devices",
        "Saizen"
      ],
      "outcomes": [
        "Devices",
        "Feedback - evaluative response process",
        "Firstly",
        "Human Study Subject",
        "Impression",
        "Inclusion",
        "Nurses",
        "Overall",
        "Patient Visit",
        "Preparation",
        "Stat (do immediately)",
        "Training",
        "Use of"
      ]
    }
  },
  {
    "nct_id": "NCT00450203",
    "conditions": [
      "Cancer Genus",
      "Esophagogastric"
    ],
    "pico_attributes": {
      "populations": {
        "minimum_age": "18 Years",
        "maximum_age": "NA",
        "country": "United Kingdom",
        "gender": "ALL"
      },
      "interventions": [
        "Adjuvant Therapy",
        "Conventional Surgery",
        "Neoadjuvant Therapy",
        "bevacizumab",
        "capecitabine",
        "cisplatin",
        "epirubicin",
        "lapatinib"
      ],
      "outcomes": []
    }
  },
  {
    "nct_id": "NCT00450216",
    "conditions": [
      "Ulcer"
    ],
    "pico_attributes": {
      "populations": {
        "minimum_age": "40 Years",
        "maximum_age": "80 Years",
        "country": "United States",
        "gender": "ALL"
      },
      "interventions": [
        "Famotidine / Ibuprofen",
        "ibuprofen"
      ],
      "outcomes": [
        "Administration procedure",
        "Count of entities",
        "Diagnosis",
        "Duodenal Ulcer",
        "Gastric ulcer",
        "Participant",
        "Period (temporal qualifier)",
        "Weekly"
      ]
    }
  },
  {
    "nct_id": "NCT00450229",
    "conditions": [
      "Adenocarcinoma of prostate",
      "Malignant neoplasm of prostate",
      "Stage I Prostate Cancer AJCC v7",
      "Stage II Prostate Cancer AJCC v7"
    ],
    "pico_attributes": {
      "populations": {
        "minimum_age": "18 Years",
        "maximum_age": "NA",
        "country": "United States",
        "gender": "MALE"
      },
      "interventions": [
        "3,3'-diindolylmethane",
        "Laboratory Biomarker Analysis",
        "Pharmacological Study",
        "Placebo Control",
        "Therapeutic Conventional Surgery"
      ],
      "outcomes": []
    }
  },
  {
    "nct_id": "NCT00450242",
    "conditions": [
      "Vulvar Vestibulitis"
    ],
    "pico_attributes": {
      "populations": {
        "minimum_age": "18 Years",
        "maximum_age": "50 Years",
        "country": "United States",
        "gender": "FEMALE"
      },
      "interventions": [
        "+5",
        "Cream",
        "Lidocaine Topical Ointment",
        "Lidocaine Topical Product",
        "Ointment Dosage Form Category",
        "Placebo Control",
        "Topical Ointment",
        "Topical surface",
        "lidocaine"
      ],
      "outcomes": [
        "Ability",
        "Changing",
        "Coitus",
        "Count of entities",
        "GDC Treatment Outcome Terminology",
        "Pain scale",
        "Participant",
        "Perceived quality of life",
        "Regulatory Report",
        "SF-12",
        "Score"
      ]
    }
  },
  {
    "nct_id": "NCT00450255",
    "conditions": [
      "A Medium Amount",
      "Ciliary Body",
      "IV number:ID:Pt:^Patient:Nom",
      "Large",
      "Malignant melanoma of choroid",
      "Malignant melanoma of iris",
      "Metastatic Uveal Melanoma",
      "Ocular Melanoma with Extraocular Extension",
      "Recurrent Cutaneous Melanoma",
      "Recurrent Uveal Melanoma",
      "Stage III Cutaneous Melanoma AJCC v6",
      "size",
      "stage, melanoma"
    ],
    "pico_attributes": {
      "populations": {
        "minimum_age": "18 Years",
        "maximum_age": "120 Years",
        "country": "United States",
        "gender": "ALL"
      },
      "interventions": [
        "Pharmacological Study",
        "ziv-aflibercept"
      ],
      "outcomes": [
        "4+ Answer to question",
        "CALB2 protein, human",
        "Clinical Trial Objective",
        "Count of entities",
        "Frequency of Responses",
        "GDC Progression or Recurrence Terminology",
        "IMPACT gene",
        "Laboratory",
        "Monthly (qualifier value)",
        "Overall Survival",
        "Participant",
        "Progression-Free Survival",
        "Therapeutic procedure",
        "Toxic effect",
        "aflibercept"
      ]
    }
  },
  {
    "nct_id": "NCT00450268",
    "conditions": [
      "Graft-Versus-Host Disease Pathway"
    ],
    "pico_attributes": {
      "populations": {
        "minimum_age": "18 Years",
        "maximum_age": "NA",
        "country": "Germany",
        "gender": "ALL"
      },
      "interventions": [
        "Biopsy of skin procedure",
        "Blood",
        "Does shave (finding)",
        "Drawings (art)",
        "Shave biopsy - action",
        "Skin"
      ],
      "outcomes": []
    }
  },
  {
    "nct_id": "NCT00450281",
    "conditions": [
      "Carcinoma of lung"
    ],
    "pico_attributes": {
      "populations": {
        "minimum_age": "18 Years",
        "maximum_age": "120 Years",
        "country": "United States",
        "gender": "ALL"
      },
      "interventions": [
        "Chromogenic in situ Hybridization",
        "Fluorescent Antibody Technique",
        "Gene Expression Analysis",
        "Genetic Variation Analysis",
        "Immunohistochemistry",
        "Laboratory Biomarker Analysis",
        "Matrix-Assisted Laser Desorption/Ionization-Time of Flight Mass Spectrometry",
        "Polymerase Chain Reaction",
        "Polymorphism Analysis",
        "Room of building - Study",
        "Study of High Risk Factors",
        "demographic characteristics",
        "socioeconomic"
      ],
      "outcomes": []
    }
  },
  {
    "nct_id": "NCT00450294",
    "conditions": [
      "Blindness",
      "Intraocular pressure disorder",
      "Optic Neuropathy, Ischemic",
      "Visual Impairment"
    ],
    "pico_attributes": {
      "populations": {
        "minimum_age": "18 Years",
        "maximum_age": "NA",
        "country": "Canada",
        "gender": "ALL"
      },
      "interventions": [],
      "outcomes": [
        "Aortic Aneurysm, Abdominal",
        "Event",
        "Interval",
        "Intraocular pressure disorder",
        "Left",
        "Open Surgical Procedure",
        "Right",
        "VARIOUS DRUG CLASSES IN ATC"
      ]
    }
  },
  {
    "nct_id": "NCT00450307",
    "conditions": [
      "Central neuroblastoma"
    ],
    "pico_attributes": {
      "populations": {
        "minimum_age": "NA",
        "maximum_age": "21 Years",
        "country": "United States",
        "gender": "ALL"
      },
      "interventions": [
        "CSF2 gene",
        "monoclonal antibody 3F8"
      ],
      "outcomes": []
    }
  },
  {
    "nct_id": "NCT00450320",
    "conditions": [
      "Malignant neoplasm of soft tissue"
    ],
    "pico_attributes": {
      "populations": {
        "minimum_age": "18 Years",
        "maximum_age": "NA",
        "country": "United States",
        "gender": "ALL"
      },
      "interventions": [
        "sirolimus"
      ],
      "outcomes": []
    }
  },
  {
    "nct_id": "NCT00450333",
    "conditions": [
      "Anemia",
      "Kidney Failure"
    ],
    "pico_attributes": {
      "populations": {
        "minimum_age": "18 Years",
        "maximum_age": "NA",
        "country": "United Kingdom",
        "gender": "ALL"
      },
      "interventions": [
        "epoetin delta"
      ],
      "outcomes": [
        "BaseLine dental cement",
        "CD44 wt Allele",
        "Change -- procedure",
        "Equal",
        "Gram per Deciliter",
        "Hematocrit procedure",
        "Hemoglobin",
        "Levels (qualifier value)",
        "Number of patients",
        "week"
      ]
    }
  },
  {
    "nct_id": "NCT00450359",
    "conditions": [
      "Breast Carcinoma"
    ],
    "pico_attributes": {
      "populations": {
        "minimum_age": "50 Years",
        "maximum_age": "70 Years",
        "country": "United Kingdom",
        "gender": "FEMALE"
      },
      "interventions": [
        "Breast Imaging Study",
        "Comparison of Screening Methods",
        "Radiomammography"
      ],
      "outcomes": []
    }
  },
  {
    "nct_id": "NCT00450372",
    "conditions": [
      "Melanoma Pathway",
      "Skin"
    ],
    "pico_attributes": {
      "populations": {
        "minimum_age": "18 Years",
        "maximum_age": "120 Years",
        "country": "United States",
        "gender": "ALL"
      },
      "interventions": [
        "ADI PEG20",
        "Pharmacology",
        "Scientific Study"
      ],
      "outcomes": [
        "ASS1 wt Allele",
        "CD44 wt Allele",
        "Expression (foundation metadata concept)",
        "Frequency of Responses",
        "Global Complete Response",
        "Median (qualifier value)",
        "Neoplasms",
        "Oroqen Chinese",
        "Overall Survival",
        "Partial",
        "Patients",
        "Present",
        "Presentation",
        "Time to Progression"
      ]
    }
  },
  {
    "nct_id": "NCT00450385",
    "conditions": [
      "Adult Lymphoma"
    ],
    "pico_attributes": {
      "populations": {
        "minimum_age": "18 Years",
        "maximum_age": "120 Years",
        "country": "United States",
        "gender": "ALL"
      },
      "interventions": [
        "cyclophosphamide",
        "doxorubicin",
        "prednisone",
        "rituximab",
        "vincristine"
      ],
      "outcomes": [
        "30%",
        "AT genotype",
        "Ability",
        "Associated with",
        "Biological Markers",
        "Collected",
        "Comparison",
        "Construct",
        "Construction worker",
        "Continuance of life",
        "Count of entities",
        "Determination Aspects",
        "Diffuse Large B-Cell Lymphoma",
        "Effect",
        "End of protocol",
        "Failure",
        "Fix",
        "Frequency of Responses",
        "Future",
        "GDC Treatment Outcome Terminology",
        "Genes",
        "Human Study Subject",
        "List",
        "Model",
        "Monthly (qualifier value)",
        "Neoplasms",
        "Overall",
        "Overall Response",
        "Overall Survival",
        "Participant",
        "Patients",
        "Prediction",
        "R-CHOP Regimen",
        "Rate",
        "Receive",
        "Scientific Study",
        "Therapeutic procedure",
        "Time-to-Treatment",
        "Tissue specimen",
        "month",
        "rituximab"
      ]
    }
  },
  {
    "nct_id": "NCT00450398",
    "conditions": [
      "Liver diseases"
    ],
    "pico_attributes": {
      "populations": {
        "minimum_age": "18 Years",
        "maximum_age": "NA",
        "country": "United States",
        "gender": "ALL"
      },
      "interventions": [
        "Placebo Control",
        "YSPSL"
      ],
      "outcomes": []
    }
  },
  {
    "nct_id": "NCT00450411",
    "conditions": [
      "Malignant neoplasm of prostate"
    ],
    "pico_attributes": {
      "populations": {
        "minimum_age": "18 Years",
        "maximum_age": "120 Years",
        "country": "United States",
        "gender": "MALE"
      },
      "interventions": [
        "Palladium-103",
        "iodine-125"
      ],
      "outcomes": [
        "Administration procedure",
        "Adverse Event Domain",
        "Alive",
        "Amount type - Percentage",
        "Biochemical",
        "Continuance of life",
        "Digestive System Findings Domain",
        "Disease",
        "Disease-Free Survival",
        "Entity Determiner - specific",
        "Failure",
        "Genitourinary",
        "In addition to",
        "Local",
        "Malignant neoplasm of prostate",
        "Number of patients",
        "Overall Survival",
        "Participant",
        "Related personal status",
        "With distance",
        "Year of Death",
        "acute",
        "year"
      ]
    }
  },
  {
    "nct_id": "NCT00450424",
    "conditions": [
      "Colorectal Cancer Pathway",
      "Hereditary Nonpolyposis Colorectal Cancer"
    ],
    "pico_attributes": {
      "populations": {
        "minimum_age": "21 Years",
        "maximum_age": "NA",
        "country": "United States",
        "gender": "ALL"
      },
      "interventions": [
        "CD-ROM",
        "Counseling",
        "Intervention regimes"
      ],
      "outcomes": [
        "Attitude",
        "Blood Products Laboratory Testing",
        "CD-ROM",
        "Cancer Risk",
        "Cancer-Related Death",
        "Characteristics",
        "Client satisfaction",
        "Colorectal",
        "Colorectal Cancer Pathway",
        "Completeness",
        "Conflict (Psychology)",
        "Decision",
        "Demographic Factors",
        "Different",
        "Differential - view",
        "Difficulty making decisions",
        "Discussion (procedure)",
        "Disseminated Malignant Neoplasm",
        "Distress",
        "Familial",
        "Family",
        "Family (taxonomic)",
        "Family support",
        "GDC Treatment Outcome Terminology",
        "General medical service",
        "Hereditary Malignant Neoplasm",
        "Human Cells, Tissues, and Cellular and Tissue-Based Products Processing",
        "IMPACT gene",
        "Informed Consent",
        "Make - Instruction Imperative",
        "Microsatellite Instability",
        "On (qualifier value)",
        "Preparation",
        "Preparation of patient",
        "Related personal status",
        "Risk",
        "Satisfaction",
        "history (of) disease family"
      ]
    }
  },
  {
    "nct_id": "NCT00450437",
    "conditions": [
      "Meningococcal Infections",
      "Meningococcal meningitis"
    ],
    "pico_attributes": {
      "populations": {
        "minimum_age": "11 Years",
        "maximum_age": "55 Years",
        "country": "United States",
        "gender": "ALL"
      },
      "interventions": [
        "CRM chromium picolinate",
        "MenACWY",
        "Meningococcal conjugate vaccine"
      ],
      "outcomes": [
        "1 (finding)",
        "55",
        "Age",
        "Amount type - Percentage",
        "Borg Category-Ratio 10 Perceived Exertion Score 5",
        "Consistency",
        "Count of entities",
        "Group Object",
        "Human Study Subject",
        "Kind of quantity - Ratios",
        "Local",
        "Lot (entire collection)",
        "Measured",
        "MenACWY",
        "Participant",
        "Systemic",
        "Systemic Reaction",
        "Vaccines",
        "severe reaction",
        "year"
      ]
    }
  },
  {
    "nct_id": "NCT00450450",
    "conditions": [
      "Childhood Acute Lymphoblastic Leukemia in Remission",
      "Childhood Acute Myeloid Leukemia in Remission",
      "Childhood Chronic Myelogenous Leukemia, BCR-ABL1 Positive",
      "Childhood Myelodysplastic Syndrome",
      "Juvenile Myelomonocytic Leukemia",
      "Leukemia, Myeloid, Chronic-Phase",
      "MYELODYSPLASTIC SYNDROME",
      "Recurrent Childhood Acute Lymphoblastic Leukemia",
      "Secondary Myelodysplastic Syndrome",
      "Treating",
      "de novo Myelodysplastic Syndrome"
    ],
    "pico_attributes": {
      "populations": {
        "minimum_age": "NA",
        "maximum_age": "21 Years",
        "country": "United States",
        "gender": "ALL"
      },
      "interventions": [
        "Allogeneic bone marrow transplantation",
        "CSF3 gene",
        "Laboratory Biomarker Analysis"
      ],
      "outcomes": [
        "Cell positive for CD34 antigen",
        "Dosage",
        "Estimated",
        "Firstly",
        "Graft failure",
        "Hospitalization",
        "Immune Reconstitution",
        "Infuse",
        "Length",
        "Median (qualifier value)",
        "Neutrophil Engraftment",
        "Nucleated",
        "Rate",
        "Time"
      ]
    }
  },
  {
    "nct_id": "NCT00450463",
    "conditions": [
      "Malignant neoplasm of prostate"
    ],
    "pico_attributes": {
      "populations": {
        "minimum_age": "18 Years",
        "maximum_age": "110 Years",
        "country": "United States",
        "gender": "MALE"
      },
      "interventions": [
        "CSF2 gene",
        "Eulexin",
        "Fowlpox-PSA-TRICOM Vaccine",
        "Granulocyte-Macrophage Colony-Stimulating Factor",
        "Leukine",
        "Prostvac-V",
        "TRIad of COstimulatory Molecules (B7-1, ICAM-1, LFA-3)",
        "flutamide",
        "sargramostim"
      ],
      "outcomes": [
        "0%",
        "Adverse Event Domain",
        "Assessed",
        "Common (qualifier value)",
        "Count",
        "National Cancer Institute common terminology criteria for adverse events",
        "Nomenclature",
        "Non-serious Adverse Event",
        "Participant",
        "Serious",
        "V4+",
        "criteria"
      ]
    }
  },
  {
    "nct_id": "NCT00450476",
    "conditions": [
      "Actual Aspiration",
      "Bodily secretions",
      "subglottic"
    ],
    "pico_attributes": {
      "populations": {
        "minimum_age": "18 Years",
        "maximum_age": "90 Years",
        "country": "Greece",
        "gender": "ALL"
      },
      "interventions": [
        "ABCC8 gene",
        "Buteo solitarius (organism)",
        "ECHO protocol",
        "Endotracheal tube"
      ],
      "outcomes": []
    }
  },
  {
    "nct_id": "NCT00450489",
    "conditions": [
      "Diabetes Mellitus, Insulin-Dependent"
    ],
    "pico_attributes": {
      "populations": {
        "minimum_age": "6 Years",
        "maximum_age": "17 Years",
        "country": "United States",
        "gender": "ALL"
      },
      "interventions": [],
      "outcomes": []
    }
  },
  {
    "nct_id": "NCT00450502",
    "conditions": [
      "Neoplasms"
    ],
    "pico_attributes": {
      "populations": {
        "minimum_age": "18 Years",
        "maximum_age": "NA",
        "country": "United States",
        "gender": "ALL"
      },
      "interventions": [
        "batracylin"
      ],
      "outcomes": []
    }
  },
  {
    "nct_id": "NCT00450515",
    "conditions": [
      "Breast Carcinoma"
    ],
    "pico_attributes": {
      "populations": {
        "minimum_age": "18 Years",
        "maximum_age": "NA",
        "country": "",
        "gender": "ALL"
      },
      "interventions": [
        "capecitabine",
        "vinflunine"
      ],
      "outcomes": []
    }
  },
  {
    "nct_id": "NCT00450528",
    "conditions": [
      "General surgery specialty",
      "Natural",
      "dimer"
    ],
    "pico_attributes": {
      "populations": {
        "minimum_age": "18 Years",
        "maximum_age": "90 Years",
        "country": "Switzerland",
        "gender": "ALL"
      },
      "interventions": [],
      "outcomes": []
    }
  },
  {
    "nct_id": "NCT00450541",
    "conditions": [
      "Advanced Malignant Neoplasm"
    ],
    "pico_attributes": {
      "populations": {
        "minimum_age": "18 Years",
        "maximum_age": "NA",
        "country": "United States",
        "gender": "ALL"
      },
      "interventions": [
        "Interview",
        "Questionnaires"
      ],
      "outcomes": []
    }
  },
  {
    "nct_id": "NCT00450554",
    "conditions": [
      "Vaccination"
    ],
    "pico_attributes": {
      "populations": {
        "minimum_age": "2 Years",
        "maximum_age": "7 Years",
        "country": "France",
        "gender": "ALL"
      },
      "interventions": [],
      "outcomes": []
    }
  },
  {
    "nct_id": "NCT00450567",
    "conditions": [
      "Carcinoma of lung"
    ],
    "pico_attributes": {
      "populations": {
        "minimum_age": "18 Years",
        "maximum_age": "NA",
        "country": "United States",
        "gender": "ALL"
      },
      "interventions": [
        "Positron-Emission Tomography",
        "X-Ray Computed Tomography",
        "fluorodeoxyglucose F18"
      ],
      "outcomes": []
    }
  },
  {
    "nct_id": "NCT00450580",
    "conditions": [
      "Blood group antibody I",
      "Communicable Diseases",
      "HIV",
      "Human immunodeficiency virus I infection"
    ],
    "pico_attributes": {
      "populations": {
        "minimum_age": "18 Years",
        "maximum_age": "NA",
        "country": "United Kingdom",
        "gender": "ALL"
      },
      "interventions": [
        "Fosamprenavir+Ritonavir"
      ],
      "outcomes": [
        "400",
        "48",
        "50%",
        "AT genotype",
        "Amount type - Percentage",
        "Analysis",
        "BaseLine dental cement",
        "CD4 Count determination procedure",
        "CD44 wt Allele",
        "Change -- procedure",
        "Changed status",
        "Cholesterol.in HDL",
        "Clinical Study Population Subgroup",
        "Clinical trial protocol",
        "Count of entities",
        "Definable",
        "Drug Evaluation",
        "End Point",
        "Failure (biologic function)",
        "Genotype",
        "HIV-1 RNA Measurement",
        "Human Study Subject",
        "Negation",
        "Non-High Density Lipoprotein Cholesterol Measurement",
        "Participant",
        "Patient Visit",
        "Phenotype",
        "Primary Endpoint",
        "Receive",
        "Resistance",
        "Study Subject",
        "Subgroup",
        "Viral Load result",
        "Weekly",
        "cpy/mL",
        "virologic",
        "week"
      ]
    }
  },
  {
    "nct_id": "NCT00450593",
    "conditions": [
      "Hereditary Melanoma",
      "Melanoma Pathway",
      "Skin"
    ],
    "pico_attributes": {
      "populations": {
        "minimum_age": "NA",
        "maximum_age": "NA",
        "country": "United Kingdom",
        "gender": "ALL"
      },
      "interventions": [
        "Gene Expression Analysis",
        "Genetic Variation Analysis",
        "Laboratory Biomarker Analysis",
        "Microarray Analysis",
        "Molecular Genetic Technique",
        "Mutation Carrier Screening",
        "Study of High Risk Factors"
      ],
      "outcomes": []
    }
  },
  {
    "nct_id": "NCT00450606",
    "conditions": [
      "Osteoarthritis, Knee"
    ],
    "pico_attributes": {
      "populations": {
        "minimum_age": "NA",
        "maximum_age": "NA",
        "country": "",
        "gender": "ALL"
      },
      "interventions": [
        "Balneotherapy",
        "Hydrotherapy"
      ],
      "outcomes": []
    }
  },
  {
    "nct_id": "NCT00450619",
    "conditions": [
      "Malignant neoplasm of prostate"
    ],
    "pico_attributes": {
      "populations": {
        "minimum_age": "18 Years",
        "maximum_age": "NA",
        "country": "United States",
        "gender": "MALE"
      },
      "interventions": [
        "CSF2 gene",
        "Recombinant Fowlpox-TRICOM Vaccine",
        "rV-Tricom",
        "samarium Sm-153 lexidronam pentasodium"
      ],
      "outcomes": [
        "3'-O-methyl-nordihydroguaiaretic acid",
        "BaseLine dental cement",
        "Clinical Trial Objective",
        "Disease Response",
        "Feel Pain",
        "Global Complete Response",
        "Global Partial Response",
        "Improvement",
        "In addition to",
        "Number of patients",
        "Overall Survival",
        "Palliative Care",
        "Patient Condition Code - Stable",
        "month"
      ]
    }
  },
  {
    "nct_id": "NCT00450632",
    "conditions": [
      "Meningococcal Infections"
    ],
    "pico_attributes": {
      "populations": {
        "minimum_age": "NA",
        "maximum_age": "NA",
        "country": "France",
        "gender": "ALL"
      },
      "interventions": [],
      "outcomes": []
    }
  },
  {
    "nct_id": "NCT00450645",
    "conditions": [
      "Cancer Genus",
      "Deep Vein Thrombosis"
    ],
    "pico_attributes": {
      "populations": {
        "minimum_age": "18 Years",
        "maximum_age": "NA",
        "country": "Italy",
        "gender": "ALL"
      },
      "interventions": [
        "Heparin, Low-Molecular-Weight"
      ],
      "outcomes": []
    }
  },
  {
    "nct_id": "NCT00450658",
    "conditions": [
      "Peptic Ulcer"
    ],
    "pico_attributes": {
      "populations": {
        "minimum_age": "40 Years",
        "maximum_age": "80 Years",
        "country": "United States",
        "gender": "ALL"
      },
      "interventions": [
        "HZT-501",
        "ibuprofen"
      ],
      "outcomes": [
        "Administration procedure",
        "Anti-Inflammatory Agents, Non-Steroidal",
        "Associated with",
        "Confirmed by",
        "Count of entities",
        "Diagnosis",
        "Duodenal Ulcer",
        "Endoscopy (procedure)",
        "Gastric Treatment",
        "Gastric ulcer",
        "Gastrointestinal complication",
        "Gastrointestinal ulcer",
        "Human Study Subject",
        "Incidence Rate",
        "Period (temporal qualifier)",
        "Serious",
        "Ulcer",
        "Upper",
        "Upper Gastrointestinal Tract",
        "Weekly"
      ]
    }
  },
  {
    "nct_id": "NCT00450671",
    "conditions": [
      "Anal Fistula"
    ],
    "pico_attributes": {
      "populations": {
        "minimum_age": "18 Years",
        "maximum_age": "NA",
        "country": "United States",
        "gender": "ALL"
      },
      "interventions": [
        "Clinical act of insertion",
        "Plug (physical object)",
        "collagen",
        "placement of seton"
      ],
      "outcomes": []
    }
  },
  {
    "nct_id": "NCT00450684",
    "conditions": [
      "Congenital Heart Defects"
    ],
    "pico_attributes": {
      "populations": {
        "minimum_age": "NA",
        "maximum_age": "NA",
        "country": "Germany",
        "gender": "ALL"
      },
      "interventions": [
        "Administration via Implantation",
        "Chemoradiotherapy",
        "Testing"
      ],
      "outcomes": []
    }
  },
  {
    "nct_id": "NCT00450697",
    "conditions": [
      "Feeding Intolerance, Adverse Event",
      "Infant, Premature"
    ],
    "pico_attributes": {
      "populations": {
        "minimum_age": "1 Day",
        "maximum_age": "2 Months",
        "country": "United States",
        "gender": "ALL"
      },
      "interventions": [],
      "outcomes": []
    }
  },
  {
    "nct_id": "NCT00450710",
    "conditions": [
      "Diabetes"
    ],
    "pico_attributes": {
      "populations": {
        "minimum_age": "18 Years",
        "maximum_age": "65 Years",
        "country": "Brazil",
        "gender": "ALL"
      },
      "interventions": [
        "Gastrectomy",
        "Sleeve",
        "ileum"
      ],
      "outcomes": []
    }
  },
  {
    "nct_id": "NCT00450723",
    "conditions": [
      "Breast Carcinoma"
    ],
    "pico_attributes": {
      "populations": {
        "minimum_age": "18 Years",
        "maximum_age": "120 Years",
        "country": "United States",
        "gender": "ALL"
      },
      "interventions": [
        "Excision of axillary lymph nodes group",
        "General surgery specialty",
        "Sentinel Lymph Node Biopsy",
        "Surgical Procedures, Thoracoscopic",
        "iso-sulfan blue",
        "technetium Tc-99m sulfur colloid"
      ],
      "outcomes": [
        "Identifiable Class",
        "Internal Mammary Lymph Node",
        "Metastatic Disease Clinical Trial Setting",
        "Metastatic Neoplasm",
        "Morbidity - disease rate",
        "Number of patients",
        "Rate",
        "Removed",
        "Sentinel Lymph Node",
        "Success",
        "Thoracoscopy",
        "sentinel"
      ]
    }
  },
  {
    "nct_id": "NCT00450736",
    "conditions": [
      "Malignant neoplasm of soft tissue",
      "childhood malignant fibrous histiocytoma of bone"
    ],
    "pico_attributes": {
      "populations": {
        "minimum_age": "18 Years",
        "maximum_age": "120 Years",
        "country": "United States",
        "gender": "ALL"
      },
      "interventions": [
        "Adjuvant Therapy",
        "Therapeutic radiology procedure",
        "celecoxib"
      ],
      "outcomes": []
    }
  },
  {
    "nct_id": "NCT00450749",
    "conditions": [
      "Adenocarcinoma of prostate",
      "Stage I Prostate Cancer AJCC v7",
      "Stage II Prostate Cancer AJCC v7",
      "Stage III Prostate Cancer AJCC v7"
    ],
    "pico_attributes": {
      "populations": {
        "minimum_age": "18 Years",
        "maximum_age": "NA",
        "country": "United States",
        "gender": "MALE"
      },
      "interventions": [
        "Laboratory Biomarker Analysis",
        "Placebo Control",
        "Therapeutic Conventional Surgery",
        "lycopene"
      ],
      "outcomes": [
        "% of total",
        "Able to Concentrate Question",
        "Administration procedure",
        "And",
        "Androgen [EPC]",
        "Apoptosis",
        "Assessed",
        "BaseLine dental cement",
        "Capacity",
        "Characteristics",
        "Comet Assay",
        "DNA Damage",
        "Expression (foundation metadata concept)",
        "Gene Expression",
        "Group Object",
        "Growth",
        "Histologic",
        "In Situ Nick-End Labeling",
        "Ki67 Measurement",
        "Levels (qualifier value)",
        "Lymphocyte",
        "Measured",
        "Microarray",
        "Modulated",
        "Operative Surgical Procedures",
        "Oxidative",
        "Potential",
        "Proliferation",
        "Prostatic Tissue",
        "Ratio",
        "Related personal status",
        "Serum",
        "glutathione S-transferase pi",
        "lycopene",
        "ug/dL"
      ]
    }
  },
  {
    "nct_id": "NCT00450762",
    "conditions": [
      "Breast Carcinoma"
    ],
    "pico_attributes": {
      "populations": {
        "minimum_age": "18 Years",
        "maximum_age": "75 Years",
        "country": "",
        "gender": "FEMALE"
      },
      "interventions": [
        "carboplatin",
        "gemcitabine"
      ],
      "outcomes": []
    }
  },
  {
    "nct_id": "NCT00450775",
    "conditions": [
      "Cicatrix"
    ],
    "pico_attributes": {
      "populations": {
        "minimum_age": "18 Years",
        "maximum_age": "NA",
        "country": "United States",
        "gender": "ALL"
      },
      "interventions": [],
      "outcomes": []
    }
  },
  {
    "nct_id": "NCT00450788",
    "conditions": [
      "Childhood Esophageal Carcinoma",
      "Gastrointestinal Diseases"
    ],
    "pico_attributes": {
      "populations": {
        "minimum_age": "30 Years",
        "maximum_age": "99 Years",
        "country": "United States",
        "gender": "ALL"
      },
      "interventions": [],
      "outcomes": []
    }
  },
  {
    "nct_id": "NCT00450801",
    "conditions": [
      "Adult Lymphoma"
    ],
    "pico_attributes": {
      "populations": {
        "minimum_age": "18 Years",
        "maximum_age": "NA",
        "country": "United States",
        "gender": "ALL"
      },
      "interventions": [
        "CSF3 gene",
        "Decadron",
        "Granulocyte Colony-Stimulating Factor",
        "cyclophosphamide",
        "cytarabine",
        "doxorubicin",
        "etoposide",
        "granisetron",
        "ifosfamide",
        "leucovorin",
        "mesna",
        "methotrexate",
        "rituximab",
        "thalidomide",
        "vincristine"
      ],
      "outcomes": [
        "Adverse Event Domain",
        "Experience",
        "Frequency of Responses",
        "Number of patients",
        "Progression-Free Survival",
        "Rate",
        "Survival Rate"
      ]
    }
  },
  {
    "nct_id": "NCT00450814",
    "conditions": [
      "Recurrent Plasma Cell Myeloma",
      "Refractory Plasma Cell Myeloma"
    ],
    "pico_attributes": {
      "populations": {
        "minimum_age": "18 Years",
        "maximum_age": "NA",
        "country": "United States",
        "gender": "ALL"
      },
      "interventions": [
        "Laboratory Biomarker Analysis",
        "Oncolytic Measles Virus Encoding Thyroidal Sodium Iodide Symporter",
        "Pharmacological Study",
        "cyclophosphamide"
      ],
      "outcomes": [
        "*Relative Time",
        "0%",
        "0.3",
        "AS virus",
        "Absolute neutrophil count",
        "Administration procedure",
        "Anterior bronchopulmonary segment of superior pulmonary vein",
        "Assessed",
        "Bayer Corneal Epitheliopathy Grade 3",
        "Blood Platelets",
        "CDISC Events Class",
        "Clinical Response",
        "Common Terminology Criteria for Adverse Events",
        "Continuance of life",
        "Count of entities",
        "Dose-Limiting",
        "Empty (qualifier)",
        "Expression (foundation metadata concept)",
        "Failure",
        "Gene Expression",
        "Hematologic",
        "In Vivo",
        "Kinetics",
        "Leukocytes",
        "Lowest",
        "National Cancer Institute common terminology criteria for adverse events",
        "Number of patients",
        "Overall",
        "Overall Survival",
        "Participant",
        "Progression-Free Survival",
        "Radiation dose",
        "Rate",
        "Related personal status",
        "SLC5A5 gene",
        "SLC5A5 wt Allele",
        "Smear - instruction imperative",
        "Stage level 1",
        "Stage level 2",
        "Time",
        "Toxic effect",
        "Version"
      ]
    }
  },
  {
    "nct_id": "NCT00450827",
    "conditions": [
      "Central neuroblastoma"
    ],
    "pico_attributes": {
      "populations": {
        "minimum_age": "1 Year",
        "maximum_age": "NA",
        "country": "United States",
        "gender": "ALL"
      },
      "interventions": [
        "CSF3 gene",
        "Transplantation of autologous hematopoietic stem cell",
        "bevacizumab",
        "iodine I 131 monoclonal antibody 3F8"
      ],
      "outcomes": []
    }
  },
  {
    "nct_id": "NCT00450840",
    "conditions": [
      "Septic Shock"
    ],
    "pico_attributes": {
      "populations": {
        "minimum_age": "18 Years",
        "maximum_age": "NA",
        "country": "Austria",
        "gender": "ALL"
      },
      "interventions": [
        "simvastatin"
      ],
      "outcomes": []
    }
  },
  {
    "nct_id": "NCT00450853",
    "conditions": [
      "Bothered by Vomiting"
    ],
    "pico_attributes": {
      "populations": {
        "minimum_age": "18 Years",
        "maximum_age": "NA",
        "country": "Spain",
        "gender": "ALL"
      },
      "interventions": [
        "granisetron"
      ],
      "outcomes": []
    }
  },
  {
    "nct_id": "NCT00450866",
    "conditions": [
      "Breast Carcinoma",
      "Disseminated Malignant Neoplasm"
    ],
    "pico_attributes": {
      "populations": {
        "minimum_age": "18 Years",
        "maximum_age": "NA",
        "country": "United States",
        "gender": "ALL"
      },
      "interventions": [
        "epothilone B"
      ],
      "outcomes": [
        "Assessed",
        "Central Nervous System",
        "Frequency of Responses",
        "Measurable Disease",
        "Modified By",
        "Overall Survival",
        "Systemic",
        "criteria"
      ]
    }
  },
  {
    "nct_id": "NCT00450879",
    "conditions": [
      "Anatomic Stage IA Breast Cancer AJCC v8",
      "Anatomic Stage IB Breast Cancer AJCC v8",
      "Anatomic Stage IIA Breast Cancer AJCC v8",
      "Anatomic Stage IIB Breast Cancer AJCC v8",
      "Anatomic Stage IIIA Breast Cancer AJCC v8",
      "Carcinoma of Male Breast",
      "Recurrent Breast Carcinoma"
    ],
    "pico_attributes": {
      "populations": {
        "minimum_age": "18 Years",
        "maximum_age": "NA",
        "country": "United States",
        "gender": "ALL"
      },
      "interventions": [
        "Dynamic Contrast-Enhanced Magnetic Resonance Imaging",
        "Laboratory Biomarker Analysis",
        "Pharmacological Study",
        "pazopanib hydrochloride"
      ],
      "outcomes": []
    }
  },
  {
    "nct_id": "NCT00450892",
    "conditions": [
      "Breast Carcinoma"
    ],
    "pico_attributes": {
      "populations": {
        "minimum_age": "18 Years",
        "maximum_age": "70 Years",
        "country": "United Kingdom",
        "gender": "FEMALE"
      },
      "interventions": [
        "Docetaxel/Trastuzumab",
        "docetaxel",
        "lapatinib"
      ],
      "outcomes": []
    }
  },
  {
    "nct_id": "NCT00450905",
    "conditions": [
      "Feel Pain",
      "Fibromyalgia"
    ],
    "pico_attributes": {
      "populations": {
        "minimum_age": "18 Years",
        "maximum_age": "NA",
        "country": "United States",
        "gender": "ALL"
      },
      "interventions": [
        "Devices",
        "PRIMA1 gene"
      ],
      "outcomes": []
    }
  },
  {
    "nct_id": "NCT00450918",
    "conditions": [
      "Primary Ciliary Dyskinesia"
    ],
    "pico_attributes": {
      "populations": {
        "minimum_age": "5 Years",
        "maximum_age": "18 Years",
        "country": "United States",
        "gender": "ALL"
      },
      "interventions": [],
      "outcomes": []
    }
  },
  {
    "nct_id": "NCT00450931",
    "conditions": [
      "Device Status Unkown",
      "Health Status"
    ],
    "pico_attributes": {
      "populations": {
        "minimum_age": "35 Years",
        "maximum_age": "70 Years",
        "country": "",
        "gender": "ALL"
      },
      "interventions": [
        "Counseling",
        "Educational Intervention"
      ],
      "outcomes": []
    }
  },
  {
    "nct_id": "NCT00450944",
    "conditions": [
      "Childhood Leukemia"
    ],
    "pico_attributes": {
      "populations": {
        "minimum_age": "17 Years",
        "maximum_age": "120 Years",
        "country": "United States",
        "gender": "ALL"
      },
      "interventions": [
        "Deglycosylated Ricin A Chain-Conjugated Anti-CD19/Anti-CD22 Immunotoxins"
      ],
      "outcomes": []
    }
  },
  {
    "nct_id": "NCT00450957",
    "conditions": [
      "Healthy",
      "Malignant neoplasm of prostate",
      "No Evidence of Disease"
    ],
    "pico_attributes": {
      "populations": {
        "minimum_age": "18 Years",
        "maximum_age": "55 Years",
        "country": "United States",
        "gender": "MALE"
      },
      "interventions": [
        "Pharmacological Study",
        "lycopene"
      ],
      "outcomes": []
    }
  }
]