[
  {
    "nct_id": "NCT00003365",
    "conditions": [
      "Colorectal Cancer Pathway"
    ],
    "pico_attributes": {
      "populations": {
        "minimum_age": "18 Years",
        "maximum_age": "NA",
        "country": "United States",
        "gender": "ALL"
      },
      "interventions": [
        "curcumin",
        "quercetin",
        "rutin",
        "sulindac"
      ],
      "outcomes": []
    }
  },
  {
    "nct_id": "NCT00003367",
    "conditions": [
      "Malignant neoplasm of prostate"
    ],
    "pico_attributes": {
      "populations": {
        "minimum_age": "18 Years",
        "maximum_age": "NA",
        "country": "United States",
        "gender": "MALE"
      },
      "interventions": [
        "Green tea (dietary)",
        "SOY ISOFLAVONES",
        "Vitamin E Drug Class"
      ],
      "outcomes": []
    }
  },
  {
    "nct_id": "NCT00003368",
    "conditions": [
      "Adult Lymphoma",
      "Adult Solid Neoplasm",
      "Clinical trial protocol",
      "Entity Determiner - specific",
      "External cause codes: Unspecified",
      "Malignant tumor of small intestine"
    ],
    "pico_attributes": {
      "populations": {
        "minimum_age": "18 Years",
        "maximum_age": "NA",
        "country": "United States",
        "gender": "ALL"
      },
      "interventions": [
        "irinotecan hydrochloride"
      ],
      "outcomes": []
    }
  },
  {
    "nct_id": "NCT00003369",
    "conditions": [
      "Cervix carcinoma"
    ],
    "pico_attributes": {
      "populations": {
        "minimum_age": "18 Years",
        "maximum_age": "NA",
        "country": "United States",
        "gender": "FEMALE"
      },
      "interventions": [
        "Tirapazamine",
        "cisplatin"
      ],
      "outcomes": []
    }
  },
  {
    "nct_id": "NCT00003370",
    "conditions": [
      "Childhood Solid Neoplasm",
      "Clinical trial protocol",
      "Entity Determiner - specific",
      "External cause codes: Unspecified"
    ],
    "pico_attributes": {
      "populations": {
        "minimum_age": "NA",
        "maximum_age": "21 Years",
        "country": "United States",
        "gender": "ALL"
      },
      "interventions": [
        "irofulven"
      ],
      "outcomes": []
    }
  },
  {
    "nct_id": "NCT00003372",
    "conditions": [
      "Brain",
      "Central Nervous System Neoplasms"
    ],
    "pico_attributes": {
      "populations": {
        "minimum_age": "18 Years",
        "maximum_age": "120 Years",
        "country": "Canada",
        "gender": "ALL"
      },
      "interventions": [
        "topotecan hydrochloride"
      ],
      "outcomes": []
    }
  },
  {
    "nct_id": "NCT00003375",
    "conditions": [
      "Brain",
      "Central Nervous System Neoplasms"
    ],
    "pico_attributes": {
      "populations": {
        "minimum_age": "18 Years",
        "maximum_age": "120 Years",
        "country": "",
        "gender": "ALL"
      },
      "interventions": [
        "Therapeutic radiology procedure",
        "lomustine",
        "procarbazine hydrochloride",
        "vincristine sulfate"
      ],
      "outcomes": []
    }
  },
  {
    "nct_id": "NCT00003376",
    "conditions": [
      "Bladder Cancer Pathway",
      "Renal Pelvis Urothelial Carcinoma",
      "Ureter",
      "Urethral Carcinoma"
    ],
    "pico_attributes": {
      "populations": {
        "minimum_age": "18 Years",
        "maximum_age": "120 Years",
        "country": "United States",
        "gender": "ALL"
      },
      "interventions": [
        "carboplatin",
        "cisplatin",
        "doxorubicin hydrochloride",
        "methotrexate",
        "paclitaxel",
        "vinblastine"
      ],
      "outcomes": []
    }
  },
  {
    "nct_id": "NCT00003377",
    "conditions": [
      "Cervix carcinoma"
    ],
    "pico_attributes": {
      "populations": {
        "minimum_age": "18 Years",
        "maximum_age": "NA",
        "country": "United States",
        "gender": "FEMALE"
      },
      "interventions": [
        "Brachytherapy",
        "Therapeutic radiology procedure",
        "cisplatin",
        "paclitaxel"
      ],
      "outcomes": [
        "0.2",
        "Aftercare",
        "Assessed",
        "CDAN1 gene",
        "CTCb regimen",
        "Deferred",
        "Disease-Free Survival",
        "Dosage",
        "Dose-Limiting",
        "Event Seriousness - Significant",
        "Overall Survival",
        "Toxic effect",
        "cisplatin",
        "event cycle",
        "paclitaxel",
        "year"
      ]
    }
  },
  {
    "nct_id": "NCT00003378",
    "conditions": [
      "Carcinoma, Ovarian Epithelial",
      "Malignant tumor of peritoneum"
    ],
    "pico_attributes": {
      "populations": {
        "minimum_age": "18 Years",
        "maximum_age": "80 Years",
        "country": "United States",
        "gender": "FEMALE"
      },
      "interventions": [
        "carboplatin",
        "gemcitabine hydrochloride",
        "paclitaxel"
      ],
      "outcomes": []
    }
  },
  {
    "nct_id": "NCT00003379",
    "conditions": [
      "Cervix carcinoma"
    ],
    "pico_attributes": {
      "populations": {
        "minimum_age": "18 Years",
        "maximum_age": "NA",
        "country": "United States",
        "gender": "FEMALE"
      },
      "interventions": [
        "Brachytherapy",
        "Therapeutic radiology procedure",
        "cisplatin",
        "paclitaxel"
      ],
      "outcomes": []
    }
  },
  {
    "nct_id": "NCT00003380",
    "conditions": [
      "Carcinoma, Ovarian Epithelial",
      "Fallopian Tube Carcinoma",
      "Malignant tumor of peritoneum"
    ],
    "pico_attributes": {
      "populations": {
        "minimum_age": "NA",
        "maximum_age": "NA",
        "country": "United States",
        "gender": "FEMALE"
      },
      "interventions": [
        "doxorubicin hydrochloride liposome",
        "etoposide"
      ],
      "outcomes": []
    }
  },
  {
    "nct_id": "NCT00003381",
    "conditions": [
      "Childhood Esophageal Carcinoma"
    ],
    "pico_attributes": {
      "populations": {
        "minimum_age": "18 Years",
        "maximum_age": "NA",
        "country": "United States",
        "gender": "ALL"
      },
      "interventions": [],
      "outcomes": []
    }
  },
  {
    "nct_id": "NCT00003382",
    "conditions": [
      "Carcinoma, Ovarian Epithelial",
      "Fallopian Tube Carcinoma",
      "Malignant tumor of peritoneum"
    ],
    "pico_attributes": {
      "populations": {
        "minimum_age": "18 Years",
        "maximum_age": "NA",
        "country": "United States",
        "gender": "FEMALE"
      },
      "interventions": [
        "CSF3 gene",
        "gemcitabine hydrochloride",
        "topotecan hydrochloride"
      ],
      "outcomes": []
    }
  },
  {
    "nct_id": "NCT00003384",
    "conditions": [
      "Carcinoma in situ of uterine cervix",
      "Precancerous Conditions"
    ],
    "pico_attributes": {
      "populations": {
        "minimum_age": "18 Years",
        "maximum_age": "NA",
        "country": "United States",
        "gender": "FEMALE"
      },
      "interventions": [
        "Conization",
        "Laboratory Biomarker Analysis",
        "Pap smear"
      ],
      "outcomes": []
    }
  },
  {
    "nct_id": "NCT00003385",
    "conditions": [
      "Carcinoma, Ovarian Epithelial",
      "Fallopian Tube Carcinoma",
      "Malignant tumor of peritoneum"
    ],
    "pico_attributes": {
      "populations": {
        "minimum_age": "NA",
        "maximum_age": "NA",
        "country": "United States",
        "gender": "FEMALE"
      },
      "interventions": [
        "carboplatin",
        "doxorubicin hydrochloride liposome",
        "paclitaxel"
      ],
      "outcomes": []
    }
  },
  {
    "nct_id": "NCT00003386",
    "conditions": [
      "Carcinoma, Ovarian Epithelial"
    ],
    "pico_attributes": {
      "populations": {
        "minimum_age": "18 Years",
        "maximum_age": "NA",
        "country": "United States",
        "gender": "FEMALE"
      },
      "interventions": [
        "Autologous Tumor Cell Vaccine",
        "BCG Vaccine",
        "Operative Surgical Procedures",
        "carboplatin",
        "cisplatin",
        "cyclophosphamide",
        "dinitrophenyl",
        "paclitaxel"
      ],
      "outcomes": []
    }
  },
  {
    "nct_id": "NCT00003387",
    "conditions": [
      "Carcinoma of lung"
    ],
    "pico_attributes": {
      "populations": {
        "minimum_age": "18 Years",
        "maximum_age": "NA",
        "country": "United States",
        "gender": "ALL"
      },
      "interventions": [
        "Chemotherapy",
        "Therapeutic radiology procedure",
        "carboplatin",
        "paclitaxel"
      ],
      "outcomes": []
    }
  },
  {
    "nct_id": "NCT00003388",
    "conditions": [
      "Adult Lymphoma"
    ],
    "pico_attributes": {
      "populations": {
        "minimum_age": "18 Years",
        "maximum_age": "120 Years",
        "country": "United States",
        "gender": "ALL"
      },
      "interventions": [
        "CSF3 gene",
        "Therapeutic radiology procedure",
        "cyclophosphamide",
        "cytarabine",
        "doxorubicin hydrochloride liposome",
        "methotrexate",
        "prednisone",
        "vincristine sulfate"
      ],
      "outcomes": []
    }
  },
  {
    "nct_id": "NCT00003389",
    "conditions": [
      "Adult Lymphoma"
    ],
    "pico_attributes": {
      "populations": {
        "minimum_age": "16 Years",
        "maximum_age": "NA",
        "country": "United States",
        "gender": "ALL"
      },
      "interventions": [
        "Radiation Oncology specialty",
        "bleomycin",
        "cyclophosphamide",
        "dacarbazine",
        "doxorubicin",
        "etoposide",
        "mechlorethamine",
        "prednisone",
        "vinblastine",
        "vincristine"
      ],
      "outcomes": [
        "+5",
        "Continuance of life",
        "Empty (qualifier)",
        "Failure",
        "Incidence",
        "Overall Survival",
        "Second Primary Cancers",
        "per year",
        "year"
      ]
    }
  },
  {
    "nct_id": "NCT00003390",
    "conditions": [
      "Malignant neoplasm of kidney"
    ],
    "pico_attributes": {
      "populations": {
        "minimum_age": "18 Years",
        "maximum_age": "NA",
        "country": "United States",
        "gender": "ALL"
      },
      "interventions": [
        "irofulven"
      ],
      "outcomes": []
    }
  },
  {
    "nct_id": "NCT00003391",
    "conditions": [
      "Malignant neoplasm of prostate"
    ],
    "pico_attributes": {
      "populations": {
        "minimum_age": "21 Years",
        "maximum_age": "NA",
        "country": "United States",
        "gender": "MALE"
      },
      "interventions": [
        "Monoclonal Antibody muJ591"
      ],
      "outcomes": []
    }
  },
  {
    "nct_id": "NCT00003392",
    "conditions": [
      "Breast Carcinoma"
    ],
    "pico_attributes": {
      "populations": {
        "minimum_age": "18 Years",
        "maximum_age": "65 Years",
        "country": "United States",
        "gender": "ALL"
      },
      "interventions": [
        "Bone Marrow Ablation with Stem Cell Support",
        "CSF3 gene",
        "Peripheral Stem Cell Transplantation",
        "carboplatin",
        "cyclophosphamide",
        "melphalan",
        "paclitaxel"
      ],
      "outcomes": []
    }
  },
  {
    "nct_id": "NCT00003394",
    "conditions": [
      "Malignant neoplasm of prostate"
    ],
    "pico_attributes": {
      "populations": {
        "minimum_age": "18 Years",
        "maximum_age": "NA",
        "country": "United States",
        "gender": "MALE"
      },
      "interventions": [
        "carboplatin",
        "endocrine-modulating drug therapy",
        "estramustine phosphate sodium",
        "goserelin acetate",
        "leuprolide acetate",
        "paclitaxel"
      ],
      "outcomes": []
    }
  },
  {
    "nct_id": "NCT00003395",
    "conditions": [
      "Adult Lymphoma",
      "Childhood Leukemia",
      "Multiple Myeloma",
      "Plasma Cell Neoplasm"
    ],
    "pico_attributes": {
      "populations": {
        "minimum_age": "17 Years",
        "maximum_age": "NA",
        "country": "United States",
        "gender": "ALL"
      },
      "interventions": [
        "arsenic trioxide"
      ],
      "outcomes": []
    }
  },
  {
    "nct_id": "NCT00003396",
    "conditions": [
      "Adult Lymphoma",
      "Childhood Leukemia",
      "MYELODYSPLASTIC SYNDROME",
      "Multiple Myeloma",
      "Plasma Cell Neoplasm"
    ],
    "pico_attributes": {
      "populations": {
        "minimum_age": "NA",
        "maximum_age": "120 Years",
        "country": "United States",
        "gender": "ALL"
      },
      "interventions": [
        "Graft material",
        "Induce (action)",
        "Induction Therapy",
        "Neoplasms",
        "Peripheral Stem Cell Transplantation",
        "Therapeutic radiology procedure",
        "cyclophosphamide",
        "lymphocyte immune globulin, anti-thymocyte globulin",
        "melphalan",
        "neoplasm therapy"
      ],
      "outcomes": []
    }
  },
  {
    "nct_id": "NCT00003397",
    "conditions": [
      "Adult Lymphoma"
    ],
    "pico_attributes": {
      "populations": {
        "minimum_age": "18 Years",
        "maximum_age": "75 Years",
        "country": "United States",
        "gender": "ALL"
      },
      "interventions": [
        "Bone Marrow Ablation with Stem Cell Support",
        "CSF2 gene",
        "CSF3 gene",
        "Peripheral Stem Cell Transplantation",
        "carmustine",
        "cisplatin",
        "cyclophosphamide",
        "dexamethasone",
        "etoposide",
        "gemcitabine hydrochloride",
        "melphalan",
        "paclitaxel",
        "rituximab"
      ],
      "outcomes": []
    }
  },
  {
    "nct_id": "NCT00003398",
    "conditions": [
      "Adult Lymphoma",
      "Anemia",
      "Childhood Leukemia",
      "Graft-Versus-Host Disease Pathway",
      "MYELODYSPLASTIC SYNDROME",
      "Multiple Myeloma",
      "Plasma Cell Neoplasm"
    ],
    "pico_attributes": {
      "populations": {
        "minimum_age": "NA",
        "maximum_age": "50 Years",
        "country": "United States",
        "gender": "ALL"
      },
      "interventions": [
        "Allogeneic bone marrow transplantation",
        "Bone Marrow Ablation with Stem Cell Support",
        "CSF3 gene",
        "Therapeutic radiology procedure",
        "cyclophosphamide",
        "lymphocyte immune globulin, anti-thymocyte globulin",
        "thiotepa"
      ],
      "outcomes": []
    }
  },
  {
    "nct_id": "NCT00003399",
    "conditions": [
      "Multiple Myeloma",
      "Plasma Cell Neoplasm"
    ],
    "pico_attributes": {
      "populations": {
        "minimum_age": "18 Years",
        "maximum_age": "70 Years",
        "country": "United States",
        "gender": "ALL"
      },
      "interventions": [
        "In Vitro-Treated Peripheral Blood Stem Cell Transplantation",
        "carmustine",
        "cisplatin",
        "cyclophosphamide",
        "dexamethasone",
        "etoposide",
        "melphalan",
        "paclitaxel"
      ],
      "outcomes": []
    }
  },
  {
    "nct_id": "NCT00003400",
    "conditions": [
      "Malignant neoplasm of prostate"
    ],
    "pico_attributes": {
      "populations": {
        "minimum_age": "18 Years",
        "maximum_age": "70 Years",
        "country": "United States",
        "gender": "MALE"
      },
      "interventions": [
        "CSF3 gene",
        "Peripheral Stem Cell Transplantation",
        "carmustine",
        "cisplatin",
        "melphalan",
        "vinorelbine tartrate"
      ],
      "outcomes": []
    }
  },
  {
    "nct_id": "NCT00003401",
    "conditions": [
      "Multiple Myeloma",
      "Plasma Cell Neoplasm"
    ],
    "pico_attributes": {
      "populations": {
        "minimum_age": "18 Years",
        "maximum_age": "70 Years",
        "country": "United States",
        "gender": "ALL"
      },
      "interventions": [
        "Bone Marrow Ablation with Stem Cell Support",
        "Peripheral Stem Cell Transplantation",
        "carmustine",
        "cisplatin",
        "cyclophosphamide",
        "dexamethasone",
        "etoposide",
        "gemcitabine hydrochloride",
        "melphalan",
        "paclitaxel"
      ],
      "outcomes": []
    }
  },
  {
    "nct_id": "NCT00003402",
    "conditions": [
      "Adult Lymphoma",
      "Childhood Leukemia"
    ],
    "pico_attributes": {
      "populations": {
        "minimum_age": "18 Years",
        "maximum_age": "70 Years",
        "country": "United States",
        "gender": "ALL"
      },
      "interventions": [
        "Bone Marrow Ablation with Stem Cell Support",
        "Peripheral Stem Cell Transplantation",
        "carmustine",
        "cisplatin",
        "cyclophosphamide",
        "dexamethasone",
        "etoposide",
        "melphalan",
        "paclitaxel"
      ],
      "outcomes": []
    }
  },
  {
    "nct_id": "NCT00003403",
    "conditions": [
      "Adult Solid Neoplasm",
      "Clinical trial protocol",
      "Entity Determiner - specific",
      "External cause codes: Unspecified"
    ],
    "pico_attributes": {
      "populations": {
        "minimum_age": "18 Years",
        "maximum_age": "NA",
        "country": "United States",
        "gender": "ALL"
      },
      "interventions": [
        "GPX-100"
      ],
      "outcomes": []
    }
  },
  {
    "nct_id": "NCT00003404",
    "conditions": [
      "Breast Carcinoma"
    ],
    "pico_attributes": {
      "populations": {
        "minimum_age": "18 Years",
        "maximum_age": "120 Years",
        "country": "United States",
        "gender": "FEMALE"
      },
      "interventions": [
        "Radiotherapy, Adjuvant"
      ],
      "outcomes": [
        "Local",
        "Rate",
        "Recurrence",
        "Survival Rate"
      ]
    }
  },
  {
    "nct_id": "NCT00003405",
    "conditions": [
      "Childhood Leukemia"
    ],
    "pico_attributes": {
      "populations": {
        "minimum_age": "0 Years",
        "maximum_age": "70 Years",
        "country": "United States",
        "gender": "ALL"
      },
      "interventions": [
        "5-bromouridine",
        "Amifostine Trihydrate",
        "Recombinant Interferon Alfa",
        "cytarabine",
        "idarubicin",
        "idoxuridine",
        "isotretinoin",
        "mitoxantrone hydrochloride"
      ],
      "outcomes": []
    }
  },
  {
    "nct_id": "NCT00003406",
    "conditions": [
      "Adult Lymphoma",
      "Adult Solid Neoplasm",
      "Childhood Leukemia",
      "Chronic myeloproliferative disorder",
      "Clinical trial protocol",
      "Entity Determiner - specific",
      "External cause codes: Unspecified",
      "MYELODYSPLASTIC SYNDROME",
      "Multiple Myeloma",
      "Non-Malignant",
      "Plasma Cell Neoplasm",
      "Precancerous Conditions",
      "Premalignant"
    ],
    "pico_attributes": {
      "populations": {
        "minimum_age": "NA",
        "maximum_age": "65 Years",
        "country": "United States",
        "gender": "ALL"
      },
      "interventions": [
        "Bone Marrow Ablation with Stem Cell Support",
        "Peripheral Stem Cell Transplantation",
        "carboplatin",
        "docetaxel",
        "ifosfamide"
      ],
      "outcomes": []
    }
  },
  {
    "nct_id": "NCT00003407",
    "conditions": [
      "Childhood Leukemia",
      "Drug toxicity",
      "Leukopenia",
      "MYELODYSPLASTIC SYNDROME"
    ],
    "pico_attributes": {
      "populations": {
        "minimum_age": "18 Years",
        "maximum_age": "120 Years",
        "country": "United States",
        "gender": "ALL"
      },
      "interventions": [
        "Amifostine Trihydrate",
        "cytarabine",
        "mitoxantrone hydrochloride"
      ],
      "outcomes": []
    }
  },
  {
    "nct_id": "NCT00003408",
    "conditions": [
      "Adult Lymphoma",
      "Breast Carcinoma",
      "Carcinoma, Ovarian Epithelial",
      "Central neuroblastoma",
      "Childhood Leukemia",
      "Childhood Testicular Germ Cell Tumor",
      "Chronic myeloproliferative disorder",
      "Gestational Trophoblastic Neoplasms",
      "MYELODYSPLASTIC SYNDROME",
      "Malignant neoplasm of kidney",
      "Malignant neoplasm of soft tissue",
      "Multiple Myeloma",
      "Plasma Cell Neoplasm"
    ],
    "pico_attributes": {
      "populations": {
        "minimum_age": "NA",
        "maximum_age": "NA",
        "country": "United States",
        "gender": "ALL"
      },
      "interventions": [
        "CSF2 gene",
        "Recombinant Interferon Alfa",
        "aldesleukin"
      ],
      "outcomes": []
    }
  },
  {
    "nct_id": "NCT00003409",
    "conditions": [
      "Brain",
      "Central Nervous System Neoplasms"
    ],
    "pico_attributes": {
      "populations": {
        "minimum_age": "18 Years",
        "maximum_age": "NA",
        "country": "United States",
        "gender": "ALL"
      },
      "interventions": [
        "Therapeutic radiology procedure",
        "motexafin gadolinium"
      ],
      "outcomes": []
    }
  },
  {
    "nct_id": "NCT00003410",
    "conditions": [
      "Brain",
      "Central Nervous System Neoplasms"
    ],
    "pico_attributes": {
      "populations": {
        "minimum_age": "18 Years",
        "maximum_age": "NA",
        "country": "United States",
        "gender": "ALL"
      },
      "interventions": [
        "Magnetic Resonance Imaging",
        "Operative Surgical Procedures",
        "motexafin gadolinium"
      ],
      "outcomes": []
    }
  },
  {
    "nct_id": "NCT00003411",
    "conditions": [
      "Carcinoma of extrahepatic bile duct",
      "Gallbladder Carcinoma",
      "Malignant neoplasm of pancreas"
    ],
    "pico_attributes": {
      "populations": {
        "minimum_age": "18 Years",
        "maximum_age": "120 Years",
        "country": "United States",
        "gender": "ALL"
      },
      "interventions": [
        "Therapeutic radiology procedure",
        "motexafin gadolinium"
      ],
      "outcomes": []
    }
  },
  {
    "nct_id": "NCT00003412",
    "conditions": [
      "Breast Carcinoma"
    ],
    "pico_attributes": {
      "populations": {
        "minimum_age": "18 Years",
        "maximum_age": "60 Years",
        "country": "United States",
        "gender": "FEMALE"
      },
      "interventions": [
        "Recombinant Interleukin-12"
      ],
      "outcomes": []
    }
  },
  {
    "nct_id": "NCT00003413",
    "conditions": [
      "Carcinoma, Ovarian Epithelial"
    ],
    "pico_attributes": {
      "populations": {
        "minimum_age": "18 Years",
        "maximum_age": "70 Years",
        "country": "United States",
        "gender": "FEMALE"
      },
      "interventions": [
        "CSF3 gene",
        "Operative Surgical Procedures",
        "Peripheral Stem Cell Transplantation",
        "carmustine",
        "cisplatin",
        "melphalan",
        "paclitaxel"
      ],
      "outcomes": []
    }
  },
  {
    "nct_id": "NCT00003414",
    "conditions": [
      "Adult Lymphoma",
      "Graft-Versus-Host Disease Pathway"
    ],
    "pico_attributes": {
      "populations": {
        "minimum_age": "NA",
        "maximum_age": "NA",
        "country": "United States",
        "gender": "ALL"
      },
      "interventions": [
        "Cyclosporins",
        "Peripheral Stem Cell Transplantation",
        "Recombinant Interferon-gamma",
        "Therapeutic radiology procedure",
        "aldesleukin",
        "busulfan",
        "cyclophosphamide"
      ],
      "outcomes": []
    }
  },
  {
    "nct_id": "NCT00003415",
    "conditions": [
      "Childhood Leukemia",
      "MYELODYSPLASTIC SYNDROME"
    ],
    "pico_attributes": {
      "populations": {
        "minimum_age": "18 Years",
        "maximum_age": "NA",
        "country": "United States",
        "gender": "ALL"
      },
      "interventions": [
        "Amifostine Trihydrate",
        "topotecan hydrochloride"
      ],
      "outcomes": []
    }
  },
  {
    "nct_id": "NCT00003416",
    "conditions": [
      "Adult Lymphoma"
    ],
    "pico_attributes": {
      "populations": {
        "minimum_age": "NA",
        "maximum_age": "69 Years",
        "country": "United States",
        "gender": "ALL"
      },
      "interventions": [
        "CSF3 gene",
        "Peripheral Stem Cell Transplantation",
        "Recombinant Interferon Alfa",
        "dexamethasone",
        "melphalan"
      ],
      "outcomes": []
    }
  },
  {
    "nct_id": "NCT00003417",
    "conditions": [
      "Brain",
      "Central Nervous System Neoplasms"
    ],
    "pico_attributes": {
      "populations": {
        "minimum_age": "18 Years",
        "maximum_age": "NA",
        "country": "United States",
        "gender": "ALL"
      },
      "interventions": [
        "Therapeutic radiology procedure",
        "carmustine"
      ],
      "outcomes": []
    }
  },
  {
    "nct_id": "NCT00003418",
    "conditions": [
      "Breast Carcinoma"
    ],
    "pico_attributes": {
      "populations": {
        "minimum_age": "NA",
        "maximum_age": "NA",
        "country": "United Kingdom",
        "gender": "FEMALE"
      },
      "interventions": [
        "exemestane",
        "tamoxifen citrate"
      ],
      "outcomes": []
    }
  },
  {
    "nct_id": "NCT00003419",
    "conditions": [
      "Malignant neoplasm of soft tissue"
    ],
    "pico_attributes": {
      "populations": {
        "minimum_age": "18 Years",
        "maximum_age": "NA",
        "country": "Italy",
        "gender": "ALL"
      },
      "interventions": [
        "Antiviral Therapy"
      ],
      "outcomes": []
    }
  },
  {
    "nct_id": "NCT00003420",
    "conditions": [
      "Childhood Testicular Germ Cell Tumor"
    ],
    "pico_attributes": {
      "populations": {
        "minimum_age": "NA",
        "maximum_age": "NA",
        "country": "United Kingdom",
        "gender": "MALE"
      },
      "interventions": [
        "X-Ray Computed Tomography"
      ],
      "outcomes": []
    }
  },
  {
    "nct_id": "NCT00003421",
    "conditions": [
      "Adult Lymphoma"
    ],
    "pico_attributes": {
      "populations": {
        "minimum_age": "NA",
        "maximum_age": "NA",
        "country": "United Kingdom",
        "gender": "ALL"
      },
      "interventions": [
        "Therapeutic radiology procedure",
        "bleomycin sulfate",
        "bleomycin/dacarbazine/doxorubicin/vinblastine protocol",
        "chlorambucil",
        "dacarbazine",
        "doxorubicin hydrochloride",
        "etoposide",
        "prednisolone",
        "procarbazine hydrochloride",
        "vinblastine sulfate",
        "vincristine sulfate"
      ],
      "outcomes": []
    }
  },
  {
    "nct_id": "NCT00003422",
    "conditions": [
      "Colorectal Cancer Pathway"
    ],
    "pico_attributes": {
      "populations": {
        "minimum_age": "NA",
        "maximum_age": "75 Years",
        "country": "United Kingdom",
        "gender": "ALL"
      },
      "interventions": [
        "Adjuvant Therapy",
        "Conventional Surgery",
        "Neoadjuvant Therapy",
        "Therapeutic radiology procedure",
        "fluorouracil",
        "leucovorin calcium"
      ],
      "outcomes": []
    }
  },
  {
    "nct_id": "NCT00003423",
    "conditions": [
      "Adult Lymphoma"
    ],
    "pico_attributes": {
      "populations": {
        "minimum_age": "NA",
        "maximum_age": "14 Years",
        "country": "United Kingdom",
        "gender": "ALL"
      },
      "interventions": [
        "ASPG gene",
        "cyclophosphamide",
        "cytarabine",
        "daunorubicin hydrochloride",
        "dexamethasone",
        "etoposide",
        "mercaptopurine",
        "methotrexate",
        "prednisolone",
        "thioguanine",
        "vincristine sulfate"
      ],
      "outcomes": []
    }
  },
  {
    "nct_id": "NCT00003424",
    "conditions": [
      "Adult Liver Carcinoma"
    ],
    "pico_attributes": {
      "populations": {
        "minimum_age": "10 Years",
        "maximum_age": "90 Years",
        "country": "Singapore",
        "gender": "ALL"
      },
      "interventions": [
        "tamoxifen citrate"
      ],
      "outcomes": []
    }
  },
  {
    "nct_id": "NCT00003425",
    "conditions": [
      "Adult Lymphoma",
      "Adult Solid Neoplasm",
      "Breast Carcinoma",
      "Carcinoma, Ovarian Epithelial",
      "Central neuroblastoma",
      "Childhood Leukemia",
      "Clinical trial protocol",
      "Entity Determiner - specific",
      "External cause codes: Unspecified",
      "Malignant neoplasm of soft tissue"
    ],
    "pico_attributes": {
      "populations": {
        "minimum_age": "14 Years",
        "maximum_age": "70 Years",
        "country": "United States",
        "gender": "ALL"
      },
      "interventions": [
        "Amifostine Trihydrate",
        "CSF3 gene",
        "Peripheral Stem Cell Transplantation",
        "cyclophosphamide",
        "melphalan"
      ],
      "outcomes": []
    }
  },
  {
    "nct_id": "NCT00003426",
    "conditions": [
      "Malignant neoplasm of pancreas"
    ],
    "pico_attributes": {
      "populations": {
        "minimum_age": "18 Years",
        "maximum_age": "NA",
        "country": "United States",
        "gender": "ALL"
      },
      "interventions": [
        "Therapeutic radiology procedure",
        "gemcitabine hydrochloride"
      ],
      "outcomes": []
    }
  },
  {
    "nct_id": "NCT00003427",
    "conditions": [
      "Adult Liver Carcinoma",
      "Anal carcinoma",
      "Carcinoma of extrahepatic bile duct",
      "Childhood Esophageal Carcinoma",
      "Colorectal Cancer Pathway",
      "Gallbladder Carcinoma",
      "Gastrointestinal Carcinoid Tumor",
      "Malignant neoplasm of pancreas",
      "Malignant neoplasm of stomach",
      "Malignant tumor of small intestine"
    ],
    "pico_attributes": {
      "populations": {
        "minimum_age": "18 Years",
        "maximum_age": "NA",
        "country": "United States",
        "gender": "ALL"
      },
      "interventions": [
        "irinotecan hydrochloride",
        "oxaliplatin"
      ],
      "outcomes": []
    }
  },
  {
    "nct_id": "NCT00003428",
    "conditions": [
      "Breast Carcinoma"
    ],
    "pico_attributes": {
      "populations": {
        "minimum_age": "18 Years",
        "maximum_age": "NA",
        "country": "United States",
        "gender": "FEMALE"
      },
      "interventions": [
        "Arzoxifene Hydrochloride"
      ],
      "outcomes": []
    }
  },
  {
    "nct_id": "NCT00003429",
    "conditions": [
      "Cervix carcinoma"
    ],
    "pico_attributes": {
      "populations": {
        "minimum_age": "18 Years",
        "maximum_age": "120 Years",
        "country": "United States",
        "gender": "FEMALE"
      },
      "interventions": [
        "Biopsy",
        "Positron-Emission Tomography",
        "X-Ray Computed Tomography",
        "fluorodeoxyglucose F18"
      ],
      "outcomes": []
    }
  },
  {
    "nct_id": "NCT00003430",
    "conditions": [
      "Adult Solid Neoplasm",
      "Clinical trial protocol",
      "Entity Determiner - specific",
      "External cause codes: Unspecified",
      "Head and Neck Carcinoma"
    ],
    "pico_attributes": {
      "populations": {
        "minimum_age": "18 Years",
        "maximum_age": "NA",
        "country": "United States",
        "gender": "ALL"
      },
      "interventions": [
        "L 778,123"
      ],
      "outcomes": []
    }
  },
  {
    "nct_id": "NCT00003431",
    "conditions": [
      "Colorectal Cancer Pathway",
      "Disseminated Malignant Neoplasm"
    ],
    "pico_attributes": {
      "populations": {
        "minimum_age": "18 Years",
        "maximum_age": "NA",
        "country": "United States",
        "gender": "ALL"
      },
      "interventions": [
        "Recombinant Flt3 Ligand"
      ],
      "outcomes": []
    }
  },
  {
    "nct_id": "NCT00003432",
    "conditions": [
      "Breast Carcinoma"
    ],
    "pico_attributes": {
      "populations": {
        "minimum_age": "18 Years",
        "maximum_age": "NA",
        "country": "United States",
        "gender": "ALL"
      },
      "interventions": [
        "Carcinoembryonic Antigen RNA-pulsed DC Cancer Vaccine"
      ],
      "outcomes": []
    }
  },
  {
    "nct_id": "NCT00003433",
    "conditions": [
      "Colorectal Cancer Pathway",
      "Disseminated Malignant Neoplasm"
    ],
    "pico_attributes": {
      "populations": {
        "minimum_age": "18 Years",
        "maximum_age": "NA",
        "country": "United States",
        "gender": "ALL"
      },
      "interventions": [
        "Carcinoembryonic Antigen RNA-pulsed DC Cancer Vaccine"
      ],
      "outcomes": []
    }
  },
  {
    "nct_id": "NCT00003434",
    "conditions": [
      "Malignant neoplasm of pancreas"
    ],
    "pico_attributes": {
      "populations": {
        "minimum_age": "18 Years",
        "maximum_age": "NA",
        "country": "United States",
        "gender": "ALL"
      },
      "interventions": [
        "Carcinoembryonic Antigen Peptide 1",
        "hepatitis B antigen peptide"
      ],
      "outcomes": []
    }
  },
  {
    "nct_id": "NCT00003435",
    "conditions": [
      "Adult Lymphoma",
      "Childhood Leukemia"
    ],
    "pico_attributes": {
      "populations": {
        "minimum_age": "18 Years",
        "maximum_age": "55 Years",
        "country": "United States",
        "gender": "ALL"
      },
      "interventions": [
        "Antiviral Therapy",
        "Bone Marrow Ablation with Stem Cell Support",
        "Peripheral Stem Cell Transplantation",
        "Therapeutic radiology procedure",
        "Umbilical Cord Blood Transplantation",
        "lymphocyte immune globulin, anti-thymocyte globulin",
        "melphalan"
      ],
      "outcomes": []
    }
  },
  {
    "nct_id": "NCT00003436",
    "conditions": [
      "Childhood Leukemia",
      "MYELODYSPLASTIC SYNDROME"
    ],
    "pico_attributes": {
      "populations": {
        "minimum_age": "NA",
        "maximum_age": "15 Years",
        "country": "United Kingdom",
        "gender": "ALL"
      },
      "interventions": [
        "ASPG gene",
        "Allogeneic bone marrow transplantation",
        "amsacrine",
        "cytarabine",
        "daunorubicin hydrochloride",
        "etoposide",
        "hydrocortisone",
        "methotrexate",
        "mitoxantrone hydrochloride"
      ],
      "outcomes": []
    }
  },
  {
    "nct_id": "NCT00003437",
    "conditions": [
      "Childhood Leukemia"
    ],
    "pico_attributes": {
      "populations": {
        "minimum_age": "1 Year",
        "maximum_age": "18 Years",
        "country": "United Kingdom",
        "gender": "ALL"
      },
      "interventions": [
        "ASPG gene",
        "Therapeutic radiology procedure",
        "cyclophosphamide",
        "cytarabine",
        "daunorubicin hydrochloride",
        "dexamethasone",
        "doxorubicin hydrochloride",
        "mercaptopurine",
        "methotrexate",
        "pegaspargase",
        "prednisolone",
        "thioguanine",
        "vincristine sulfate"
      ],
      "outcomes": []
    }
  },
  {
    "nct_id": "NCT00003439",
    "conditions": [
      "Cancer Genus"
    ],
    "pico_attributes": {
      "populations": {
        "minimum_age": "18 Years",
        "maximum_age": "NA",
        "country": "United States",
        "gender": "ALL"
      },
      "interventions": [
        "Recombinant Interleukin-12"
      ],
      "outcomes": []
    }
  },
  {
    "nct_id": "NCT00003440",
    "conditions": [
      "Anatomic Stage IIIC Breast Cancer AJCC v8",
      "HER2-negative breast cancer",
      "HER2-positive carcinoma of breast",
      "IV number:ID:Pt:^Patient:Nom",
      "Recurrent Breast Carcinoma",
      "malignant neoplasm of breast staging"
    ],
    "pico_attributes": {
      "populations": {
        "minimum_age": "18 Years",
        "maximum_age": "NA",
        "country": "United States",
        "gender": "FEMALE"
      },
      "interventions": [
        "Assessment of quality of life",
        "Laboratory Biomarker Analysis",
        "paclitaxel",
        "trastuzumab"
      ],
      "outcomes": []
    }
  },
  {
    "nct_id": "NCT00003441",
    "conditions": [
      "Colorectal Cancer Pathway"
    ],
    "pico_attributes": {
      "populations": {
        "minimum_age": "18 Years",
        "maximum_age": "NA",
        "country": "United States",
        "gender": "ALL"
      },
      "interventions": [
        "MGI 114",
        "irofulven"
      ],
      "outcomes": []
    }
  },
  {
    "nct_id": "NCT00003443",
    "conditions": [
      "Head and Neck Carcinoma"
    ],
    "pico_attributes": {
      "populations": {
        "minimum_age": "18 Years",
        "maximum_age": "NA",
        "country": "United States",
        "gender": "ALL"
      },
      "interventions": [
        "bryostatin 1"
      ],
      "outcomes": []
    }
  },
  {
    "nct_id": "NCT00003444",
    "conditions": [
      "Melanoma Pathway",
      "Skin"
    ],
    "pico_attributes": {
      "populations": {
        "minimum_age": "18 Years",
        "maximum_age": "120 Years",
        "country": "United States",
        "gender": "FEMALE"
      },
      "interventions": [
        "Recombinant Interferon Alfa",
        "Therapeutic radiology procedure"
      ],
      "outcomes": []
    }
  },
  {
    "nct_id": "NCT00003445",
    "conditions": [
      "Cervix carcinoma"
    ],
    "pico_attributes": {
      "populations": {
        "minimum_age": "NA",
        "maximum_age": "NA",
        "country": "Argentina",
        "gender": "FEMALE"
      },
      "interventions": [
        "docetaxel"
      ],
      "outcomes": []
    }
  },
  {
    "nct_id": "NCT00003446",
    "conditions": [
      "Colorectal Cancer Pathway"
    ],
    "pico_attributes": {
      "populations": {
        "minimum_age": "18 Years",
        "maximum_age": "74 Years",
        "country": "Argentina",
        "gender": "ALL"
      },
      "interventions": [
        "fluorouracil",
        "leucovorin calcium",
        "trimetrexate glucuronate"
      ],
      "outcomes": []
    }
  },
  {
    "nct_id": "NCT00003447",
    "conditions": [
      "Carcinoma of lung"
    ],
    "pico_attributes": {
      "populations": {
        "minimum_age": "70 Years",
        "maximum_age": "NA",
        "country": "Italy",
        "gender": "ALL"
      },
      "interventions": [
        "gemcitabine hydrochloride",
        "vinorelbine tartrate"
      ],
      "outcomes": []
    }
  },
  {
    "nct_id": "NCT00003449",
    "conditions": [
      "Carcinoma, Ovarian Epithelial"
    ],
    "pico_attributes": {
      "populations": {
        "minimum_age": "18 Years",
        "maximum_age": "NA",
        "country": "United States",
        "gender": "FEMALE"
      },
      "interventions": [
        "dexamethasone",
        "gemcitabine hydrochloride",
        "paclitaxel"
      ],
      "outcomes": []
    }
  },
  {
    "nct_id": "NCT00003450",
    "conditions": [
      "Carcinoma, Ovarian Epithelial",
      "Malignant tumor of peritoneum"
    ],
    "pico_attributes": {
      "populations": {
        "minimum_age": "18 Years",
        "maximum_age": "120 Years",
        "country": "United States",
        "gender": "FEMALE"
      },
      "interventions": [
        "Ad5CMV-p53 gene"
      ],
      "outcomes": []
    }
  },
  {
    "nct_id": "NCT00003451",
    "conditions": [
      "Adult Lymphoma",
      "Adult Solid Neoplasm",
      "Childhood Leukemia",
      "Chronic myeloproliferative disorder",
      "Clinical trial protocol",
      "Entity Determiner - specific",
      "External cause codes: Unspecified",
      "MYELODYSPLASTIC SYNDROME",
      "Multiple Myeloma",
      "Plasma Cell Neoplasm",
      "Precancerous Conditions"
    ],
    "pico_attributes": {
      "populations": {
        "minimum_age": "13 Years",
        "maximum_age": "NA",
        "country": "United States",
        "gender": "ALL"
      },
      "interventions": [
        "Recombinant Interferon Alfa",
        "Recombinant Interleukin-12"
      ],
      "outcomes": []
    }
  },
  {
    "nct_id": "NCT00003452",
    "conditions": [
      "IV number:ID:Pt:^Patient:Nom",
      "stage, bladder cancer"
    ],
    "pico_attributes": {
      "populations": {
        "minimum_age": "18 Years",
        "maximum_age": "99 Years",
        "country": "United States",
        "gender": "ALL"
      },
      "interventions": [
        "Antineoplaston Agent",
        "Astugenal",
        "Atengenal",
        "Therapeutic procedure"
      ],
      "outcomes": []
    }
  },
  {
    "nct_id": "NCT00003453",
    "conditions": [
      "Adrenocortical carcinoma",
      "IV number:ID:Pt:^Patient:Nom",
      "Phase"
    ],
    "pico_attributes": {
      "populations": {
        "minimum_age": "6 Months",
        "maximum_age": "99 Years",
        "country": "United States",
        "gender": "ALL"
      },
      "interventions": [
        "Antineoplaston Agent",
        "Astugenal",
        "Atengenal",
        "Therapeutic procedure"
      ],
      "outcomes": [
        "Amount type - Percentage",
        "Clinical Trial Objective",
        "Count of entities",
        "Disease Response",
        "Participant",
        "survive"
      ]
    }
  },
  {
    "nct_id": "NCT00003454",
    "conditions": [
      "IV number:ID:Pt:^Patient:Nom",
      "malignant neoplasm of breast staging"
    ],
    "pico_attributes": {
      "populations": {
        "minimum_age": "18 Years",
        "maximum_age": "99 Years",
        "country": "United States",
        "gender": "FEMALE"
      },
      "interventions": [
        "Antineoplaston Agent",
        "Astugenal",
        "Atengenal",
        "Therapeutic procedure"
      ],
      "outcomes": []
    }
  },
  {
    "nct_id": "NCT00003455",
    "conditions": [
      "IV number:ID:Pt:^Patient:Nom",
      "Recurrent Breast Carcinoma",
      "malignant neoplasm of breast staging"
    ],
    "pico_attributes": {
      "populations": {
        "minimum_age": "18 Years",
        "maximum_age": "NA",
        "country": "United States",
        "gender": "ALL"
      },
      "interventions": [
        "Alternative Medical Therapy",
        "Alternative Medicine",
        "Biological Response Modifier Therapy",
        "Biologically Based Practices",
        "Cancer Prevention Intervention",
        "Differentiation Therapy",
        "antineoplaston A10",
        "antineoplaston AS 2-1"
      ],
      "outcomes": []
    }
  },
  {
    "nct_id": "NCT00003456",
    "conditions": [
      "Brain Glioblastoma"
    ],
    "pico_attributes": {
      "populations": {
        "minimum_age": "18 Years",
        "maximum_age": "99 Years",
        "country": "United States",
        "gender": "ALL"
      },
      "interventions": [
        "Antineoplaston Agent",
        "Astugenal",
        "Atengenal",
        "Therapeutic procedure"
      ],
      "outcomes": [
        "Amount type - Percentage",
        "Clinical Trial Objective",
        "Count of entities",
        "Disease Response",
        "Participant",
        "survive"
      ]
    }
  },
  {
    "nct_id": "NCT00003457",
    "conditions": [
      "Refractory Brain Neoplasm"
    ],
    "pico_attributes": {
      "populations": {
        "minimum_age": "18 Years",
        "maximum_age": "99 Years",
        "country": "United States",
        "gender": "ALL"
      },
      "interventions": [
        "Antineoplaston Agent",
        "Astugenal",
        "Atengenal",
        "Therapeutic procedure"
      ],
      "outcomes": [
        "Amount type - Percentage",
        "Clinical Trial Objective",
        "Count of entities",
        "Disease Response",
        "Participant",
        "survive"
      ]
    }
  },
  {
    "nct_id": "NCT00003458",
    "conditions": [
      "Childhood Brain Neoplasm"
    ],
    "pico_attributes": {
      "populations": {
        "minimum_age": "6 Months",
        "maximum_age": "18 Years",
        "country": "United States",
        "gender": "ALL"
      },
      "interventions": [
        "Antineoplaston Agent",
        "Astugenal",
        "Atengenal",
        "Therapeutic procedure"
      ],
      "outcomes": [
        "Amount type - Percentage",
        "Clinical Trial Objective",
        "Count of entities",
        "Disease Response",
        "Participant",
        "survive"
      ]
    }
  },
  {
    "nct_id": "NCT00003459",
    "conditions": [
      "Brain Stem Glioma"
    ],
    "pico_attributes": {
      "populations": {
        "minimum_age": "6 Months",
        "maximum_age": "99 Years",
        "country": "United States",
        "gender": "ALL"
      },
      "interventions": [
        "Antineoplaston Agent",
        "Astugenal",
        "Atengenal",
        "Therapeutic procedure"
      ],
      "outcomes": [
        "Amount type - Percentage",
        "Clinical Trial Objective",
        "Count of entities",
        "Disease Response",
        "Participant",
        "survive"
      ]
    }
  },
  {
    "nct_id": "NCT00003460",
    "conditions": [
      "Childhood",
      "Neuroectodermal Tumor, Primitive"
    ],
    "pico_attributes": {
      "populations": {
        "minimum_age": "6 Months",
        "maximum_age": "17 Years",
        "country": "United States",
        "gender": "ALL"
      },
      "interventions": [
        "Antineoplaston Agent",
        "Astugenal",
        "Atengenal",
        "Therapeutic procedure"
      ],
      "outcomes": [
        "Amount type - Percentage",
        "Clinical Trial Objective",
        "Count of entities",
        "Disease Response",
        "Participant",
        "survive"
      ]
    }
  },
  {
    "nct_id": "NCT00003461",
    "conditions": [
      "Brain",
      "Central Nervous System Neoplasms",
      "Central neuroblastoma",
      "Disseminated Malignant Neoplasm"
    ],
    "pico_attributes": {
      "populations": {
        "minimum_age": "18 Years",
        "maximum_age": "NA",
        "country": "United States",
        "gender": "ALL"
      },
      "interventions": [
        "At 211 Monoclonal Antibody 81C6",
        "Operative Surgical Procedures"
      ],
      "outcomes": []
    }
  },
  {
    "nct_id": "NCT00003462",
    "conditions": [
      "Brain",
      "Central Nervous System Neoplasms"
    ],
    "pico_attributes": {
      "populations": {
        "minimum_age": "18 Years",
        "maximum_age": "NA",
        "country": "United States",
        "gender": "ALL"
      },
      "interventions": [
        "busulfan"
      ],
      "outcomes": []
    }
  },
  {
    "nct_id": "NCT00003463",
    "conditions": [
      "Brain",
      "Central Nervous System Neoplasms"
    ],
    "pico_attributes": {
      "populations": {
        "minimum_age": "18 Years",
        "maximum_age": "NA",
        "country": "United States",
        "gender": "ALL"
      },
      "interventions": [
        "Carmustine Implant",
        "Operative Surgical Procedures",
        "carmustine",
        "irinotecan hydrochloride"
      ],
      "outcomes": []
    }
  },
  {
    "nct_id": "NCT00003464",
    "conditions": [
      "Brain",
      "Central Nervous System Neoplasms"
    ],
    "pico_attributes": {
      "populations": {
        "minimum_age": "18 Years",
        "maximum_age": "NA",
        "country": "United States",
        "gender": "ALL"
      },
      "interventions": [
        "Therapeutic radiology procedure",
        "temozolomide"
      ],
      "outcomes": []
    }
  },
  {
    "nct_id": "NCT00003465",
    "conditions": [
      "Brain",
      "Central Nervous System Neoplasms"
    ],
    "pico_attributes": {
      "populations": {
        "minimum_age": "18 Years",
        "maximum_age": "NA",
        "country": "United States",
        "gender": "ALL"
      },
      "interventions": [
        "temozolomide"
      ],
      "outcomes": []
    }
  },
  {
    "nct_id": "NCT00003466",
    "conditions": [
      "Brain",
      "Central Nervous System Neoplasms"
    ],
    "pico_attributes": {
      "populations": {
        "minimum_age": "4 Years",
        "maximum_age": "NA",
        "country": "United States",
        "gender": "ALL"
      },
      "interventions": [
        "temozolomide"
      ],
      "outcomes": []
    }
  },
  {
    "nct_id": "NCT00003467",
    "conditions": [
      "Brain",
      "Central Nervous System Neoplasms"
    ],
    "pico_attributes": {
      "populations": {
        "minimum_age": "18 Years",
        "maximum_age": "NA",
        "country": "United States",
        "gender": "ALL"
      },
      "interventions": [
        "Carmustine Implant",
        "Operative Surgical Procedures",
        "carmustine"
      ],
      "outcomes": []
    }
  },
  {
    "nct_id": "NCT00003468",
    "conditions": [
      "Astrocytoma, low grade"
    ],
    "pico_attributes": {
      "populations": {
        "minimum_age": "6 Months",
        "maximum_age": "17 Years",
        "country": "United States",
        "gender": "ALL"
      },
      "interventions": [
        "Antineoplaston Agent",
        "Astugenal",
        "Atengenal",
        "Therapeutic procedure"
      ],
      "outcomes": [
        "Amount type - Percentage",
        "Clinical Trial Objective",
        "Count of entities",
        "Disease Response",
        "Participant",
        "survive"
      ]
    }
  },
  {
    "nct_id": "NCT00003469",
    "conditions": [
      "Atypical Teratoid Rhabdoid Tumor"
    ],
    "pico_attributes": {
      "populations": {
        "minimum_age": "6 Months",
        "maximum_age": "17 Years",
        "country": "United States",
        "gender": "ALL"
      },
      "interventions": [
        "Antineoplaston Agent",
        "Astugenal",
        "Atengenal",
        "Therapeutic procedure"
      ],
      "outcomes": [
        "Amount type - Percentage",
        "Clinical Trial Objective",
        "Count of entities",
        "Disease Response",
        "Participant",
        "survive"
      ]
    }
  },
  {
    "nct_id": "NCT00003470",
    "conditions": [
      "Adult Anaplastic Astrocytoma"
    ],
    "pico_attributes": {
      "populations": {
        "minimum_age": "18 Years",
        "maximum_age": "99 Years",
        "country": "United States",
        "gender": "ALL"
      },
      "interventions": [
        "Antineoplaston Agent",
        "Astugenal",
        "Atengenal",
        "Therapeutic procedure"
      ],
      "outcomes": [
        "Amount type - Percentage",
        "Clinical Trial Objective",
        "Count of entities",
        "Disease Response",
        "Participant",
        "survive"
      ]
    }
  },
  {
    "nct_id": "NCT00003471",
    "conditions": [
      "Ant-thrush (organism)",
      "Astrocytoma, low grade"
    ],
    "pico_attributes": {
      "populations": {
        "minimum_age": "18 Years",
        "maximum_age": "99 Years",
        "country": "United States",
        "gender": "ALL"
      },
      "interventions": [
        "Antineoplaston Agent",
        "Astugenal",
        "Atengenal",
        "Therapeutic procedure"
      ],
      "outcomes": [
        "Amount type - Percentage",
        "Clinical Trial Objective",
        "Count of entities",
        "Disease Response",
        "Participant",
        "survive"
      ]
    }
  },
  {
    "nct_id": "NCT00003472",
    "conditions": [
      "Adult",
      "Adult Oligodendroglioma"
    ],
    "pico_attributes": {
      "populations": {
        "minimum_age": "18 Years",
        "maximum_age": "99 Years",
        "country": "United States",
        "gender": "ALL"
      },
      "interventions": [
        "Antineoplaston Agent",
        "Astugenal",
        "Atengenal",
        "Therapeutic procedure"
      ],
      "outcomes": [
        "Amount type - Percentage",
        "Clinical Trial Objective",
        "Count of entities",
        "Disease Response",
        "Participant",
        "survive"
      ]
    }
  },
  {
    "nct_id": "NCT00003473",
    "conditions": [
      "mixed gliomas"
    ],
    "pico_attributes": {
      "populations": {
        "minimum_age": "18 Years",
        "maximum_age": "99 Years",
        "country": "United States",
        "gender": "ALL"
      },
      "interventions": [
        "Astugenal",
        "Atengenal"
      ],
      "outcomes": [
        "Amount type - Percentage",
        "Clinical Trial Objective",
        "Count of entities",
        "Disease Response",
        "Participant",
        "survive"
      ]
    }
  }
]