[
  {
    "nct_id": "NCT00182663",
    "conditions": [
      "DS Stage I Plasma Cell Myeloma",
      "DS Stage II Plasma Cell Myeloma",
      "DS Stage III Plasma Cell Myeloma",
      "Refractory Plasma Cell Myeloma"
    ],
    "pico_attributes": {
      "populations": {
        "minimum_age": "14 Years",
        "maximum_age": "NA",
        "country": "United States",
        "gender": "ALL"
      },
      "interventions": [
        "clarithromycin",
        "dexamethasone",
        "thalidomide"
      ],
      "outcomes": []
    }
  },
  {
    "nct_id": "NCT00182689",
    "conditions": [
      "Extensive Stage Lung Small Cell Carcinoma",
      "Recurrent Lung Small Cell Carcinoma"
    ],
    "pico_attributes": {
      "populations": {
        "minimum_age": "18 Years",
        "maximum_age": "NA",
        "country": "United States",
        "gender": "ALL"
      },
      "interventions": [
        "sorafenib"
      ],
      "outcomes": [
        "Adverse Event Domain",
        "Bayer Corneal Epitheliopathy Grade 3",
        "Clinical Trial Objective",
        "Compleat Liquid Nutrition",
        "Confirmation",
        "Death Related to Adverse Event",
        "Disease Response",
        "Drug Evaluation",
        "GDC Treatment Outcome Terminology",
        "In addition to",
        "Number of patients",
        "Overall Survival",
        "RECIST Partial Response",
        "Related personal status",
        "Unconfirmed"
      ]
    }
  },
  {
    "nct_id": "NCT00182702",
    "conditions": [
      "Conventional (Clear Cell) Renal Cell Carcinoma",
      "Renal cancer recurrent",
      "Stage III Renal Cell Cancer AJCC v7",
      "Stage IV Renal Cell Cancer"
    ],
    "pico_attributes": {
      "populations": {
        "minimum_age": "18 Years",
        "maximum_age": "NA",
        "country": "United States",
        "gender": "ALL"
      },
      "interventions": [
        "Laboratory Biomarker Analysis",
        "ixabepilone"
      ],
      "outcomes": []
    }
  },
  {
    "nct_id": "NCT00182715",
    "conditions": [
      "Colorectal Cancer Pathway"
    ],
    "pico_attributes": {
      "populations": {
        "minimum_age": "18 Years",
        "maximum_age": "NA",
        "country": "United Kingdom",
        "gender": "ALL"
      },
      "interventions": [
        "capecitabine",
        "cetuximab",
        "fluorouracil",
        "leucovorin calcium",
        "oxaliplatin"
      ],
      "outcomes": []
    }
  },
  {
    "nct_id": "NCT00182728",
    "conditions": [
      "Breast Carcinoma"
    ],
    "pico_attributes": {
      "populations": {
        "minimum_age": "48 Years",
        "maximum_age": "120 Years",
        "country": "United States",
        "gender": "FEMALE"
      },
      "interventions": [
        "General surgery specialty",
        "Therapeutic procedure",
        "Therapeutic radiology procedure"
      ],
      "outcomes": [
        "And",
        "Body tissue",
        "Breast",
        "Chemical Association",
        "Expression (foundation metadata concept)",
        "Incidence",
        "Intraoperative Radiation Therapy",
        "Ipsilateral",
        "NF-kappa B",
        "Neoplasms",
        "Nuclear (incident type)",
        "Recurrence",
        "TP53 gene",
        "Toxicity Grade"
      ]
    }
  },
  {
    "nct_id": "NCT00182741",
    "conditions": [
      "Malignant neoplasm of prostate"
    ],
    "pico_attributes": {
      "populations": {
        "minimum_age": "18 Years",
        "maximum_age": "100 Years",
        "country": "United States",
        "gender": "MALE"
      },
      "interventions": [
        "Calcitriol Drug Class",
        "mitoxantrone hydrochloride",
        "prednisone"
      ],
      "outcomes": []
    }
  },
  {
    "nct_id": "NCT00182754",
    "conditions": [
      "Adult Solid Neoplasm",
      "Clinical trial protocol",
      "Disseminated Malignant Neoplasm",
      "Entity Determiner - specific",
      "External cause codes: Unspecified"
    ],
    "pico_attributes": {
      "populations": {
        "minimum_age": "18 Years",
        "maximum_age": "NA",
        "country": "United States",
        "gender": "ALL"
      },
      "interventions": [
        "Placebo Control",
        "octreotide acetate"
      ],
      "outcomes": [
        "Average",
        "Count of entities",
        "Median (qualifier value)",
        "Paracentesis",
        "Perceived quality of life",
        "Time"
      ]
    }
  },
  {
    "nct_id": "NCT00182767",
    "conditions": [
      "Epithelial",
      "Fallopian Tube Carcinoma",
      "IV number:ID:Pt:^Patient:Nom",
      "Malignant Female Reproductive System Neoplasm",
      "Ovarian cancer stage III",
      "Ovarian cancer stage IV",
      "Recurrent Breast Carcinoma",
      "Recurrent ovarian cancer",
      "malignant neoplasm of breast staging"
    ],
    "pico_attributes": {
      "populations": {
        "minimum_age": "18 Years",
        "maximum_age": "NA",
        "country": "United States",
        "gender": "FEMALE"
      },
      "interventions": [
        "doxorubicin hydrochloride liposome",
        "ixabepilone"
      ],
      "outcomes": [
        "Maximum Tolerated Dose",
        "Progression-Free Survival"
      ]
    }
  },
  {
    "nct_id": "NCT00182780",
    "conditions": [
      "Adult Solid Neoplasm",
      "Clinical trial protocol",
      "Entity Determiner - specific",
      "External cause codes: Unspecified",
      "Fatigue"
    ],
    "pico_attributes": {
      "populations": {
        "minimum_age": "18 Years",
        "maximum_age": "NA",
        "country": "United States",
        "gender": "ALL"
      },
      "interventions": [
        "Panax quinquefolius whole extract",
        "Placebo Control"
      ],
      "outcomes": []
    }
  },
  {
    "nct_id": "NCT00182793",
    "conditions": [
      "Breast Carcinoma"
    ],
    "pico_attributes": {
      "populations": {
        "minimum_age": "NA",
        "maximum_age": "65 Years",
        "country": "United States",
        "gender": "ALL"
      },
      "interventions": [
        "Adjuvant Therapy",
        "Autologous-Autologous Tandem Hematopoietic Stem Cell Transplantation",
        "Bone Marrow Ablation with Stem Cell Support",
        "Therapeutic radiology procedure",
        "carboplatin",
        "cyclophosphamide",
        "melphalan",
        "thiotepa",
        "trastuzumab"
      ],
      "outcomes": [
        "+5",
        "Empty (qualifier)",
        "Global Relapse",
        "Survival Rate",
        "per year"
      ]
    }
  },
  {
    "nct_id": "NCT00182806",
    "conditions": [
      "Carcinoma of lung"
    ],
    "pico_attributes": {
      "populations": {
        "minimum_age": "18 Years",
        "maximum_age": "NA",
        "country": "United States",
        "gender": "ALL"
      },
      "interventions": [
        "gemcitabine hydrochloride",
        "irinotecan hydrochloride"
      ],
      "outcomes": []
    }
  },
  {
    "nct_id": "NCT00182819",
    "conditions": [
      "Brain",
      "Central Nervous System Neoplasms"
    ],
    "pico_attributes": {
      "populations": {
        "minimum_age": "18 Years",
        "maximum_age": "NA",
        "country": "United Kingdom",
        "gender": "ALL"
      },
      "interventions": [
        "Therapeutic radiology procedure",
        "temozolomide"
      ],
      "outcomes": []
    }
  },
  {
    "nct_id": "NCT00182832",
    "conditions": [
      "Delirium",
      "Impaired cognition"
    ],
    "pico_attributes": {
      "populations": {
        "minimum_age": "65 Years",
        "maximum_age": "NA",
        "country": "United States",
        "gender": "ALL"
      },
      "interventions": [
        "CHAMP1 gene",
        "Enhance (action)",
        "Impaired cognition",
        "Older adult care",
        "Patient in hospital",
        "Standard (document)",
        "care activity"
      ],
      "outcomes": []
    }
  },
  {
    "nct_id": "NCT00182845",
    "conditions": [
      "Delirium",
      "Postoperative Complications"
    ],
    "pico_attributes": {
      "populations": {
        "minimum_age": "65 Years",
        "maximum_age": "NA",
        "country": "United States",
        "gender": "ALL"
      },
      "interventions": [
        "donepezil"
      ],
      "outcomes": []
    }
  },
  {
    "nct_id": "NCT00182858",
    "conditions": [
      "Normal Volunteers"
    ],
    "pico_attributes": {
      "populations": {
        "minimum_age": "18 Years",
        "maximum_age": "NA",
        "country": "United States",
        "gender": "ALL"
      },
      "interventions": [],
      "outcomes": []
    }
  },
  {
    "nct_id": "NCT00182871",
    "conditions": [
      "Aging",
      "Frailty",
      "Osteoporosis"
    ],
    "pico_attributes": {
      "populations": {
        "minimum_age": "60 Years",
        "maximum_age": "NA",
        "country": "United States",
        "gender": "MALE"
      },
      "interventions": [
        "Therapeutic Testosterone"
      ],
      "outcomes": []
    }
  },
  {
    "nct_id": "NCT00182884",
    "conditions": [
      "Delirium",
      "Postoperative Complications"
    ],
    "pico_attributes": {
      "populations": {
        "minimum_age": "65 Years",
        "maximum_age": "NA",
        "country": "United States",
        "gender": "ALL"
      },
      "interventions": [
        "donepezil"
      ],
      "outcomes": []
    }
  },
  {
    "nct_id": "NCT00182897",
    "conditions": [
      "Alzheimer's Disease",
      "Dementia"
    ],
    "pico_attributes": {
      "populations": {
        "minimum_age": "21 Years",
        "maximum_age": "NA",
        "country": "United States",
        "gender": "ALL"
      },
      "interventions": [
        "Building process",
        "Caregiver",
        "Health",
        "Recipient",
        "care activity",
        "skill"
      ],
      "outcomes": []
    }
  },
  {
    "nct_id": "NCT00182923",
    "conditions": [
      "Healthy"
    ],
    "pico_attributes": {
      "populations": {
        "minimum_age": "21 Years",
        "maximum_age": "45 Years",
        "country": "United States",
        "gender": "ALL"
      },
      "interventions": [],
      "outcomes": []
    }
  },
  {
    "nct_id": "NCT00182936",
    "conditions": [
      "Aging",
      "Delirium"
    ],
    "pico_attributes": {
      "populations": {
        "minimum_age": "65 Years",
        "maximum_age": "NA",
        "country": "United States",
        "gender": "ALL"
      },
      "interventions": [
        "Delirium",
        "Program"
      ],
      "outcomes": []
    }
  },
  {
    "nct_id": "NCT00182949",
    "conditions": [
      "Exaggerated",
      "Frailty",
      "Heart Diseases",
      "Personality Traits",
      "Physical"
    ],
    "pico_attributes": {
      "populations": {
        "minimum_age": "14 Years",
        "maximum_age": "NA",
        "country": "Italy",
        "gender": "ALL"
      },
      "interventions": [],
      "outcomes": []
    }
  },
  {
    "nct_id": "NCT00182962",
    "conditions": [
      "Aging",
      "Function (attribute)"
    ],
    "pico_attributes": {
      "populations": {
        "minimum_age": "65 Years",
        "maximum_age": "NA",
        "country": "United States",
        "gender": "ALL"
      },
      "interventions": [],
      "outcomes": []
    }
  },
  {
    "nct_id": "NCT00182975",
    "conditions": [
      "Aging"
    ],
    "pico_attributes": {
      "populations": {
        "minimum_age": "65 Years",
        "maximum_age": "75 Years",
        "country": "United States",
        "gender": "ALL"
      },
      "interventions": [
        "Replacement",
        "prasterone"
      ],
      "outcomes": []
    }
  },
  {
    "nct_id": "NCT00182988",
    "conditions": [
      "Alzheimer's Disease"
    ],
    "pico_attributes": {
      "populations": {
        "minimum_age": "60 Years",
        "maximum_age": "NA",
        "country": "United States",
        "gender": "ALL"
      },
      "interventions": [],
      "outcomes": []
    }
  },
  {
    "nct_id": "NCT00183001",
    "conditions": [
      "Inflammation",
      "Osteoporosis",
      "Vascular calcification"
    ],
    "pico_attributes": {
      "populations": {
        "minimum_age": "60 Years",
        "maximum_age": "80 Years",
        "country": "United States",
        "gender": "ALL"
      },
      "interventions": [
        "Vitamin K Drug Class"
      ],
      "outcomes": []
    }
  },
  {
    "nct_id": "NCT00183014",
    "conditions": [
      "Aging",
      "Sedentary lifestyle"
    ],
    "pico_attributes": {
      "populations": {
        "minimum_age": "60 Years",
        "maximum_age": "NA",
        "country": "United States",
        "gender": "ALL"
      },
      "interventions": [
        "Exercise class",
        "Fitness",
        "Lifetime",
        "Program"
      ],
      "outcomes": []
    }
  },
  {
    "nct_id": "NCT00183027",
    "conditions": [
      "BODY MASS INDEX QUANTITATIVE TRAIT LOCUS 20"
    ],
    "pico_attributes": {
      "populations": {
        "minimum_age": "20 Years",
        "maximum_age": "42 Years",
        "country": "United States",
        "gender": "ALL"
      },
      "interventions": [
        "Act Class - Attestable unit",
        "Diet",
        "Energy Intake"
      ],
      "outcomes": []
    }
  },
  {
    "nct_id": "NCT00183040",
    "conditions": [
      "Frailty",
      "Muscle Weakness",
      "Sarcopenia"
    ],
    "pico_attributes": {
      "populations": {
        "minimum_age": "65 Years",
        "maximum_age": "90 Years",
        "country": "United States",
        "gender": "MALE"
      },
      "interventions": [
        "Recombinant Human Growth Hormone",
        "Testosterone Topical Product"
      ],
      "outcomes": []
    }
  },
  {
    "nct_id": "NCT00183053",
    "conditions": [
      "Aging"
    ],
    "pico_attributes": {
      "populations": {
        "minimum_age": "NA",
        "maximum_age": "NA",
        "country": "United States",
        "gender": "ALL"
      },
      "interventions": [
        "Occupancy",
        "Physiologic monitoring system"
      ],
      "outcomes": []
    }
  },
  {
    "nct_id": "NCT00183066",
    "conditions": [
      "Aging"
    ],
    "pico_attributes": {
      "populations": {
        "minimum_age": "18 Years",
        "maximum_age": "NA",
        "country": "United States",
        "gender": "ALL"
      },
      "interventions": [],
      "outcomes": []
    }
  },
  {
    "nct_id": "NCT00183079",
    "conditions": [
      "Alcohol consumption",
      "Depressed mood"
    ],
    "pico_attributes": {
      "populations": {
        "minimum_age": "18 Years",
        "maximum_age": "NA",
        "country": "United States",
        "gender": "ALL"
      },
      "interventions": [
        "Alcohols",
        "Focal",
        "brief intervention"
      ],
      "outcomes": []
    }
  },
  {
    "nct_id": "NCT00183092",
    "conditions": [
      "Creutzfeldt-Jakob disease"
    ],
    "pico_attributes": {
      "populations": {
        "minimum_age": "18 Years",
        "maximum_age": "NA",
        "country": "United States",
        "gender": "ALL"
      },
      "interventions": [
        "Placebo Control",
        "quinacrine"
      ],
      "outcomes": [
        "2 Months",
        "ADHD hyperactive symptoms mean score:Score:Pt:^Patient:Qn:Calculated",
        "Alzheimer's Disease Assessment Scale-Cognitive CDISC Version Questionnaire",
        "Animals",
        "BSA Involvement Score 2",
        "Beginning",
        "Change -- procedure",
        "Continuance of life",
        "Letter [Publication Type]",
        "Montreal Cognitive Assessment Naming Test",
        "Phoneme",
        "Primary",
        "Semantics",
        "Survivors",
        "Term (lexical)",
        "fluency",
        "month",
        "verbal fluency"
      ]
    }
  },
  {
    "nct_id": "NCT00183105",
    "conditions": [
      "Alcohol consumption",
      "Alcoholic Intoxication, Chronic"
    ],
    "pico_attributes": {
      "populations": {
        "minimum_age": "18 Years",
        "maximum_age": "NA",
        "country": "United States",
        "gender": "ALL"
      },
      "interventions": [
        "Acclimatization",
        "Motivational Interviewing",
        "brief intervention"
      ],
      "outcomes": []
    }
  },
  {
    "nct_id": "NCT00183118",
    "conditions": [
      "Alcoholic Intoxication, Chronic",
      "Drug Dependence"
    ],
    "pico_attributes": {
      "populations": {
        "minimum_age": "18 Years",
        "maximum_age": "70 Years",
        "country": "United States",
        "gender": "ALL"
      },
      "interventions": [
        "Adapt (substance)",
        "Enhance (action)",
        "HIV prevention",
        "Respect"
      ],
      "outcomes": []
    }
  },
  {
    "nct_id": "NCT00183131",
    "conditions": [
      "Alcohol Abuse Scale (BASC-2)",
      "Alcohol consumption",
      "Alcoholic Intoxication, Chronic",
      "Quantity",
      "Risk",
      "hazardous drinking"
    ],
    "pico_attributes": {
      "populations": {
        "minimum_age": "18 Years",
        "maximum_age": "NA",
        "country": "United States",
        "gender": "ALL"
      },
      "interventions": [
        "BRIEF Health Literacy Screening Tool",
        "Feedback - evaluative response process",
        "Personalized"
      ],
      "outcomes": []
    }
  },
  {
    "nct_id": "NCT00183144",
    "conditions": [
      "Alcoholic Intoxication, Chronic"
    ],
    "pico_attributes": {
      "populations": {
        "minimum_age": "18 Years",
        "maximum_age": "65 Years",
        "country": "United States",
        "gender": "ALL"
      },
      "interventions": [
        "Contingency Management"
      ],
      "outcomes": []
    }
  },
  {
    "nct_id": "NCT00183157",
    "conditions": [
      "Alcoholic Intoxication, Chronic",
      "Alcohols",
      "Morbidity - disease rate",
      "Related personal status"
    ],
    "pico_attributes": {
      "populations": {
        "minimum_age": "14 Years",
        "maximum_age": "21 Years",
        "country": "United States",
        "gender": "ALL"
      },
      "interventions": [
        "Assessed",
        "Community",
        "List",
        "Motivation",
        "Patient referral",
        "Resources",
        "brief intervention"
      ],
      "outcomes": []
    }
  },
  {
    "nct_id": "NCT00183170",
    "conditions": [
      "Alcoholic Intoxication",
      "Neurobehavioral Manifestations"
    ],
    "pico_attributes": {
      "populations": {
        "minimum_age": "21 Years",
        "maximum_age": "30 Years",
        "country": "United States",
        "gender": "ALL"
      },
      "interventions": [
        "Alcohols",
        "Placebo Control"
      ],
      "outcomes": [
        "Academia (organization)",
        "Affecting",
        "Blood Products Laboratory Testing",
        "Cognition",
        "Disease Response",
        "Effect",
        "Effectiveness",
        "Fitness",
        "Function (attribute)",
        "Patient Self-Report",
        "Reaction Time",
        "Residual",
        "Testing",
        "Wakefulness",
        "heavy drinking"
      ]
    }
  },
  {
    "nct_id": "NCT00183183",
    "conditions": [
      "Alcohol Abuse Scale (BASC-2)"
    ],
    "pico_attributes": {
      "populations": {
        "minimum_age": "18 Years",
        "maximum_age": "NA",
        "country": "United States",
        "gender": "ALL"
      },
      "interventions": [
        "Aspects of disease screening",
        "brief intervention"
      ],
      "outcomes": []
    }
  },
  {
    "nct_id": "NCT00183196",
    "conditions": [
      "Alcoholic Intoxication, Chronic"
    ],
    "pico_attributes": {
      "populations": {
        "minimum_age": "18 Years",
        "maximum_age": "70 Years",
        "country": "United States",
        "gender": "ALL"
      },
      "interventions": [
        "In addition to",
        "Inactive - answer to question",
        "Placebo Control",
        "gabapentin",
        "naltrexone"
      ],
      "outcomes": []
    }
  },
  {
    "nct_id": "NCT00183209",
    "conditions": [
      "Substance Use Disorders"
    ],
    "pico_attributes": {
      "populations": {
        "minimum_age": "11 Years",
        "maximum_age": "NA",
        "country": "United States",
        "gender": "ALL"
      },
      "interventions": [
        "Family",
        "First (number)"
      ],
      "outcomes": []
    }
  },
  {
    "nct_id": "NCT00183222",
    "conditions": [
      "Alcoholic Intoxication, Chronic"
    ],
    "pico_attributes": {
      "populations": {
        "minimum_age": "21 Years",
        "maximum_age": "65 Years",
        "country": "United States",
        "gender": "ALL"
      },
      "interventions": [
        "0.25",
        "50%",
        "MG",
        "Twice a day",
        "day",
        "milligram/day",
        "naltrexone",
        "ondansetron"
      ],
      "outcomes": []
    }
  },
  {
    "nct_id": "NCT00183235",
    "conditions": [
      "Alcoholic Intoxication, Chronic"
    ],
    "pico_attributes": {
      "populations": {
        "minimum_age": "18 Years",
        "maximum_age": "65 Years",
        "country": "United States",
        "gender": "ALL"
      },
      "interventions": [
        "aripiprazole",
        "day",
        "milligram/day"
      ],
      "outcomes": []
    }
  },
  {
    "nct_id": "NCT00183248",
    "conditions": [
      "Kidney Diseases",
      "Kidney Failure",
      "Kidney Transplantation"
    ],
    "pico_attributes": {
      "populations": {
        "minimum_age": "18 Years",
        "maximum_age": "65 Years",
        "country": "United States",
        "gender": "ALL"
      },
      "interventions": [
        "Bone marrow stem cell",
        "Donor person",
        "Infusion procedures",
        "Kidney Transplantation",
        "alemtuzumab",
        "mycophenolate mofetil",
        "sirolimus",
        "tacrolimus"
      ],
      "outcomes": [
        "Acute Rejection",
        "Both kidneys",
        "Chronic rejection of renal transplant",
        "Continuance of life",
        "Count of entities",
        "Encounter due to Kidney transplanted",
        "Entity With Role in Clinical Study",
        "Graft Survival",
        "Kidney Transplantation",
        "Kidney biopsy",
        "One year",
        "Overall Survival",
        "Post",
        "Proven findings",
        "Three",
        "Transplant",
        "year"
      ]
    }
  },
  {
    "nct_id": "NCT00183261",
    "conditions": [
      "HIV Infections"
    ],
    "pico_attributes": {
      "populations": {
        "minimum_age": "18 Years",
        "maximum_age": "55 Years",
        "country": "United States",
        "gender": "ALL"
      },
      "interventions": [
        "Country of Poland",
        "GAG (Organic Chemical)",
        "HIV-1",
        "Placebo Control",
        "S100B wt Allele"
      ],
      "outcomes": []
    }
  },
  {
    "nct_id": "NCT00183274",
    "conditions": [
      "Anxiety Disorders"
    ],
    "pico_attributes": {
      "populations": {
        "minimum_age": "18 Years",
        "maximum_age": "NA",
        "country": "United States",
        "gender": "ALL"
      },
      "interventions": [
        "Extended Release Dosage Form",
        "Placebo Control",
        "Venlafaxine measurement"
      ],
      "outcomes": [
        "Anxiety",
        "Clinical impression",
        "Generalized",
        "Severity of illness",
        "rating scale"
      ]
    }
  },
  {
    "nct_id": "NCT00183287",
    "conditions": [
      "HIV Infections"
    ],
    "pico_attributes": {
      "populations": {
        "minimum_age": "18 Years",
        "maximum_age": "NA",
        "country": "",
        "gender": "ALL"
      },
      "interventions": [],
      "outcomes": []
    }
  },
  {
    "nct_id": "NCT00183300",
    "conditions": [
      "Post-Traumatic Stress Disorder"
    ],
    "pico_attributes": {
      "populations": {
        "minimum_age": "18 Years",
        "maximum_age": "NA",
        "country": "United States",
        "gender": "FEMALE"
      },
      "interventions": [
        "Exposure Therapy",
        "Prolonged"
      ],
      "outcomes": []
    }
  },
  {
    "nct_id": "NCT00183313",
    "conditions": [
      "Mental disorders"
    ],
    "pico_attributes": {
      "populations": {
        "minimum_age": "18 Years",
        "maximum_age": "NA",
        "country": "United States",
        "gender": "ALL"
      },
      "interventions": [
        "Case management (procedure)",
        "Nurses",
        "Usual",
        "care activity"
      ],
      "outcomes": []
    }
  },
  {
    "nct_id": "NCT00183326",
    "conditions": [
      "Anxiety",
      "Depressed mood",
      "Post",
      "Stress Disorders, Traumatic",
      "Traumatic"
    ],
    "pico_attributes": {
      "populations": {
        "minimum_age": "7 Years",
        "maximum_age": "14 Years",
        "country": "United States",
        "gender": "ALL"
      },
      "interventions": [
        "Cataract, total congenital with posterior sutural opacities in Heterozygotes",
        "Central",
        "Child",
        "Cognitive Therapy",
        "Color Blindness, Blue",
        "Focal",
        "GDC Tumor Focality Terminology",
        "Supportive care",
        "Trauma"
      ],
      "outcomes": []
    }
  },
  {
    "nct_id": "NCT00183339",
    "conditions": [
      "Autistic Disorder"
    ],
    "pico_attributes": {
      "populations": {
        "minimum_age": "30 Months",
        "maximum_age": "58 Months",
        "country": "United States",
        "gender": "ALL"
      },
      "interventions": [
        "Fluoxetine measurement",
        "Placebo Control"
      ],
      "outcomes": [
        "12 Months",
        "BaseLine dental cement",
        "Caregiver",
        "Change -- procedure",
        "Emotional Strain",
        "GDC Treatment Outcome Terminology",
        "Montreal Cognitive Assessment Total Score",
        "Questionnaires",
        "Rate",
        "Recruitment",
        "membership attrition"
      ]
    }
  },
  {
    "nct_id": "NCT00183352",
    "conditions": [
      "Bipolar Disorder",
      "mental health"
    ],
    "pico_attributes": {
      "populations": {
        "minimum_age": "18 Years",
        "maximum_age": "40 Years",
        "country": "United States",
        "gender": "FEMALE"
      },
      "interventions": [],
      "outcomes": []
    }
  },
  {
    "nct_id": "NCT00183365",
    "conditions": [
      "Depressed mood"
    ],
    "pico_attributes": {
      "populations": {
        "minimum_age": "9 Years",
        "maximum_age": "NA",
        "country": "United States",
        "gender": "ALL"
      },
      "interventions": [
        "Conceptual Parent",
        "Family",
        "PRF1 gene",
        "Program",
        "Training",
        "skill"
      ],
      "outcomes": []
    }
  },
  {
    "nct_id": "NCT00183378",
    "conditions": [
      "Alzheimer's Disease",
      "Cognitive function: initiation",
      "Disease",
      "Maintenance",
      "Sleep"
    ],
    "pico_attributes": {
      "populations": {
        "minimum_age": "55 Years",
        "maximum_age": "NA",
        "country": "United States",
        "gender": "ALL"
      },
      "interventions": [
        "Borg Scale Rating of Perceived Exertion Score 11",
        "Combined",
        "Education, Medical",
        "Educational Status",
        "Exposure to",
        "Hard to Walk More Than One Block",
        "Medical care",
        "Program",
        "Routine",
        "care activity"
      ],
      "outcomes": []
    }
  },
  {
    "nct_id": "NCT00183391",
    "conditions": [
      "Attention deficit hyperactivity disorder"
    ],
    "pico_attributes": {
      "populations": {
        "minimum_age": "6 Years",
        "maximum_age": "17 Years",
        "country": "United States",
        "gender": "ALL"
      },
      "interventions": [
        "atomoxetine",
        "methylphenidate"
      ],
      "outcomes": [
        "% of total",
        "/hour",
        "ARNTL wt Allele",
        "Actigraphy",
        "Attention deficit hyperactivity disorder",
        "Blood Products Laboratory Testing",
        "Blood group antibody I",
        "Conceptual Parent",
        "Device Motor",
        "Disease Response Domain",
        "Impaired",
        "Inattention",
        "Montreal Cognitive Assessment Total Score",
        "Multiplicative Product",
        "NAT10 gene",
        "Patient Self-Report",
        "Patient's teacher when immunized",
        "Permanent",
        "Questionnaires",
        "Rating (action)",
        "Short",
        "Sleep",
        "Sleep Diary",
        "Social Skills Scale (BASC-2)",
        "Solar Simulated Light",
        "Version",
        "Well adolescent",
        "phonics",
        "rating scale",
        "rebound effect"
      ]
    }
  },
  {
    "nct_id": "NCT00183404",
    "conditions": [
      "Autistic Disorder"
    ],
    "pico_attributes": {
      "populations": {
        "minimum_age": "3 Years",
        "maximum_age": "12 Years",
        "country": "United States",
        "gender": "ALL"
      },
      "interventions": [
        "olanzapine"
      ],
      "outcomes": []
    }
  },
  {
    "nct_id": "NCT00183417",
    "conditions": [
      "Depressed mood"
    ],
    "pico_attributes": {
      "populations": {
        "minimum_age": "14 Years",
        "maximum_age": "18 Years",
        "country": "United States",
        "gender": "ALL"
      },
      "interventions": [
        "Bibliotherapy"
      ],
      "outcomes": []
    }
  },
  {
    "nct_id": "NCT00183430",
    "conditions": [
      "Cognitive function: initiation",
      "Disease",
      "Maintenance",
      "Post-Traumatic Stress Disorder",
      "Sleep"
    ],
    "pico_attributes": {
      "populations": {
        "minimum_age": "18 Years",
        "maximum_age": "NA",
        "country": "United States",
        "gender": "ALL"
      },
      "interventions": [
        "Placebo Control",
        "Psychotherapy",
        "prazosin"
      ],
      "outcomes": [
        "Accidental Falls",
        "Asleep",
        "Assessed",
        "CAP1 gene",
        "Change -- procedure",
        "Clinical",
        "Clinical Item",
        "Clinical impression",
        "Distress",
        "Dreams",
        "Generalized",
        "Global Change",
        "Has difficulty doing (qualifier value)",
        "Impression",
        "Pittsburgh sleep quality index",
        "Recurrence",
        "Sleep"
      ]
    }
  },
  {
    "nct_id": "NCT00183443",
    "conditions": [
      "Bipolar Disorder",
      "Schizophrenia"
    ],
    "pico_attributes": {
      "populations": {
        "minimum_age": "18 Years",
        "maximum_age": "65 Years",
        "country": "United States",
        "gender": "ALL"
      },
      "interventions": [
        "Lithium antipsychotics",
        "quetiapine"
      ],
      "outcomes": [
        "ATF7IP protein, human",
        "Assessed",
        "Hamilton rating scale for depression",
        "Measured",
        "Occupational",
        "PedsQL-4 Social Functioning Scale",
        "Young mania rating scale",
        "global assessment of functioning",
        "manic symptom"
      ]
    }
  },
  {
    "nct_id": "NCT00183456",
    "conditions": [
      "HIV Infections",
      "Sexually Transmitted Diseases"
    ],
    "pico_attributes": {
      "populations": {
        "minimum_age": "18 Years",
        "maximum_age": "74 Years",
        "country": "United States",
        "gender": "ALL"
      },
      "interventions": [
        "Orientation (spatial)",
        "peer intervention"
      ],
      "outcomes": [
        "+2",
        "90%",
        "Anal (qualifier value)",
        "Anal Sex",
        "Coitus",
        "Communication",
        "Does talk",
        "EHD1 wt Allele",
        "Encounter due to high-risk sexual behavior",
        "Family",
        "HIV",
        "Main",
        "Negation",
        "Number of sexual partners",
        "Partner",
        "Past 6 Months",
        "Risk Behavior",
        "Sexual Partners",
        "Sexually Transmitted Diseases",
        "Unsafe Sex",
        "Vagina",
        "day"
      ]
    }
  },
  {
    "nct_id": "NCT00183469",
    "conditions": [
      "Bipolar Disorder",
      "Depressed mood"
    ],
    "pico_attributes": {
      "populations": {
        "minimum_age": "18 Years",
        "maximum_age": "NA",
        "country": "United States",
        "gender": "ALL"
      },
      "interventions": [
        "Lamotrigine measurement",
        "Placebo Control"
      ],
      "outcomes": [
        "Mania (moth)",
        "rating scale"
      ]
    }
  },
  {
    "nct_id": "NCT00183482",
    "conditions": [
      "Depressed mood"
    ],
    "pico_attributes": {
      "populations": {
        "minimum_age": "9 Years",
        "maximum_age": "NA",
        "country": "United States",
        "gender": "ALL"
      },
      "interventions": [
        "Behavior",
        "Cognitive",
        "Family",
        "Information",
        "Write - language ability"
      ],
      "outcomes": []
    }
  },
  {
    "nct_id": "NCT00183495",
    "conditions": [
      "Bipolar Disorder"
    ],
    "pico_attributes": {
      "populations": {
        "minimum_age": "18 Years",
        "maximum_age": "NA",
        "country": "United States",
        "gender": "ALL"
      },
      "interventions": [],
      "outcomes": []
    }
  },
  {
    "nct_id": "NCT00183508",
    "conditions": [
      "Post",
      "Stress Disorders, Traumatic",
      "Traumatic"
    ],
    "pico_attributes": {
      "populations": {
        "minimum_age": "21 Years",
        "maximum_age": "65 Years",
        "country": "United States",
        "gender": "ALL"
      },
      "interventions": [
        "Cognitive Therapy",
        "Psychoeducation"
      ],
      "outcomes": []
    }
  },
  {
    "nct_id": "NCT00183521",
    "conditions": [
      "Panic Disorder"
    ],
    "pico_attributes": {
      "populations": {
        "minimum_age": "18 Years",
        "maximum_age": "60 Years",
        "country": "United States",
        "gender": "ALL"
      },
      "interventions": [
        "Body Site Modifier - Lower",
        "C2 wt Allele",
        "Control function",
        "Training",
        "respiration regulation"
      ],
      "outcomes": []
    }
  },
  {
    "nct_id": "NCT00183547",
    "conditions": [
      "Depressed mood",
      "Pregnancy"
    ],
    "pico_attributes": {
      "populations": {
        "minimum_age": "15 Years",
        "maximum_age": "19 Years",
        "country": "United States",
        "gender": "FEMALE"
      },
      "interventions": [
        "Alive",
        "Depressed mood",
        "Depression education",
        "Harmonious caregiver-patient relationship",
        "Prevention Study",
        "Prevention education",
        "Support, device",
        "prevention program"
      ],
      "outcomes": []
    }
  },
  {
    "nct_id": "NCT00183560",
    "conditions": [
      "Depressed mood"
    ],
    "pico_attributes": {
      "populations": {
        "minimum_age": "18 Years",
        "maximum_age": "65 Years",
        "country": "Canada",
        "gender": "ALL"
      },
      "interventions": [
        "Antidepressant Measurement",
        "Clinical Management",
        "In addition to",
        "Placebo Control"
      ],
      "outcomes": []
    }
  },
  {
    "nct_id": "NCT00183573",
    "conditions": [
      "HIV Infections",
      "Sexually Transmitted Diseases"
    ],
    "pico_attributes": {
      "populations": {
        "minimum_age": "18 Years",
        "maximum_age": "NA",
        "country": "United States",
        "gender": "ALL"
      },
      "interventions": [
        "Act Mood - intent",
        "BRIEF Health Literacy Screening Tool",
        "Behavior Therapy",
        "Information",
        "Informational Intervention",
        "Motivation",
        "brief intervention",
        "informational",
        "skill"
      ],
      "outcomes": []
    }
  },
  {
    "nct_id": "NCT00183586",
    "conditions": [
      "Eating Disorders"
    ],
    "pico_attributes": {
      "populations": {
        "minimum_age": "12 Years",
        "maximum_age": "18 Years",
        "country": "United States",
        "gender": "ALL"
      },
      "interventions": [],
      "outcomes": []
    }
  },
  {
    "nct_id": "NCT00183599",
    "conditions": [
      "Gambling"
    ],
    "pico_attributes": {
      "populations": {
        "minimum_age": "18 Years",
        "maximum_age": "NA",
        "country": "United States",
        "gender": "ALL"
      },
      "interventions": [
        "5 minutes Office visit",
        "Advice",
        "Simple"
      ],
      "outcomes": []
    }
  },
  {
    "nct_id": "NCT00183612",
    "conditions": [
      "Bipolar Disorder",
      "Psychotic Disorders"
    ],
    "pico_attributes": {
      "populations": {
        "minimum_age": "6 Years",
        "maximum_age": "18 Years",
        "country": "United States",
        "gender": "ALL"
      },
      "interventions": [
        "olanzapine"
      ],
      "outcomes": []
    }
  },
  {
    "nct_id": "NCT00183625",
    "conditions": [
      "Schizophrenia"
    ],
    "pico_attributes": {
      "populations": {
        "minimum_age": "18 Years",
        "maximum_age": "60 Years",
        "country": "United States",
        "gender": "ALL"
      },
      "interventions": [
        "Clinical act of insertion",
        "Employment, Supported",
        "Individual",
        "Social skills training",
        "Support, device",
        "olanzapine",
        "risperidone"
      ],
      "outcomes": [
        "Body mass index"
      ]
    }
  },
  {
    "nct_id": "NCT00183638",
    "conditions": [
      "HIV Infections",
      "Sexually Transmitted Diseases"
    ],
    "pico_attributes": {
      "populations": {
        "minimum_age": "18 Years",
        "maximum_age": "25 Years",
        "country": "United States",
        "gender": "ALL"
      },
      "interventions": [
        "Base - General Qualifier",
        "Internet",
        "Message",
        "Negation",
        "Prevention Study",
        "tailor"
      ],
      "outcomes": []
    }
  },
  {
    "nct_id": "NCT00183651",
    "conditions": [
      "Borderline Personality Disorder",
      "Suicide"
    ],
    "pico_attributes": {
      "populations": {
        "minimum_age": "18 Years",
        "maximum_age": "60 Years",
        "country": "United States",
        "gender": "FEMALE"
      },
      "interventions": [
        "Activity Session",
        "Blood group antibody I",
        "CSNK1E gene",
        "Group Object",
        "Individual",
        "skill"
      ],
      "outcomes": []
    }
  },
  {
    "nct_id": "NCT00183677",
    "conditions": [
      "Depressed mood"
    ],
    "pico_attributes": {
      "populations": {
        "minimum_age": "18 Years",
        "maximum_age": "65 Years",
        "country": "United States",
        "gender": "ALL"
      },
      "interventions": [
        "escitalopram"
      ],
      "outcomes": [
        "Base - General Qualifier",
        "Cancer Remission",
        "Depression score",
        "Status",
        "rating scale"
      ]
    }
  },
  {
    "nct_id": "NCT00183690",
    "conditions": [
      "Post-Traumatic Stress Disorder"
    ],
    "pico_attributes": {
      "populations": {
        "minimum_age": "12 Years",
        "maximum_age": "18 Years",
        "country": "Israel",
        "gender": "ALL"
      },
      "interventions": [
        "Active",
        "Exposure Therapy",
        "Prolonged",
        "Psychotherapy"
      ],
      "outcomes": []
    }
  },
  {
    "nct_id": "NCT00183703",
    "conditions": [
      "Bipolar Disorder"
    ],
    "pico_attributes": {
      "populations": {
        "minimum_age": "18 Years",
        "maximum_age": "NA",
        "country": "United States",
        "gender": "ALL"
      },
      "interventions": [],
      "outcomes": []
    }
  },
  {
    "nct_id": "NCT00183716",
    "conditions": [
      "Depressed mood",
      "Mental disorders",
      "Post-Traumatic Stress Disorder"
    ],
    "pico_attributes": {
      "populations": {
        "minimum_age": "20 Years",
        "maximum_age": "60 Years",
        "country": "United States",
        "gender": "FEMALE"
      },
      "interventions": [
        "Usual",
        "care activity"
      ],
      "outcomes": []
    }
  },
  {
    "nct_id": "NCT00183729",
    "conditions": [
      "Depressed mood"
    ],
    "pico_attributes": {
      "populations": {
        "minimum_age": "60 Years",
        "maximum_age": "NA",
        "country": "United States",
        "gender": "ALL"
      },
      "interventions": [
        "Placebo Control",
        "memantine"
      ],
      "outcomes": [
        "Depressive Symptoms",
        "Incidence",
        "Major Depressive Disorder",
        "Recovery of Function"
      ]
    }
  },
  {
    "nct_id": "NCT00183742",
    "conditions": [
      "Cancer Genus",
      "Carcinoma"
    ],
    "pico_attributes": {
      "populations": {
        "minimum_age": "18 Years",
        "maximum_age": "NA",
        "country": "United States",
        "gender": "ALL"
      },
      "interventions": [
        "docetaxel",
        "doxorubicin liposome"
      ],
      "outcomes": []
    }
  },
  {
    "nct_id": "NCT00183755",
    "conditions": [
      "Depressed mood"
    ],
    "pico_attributes": {
      "populations": {
        "minimum_age": "18 Years",
        "maximum_age": "64 Years",
        "country": "United States",
        "gender": "ALL"
      },
      "interventions": [],
      "outcomes": []
    }
  },
  {
    "nct_id": "NCT00183768",
    "conditions": [
      "Depressed mood",
      "HIV Infections",
      "Substance-Related Disorders"
    ],
    "pico_attributes": {
      "populations": {
        "minimum_age": "18 Years",
        "maximum_age": "75 Years",
        "country": "United States",
        "gender": "ALL"
      },
      "interventions": [
        "Cognitive Therapy",
        "Psychopharmacology"
      ],
      "outcomes": []
    }
  },
  {
    "nct_id": "NCT00183781",
    "conditions": [
      "HIV Infections"
    ],
    "pico_attributes": {
      "populations": {
        "minimum_age": "18 Years",
        "maximum_age": "75 Years",
        "country": "United States",
        "gender": "ALL"
      },
      "interventions": [
        "FITT",
        "Telephone",
        "Tracking",
        "family intervention"
      ],
      "outcomes": []
    }
  },
  {
    "nct_id": "NCT00183794",
    "conditions": [
      "Carcinoma, Ovarian Epithelial",
      "Peritoneal Neoplasms"
    ],
    "pico_attributes": {
      "populations": {
        "minimum_age": "18 Years",
        "maximum_age": "NA",
        "country": "United States",
        "gender": "FEMALE"
      },
      "interventions": [
        "docetaxel",
        "gemcitabine"
      ],
      "outcomes": [
        "Median (qualifier value)",
        "Time to Progression",
        "month"
      ]
    }
  },
  {
    "nct_id": "NCT00183807",
    "conditions": [
      "Childhood Esophageal Carcinoma"
    ],
    "pico_attributes": {
      "populations": {
        "minimum_age": "18 Years",
        "maximum_age": "NA",
        "country": "United States",
        "gender": "ALL"
      },
      "interventions": [
        "celecoxib",
        "cisplatin",
        "irinotecan"
      ],
      "outcomes": []
    }
  },
  {
    "nct_id": "NCT00183820",
    "conditions": [
      "Germ cell tumor",
      "Malignant Testicular Germ Cell Tumor"
    ],
    "pico_attributes": {
      "populations": {
        "minimum_age": "16 Years",
        "maximum_age": "NA",
        "country": "United States",
        "gender": "MALE"
      },
      "interventions": [
        "gemcitabine",
        "oxaliplatin",
        "paclitaxel"
      ],
      "outcomes": []
    }
  },
  {
    "nct_id": "NCT00183833",
    "conditions": [
      "Colon Carcinoma",
      "Colorectal Cancer Pathway"
    ],
    "pico_attributes": {
      "populations": {
        "minimum_age": "18 Years",
        "maximum_age": "NA",
        "country": "United States",
        "gender": "ALL"
      },
      "interventions": [
        "capecitabine",
        "imatinib mesylate"
      ],
      "outcomes": []
    }
  },
  {
    "nct_id": "NCT00183846",
    "conditions": [
      "Bile duct carcinoma",
      "Duodenal Cancer",
      "Malignant neoplasm of pancreas",
      "Malignant neoplasm of stomach"
    ],
    "pico_attributes": {
      "populations": {
        "minimum_age": "18 Years",
        "maximum_age": "NA",
        "country": "United States",
        "gender": "ALL"
      },
      "interventions": [
        "Therapeutic radiology procedure",
        "irinotecan"
      ],
      "outcomes": []
    }
  },
  {
    "nct_id": "NCT00183859",
    "conditions": [
      "Adenocarcinoma",
      "Malignant neoplasm of stomach"
    ],
    "pico_attributes": {
      "populations": {
        "minimum_age": "18 Years",
        "maximum_age": "NA",
        "country": "United States",
        "gender": "ALL"
      },
      "interventions": [
        "irinotecan"
      ],
      "outcomes": []
    }
  },
  {
    "nct_id": "NCT00183872",
    "conditions": [
      "Esophageal Neoplasms",
      "Malignant neoplasm of stomach"
    ],
    "pico_attributes": {
      "populations": {
        "minimum_age": "18 Years",
        "maximum_age": "NA",
        "country": "United States",
        "gender": "ALL"
      },
      "interventions": [
        "docetaxel",
        "irinotecan"
      ],
      "outcomes": [
        "Clinical Trial Objective",
        "Compleat Liquid Nutrition",
        "Disease Progression",
        "Disease Response",
        "Partial",
        "Patient Condition Code - Stable",
        "Progression-Free Survival"
      ]
    }
  },
  {
    "nct_id": "NCT00183885",
    "conditions": [
      "Adult Liver Carcinoma",
      "Liver carcinoma"
    ],
    "pico_attributes": {
      "populations": {
        "minimum_age": "18 Years",
        "maximum_age": "NA",
        "country": "United States",
        "gender": "ALL"
      },
      "interventions": [
        "cisplatin",
        "mitomycin"
      ],
      "outcomes": []
    }
  },
  {
    "nct_id": "NCT00183898",
    "conditions": [
      "Childhood Esophageal Carcinoma",
      "Malignant neoplasm of stomach"
    ],
    "pico_attributes": {
      "populations": {
        "minimum_age": "18 Years",
        "maximum_age": "NA",
        "country": "United States",
        "gender": "FEMALE"
      },
      "interventions": [
        "capecitabine",
        "oxaliplatin"
      ],
      "outcomes": []
    }
  },
  {
    "nct_id": "NCT00183911",
    "conditions": [
      "Gastric Adenocarcinoma",
      "Malignant neoplasm of stomach"
    ],
    "pico_attributes": {
      "populations": {
        "minimum_age": "18 Years",
        "maximum_age": "NA",
        "country": "United States",
        "gender": "ALL"
      },
      "interventions": [
        "External Beam Radiation Therapy",
        "General surgery specialty",
        "floxuridine",
        "fluorouracil",
        "leucovorin"
      ],
      "outcomes": []
    }
  },
  {
    "nct_id": "NCT00183924",
    "conditions": [
      "Adenocarcinoma of prostate"
    ],
    "pico_attributes": {
      "populations": {
        "minimum_age": "18 Years",
        "maximum_age": "NA",
        "country": "United States",
        "gender": "MALE"
      },
      "interventions": [
        "carboplatin",
        "docetaxel",
        "estramustine"
      ],
      "outcomes": []
    }
  },
  {
    "nct_id": "NCT00183937",
    "conditions": [
      "Malignant neoplasm of prostate"
    ],
    "pico_attributes": {
      "populations": {
        "minimum_age": "18 Years",
        "maximum_age": "NA",
        "country": "United States",
        "gender": "MALE"
      },
      "interventions": [
        "PS 341",
        "docetaxel"
      ],
      "outcomes": []
    }
  },
  {
    "nct_id": "NCT00183950",
    "conditions": [
      "Chronic Lymphocytic Leukemia",
      "Lymphoma, Non-Hodgkin"
    ],
    "pico_attributes": {
      "populations": {
        "minimum_age": "18 Years",
        "maximum_age": "NA",
        "country": "United States",
        "gender": "ALL"
      },
      "interventions": [
        "noscapine"
      ],
      "outcomes": []
    }
  },
  {
    "nct_id": "NCT00183963",
    "conditions": [
      "Breast Carcinoma"
    ],
    "pico_attributes": {
      "populations": {
        "minimum_age": "18 Years",
        "maximum_age": "NA",
        "country": "United States",
        "gender": "FEMALE"
      },
      "interventions": [
        "fulvestrant",
        "tamoxifen"
      ],
      "outcomes": [
        "Administration procedure",
        "Apoptosis",
        "Associated with",
        "Cell Biological Markers",
        "Changed status",
        "Count of entities",
        "In addition to",
        "Mammographic Breast Density",
        "Participant",
        "Proliferation"
      ]
    }
  },
  {
    "nct_id": "NCT00183976",
    "conditions": [
      "Adult Burkitt Lymphoma",
      "Lymphoma, Non-Hodgkin",
      "Primary Effusion Lymphoma"
    ],
    "pico_attributes": {
      "populations": {
        "minimum_age": "18 Years",
        "maximum_age": "NA",
        "country": "United States",
        "gender": "ALL"
      },
      "interventions": [],
      "outcomes": []
    }
  },
  {
    "nct_id": "NCT00183989",
    "conditions": [
      "Malignant lymphoma, lymphocytic, intermediate differentiation, diffuse"
    ],
    "pico_attributes": {
      "populations": {
        "minimum_age": "18 Years",
        "maximum_age": "NA",
        "country": "United States",
        "gender": "ALL"
      },
      "interventions": [
        "fludarabine",
        "mitoxantrone",
        "rituximab"
      ],
      "outcomes": []
    }
  },
  {
    "nct_id": "NCT00184002",
    "conditions": [
      "Lymphoma, Non-Hodgkin"
    ],
    "pico_attributes": {
      "populations": {
        "minimum_age": "18 Years",
        "maximum_age": "NA",
        "country": "United States",
        "gender": "ALL"
      },
      "interventions": [
        "Rituxan",
        "cyclophosphamide",
        "doxorubicin",
        "prednisone",
        "vincristine"
      ],
      "outcomes": [
        "Amount type - Percentage",
        "Combination Chemotherapy",
        "Global Complete Response",
        "In addition to",
        "Measurement",
        "Number of patients",
        "Patients",
        "Safety",
        "Seriousness of Adverse Event",
        "Tolerability Study"
      ]
    }
  }
]