[
  {
    "nct_id": "NCT00461656",
    "conditions": [
      "Endophthalmitis",
      "General surgery specialty",
      "Strabismus"
    ],
    "pico_attributes": {
      "populations": {
        "minimum_age": "NA",
        "maximum_age": "5 Years",
        "country": "Netherlands",
        "gender": "ALL"
      },
      "interventions": [
        "1+",
        "Conjunctival Route of Drug Administration",
        "Irrigation",
        "Preoperative",
        "Pulsatility index, arterial velocity waveform"
      ],
      "outcomes": []
    }
  },
  {
    "nct_id": "NCT00461669",
    "conditions": [
      "Hip Fractures"
    ],
    "pico_attributes": {
      "populations": {
        "minimum_age": "50 Years",
        "maximum_age": "NA",
        "country": "Israel",
        "gender": "ALL"
      },
      "interventions": [
        "Bone structure of ischium",
        "Hip examination",
        "Ultrasonic",
        "Ultrasound examination"
      ],
      "outcomes": []
    }
  },
  {
    "nct_id": "NCT00461682",
    "conditions": [
      "Irritable Bowel Syndrome"
    ],
    "pico_attributes": {
      "populations": {
        "minimum_age": "18 Years",
        "maximum_age": "65 Years",
        "country": "United Kingdom",
        "gender": "ALL"
      },
      "interventions": [
        "SB 705498"
      ],
      "outcomes": [
        "+2",
        "+5",
        "0%",
        "1 Day",
        "1 Week",
        "1+",
        "24 Hours",
        "3+ Answer to Question",
        "6H post dose",
        "Administration procedure",
        "Assessed",
        "Assessment of quality of life",
        "Average",
        "BaseLine dental cement",
        "Before",
        "Bristol",
        "CD44 wt Allele",
        "Communication Contact",
        "Count of entities",
        "Daily",
        "Defecation",
        "Delta (difference)",
        "Derivation",
        "Devices",
        "Diary",
        "Diploid Cell",
        "Dosage",
        "During",
        "Feces",
        "Feel Pain",
        "Feet, unit of measurement",
        "Following",
        "Hand",
        "Heat (physical force)",
        "Intensity change",
        "Measurement",
        "Monitor Device",
        "Numeric Rating Scale",
        "Pain Distress Question",
        "Pain Threshold",
        "Pain intensity (observable entity)",
        "Period (temporal qualifier)",
        "Post-dose",
        "Pre-dose",
        "Record - QueryRequestLimit",
        "Rectal (intended site)",
        "Report (document)",
        "Retained",
        "Room of building - Study",
        "SB 705498",
        "Score",
        "Sensory stimulation",
        "Singular",
        "Symptoms score",
        "Thermal threshold",
        "Threshold",
        "Tissue Pain",
        "Use of",
        "Values",
        "Weekly"
      ]
    }
  },
  {
    "nct_id": "NCT00461695",
    "conditions": [
      "Immune",
      "Old age"
    ],
    "pico_attributes": {
      "populations": {
        "minimum_age": "70 Years",
        "maximum_age": "NA",
        "country": "Switzerland",
        "gender": "ALL"
      },
      "interventions": [
        "C-Circle",
        "Tick-Borne Encephalitis Virus",
        "Vaccination"
      ],
      "outcomes": []
    }
  },
  {
    "nct_id": "NCT00461708",
    "conditions": [
      "Malignant neoplasm of pancreas"
    ],
    "pico_attributes": {
      "populations": {
        "minimum_age": "18 Years",
        "maximum_age": "NA",
        "country": "Spain",
        "gender": "ALL"
      },
      "interventions": [
        "erlotinib",
        "gemcitabine"
      ],
      "outcomes": [
        "Agreement",
        "Amount type - Percentage",
        "Cessation of life",
        "Count of entities",
        "Death Due to Disease Progression Not Associated with More Specific Term NOS, CTCAE",
        "Early infantile epileptic encephalopathy with suppression bursts",
        "Eruptions",
        "Grade",
        "In addition to",
        "Participant",
        "Progression-Free Survival",
        "Response Evaluation Criteria in Solid Tumors",
        "Study Terminated",
        "disorder control (procedure)",
        "month"
      ]
    }
  },
  {
    "nct_id": "NCT00461721",
    "conditions": [
      "Allergic Reaction"
    ],
    "pico_attributes": {
      "populations": {
        "minimum_age": "18 Years",
        "maximum_age": "65 Years",
        "country": "Switzerland",
        "gender": "ALL"
      },
      "interventions": [],
      "outcomes": []
    }
  },
  {
    "nct_id": "NCT00461734",
    "conditions": [
      "Ventricular Dysfunction, Left"
    ],
    "pico_attributes": {
      "populations": {
        "minimum_age": "18 Years",
        "maximum_age": "NA",
        "country": "United Kingdom",
        "gender": "ALL"
      },
      "interventions": [
        "Cardiac Lead Procedure",
        "DNA Sequence - Cloning Site",
        "Randomization Validation"
      ],
      "outcomes": [
        "Act Mood - intent",
        "All",
        "Aspects of mortality statistics",
        "BaseLine dental cement",
        "Brain natriuretic peptide measurement",
        "Cerebrovascular accident",
        "Change -- procedure",
        "Cohort",
        "Distance",
        "ECHOCARDIOGRAPH",
        "Ejection fraction:Volume Fraction:Point in time:Heart.ventricle.left:Quantitative",
        "Etiology aspects",
        "From",
        "GDC Treatment Outcome Terminology",
        "Heart Atrium",
        "Incidence",
        "Left ventricular structure",
        "Measures",
        "Minute (diminutive)",
        "Pacemakers",
        "Record - QueryRequestLimit",
        "Tachyarrhythmia",
        "Therapeutic procedure",
        "Walking (activity)",
        "per protocol",
        "year"
      ]
    }
  },
  {
    "nct_id": "NCT00461747",
    "conditions": [
      "Multiple Myeloma"
    ],
    "pico_attributes": {
      "populations": {
        "minimum_age": "NA",
        "maximum_age": "65 Years",
        "country": "Spain",
        "gender": "ALL"
      },
      "interventions": [
        "M-2 protocol",
        "VTD Regimen",
        "Velcade",
        "dexamethasone",
        "thalidomide"
      ],
      "outcomes": []
    }
  },
  {
    "nct_id": "NCT00461760",
    "conditions": [
      "Cervical Cancer Screening"
    ],
    "pico_attributes": {
      "populations": {
        "minimum_age": "25 Years",
        "maximum_age": "65 Years",
        "country": "Canada",
        "gender": "FEMALE"
      },
      "interventions": [
        "Arsenic measurement",
        "Aspects of disease screening",
        "Cellular aspects of",
        "Cervical Cancer Screening",
        "Cytology procedure",
        "Human Papillomavirus Positive",
        "Human papilloma virus infection",
        "Primary",
        "Singular",
        "Testing",
        "Triage",
        "Woman",
        "screening tests"
      ],
      "outcomes": []
    }
  },
  {
    "nct_id": "NCT00461773",
    "conditions": [
      "Breast Carcinoma",
      "Hormone Responsive"
    ],
    "pico_attributes": {
      "populations": {
        "minimum_age": "18 Years",
        "maximum_age": "NA",
        "country": "United States",
        "gender": "FEMALE"
      },
      "interventions": [
        "bevacizumab",
        "letrozole"
      ],
      "outcomes": [
        "Breast",
        "Clinical Trial Objective",
        "Conservation",
        "Disease Response",
        "Neoplasms",
        "Number of patients",
        "Pathologic Complete Response",
        "Pharmaceutical Preparations",
        "Radiographic",
        "Tolerability Study"
      ]
    }
  },
  {
    "nct_id": "NCT00461786",
    "conditions": [
      "Carcinoma, Ovarian Epithelial",
      "Malignant tumor of peritoneum"
    ],
    "pico_attributes": {
      "populations": {
        "minimum_age": "NA",
        "maximum_age": "NA",
        "country": "United States",
        "gender": "FEMALE"
      },
      "interventions": [
        "pemetrexed"
      ],
      "outcomes": [
        "Adverse Event Domain",
        "Count of entities",
        "Grade",
        "Overall Survival",
        "Participant",
        "Progression-Free Survival",
        "Response Duration"
      ]
    }
  },
  {
    "nct_id": "NCT00461799",
    "conditions": [
      "Crigler Najjar syndrome, type 1"
    ],
    "pico_attributes": {
      "populations": {
        "minimum_age": "8 Years",
        "maximum_age": "NA",
        "country": "Netherlands",
        "gender": "ALL"
      },
      "interventions": [
        "orlistat"
      ],
      "outcomes": []
    }
  },
  {
    "nct_id": "NCT00461812",
    "conditions": [
      "Asthma"
    ],
    "pico_attributes": {
      "populations": {
        "minimum_age": "18 Years",
        "maximum_age": "65 Years",
        "country": "United States",
        "gender": "ALL"
      },
      "interventions": [
        "Advair",
        "mometasone"
      ],
      "outcomes": [
        "Assessed",
        "Effectiveness",
        "Pulmonary Function Tests:-:Point in time:^Patient:-"
      ]
    }
  },
  {
    "nct_id": "NCT00461825",
    "conditions": [
      "Kidney Transplantation"
    ],
    "pico_attributes": {
      "populations": {
        "minimum_age": "25 Years",
        "maximum_age": "NA",
        "country": "France",
        "gender": "ALL"
      },
      "interventions": [
        "1-2",
        "500",
        "75",
        "Adapt (substance)",
        "Cellcept",
        "Group A (blood group)",
        "Group B",
        "Group C",
        "Group Object",
        "Initial Concentration",
        "Milliliter per Dose",
        "Sleep Apnea, Central",
        "azathioprine",
        "cyclosporine",
        "mg/kg/day",
        "milligram/day"
      ],
      "outcomes": []
    }
  },
  {
    "nct_id": "NCT00461838",
    "conditions": [
      "Endometriosis"
    ],
    "pico_attributes": {
      "populations": {
        "minimum_age": "18 Years",
        "maximum_age": "45 Years",
        "country": "Belgium",
        "gender": "FEMALE"
      },
      "interventions": [
        "Interdisciplinary Studies",
        "Laparoscopy",
        "Questionnaire Domain"
      ],
      "outcomes": []
    }
  },
  {
    "nct_id": "NCT00461851",
    "conditions": [
      "Bladder Cancer Pathway"
    ],
    "pico_attributes": {
      "populations": {
        "minimum_age": "18 Years",
        "maximum_age": "NA",
        "country": "United States",
        "gender": "ALL"
      },
      "interventions": [
        "carboplatin",
        "gemcitabine",
        "sorafenib"
      ],
      "outcomes": [
        "Best Overall Response",
        "Dosage",
        "Report (document)",
        "Toxic effect"
      ]
    }
  },
  {
    "nct_id": "NCT00461864",
    "conditions": [
      "Fractures, Occult",
      "Hip Fractures"
    ],
    "pico_attributes": {
      "populations": {
        "minimum_age": "50 Years",
        "maximum_age": "NA",
        "country": "Israel",
        "gender": "ALL"
      },
      "interventions": [
        "Bone structure of ischium",
        "Hip examination",
        "Ultrasonic",
        "Ultrasound examination"
      ],
      "outcomes": []
    }
  },
  {
    "nct_id": "NCT00461877",
    "conditions": [
      "Human papilloma virus infection"
    ],
    "pico_attributes": {
      "populations": {
        "minimum_age": "25 Years",
        "maximum_age": "65 Years",
        "country": "United States",
        "gender": "FEMALE"
      },
      "interventions": [],
      "outcomes": []
    }
  },
  {
    "nct_id": "NCT00461890",
    "conditions": [
      "Alcoholic Intoxication, Chronic",
      "Veterans"
    ],
    "pico_attributes": {
      "populations": {
        "minimum_age": "18 Years",
        "maximum_age": "69 Years",
        "country": "United States",
        "gender": "ALL"
      },
      "interventions": [
        "Injection",
        "naltrexone"
      ],
      "outcomes": []
    }
  },
  {
    "nct_id": "NCT00461903",
    "conditions": [
      "Atrial Fibrillation",
      "Essential Hypertension"
    ],
    "pico_attributes": {
      "populations": {
        "minimum_age": "18 Years",
        "maximum_age": "NA",
        "country": "Canada",
        "gender": "ALL"
      },
      "interventions": [
        "perindopril"
      ],
      "outcomes": []
    }
  },
  {
    "nct_id": "NCT00461916",
    "conditions": [
      "Infertility"
    ],
    "pico_attributes": {
      "populations": {
        "minimum_age": "NA",
        "maximum_age": "35 Years",
        "country": "Iran, Islamic Republic of",
        "gender": "FEMALE"
      },
      "interventions": [
        "Daily",
        "Dosage",
        "Extended Release Depot Dosage Form",
        "Half",
        "Reduced",
        "buserelin",
        "triptorelin"
      ],
      "outcomes": []
    }
  },
  {
    "nct_id": "NCT00461929",
    "conditions": [
      "Chromosome Aberrations",
      "Chronic Myeloid Leukemia Pathway",
      "Gastrointestinal Stromal Tumors"
    ],
    "pico_attributes": {
      "populations": {
        "minimum_age": "18 Years",
        "maximum_age": "NA",
        "country": "Canada",
        "gender": "ALL"
      },
      "interventions": [
        "Bone marrow aspiration procedure"
      ],
      "outcomes": []
    }
  },
  {
    "nct_id": "NCT00461942",
    "conditions": [
      "Parkinson Disease"
    ],
    "pico_attributes": {
      "populations": {
        "minimum_age": "30 Years",
        "maximum_age": "NA",
        "country": "China",
        "gender": "ALL"
      },
      "interventions": [
        "Electrocardiography",
        "epigallocatechin gallate",
        "green tea extract"
      ],
      "outcomes": []
    }
  },
  {
    "nct_id": "NCT00461955",
    "conditions": [
      "Multiple Myeloma"
    ],
    "pico_attributes": {
      "populations": {
        "minimum_age": "18 Years",
        "maximum_age": "65 Years",
        "country": "France",
        "gender": "ALL"
      },
      "interventions": [
        "Autologous (qualifier value)",
        "Peripheral Stem Cell Transplantation",
        "ex vivo"
      ],
      "outcomes": []
    }
  },
  {
    "nct_id": "NCT00461968",
    "conditions": [
      "cholesterol"
    ],
    "pico_attributes": {
      "populations": {
        "minimum_age": "20 Years",
        "maximum_age": "70 Years",
        "country": "United States",
        "gender": "MALE"
      },
      "interventions": [
        "ezetimibe",
        "simvastatin"
      ],
      "outcomes": []
    }
  },
  {
    "nct_id": "NCT00461981",
    "conditions": [
      "Influenza vaccine:-:Point in time:^Patient:-"
    ],
    "pico_attributes": {
      "populations": {
        "minimum_age": "12 Months",
        "maximum_age": "35 Months",
        "country": "United States",
        "gender": "ALL"
      },
      "interventions": [
        "% live",
        "FDA Inactivation",
        "FluMist",
        "Influenza virus vaccine",
        "Tiv Language",
        "trivalent influenza vaccine"
      ],
      "outcomes": [
        "10%",
        "20%",
        "67",
        "99",
        "Alpha",
        "Amount type - Percentage",
        "Assay",
        "Beta (qualifier)",
        "Disease Response",
        "Distributing",
        "Dosage",
        "Emotional Strain",
        "Entity Determiner - specific",
        "Enzyme-Linked Immunospot Assay",
        "First (number)",
        "Following",
        "Gene Signature",
        "H3N2",
        "HIV Seroconversion",
        "HLA Mismatch",
        "Hippocampus Proper",
        "Human Study Subject",
        "IFNA1 gene",
        "IgG B lymphocyte",
        "Immunogenicity (package insert)",
        "Influenza",
        "Influenza due to Influenza A virus subtype H1N1",
        "Interferon",
        "Islands",
        "MATCHING",
        "Malaysia",
        "New Caledonia",
        "Precision - second",
        "Score",
        "Solomon Eskimos",
        "Wild Type",
        "Wisconsin",
        "immunoglobulin A, human",
        "interferon-beta"
      ]
    }
  },
  {
    "nct_id": "NCT00461994",
    "conditions": [
      "Pediatric Obesity"
    ],
    "pico_attributes": {
      "populations": {
        "minimum_age": "6 Years",
        "maximum_age": "11 Years",
        "country": "Israel",
        "gender": "ALL"
      },
      "interventions": [
        "Basal Diet",
        "Exercise"
      ],
      "outcomes": []
    }
  },
  {
    "nct_id": "NCT00462007",
    "conditions": [
      "Parkinson Disease"
    ],
    "pico_attributes": {
      "populations": {
        "minimum_age": "35 Years",
        "maximum_age": "NA",
        "country": "United Kingdom",
        "gender": "ALL"
      },
      "interventions": [
        "Stalevo"
      ],
      "outcomes": []
    }
  },
  {
    "nct_id": "NCT00462020",
    "conditions": [
      "Ruptured Appendicitis"
    ],
    "pico_attributes": {
      "populations": {
        "minimum_age": "NA",
        "maximum_age": "18 Years",
        "country": "United States",
        "gender": "ALL"
      },
      "interventions": [
        "5 Days",
        "Antibiotic throat preparations",
        "Eating",
        "Home environment",
        "IV number:ID:Pt:^Patient:Nom",
        "Oral",
        "ampicillin",
        "ceftriaxone",
        "metronidazole"
      ],
      "outcomes": [
        "Abscess",
        "Appendectomy",
        "Length of Stay",
        "Operation Activity",
        "Operative Time"
      ]
    }
  },
  {
    "nct_id": "NCT00462046",
    "conditions": [
      "Bristol Stool Type 2",
      "Diabetes Mellitus",
      "Metabolic Syndrome X"
    ],
    "pico_attributes": {
      "populations": {
        "minimum_age": "25 Years",
        "maximum_age": "70 Years",
        "country": "",
        "gender": "ALL"
      },
      "interventions": [
        "berberine"
      ],
      "outcomes": []
    }
  },
  {
    "nct_id": "NCT00462059",
    "conditions": [
      "Hospitalization"
    ],
    "pico_attributes": {
      "populations": {
        "minimum_age": "18 Years",
        "maximum_age": "NA",
        "country": "United States",
        "gender": "ALL"
      },
      "interventions": [
        "Administration procedure"
      ],
      "outcomes": []
    }
  },
  {
    "nct_id": "NCT00462072",
    "conditions": [
      "Arthritis, Psoriatic",
      "Crohn Disease",
      "Psoriasis",
      "Rheumatoid Arthritis"
    ],
    "pico_attributes": {
      "populations": {
        "minimum_age": "12 Years",
        "maximum_age": "NA",
        "country": "United States",
        "gender": "ALL"
      },
      "interventions": [
        "infliximab"
      ],
      "outcomes": [
        "0%",
        "Axial R",
        "BaseLine dental cement",
        "DAS - Disease Activity Score",
        "Weekly"
      ]
    }
  },
  {
    "nct_id": "NCT00462085",
    "conditions": [
      "Cerebral Palsy"
    ],
    "pico_attributes": {
      "populations": {
        "minimum_age": "8 Years",
        "maximum_age": "18 Years",
        "country": "Switzerland",
        "gender": "ALL"
      },
      "interventions": [],
      "outcomes": []
    }
  },
  {
    "nct_id": "NCT00462098",
    "conditions": [
      "Bone necrosis"
    ],
    "pico_attributes": {
      "populations": {
        "minimum_age": "NA",
        "maximum_age": "NA",
        "country": "United States",
        "gender": "ALL"
      },
      "interventions": [
        "Control Groups",
        "Hyperbaric Oxygen (substance)",
        "Negation",
        "Treating"
      ],
      "outcomes": []
    }
  },
  {
    "nct_id": "NCT00462111",
    "conditions": [
      "Healthy"
    ],
    "pico_attributes": {
      "populations": {
        "minimum_age": "50 Years",
        "maximum_age": "70 Years",
        "country": "Netherlands",
        "gender": "ALL"
      },
      "interventions": [
        "indomethacin"
      ],
      "outcomes": []
    }
  },
  {
    "nct_id": "NCT00462124",
    "conditions": [
      "Malignant neoplasm of prostate"
    ],
    "pico_attributes": {
      "populations": {
        "minimum_age": "NA",
        "maximum_age": "80 Years",
        "country": "Israel",
        "gender": "MALE"
      },
      "interventions": [
        "Absorbable",
        "Perirectal",
        "spacer device"
      ],
      "outcomes": [
        "Administration via Implantation",
        "Balloon Aircraft",
        "Count of entities",
        "Effectiveness",
        "Electromagnetic Radiation",
        "In addition to",
        "Measured",
        "Participant",
        "Rectum",
        "Reduced",
        "Reported Term",
        "Safety"
      ]
    }
  },
  {
    "nct_id": "NCT00462137",
    "conditions": [
      "Acid reflux"
    ],
    "pico_attributes": {
      "populations": {
        "minimum_age": "18 Years",
        "maximum_age": "NA",
        "country": "United States",
        "gender": "ALL"
      },
      "interventions": [
        "Polysomnography"
      ],
      "outcomes": []
    }
  },
  {
    "nct_id": "NCT00462150",
    "conditions": [
      "Rheumatoid Arthritis"
    ],
    "pico_attributes": {
      "populations": {
        "minimum_age": "18 Years",
        "maximum_age": "NA",
        "country": "Netherlands",
        "gender": "ALL"
      },
      "interventions": [
        "Base - General Qualifier",
        "Control function",
        "Disclosure",
        "Emotional",
        "Home environment",
        "Time management training"
      ],
      "outcomes": []
    }
  },
  {
    "nct_id": "NCT00462176",
    "conditions": [
      "Endometriosis"
    ],
    "pico_attributes": {
      "populations": {
        "minimum_age": "19 Years",
        "maximum_age": "43 Years",
        "country": "Belgium",
        "gender": "FEMALE"
      },
      "interventions": [
        "Interdisciplinary Studies",
        "Laparoscopy",
        "Questionnaire Domain"
      ],
      "outcomes": []
    }
  },
  {
    "nct_id": "NCT00462189",
    "conditions": [
      "Childhood Leukemia",
      "Hairy Cell Leukemia",
      "hydrochloride"
    ],
    "pico_attributes": {
      "populations": {
        "minimum_age": "18 Years",
        "maximum_age": "NA",
        "country": "United States",
        "gender": "ALL"
      },
      "interventions": [
        "Biological Response Modifier Therapy",
        "CAT-8015",
        "Immunotoxin Therapy",
        "Immunotoxins"
      ],
      "outcomes": []
    }
  },
  {
    "nct_id": "NCT00462202",
    "conditions": [
      "DIANPH gene"
    ],
    "pico_attributes": {
      "populations": {
        "minimum_age": "18 Years",
        "maximum_age": "NA",
        "country": "Australia",
        "gender": "ALL"
      },
      "interventions": [
        "glucuronyl glucosamine glycan sulfate"
      ],
      "outcomes": []
    }
  },
  {
    "nct_id": "NCT00462215",
    "conditions": [
      "Influenza"
    ],
    "pico_attributes": {
      "populations": {
        "minimum_age": "18 Years",
        "maximum_age": "NA",
        "country": "Germany",
        "gender": "ALL"
      },
      "interventions": [
        "Antigens",
        "Contain (action)",
        "Derivation",
        "Ha Antibody",
        "Influenza",
        "Influenza in Birds",
        "Influenza vaccine:-:Point in time:^Patient:-",
        "Influenza virus vaccine",
        "Vaccine Antigen",
        "Vero Cells",
        "Virion",
        "Whole"
      ],
      "outcomes": []
    }
  },
  {
    "nct_id": "NCT00462228",
    "conditions": [
      "Traumatic Brain Injury"
    ],
    "pico_attributes": {
      "populations": {
        "minimum_age": "18 Years",
        "maximum_age": "50 Years",
        "country": "United States",
        "gender": "ALL"
      },
      "interventions": [
        "Placebo Control",
        "memantine"
      ],
      "outcomes": [
        "BaseLine dental cement",
        "Comparison",
        "Improvement",
        "Part",
        "Placebo Control",
        "Score",
        "Trail Making Test",
        "memantine",
        "week"
      ]
    }
  },
  {
    "nct_id": "NCT00462241",
    "conditions": [
      "Chest Pain",
      "Chest wall pain",
      "Non-Cardiac Chest Pain, CTCAE",
      "Undiagnosed"
    ],
    "pico_attributes": {
      "populations": {
        "minimum_age": "18 Years",
        "maximum_age": "75 Years",
        "country": "Denmark",
        "gender": "ALL"
      },
      "interventions": [
        "Administration procedure",
        "Chiropractic (field)",
        "Self management:Finding:Point in time:^Patient:Ordinal"
      ],
      "outcomes": []
    }
  },
  {
    "nct_id": "NCT00462254",
    "conditions": [
      "Parkinson Disease"
    ],
    "pico_attributes": {
      "populations": {
        "minimum_age": "45 Years",
        "maximum_age": "85 Years",
        "country": "United States",
        "gender": "ALL"
      },
      "interventions": [
        "Rozerem",
        "ramelteon"
      ],
      "outcomes": []
    }
  },
  {
    "nct_id": "NCT00462267",
    "conditions": [
      "BODY MASS INDEX QUANTITATIVE TRAIT LOCUS 20",
      "Overweight"
    ],
    "pico_attributes": {
      "populations": {
        "minimum_age": "13 Years",
        "maximum_age": "15 Years",
        "country": "United States",
        "gender": "FEMALE"
      },
      "interventions": [
        "Enrich (product)",
        "Intervention regimes",
        "Life Style"
      ],
      "outcomes": []
    }
  },
  {
    "nct_id": "NCT00462280",
    "conditions": [
      "Precancerous Conditions",
      "Stage 0 Cutaneous Melanoma AJCC v6 and v7",
      "Stage I Cutaneous Melanoma AJCC v6",
      "Stage II Cutaneous Melanoma AJCC v6 and v7"
    ],
    "pico_attributes": {
      "populations": {
        "minimum_age": "18 Years",
        "maximum_age": "NA",
        "country": "United States",
        "gender": "ALL"
      },
      "interventions": [
        "Biopsy",
        "Laboratory Biomarker Analysis",
        "Placebo Control",
        "lovastatin"
      ],
      "outcomes": [
        "Administration procedure",
        "Adverse event",
        "Aftercare",
        "Antibiotic Lock Therapy",
        "Asturian Language",
        "Average",
        "BaseLine dental cement",
        "Biological Markers",
        "C-Reactive Protein, human",
        "CDH1 gene",
        "CDH2 gene",
        "CDKN1A protein, human",
        "Change -- procedure",
        "Developmental regression",
        "Dysplastic Nevus",
        "Evaluating interventions",
        "Evaluation procedure",
        "From",
        "HIF1A gene",
        "HSD11B1 wt Allele",
        "Histopathology",
        "Ki67 Measurement",
        "Medical pathologist",
        "Molecular",
        "Pathologist evaluation",
        "RELA protein, human",
        "Related personal status",
        "Reviewed By (qualifier)",
        "Room of building - Study",
        "Serum",
        "Study report",
        "Target",
        "Three",
        "Triglycerides",
        "Unit per Liter",
        "Vascular Endothelial Growth Factors",
        "cholesterol",
        "mg/dL",
        "oncoprotein p21"
      ]
    }
  },
  {
    "nct_id": "NCT00462306",
    "conditions": [
      "Pregnancy",
      "Sleep Apnea, Obstructive"
    ],
    "pico_attributes": {
      "populations": {
        "minimum_age": "18 Years",
        "maximum_age": "45 Years",
        "country": "United States",
        "gender": "FEMALE"
      },
      "interventions": [
        "City of Berlin",
        "Questionnaires",
        "Surveys"
      ],
      "outcomes": [
        "BRAF Gene Rearrangement",
        "City of Berlin",
        "Clinical Trial Subject Questionnaire",
        "Diagnosis",
        "Pre-Eclampsia",
        "Questionnaires",
        "Sleep-Disordered Breathing"
      ]
    }
  },
  {
    "nct_id": "NCT00462319",
    "conditions": [
      "Osteoarthritis, Knee"
    ],
    "pico_attributes": {
      "populations": {
        "minimum_age": "45 Years",
        "maximum_age": "75 Years",
        "country": "France",
        "gender": "ALL"
      },
      "interventions": [
        "Educational Status",
        "Exercise",
        "Weight decreased"
      ],
      "outcomes": []
    }
  },
  {
    "nct_id": "NCT00462332",
    "conditions": [
      "Childhood Leukemia"
    ],
    "pico_attributes": {
      "populations": {
        "minimum_age": "NA",
        "maximum_age": "60 Years",
        "country": "Italy",
        "gender": "ALL"
      },
      "interventions": [
        "Campath",
        "Transplant",
        "fludarabine"
      ],
      "outcomes": [
        "Continuance of life",
        "Disease-Free Survival",
        "Event-Free Survival",
        "Global Complete Response",
        "Length",
        "Number of patients"
      ]
    }
  },
  {
    "nct_id": "NCT00462345",
    "conditions": [
      "Rheumatoid Arthritis"
    ],
    "pico_attributes": {
      "populations": {
        "minimum_age": "18 Years",
        "maximum_age": "80 Years",
        "country": "Korea, Republic of",
        "gender": "ALL"
      },
      "interventions": [
        "Adrenal Cortex Hormones",
        "Anti-Inflammatory Agents, Non-Steroidal",
        "folate",
        "methotrexate",
        "rituximab"
      ],
      "outcomes": [
        "20%",
        "50%",
        "70%",
        "ADHD hyperactive symptoms mean score:Score:Pt:^Patient:Qn:Calculated",
        "American College of Rheumatology Improvement Criteria",
        "Americas Ethnicity",
        "Amount type - Percentage",
        "Articular system",
        "Base - General Qualifier",
        "Blang Chinese",
        "Change -- procedure",
        "College",
        "Component (part)",
        "Count",
        "DAS - Disease Activity Score",
        "Disease Response",
        "Feel Pain",
        "From",
        "Health Assessment Questionnaire Disability Index",
        "Improvement",
        "In addition to",
        "Pain Measurement",
        "Participant",
        "Patient Global Assessment of Disease Activity",
        "Patients",
        "Percent (qualifier value)",
        "Physician Global Assessment of Disease Activity",
        "Psyche structure",
        "Rheumatology specialty",
        "SF-36",
        "Score",
        "Vibroacoustic Stimulation",
        "Weekly",
        "amsonic acid",
        "criteria",
        "patient assessment",
        "week 1",
        "week 2"
      ]
    }
  },
  {
    "nct_id": "NCT00462358",
    "conditions": [
      "Advanced Malignant Solid Neoplasm"
    ],
    "pico_attributes": {
      "populations": {
        "minimum_age": "18 Years",
        "maximum_age": "NA",
        "country": "United States",
        "gender": "ALL"
      },
      "interventions": [
        "ARRY 520",
        "Inhibitor",
        "Intravenous",
        "KIF11 gene"
      ],
      "outcomes": []
    }
  },
  {
    "nct_id": "NCT00462371",
    "conditions": [
      "Bristol Stool Type 1",
      "Child",
      "Diabetes Mellitus"
    ],
    "pico_attributes": {
      "populations": {
        "minimum_age": "4 Years",
        "maximum_age": "16 Years",
        "country": "Netherlands",
        "gender": "ALL"
      },
      "interventions": [
        "Insulin pump"
      ],
      "outcomes": []
    }
  },
  {
    "nct_id": "NCT00462384",
    "conditions": [
      "Anemia"
    ],
    "pico_attributes": {
      "populations": {
        "minimum_age": "18 Years",
        "maximum_age": "NA",
        "country": "Norway",
        "gender": "ALL"
      },
      "interventions": [
        "methoxy polyethylene glycol-epoetin beta"
      ],
      "outcomes": [
        "0.11",
        "0.13",
        "Achievement",
        "Amount type - Percentage",
        "Analytical Procedure Range",
        "Average",
        "Average Concentration",
        "Dipstick assessment of hemoglobin concentration",
        "GDC Treatment Outcome Terminology",
        "Gram per Deciliter",
        "Hemoglobin",
        "Maintenance",
        "Participant",
        "Reaction Time",
        "Time",
        "spending"
      ]
    }
  },
  {
    "nct_id": "NCT00462397",
    "conditions": [
      "Cervix carcinoma"
    ],
    "pico_attributes": {
      "populations": {
        "minimum_age": "18 Years",
        "maximum_age": "NA",
        "country": "United Kingdom",
        "gender": "FEMALE"
      },
      "interventions": [
        "Brachytherapy",
        "Neoadjuvant Therapy",
        "Therapeutic radiology procedure",
        "carboplatin",
        "cisplatin",
        "paclitaxel"
      ],
      "outcomes": []
    }
  },
  {
    "nct_id": "NCT00462410",
    "conditions": [
      "Breast Carcinoma"
    ],
    "pico_attributes": {
      "populations": {
        "minimum_age": "NA",
        "maximum_age": "NA",
        "country": "",
        "gender": "FEMALE"
      },
      "interventions": [
        "Counseling",
        "Psychosocial assessment (procedure)",
        "care activity"
      ],
      "outcomes": []
    }
  },
  {
    "nct_id": "NCT00462423",
    "conditions": [
      "Malignant melanoma, metastatic"
    ],
    "pico_attributes": {
      "populations": {
        "minimum_age": "18 Years",
        "maximum_age": "NA",
        "country": "United States",
        "gender": "ALL"
      },
      "interventions": [
        "Abraxane",
        "Avastin"
      ],
      "outcomes": [
        "Combined",
        "Progression-Free Survival",
        "Safety",
        "This (eukaryote)",
        "Tolerability Study"
      ]
    }
  },
  {
    "nct_id": "NCT00462436",
    "conditions": [
      "Coronary Arteriosclerosis",
      "Diabetes Mellitus, Non-Insulin-Dependent"
    ],
    "pico_attributes": {
      "populations": {
        "minimum_age": "18 Years",
        "maximum_age": "NA",
        "country": "Canada",
        "gender": "ALL"
      },
      "interventions": [
        "Consumption of goods",
        "Diet"
      ],
      "outcomes": []
    }
  },
  {
    "nct_id": "NCT00462449",
    "conditions": [
      "Brain Injuries",
      "Cerebrovascular accident",
      "Upper limb spasticity"
    ],
    "pico_attributes": {
      "populations": {
        "minimum_age": "18 Years",
        "maximum_age": "70 Years",
        "country": "United States",
        "gender": "ALL"
      },
      "interventions": [],
      "outcomes": [
        "Activities of Daily Living (activity)",
        "Assessed",
        "BaseLine dental cement",
        "CD44 wt Allele",
        "CD8A wt Allele",
        "Change -- procedure",
        "Patient Self-Report",
        "Performance",
        "Self"
      ]
    }
  },
  {
    "nct_id": "NCT00462462",
    "conditions": [
      "Congenital Abnormality",
      "Congenital MeSH qualifier",
      "Congenital abnormality of vein",
      "Veins"
    ],
    "pico_attributes": {
      "populations": {
        "minimum_age": "12 Years",
        "maximum_age": "NA",
        "country": "United States",
        "gender": "ALL"
      },
      "interventions": [
        "96",
        "98",
        "Gel",
        "Pharmaceutical Solutions",
        "ethanol"
      ],
      "outcomes": [
        "Act Relationship Subset - maximum",
        "Benefit",
        "Blood Products Laboratory Testing",
        "Cardiopulmonary",
        "Cmax",
        "Determination Aspects",
        "Exposure to",
        "Hematology (discipline)",
        "Laboratory test finding",
        "Local",
        "Metabolic",
        "Patients",
        "Plasma",
        "Systemic",
        "Two",
        "ethanol",
        "plasma concentration",
        "product"
      ]
    }
  },
  {
    "nct_id": "NCT00462475",
    "conditions": [
      "Hypopituitarism",
      "Isolated somatotropin deficiency",
      "Pituitary Neoplasms"
    ],
    "pico_attributes": {
      "populations": {
        "minimum_age": "18 Years",
        "maximum_age": "50 Years",
        "country": "Italy",
        "gender": "MALE"
      },
      "interventions": [
        "Genotropin",
        "Recombinant Growth Hormone",
        "pfizer"
      ],
      "outcomes": []
    }
  },
  {
    "nct_id": "NCT00462488",
    "conditions": [
      "Bladder Cancer Pathway",
      "Bladder Neoplasm",
      "Carcinoma of bladder"
    ],
    "pico_attributes": {
      "populations": {
        "minimum_age": "18 Years",
        "maximum_age": "NA",
        "country": "United States",
        "gender": "ALL"
      },
      "interventions": [
        "Vicinium"
      ],
      "outcomes": []
    }
  },
  {
    "nct_id": "NCT00462501",
    "conditions": [
      "Colorectal Cancer Pathway"
    ],
    "pico_attributes": {
      "populations": {
        "minimum_age": "18 Years",
        "maximum_age": "NA",
        "country": "United States",
        "gender": "ALL"
      },
      "interventions": [
        "Conventional Surgery",
        "Therapeutic radiology procedure",
        "bevacizumab",
        "fluorouracil",
        "leucovorin calcium",
        "oxaliplatin"
      ],
      "outcomes": [
        "Compleat Liquid Nutrition",
        "Pathologic Response"
      ]
    }
  },
  {
    "nct_id": "NCT00462527",
    "conditions": [
      "Dehydration",
      "Gastroenteritis",
      "Kidney Failure, Acute"
    ],
    "pico_attributes": {
      "populations": {
        "minimum_age": "1 Year",
        "maximum_age": "18 Years",
        "country": "Canada",
        "gender": "ALL"
      },
      "interventions": [],
      "outcomes": []
    }
  },
  {
    "nct_id": "NCT00462540",
    "conditions": [
      "Chronic Obstructive Airway Disease"
    ],
    "pico_attributes": {
      "populations": {
        "minimum_age": "40 Years",
        "maximum_age": "NA",
        "country": "United States",
        "gender": "ALL"
      },
      "interventions": [
        "20%",
        "albuterol sulfate",
        "formoterol Inhalation Solution",
        "ipratropium bromide",
        "microgram"
      ],
      "outcomes": []
    }
  },
  {
    "nct_id": "NCT00462553",
    "conditions": [
      "Adenocarcinoma of pancreas",
      "Adult Solid Neoplasm",
      "Clinical trial protocol",
      "Entity Determiner - specific",
      "External cause codes: Unspecified",
      "Pancreatic carcinoma stage III",
      "Recurrent Pancreatic Carcinoma",
      "stage IV pancreatic cancer"
    ],
    "pico_attributes": {
      "populations": {
        "minimum_age": "18 Years",
        "maximum_age": "NA",
        "country": "United States",
        "gender": "ALL"
      },
      "interventions": [
        "gemcitabine hydrochloride",
        "sunitinib malate"
      ],
      "outcomes": []
    }
  },
  {
    "nct_id": "NCT00462566",
    "conditions": [
      "Avulsion of brachial plexus",
      "Causalgia",
      "Complex Regional Pain Syndromes",
      "Facial Pain",
      "Neuralgia",
      "Phantom Limb Pain",
      "stump pain"
    ],
    "pico_attributes": {
      "populations": {
        "minimum_age": "NA",
        "maximum_age": "NA",
        "country": "Canada",
        "gender": "ALL"
      },
      "interventions": [
        "Motor Cortex",
        "Stimulation (motivation)"
      ],
      "outcomes": []
    }
  },
  {
    "nct_id": "NCT00462579",
    "conditions": [
      "Acinetobacter Infections"
    ],
    "pico_attributes": {
      "populations": {
        "minimum_age": "18 Years",
        "maximum_age": "NA",
        "country": "United States",
        "gender": "ALL"
      },
      "interventions": [],
      "outcomes": []
    }
  },
  {
    "nct_id": "NCT00462592",
    "conditions": [
      "Asthma"
    ],
    "pico_attributes": {
      "populations": {
        "minimum_age": "8 Years",
        "maximum_age": "35 Years",
        "country": "Canada",
        "gender": "ALL"
      },
      "interventions": [
        "Placebo Control",
        "budesonide",
        "montelukast"
      ],
      "outcomes": []
    }
  },
  {
    "nct_id": "NCT00462605",
    "conditions": [
      "11q23",
      "Adult Acute Lymphoblastic Leukemia in Remission",
      "Adult Acute Megakaryoblastic Leukemia",
      "Adult Acute Monoblastic Leukemia",
      "Adult Acute Monoblastic and Monocytic Leukemia",
      "Adult Acute Myeloblastic Leukemia",
      "Adult Acute Myeloid Leukemia with Maturation",
      "Adult Acute Myeloid Leukemia without Maturation",
      "Adult Acute Myelomonocytic Leukemia",
      "Adult Erythroleukemia",
      "Adult Pure Erythroid Leukemia",
      "Blast (physical force)",
      "Cell Differentiation process",
      "Chromosome inversion",
      "Congenital Abnormality",
      "EXOSC1 gene",
      "Enneking Metastasis M0",
      "Enneking Metastasis M1",
      "Erythroleukemia (Erythroid/Myeloid)",
      "Excess",
      "GPM6B gene",
      "Juvenile Myelomonocytic Leukemia",
      "MYELODYSPLASTIC SYNDROME",
      "Myelodysplastic-Myeloproliferative Diseases",
      "Recurrent Adult Acute Lymphoblastic Leukemia",
      "Refractory anemia with ringed sideroblasts",
      "Refractory anemia, without ringed sideroblasts, without excess blasts",
      "Refractory cytopenia with multilineage dysplasia",
      "Secondary Acute Myeloid Leukemia",
      "Secondary Myelodysplastic Syndrome",
      "Treating",
      "Untreated Adult Acute Lymphoblastic Leukemia",
      "Untreated Adult Acute Myeloid Leukemia",
      "de novo Myelodysplastic Syndrome",
      "recurrent adult acute myeloid leukemia",
      "square metres"
    ],
    "pico_attributes": {
      "populations": {
        "minimum_age": "18 Years",
        "maximum_age": "NA",
        "country": "United States",
        "gender": "ALL"
      },
      "interventions": [
        "CSF2 gene",
        "entinostat"
      ],
      "outcomes": [
        "Abnormal",
        "Amount type - Percentage",
        "Assessed",
        "Blood Transfusion",
        "CD44 wt Allele",
        "Cell Count",
        "Change -- procedure",
        "Clinical action",
        "Compleat Liquid Nutrition",
        "Content Type Requirement",
        "Disease Response",
        "Flow Cytometry",
        "Global Partial Response",
        "How Often Felt Normal question",
        "Measured",
        "Myeloid",
        "Patient Physiological Condition",
        "Phenotype",
        "counts",
        "peripheral blood"
      ]
    }
  },
  {
    "nct_id": "NCT00462618",
    "conditions": [
      "Insomnia, CTCAE 3.0"
    ],
    "pico_attributes": {
      "populations": {
        "minimum_age": "60 Years",
        "maximum_age": "NA",
        "country": "United States",
        "gender": "ALL"
      },
      "interventions": [
        "Behavior Therapy",
        "quetiapine"
      ],
      "outcomes": []
    }
  },
  {
    "nct_id": "NCT00462631",
    "conditions": [
      "Coronary Stenosis",
      "Diabetes Mellitus"
    ],
    "pico_attributes": {
      "populations": {
        "minimum_age": "18 Years",
        "maximum_age": "NA",
        "country": "Malaysia",
        "gender": "ALL"
      },
      "interventions": [
        "Balloon Aircraft",
        "Bare metal stent",
        "Stent, device",
        "paclitaxel"
      ],
      "outcomes": []
    }
  },
  {
    "nct_id": "NCT00462644",
    "conditions": [
      "Adrenal cortical hypofunction"
    ],
    "pico_attributes": {
      "populations": {
        "minimum_age": "18 Years",
        "maximum_age": "NA",
        "country": "United States",
        "gender": "ALL"
      },
      "interventions": [
        "Cumulative Trauma Disorders",
        "Fentanyl measurement",
        "Midazolam Measurement",
        "Sedated state",
        "etomidate",
        "succinylcholine"
      ],
      "outcomes": [
        "BaseLine dental cement",
        "Before",
        "Cessation of life",
        "Change -- procedure",
        "Cortisol Measurement",
        "Cortisol level",
        "Cortisol^baseline",
        "Count of entities",
        "Length of Stay",
        "Post",
        "Rapid Sequence Induction",
        "Stimulation (motivation)",
        "Stimulation test",
        "cortisol test",
        "hydrocortisone"
      ]
    }
  },
  {
    "nct_id": "NCT00462657",
    "conditions": [
      "Childhood Leukemia",
      "Communicable Diseases",
      "Graft-Versus-Host Disease Pathway",
      "MYELODYSPLASTIC SYNDROME",
      "Myelodysplastic-Myeloproliferative Diseases"
    ],
    "pico_attributes": {
      "populations": {
        "minimum_age": "18 Years",
        "maximum_age": "NA",
        "country": "United Kingdom",
        "gender": "ALL"
      },
      "interventions": [
        "Bronchoalveolar Lavage",
        "Bronchoscopy",
        "Immunoenzyme Techniques",
        "Laboratory Biomarker Analysis",
        "Management of Therapy Complications",
        "Polymerase Chain Reaction"
      ],
      "outcomes": []
    }
  },
  {
    "nct_id": "NCT00462670",
    "conditions": [
      "Cardiac - anatomy qualifier",
      "Edema"
    ],
    "pico_attributes": {
      "populations": {
        "minimum_age": "20 Years",
        "maximum_age": "85 Years",
        "country": "Japan",
        "gender": "ALL"
      },
      "interventions": [
        "OPC 41061",
        "tolvaptan"
      ],
      "outcomes": [
        "Body Weight",
        "Change -- procedure",
        "Percent (qualifier value)",
        "Quantity"
      ]
    }
  },
  {
    "nct_id": "NCT00462683",
    "conditions": [
      "Anoxia",
      "Brain Injuries",
      "Cerebrovascular accident"
    ],
    "pico_attributes": {
      "populations": {
        "minimum_age": "18 Years",
        "maximum_age": "NA",
        "country": "United States",
        "gender": "ALL"
      },
      "interventions": [],
      "outcomes": []
    }
  },
  {
    "nct_id": "NCT00462696",
    "conditions": [
      "Breast Carcinoma"
    ],
    "pico_attributes": {
      "populations": {
        "minimum_age": "18 Years",
        "maximum_age": "70 Years",
        "country": "France",
        "gender": "FEMALE"
      },
      "interventions": [
        "Conventional Surgery",
        "Dynamic Contrast-Enhanced Magnetic Resonance Imaging",
        "Neoadjuvant Therapy",
        "Radiomammography",
        "docetaxel",
        "epirubicin hydrochloride"
      ],
      "outcomes": []
    }
  },
  {
    "nct_id": "NCT00462709",
    "conditions": [
      "Angioedemas, Hereditary"
    ],
    "pico_attributes": {
      "populations": {
        "minimum_age": "1 Year",
        "maximum_age": "NA",
        "country": "United States",
        "gender": "ALL"
      },
      "interventions": [
        "C1 esterase inhibitor",
        "Complement C1 Esterase Inhibitor Measurement",
        "Homo sapiens"
      ],
      "outcomes": [
        "Angioedemas, Hereditary",
        "Attack behavior",
        "Complement C1 Esterase Inhibitor Measurement",
        "Complement System Proteins",
        "Complement component C4",
        "Frequencies (time pattern)",
        "Function (attribute)",
        "Level of the fourth cervical vertebra",
        "Levels (qualifier value)",
        "Serum"
      ]
    }
  },
  {
    "nct_id": "NCT00462722",
    "conditions": [
      "Aging",
      "Physical Fitness"
    ],
    "pico_attributes": {
      "populations": {
        "minimum_age": "60 Years",
        "maximum_age": "75 Years",
        "country": "United States",
        "gender": "ALL"
      },
      "interventions": [
        "Exercise",
        "Loading Technique",
        "Musculoskeletal",
        "Placebo Control",
        "ibuprofen"
      ],
      "outcomes": [
        "Area",
        "Associated with",
        "BaseLine dental cement",
        "Biochemical turnover",
        "Bone marker",
        "Breaking down",
        "Buildup",
        "CD44 wt Allele",
        "Change -- procedure",
        "Choose (action)",
        "Cross-Sectional Studies",
        "Fat-free mass",
        "Genes",
        "Muscle (organ)",
        "Skeletal muscle structure of thigh",
        "month",
        "protein expression"
      ]
    }
  },
  {
    "nct_id": "NCT00462735",
    "conditions": [
      "Carcinoma of larynx",
      "Head and Neck Carcinoma",
      "Malignant neoplasm of mouth",
      "Malignant neoplasm of pharynx",
      "Nose Neoplasms",
      "Paranasal Sinus Neoplasms"
    ],
    "pico_attributes": {
      "populations": {
        "minimum_age": "18 Years",
        "maximum_age": "NA",
        "country": "United States",
        "gender": "ALL"
      },
      "interventions": [
        "Radiation Oncology specialty",
        "cetuximab",
        "fluorouracil",
        "hydroxyurea"
      ],
      "outcomes": [
        "Continuance of life",
        "Long-term",
        "Recurrence",
        "Toxic effect",
        "pM category"
      ]
    }
  },
  {
    "nct_id": "NCT00462748",
    "conditions": [
      "Hypercholesterolemia"
    ],
    "pico_attributes": {
      "populations": {
        "minimum_age": "18 Years",
        "maximum_age": "NA",
        "country": "United Kingdom",
        "gender": "ALL"
      },
      "interventions": [
        "Comparator",
        "atorvastatin",
        "ezetimibe",
        "rosuvastatin",
        "simvastatin"
      ],
      "outcomes": [
        "Amount type - Percentage",
        "End",
        "Fasting",
        "Patients",
        "Room of building - Study",
        "Target"
      ]
    }
  },
  {
    "nct_id": "NCT00462761",
    "conditions": [
      "ASXL1 wt Allele",
      "Acute Myeloid Leukemia Pathway",
      "Adult Myelodysplastic Syndrome",
      "Childhood Leukemia",
      "Leukemia, Myelocytic, Acute"
    ],
    "pico_attributes": {
      "populations": {
        "minimum_age": "18 Years",
        "maximum_age": "NA",
        "country": "United States",
        "gender": "ALL"
      },
      "interventions": [
        "AC220"
      ],
      "outcomes": [
        "10.4",
        "Administration procedure",
        "Administration, Oral",
        "Adverse Event Domain",
        "BEST1 gene",
        "Bayer Corneal Epitheliopathy Grade 3",
        "Best Overall Response",
        "CD44 wt Allele",
        "Cohort",
        "Count of entities",
        "Dosage",
        "Dose Response Control",
        "Following",
        "Global Progressive Disease",
        "Group Object",
        "Hematologic",
        "Improvement",
        "Participant",
        "Quizartinib",
        "Refractory Acute Myeloid Leukemia",
        "Relapsing course",
        "Related personal status",
        "Treatment-Emergent Adverse Event",
        "emergent"
      ]
    }
  },
  {
    "nct_id": "NCT00462774",
    "conditions": [
      "Act Relationship Subset - previous",
      "Angina Pectoris",
      "Bypass Surgery",
      "Congestive heart failure",
      "Coronary Arteriosclerosis",
      "Electrocardiogram: myocardial infarction (finding)",
      "Needs"
    ],
    "pico_attributes": {
      "populations": {
        "minimum_age": "18 Years",
        "maximum_age": "NA",
        "country": "Germany",
        "gender": "ALL"
      },
      "interventions": [
        "Autologous (qualifier value)",
        "Cell Count",
        "Injection",
        "Marrow"
      ],
      "outcomes": []
    }
  },
  {
    "nct_id": "NCT00462787",
    "conditions": [
      "Childhood Leukemia"
    ],
    "pico_attributes": {
      "populations": {
        "minimum_age": "NA",
        "maximum_age": "28 Years",
        "country": "United States",
        "gender": "ALL"
      },
      "interventions": [
        "CSF3 gene",
        "clofarabine",
        "dexamethasone",
        "thiotepa",
        "topotecan hydrochloride",
        "vinorelbine tartrate"
      ],
      "outcomes": []
    }
  },
  {
    "nct_id": "NCT00462813",
    "conditions": [
      "Cervix carcinoma",
      "Precancerous Conditions"
    ],
    "pico_attributes": {
      "populations": {
        "minimum_age": "NA",
        "maximum_age": "NA",
        "country": "United Kingdom",
        "gender": "FEMALE"
      },
      "interventions": [
        "Colposcopic Biopsy",
        "Cytology Specimen Collection Procedure",
        "Oral Microencapsulated Diindolylmethane",
        "Pap smear",
        "Polymerase Chain Reaction"
      ],
      "outcomes": []
    }
  },
  {
    "nct_id": "NCT00462826",
    "conditions": [
      "Recurrent Endometrial Cancer"
    ],
    "pico_attributes": {
      "populations": {
        "minimum_age": "18 Years",
        "maximum_age": "NA",
        "country": "United States",
        "gender": "FEMALE"
      },
      "interventions": [
        "ziv-aflibercept"
      ],
      "outcomes": [
        "Adverse Event Domain",
        "Agent",
        "Assessed",
        "Clinical Trial Objective",
        "Common Terminology Criteria for Adverse Events 3.0",
        "Count of entities",
        "Disease Response",
        "Duration",
        "GDC Treatment Outcome Terminology",
        "In addition to",
        "Incidence",
        "Monthly (qualifier value)",
        "Neoplasms",
        "Overall Survival",
        "Participant",
        "Possible diagnosis",
        "Progression-Free Survival",
        "Related personal status",
        "Response Evaluation Criteria in Solid Tumors Version 1.0",
        "Room of building - Study",
        "Version"
      ]
    }
  },
  {
    "nct_id": "NCT00462839",
    "conditions": [
      "Postpartum Hemorrhage"
    ],
    "pico_attributes": {
      "populations": {
        "minimum_age": "18 Years",
        "maximum_age": "65 Years",
        "country": "United States",
        "gender": "ALL"
      },
      "interventions": [
        "Actual blood loss",
        "Estimated"
      ],
      "outcomes": [
        "AKR1A1 wt Allele",
        "Actual",
        "Assignment - action",
        "Blood",
        "Blood Loss",
        "Blood Volume",
        "Clinical",
        "Count of entities",
        "Delta (difference)",
        "Educational Status",
        "Estimated",
        "Experience",
        "GDC Treatment Outcome Terminology",
        "HL7 Committee ID In RIM - Patient Care",
        "Provider type",
        "Providing (action)",
        "Room of building - Study",
        "Volume.actual",
        "care activity",
        "milliliter",
        "year"
      ]
    }
  },
  {
    "nct_id": "NCT00462852",
    "conditions": [
      "Malignant neoplasm of pancreas",
      "Thromboembolism"
    ],
    "pico_attributes": {
      "populations": {
        "minimum_age": "18 Years",
        "maximum_age": "NA",
        "country": "United Kingdom",
        "gender": "ALL"
      },
      "interventions": [
        "Diagnostic Laboratory Biomarker Analysis",
        "dalteparin",
        "gemcitabine hydrochloride"
      ],
      "outcomes": []
    }
  },
  {
    "nct_id": "NCT00462865",
    "conditions": [
      "Breast Carcinoma"
    ],
    "pico_attributes": {
      "populations": {
        "minimum_age": "18 Years",
        "maximum_age": "80 Years",
        "country": "United States",
        "gender": "FEMALE"
      },
      "interventions": [
        "Avastin",
        "capecitabine",
        "gemcitabine"
      ],
      "outcomes": [
        "Count of entities",
        "Participant",
        "Recurrent disease"
      ]
    }
  },
  {
    "nct_id": "NCT00462878",
    "conditions": [
      "Allogeneic",
      "Febrile Neutropenia",
      "Peripheral Stem Cell Transplantation"
    ],
    "pico_attributes": {
      "populations": {
        "minimum_age": "18 Years",
        "maximum_age": "NA",
        "country": "Spain",
        "gender": "ALL"
      },
      "interventions": [
        "meropenem",
        "teicoplanin",
        "vancomycin"
      ],
      "outcomes": []
    }
  },
  {
    "nct_id": "NCT00462891",
    "conditions": [
      "Breast Carcinoma"
    ],
    "pico_attributes": {
      "populations": {
        "minimum_age": "18 Years",
        "maximum_age": "NA",
        "country": "United States",
        "gender": "FEMALE"
      },
      "interventions": [
        "Device system"
      ],
      "outcomes": []
    }
  },
  {
    "nct_id": "NCT00462904",
    "conditions": [
      "Burn injury"
    ],
    "pico_attributes": {
      "populations": {
        "minimum_age": "13 Years",
        "maximum_age": "60 Years",
        "country": "United States",
        "gender": "ALL"
      },
      "interventions": [
        "BPI gene"
      ],
      "outcomes": [
        "BPI gene",
        "Levels (qualifier value)",
        "Observation parameter",
        "Plasma",
        "Safety"
      ]
    }
  },
  {
    "nct_id": "NCT00462917",
    "conditions": [
      "Alzheimer's Disease"
    ],
    "pico_attributes": {
      "populations": {
        "minimum_age": "18 Years",
        "maximum_age": "85 Years",
        "country": "United States",
        "gender": "ALL"
      },
      "interventions": [
        "Alzheimer disease, familial, type 3",
        "Authorization Mode - In Person",
        "Disclosure",
        "Information",
        "Only - dosing instruction fragment",
        "Telephone"
      ],
      "outcomes": []
    }
  },
  {
    "nct_id": "NCT00462943",
    "conditions": [
      "Chronic Myeloid Leukemia Pathway"
    ],
    "pico_attributes": {
      "populations": {
        "minimum_age": "18 Years",
        "maximum_age": "NA",
        "country": "United States",
        "gender": "ALL"
      },
      "interventions": [
        "omacetaxine mepesuccinate"
      ],
      "outcomes": [
        "% suppression",
        "Academic degree",
        "Administration procedure",
        "Age of Onset",
        "Amount type - Percentage",
        "BCR-ABL Fusion Gene",
        "BCR/ABL1 Fusion Protein with ABL1 NP_005148.2:p.T315I",
        "BaseLine dental cement",
        "Best Overall Response",
        "Best estimate",
        "Categories",
        "Count of entities",
        "Cytogenetic Response",
        "Cytogenetics",
        "DIAPH3 wt Allele",
        "Death Due to Disease Progression Not Associated with More Specific Term NOS, CTCAE",
        "Duration",
        "Estimated",
        "GDC Treatment Outcome Terminology",
        "Hematologic",
        "Hematologic Response",
        "In addition to",
        "Infusion pump Alert priority PH",
        "Largest",
        "Major Cytogenetic Response in Chronic Myelogenous Leukemia, BCR-ABL1 Positive",
        "Mutation Abnormality",
        "Needs",
        "Overall",
        "Overall Response",
        "Overall Survival",
        "Participant",
        "Philadelphia Chromosome",
        "Population Group",
        "Reduced",
        "Representation (action)",
        "Time",
        "Total population",
        "best (quality)",
        "event cycle"
      ]
    }
  },
  {
    "nct_id": "NCT00462956",
    "conditions": [
      "Breast",
      "Neoplasms"
    ],
    "pico_attributes": {
      "populations": {
        "minimum_age": "20 Years",
        "maximum_age": "40 Years",
        "country": "NA",
        "gender": "FEMALE"
      },
      "interventions": [
        "Tykerb"
      ],
      "outcomes": []
    }
  },
  {
    "nct_id": "NCT00462969",
    "conditions": [
      "Endometrial Carcinoma"
    ],
    "pico_attributes": {
      "populations": {
        "minimum_age": "18 Years",
        "maximum_age": "NA",
        "country": "United States",
        "gender": "FEMALE"
      },
      "interventions": [
        "Hysterosonography"
      ],
      "outcomes": []
    }
  },
  {
    "nct_id": "NCT00462982",
    "conditions": [
      "Disseminated Malignant Neoplasm",
      "Malignant neoplasm of kidney",
      "Melanoma Pathway",
      "Skin"
    ],
    "pico_attributes": {
      "populations": {
        "minimum_age": "18 Years",
        "maximum_age": "120 Years",
        "country": "United States",
        "gender": "ALL"
      },
      "interventions": [
        "sunitinib malate"
      ],
      "outcomes": []
    }
  },
  {
    "nct_id": "NCT00462995",
    "conditions": [
      "NCI CTEP SDC Non-Small Cell Lung Cancer Sub-Category Terminology"
    ],
    "pico_attributes": {
      "populations": {
        "minimum_age": "18 Years",
        "maximum_age": "95 Years",
        "country": "Canada",
        "gender": "ALL"
      },
      "interventions": [
        "erlotinib"
      ],
      "outcomes": []
    }
  },
  {
    "nct_id": "NCT00463008",
    "conditions": [
      "Brain",
      "Central Nervous System Neoplasms"
    ],
    "pico_attributes": {
      "populations": {
        "minimum_age": "18 Years",
        "maximum_age": "NA",
        "country": "",
        "gender": "ALL"
      },
      "interventions": [
        "Pharmacological Study",
        "methotrexate"
      ],
      "outcomes": []
    }
  },
  {
    "nct_id": "NCT00463021",
    "conditions": [
      "Hyperparathyroidism, Secondary"
    ],
    "pico_attributes": {
      "populations": {
        "minimum_age": "18 Years",
        "maximum_age": "NA",
        "country": "United States",
        "gender": "ALL"
      },
      "interventions": [
        "Doxercalciferol Oral Capsule",
        "Hectorol",
        "Paricalcitol Liquid Injection",
        "Zemplar"
      ],
      "outcomes": []
    }
  }
]