[
  {
    "nct_id": "NCT00594893",
    "conditions": [
      "Degenerative polyarthritis"
    ],
    "pico_attributes": {
      "populations": {
        "minimum_age": "18 Years",
        "maximum_age": "NA",
        "country": "United States",
        "gender": "ALL"
      },
      "interventions": [
        "+2",
        "Approach",
        "Cranial incision point",
        "Mini"
      ],
      "outcomes": []
    }
  },
  {
    "nct_id": "NCT00594906",
    "conditions": [
      "Fracture of pelvis"
    ],
    "pico_attributes": {
      "populations": {
        "minimum_age": "55 Years",
        "maximum_age": "NA",
        "country": "United States",
        "gender": "ALL"
      },
      "interventions": [
        "Placebo Control",
        "teriparatide"
      ],
      "outcomes": [
        "Autumn",
        "Feel Low in Energy",
        "Fracture Healing"
      ]
    }
  },
  {
    "nct_id": "NCT00594919",
    "conditions": [
      "Acute Kidney Injury, CTCAE",
      "Early"
    ],
    "pico_attributes": {
      "populations": {
        "minimum_age": "18 Years",
        "maximum_age": "NA",
        "country": "Brazil",
        "gender": "ALL"
      },
      "interventions": [],
      "outcomes": []
    }
  },
  {
    "nct_id": "NCT00594932",
    "conditions": [
      "Arthritis",
      "Lupus Erythematosus, Systemic"
    ],
    "pico_attributes": {
      "populations": {
        "minimum_age": "14 Years",
        "maximum_age": "70 Years",
        "country": "United States",
        "gender": "ALL"
      },
      "interventions": [
        "Placebo Control",
        "mycophenolate mofetil"
      ],
      "outcomes": [
        "Arthritis",
        "Clinical",
        "Clinical Response",
        "Disease Response",
        "Global Complete Response",
        "Global Partial Response",
        "Major",
        "Partial"
      ]
    }
  },
  {
    "nct_id": "NCT00594945",
    "conditions": [
      "Epilepsy"
    ],
    "pico_attributes": {
      "populations": {
        "minimum_age": "18 Years",
        "maximum_age": "65 Years",
        "country": "United States",
        "gender": "ALL"
      },
      "interventions": [
        "Clonazepam measurement"
      ],
      "outcomes": [
        "*Relative",
        "Administration procedure",
        "BaseLine dental cement",
        "Change -- procedure",
        "Count of entities",
        "Daily",
        "SPEN gene",
        "wave - physical agent"
      ]
    }
  },
  {
    "nct_id": "NCT00594958",
    "conditions": [
      "Japanese Encephalitis"
    ],
    "pico_attributes": {
      "populations": {
        "minimum_age": "18 Years",
        "maximum_age": "NA",
        "country": "",
        "gender": "ALL"
      },
      "interventions": [],
      "outcomes": [
        "Antibodies, Blocking",
        "Antibody titer measurement",
        "FBXL20 gene",
        "Safety"
      ]
    }
  },
  {
    "nct_id": "NCT00594971",
    "conditions": [
      "Hospice and Palliative Care Nursing",
      "Neoplasms"
    ],
    "pico_attributes": {
      "populations": {
        "minimum_age": "18 Years",
        "maximum_age": "NA",
        "country": "Denmark",
        "gender": "ALL"
      },
      "interventions": [
        "Intervention regimes",
        "Organization administrative structures",
        "Palliative care.team",
        "referral to a specialist"
      ],
      "outcomes": []
    }
  },
  {
    "nct_id": "NCT00594984",
    "conditions": [],
    "pico_attributes": {
      "populations": {
        "minimum_age": "18 Years",
        "maximum_age": "NA",
        "country": "United States",
        "gender": "ALL"
      },
      "interventions": [
        "Placebo Control",
        "brivanib",
        "cetuximab",
        "irinotecan"
      ],
      "outcomes": []
    }
  },
  {
    "nct_id": "NCT00594997",
    "conditions": [
      "Lyme Disease"
    ],
    "pico_attributes": {
      "populations": {
        "minimum_age": "7 Years",
        "maximum_age": "12 Years",
        "country": "",
        "gender": "ALL"
      },
      "interventions": [
        "Before",
        "Control function",
        "Educational Status",
        "Post",
        "Surveys"
      ],
      "outcomes": [
        "Actual",
        "Alive",
        "Area",
        "Behavior",
        "Behavioral Domain",
        "Behaviors and observations relating to behavior",
        "Child",
        "Educational Intervention",
        "Family",
        "GDC Treatment Outcome Terminology",
        "HL7PublishingSubSection <practice>",
        "Intention - mental process",
        "Lyme Disease",
        "Morbidity - disease rate",
        "Perform",
        "Prevention Study",
        "Self Confidence",
        "Self Efficacy",
        "Use of"
      ]
    }
  },
  {
    "nct_id": "NCT00595010",
    "conditions": [
      "Victim of child abuse"
    ],
    "pico_attributes": {
      "populations": {
        "minimum_age": "NA",
        "maximum_age": "NA",
        "country": "",
        "gender": "ALL"
      },
      "interventions": [],
      "outcomes": []
    }
  },
  {
    "nct_id": "NCT00595023",
    "conditions": [
      "Breast Carcinoma"
    ],
    "pico_attributes": {
      "populations": {
        "minimum_age": "18 Years",
        "maximum_age": "NA",
        "country": "United States",
        "gender": "ALL"
      },
      "interventions": [],
      "outcomes": []
    }
  },
  {
    "nct_id": "NCT00595049",
    "conditions": [
      "Hypertension, CTCAE",
      "Lung"
    ],
    "pico_attributes": {
      "populations": {
        "minimum_age": "18 Years",
        "maximum_age": "NA",
        "country": "United States",
        "gender": "ALL"
      },
      "interventions": [
        "bosentan"
      ],
      "outcomes": []
    }
  },
  {
    "nct_id": "NCT00595062",
    "conditions": [
      "Breast Carcinoma"
    ],
    "pico_attributes": {
      "populations": {
        "minimum_age": "60 Years",
        "maximum_age": "NA",
        "country": "United States",
        "gender": "FEMALE"
      },
      "interventions": [],
      "outcomes": []
    }
  },
  {
    "nct_id": "NCT00595075",
    "conditions": [
      "Healthy"
    ],
    "pico_attributes": {
      "populations": {
        "minimum_age": "18 Years",
        "maximum_age": "35 Years",
        "country": "United States",
        "gender": "ALL"
      },
      "interventions": [
        "Placebo Control",
        "ramelteon"
      ],
      "outcomes": [
        "Assessed",
        "Assessment scales",
        "Blood Products Laboratory Testing",
        "CTNNBL1 gene",
        "Correct (qualifier)",
        "Count of entities",
        "Digit Symbol Substitution Test",
        "Drowsiness",
        "Median (qualifier value)",
        "Post",
        "Reaction Time",
        "Response (statement)",
        "Sleep Efficiency",
        "Task",
        "Visual Analog Pain Scale",
        "Wakefulness"
      ]
    }
  },
  {
    "nct_id": "NCT00595088",
    "conditions": [
      "Carcinoma of urinary bladder, superficial"
    ],
    "pico_attributes": {
      "populations": {
        "minimum_age": "18 Years",
        "maximum_age": "NA",
        "country": "United States",
        "gender": "ALL"
      },
      "interventions": [
        "BC-819 Plasmid/Polyethylenimine Complex"
      ],
      "outcomes": [
        "Absence (morphologic abnormality)",
        "Compleat Liquid Nutrition",
        "Definable",
        "Disease Response",
        "Effect",
        "Neoplasms",
        "New",
        "Specimen Source Codes - tumor",
        "Tumor Markers"
      ]
    }
  },
  {
    "nct_id": "NCT00595101",
    "conditions": [
      "Glaucoma, Primary Open Angle",
      "Ocular Hypertension"
    ],
    "pico_attributes": {
      "populations": {
        "minimum_age": "20 Years",
        "maximum_age": "NA",
        "country": "Japan",
        "gender": "ALL"
      },
      "interventions": [
        "0.005",
        "Drug vehicle",
        "PF-03187207",
        "latanoprost"
      ],
      "outcomes": [
        "Intraocular pressure finding",
        "Target"
      ]
    }
  },
  {
    "nct_id": "NCT00595114",
    "conditions": [
      "Asthma",
      "Lung diseases",
      "Obstructed",
      "chronic"
    ],
    "pico_attributes": {
      "populations": {
        "minimum_age": "18 Years",
        "maximum_age": "NA",
        "country": "United States",
        "gender": "ALL"
      },
      "interventions": [],
      "outcomes": [
        "8-isoprostaglandin F2alpha",
        "Asthma",
        "Biochemical Marker",
        "Levels (qualifier value)",
        "Oxidative Stress",
        "Preposition For"
      ]
    }
  },
  {
    "nct_id": "NCT00595127",
    "conditions": [
      "FANCONI ANEMIA, COMPLEMENTATION GROUP A (disorder)"
    ],
    "pico_attributes": {
      "populations": {
        "minimum_age": "NA",
        "maximum_age": "NA",
        "country": "United States",
        "gender": "ALL"
      },
      "interventions": [
        "cyclophosphamide",
        "fludarabine"
      ],
      "outcomes": [
        "Graft acceptance",
        "Hematopoietic",
        "Incidence",
        "Quality"
      ]
    }
  },
  {
    "nct_id": "NCT00595140",
    "conditions": [
      "Acromegaly"
    ],
    "pico_attributes": {
      "populations": {
        "minimum_age": "18 Years",
        "maximum_age": "NA",
        "country": "Germany",
        "gender": "ALL"
      },
      "interventions": [
        "Combined",
        "Dopamine Agonists",
        "Somatostatin Analog [EPC]",
        "cabergoline",
        "octreotide",
        "pegvisomant"
      ],
      "outcomes": []
    }
  },
  {
    "nct_id": "NCT00595153",
    "conditions": [
      "Asthma"
    ],
    "pico_attributes": {
      "populations": {
        "minimum_age": "18 Years",
        "maximum_age": "70 Years",
        "country": "United States",
        "gender": "ALL"
      },
      "interventions": [
        "Pulmicort"
      ],
      "outcomes": [
        "Airway structure",
        "Bodily secretions",
        "Body tissue",
        "Gene Expression"
      ]
    }
  },
  {
    "nct_id": "NCT00595166",
    "conditions": [
      "Healthy"
    ],
    "pico_attributes": {
      "populations": {
        "minimum_age": "18 Years",
        "maximum_age": "64 Years",
        "country": "United States",
        "gender": "FEMALE"
      },
      "interventions": [
        "Foreskin of penis",
        "Vaginal speculum"
      ],
      "outcomes": []
    }
  },
  {
    "nct_id": "NCT00595179",
    "conditions": [
      "Kidney Transplantation"
    ],
    "pico_attributes": {
      "populations": {
        "minimum_age": "NA",
        "maximum_age": "NA",
        "country": "United States",
        "gender": "ALL"
      },
      "interventions": [],
      "outcomes": []
    }
  },
  {
    "nct_id": "NCT00595205",
    "conditions": [
      "Rotavirus Vaccines"
    ],
    "pico_attributes": {
      "populations": {
        "minimum_age": "NA",
        "maximum_age": "364 Days",
        "country": "Mexico",
        "gender": "ALL"
      },
      "interventions": [
        "Event Log",
        "Review at hospital"
      ],
      "outcomes": []
    }
  },
  {
    "nct_id": "NCT00595218",
    "conditions": [
      "Breast Carcinoma",
      "Carcinoma of lung",
      "Malignant neoplasm of prostate"
    ],
    "pico_attributes": {
      "populations": {
        "minimum_age": "18 Years",
        "maximum_age": "NA",
        "country": "United States",
        "gender": "ALL"
      },
      "interventions": [
        "Behavior",
        "Diet Code Specification Type - Preference",
        "Experimental Result",
        "Patient Outcome",
        "Patient Preference",
        "Physician:Identifier:Point in time:^Patient:Nominal",
        "Related personal status",
        "Surveys"
      ],
      "outcomes": []
    }
  },
  {
    "nct_id": "NCT00595231",
    "conditions": [
      "Generalized Anxiety Disorder"
    ],
    "pico_attributes": {
      "populations": {
        "minimum_age": "18 Years",
        "maximum_age": "65 Years",
        "country": "United States",
        "gender": "ALL"
      },
      "interventions": [
        "Placebo Control"
      ],
      "outcomes": [
        "BaseLine dental cement",
        "CD44 wt Allele",
        "Change -- procedure",
        "Clinical Global Impression Generic Modification Version Questionnaire",
        "Clinical impression",
        "Depression Scale (BASC-2)",
        "Generalized",
        "Intellectual scale",
        "Severity of illness"
      ]
    }
  },
  {
    "nct_id": "NCT00595244",
    "conditions": [
      "Coronary Arteriosclerosis"
    ],
    "pico_attributes": {
      "populations": {
        "minimum_age": "18 Years",
        "maximum_age": "NA",
        "country": "United States",
        "gender": "ALL"
      },
      "interventions": [
        "Injectable Suspension"
      ],
      "outcomes": []
    }
  },
  {
    "nct_id": "NCT00595257",
    "conditions": [
      "Arterial Occlusive Diseases"
    ],
    "pico_attributes": {
      "populations": {
        "minimum_age": "18 Years",
        "maximum_age": "NA",
        "country": "India",
        "gender": "ALL"
      },
      "interventions": [
        "CXCL14 gene",
        "Centrifuges (device)",
        "Device system",
        "Laboratory"
      ],
      "outcomes": []
    }
  },
  {
    "nct_id": "NCT00595270",
    "conditions": [
      "Japanese Encephalitis"
    ],
    "pico_attributes": {
      "populations": {
        "minimum_age": "18 Years",
        "maximum_age": "NA",
        "country": "",
        "gender": "ALL"
      },
      "interventions": [],
      "outcomes": [
        "24 Months",
        "Actual",
        "Booster 1",
        "Dosage",
        "FBXL20 gene",
        "Immunogenicity, Vaccine",
        "Long-term",
        "Monthly (qualifier value)",
        "Observed",
        "Persistent",
        "Primary Immunologic Sensitization",
        "Profile (lab procedure)",
        "Safety",
        "Secondary Immunization",
        "Substance-P Receptor, Human"
      ]
    }
  },
  {
    "nct_id": "NCT00595283",
    "conditions": [
      "Depressed mood"
    ],
    "pico_attributes": {
      "populations": {
        "minimum_age": "3 Years",
        "maximum_age": "6 Years",
        "country": "United States",
        "gender": "ALL"
      },
      "interventions": [],
      "outcomes": []
    }
  },
  {
    "nct_id": "NCT00595296",
    "conditions": [
      "Breast Carcinoma"
    ],
    "pico_attributes": {
      "populations": {
        "minimum_age": "18 Years",
        "maximum_age": "NA",
        "country": "United States",
        "gender": "ALL"
      },
      "interventions": [],
      "outcomes": []
    }
  },
  {
    "nct_id": "NCT00595309",
    "conditions": [
      "Japanese Encephalitis"
    ],
    "pico_attributes": {
      "populations": {
        "minimum_age": "18 Years",
        "maximum_age": "NA",
        "country": "Germany",
        "gender": "ALL"
      },
      "interventions": [],
      "outcomes": [
        "Adverse Event Domain",
        "Geometric Mean",
        "HIV Seroconversion",
        "Rate",
        "Safety",
        "Titer"
      ]
    }
  },
  {
    "nct_id": "NCT00595322",
    "conditions": [
      "Brain Neoplasms",
      "Brain Tumor, Primary",
      "Recurrent Malignant Glioma"
    ],
    "pico_attributes": {
      "populations": {
        "minimum_age": "18 Years",
        "maximum_age": "NA",
        "country": "United States",
        "gender": "ALL"
      },
      "interventions": [
        "Electromagnetic Radiation",
        "Radiotherapy, Intensity-Modulated",
        "bevacizumab"
      ],
      "outcomes": []
    }
  },
  {
    "nct_id": "NCT00595335",
    "conditions": [
      "Thyroid associated opthalmopathies"
    ],
    "pico_attributes": {
      "populations": {
        "minimum_age": "18 Years",
        "maximum_age": "80 Years",
        "country": "United States",
        "gender": "ALL"
      },
      "interventions": [
        "Saline Solution",
        "methylprednisolone",
        "rituximab"
      ],
      "outcomes": [
        "Change -- procedure",
        "Exophthalmos",
        "Extraocular",
        "Failure",
        "Fissure",
        "Motility",
        "One year",
        "Rate",
        "Severity of illness"
      ]
    }
  },
  {
    "nct_id": "NCT00595348",
    "conditions": [
      "Breast Carcinoma",
      "Carcinoma, Ovarian Epithelial"
    ],
    "pico_attributes": {
      "populations": {
        "minimum_age": "20 Years",
        "maximum_age": "NA",
        "country": "Korea, Republic of",
        "gender": "ALL"
      },
      "interventions": [],
      "outcomes": []
    }
  },
  {
    "nct_id": "NCT00595361",
    "conditions": [
      "Asthma"
    ],
    "pico_attributes": {
      "populations": {
        "minimum_age": "18 Years",
        "maximum_age": "50 Years",
        "country": "United States",
        "gender": "ALL"
      },
      "interventions": [
        "salmeterol"
      ],
      "outcomes": [
        "AT genotype",
        "Act Relationship Subset - maximum",
        "Administration procedure",
        "Autumn",
        "BaseLine dental cement",
        "Before",
        "CD44 wt Allele",
        "Comparison",
        "Dosage",
        "End",
        "Exercise challenge",
        "FEV1, CTCAE",
        "First (number)",
        "GDC Treatment Outcome Terminology",
        "Glycine measurement",
        "Human Study Subject",
        "Patients",
        "Percent (qualifier value)",
        "Period (temporal qualifier)",
        "arginylarginine",
        "salmeterol",
        "week 2"
      ]
    }
  },
  {
    "nct_id": "NCT00595374",
    "conditions": [
      "Bristol Stool Type 1",
      "Diabetes",
      "Diabetes Mellitus"
    ],
    "pico_attributes": {
      "populations": {
        "minimum_age": "18 Years",
        "maximum_age": "NA",
        "country": "Netherlands",
        "gender": "ALL"
      },
      "interventions": [
        "Insulin Aspart",
        "insulin detemir",
        "insulin isophane"
      ],
      "outcomes": []
    }
  },
  {
    "nct_id": "NCT00595387",
    "conditions": [
      "Bipolar Disorder",
      "Depressed mood"
    ],
    "pico_attributes": {
      "populations": {
        "minimum_age": "18 Years",
        "maximum_age": "64 Years",
        "country": "United States",
        "gender": "ALL"
      },
      "interventions": [
        "Supportive psychotherapy"
      ],
      "outcomes": []
    }
  },
  {
    "nct_id": "NCT00595413",
    "conditions": [
      "Rheumatoid Arthritis"
    ],
    "pico_attributes": {
      "populations": {
        "minimum_age": "18 Years",
        "maximum_age": "NA",
        "country": "United States",
        "gender": "ALL"
      },
      "interventions": [
        "Atacicept",
        "GDC Treatment Outcome Terminology",
        "Loading dose",
        "MATCHING",
        "Placebo Control",
        "adalimumab"
      ],
      "outcomes": [
        "50%",
        "70%",
        "Americas Ethnicity",
        "Amount type - Percentage",
        "Base - General Qualifier",
        "C-Reactive Protein, human",
        "College",
        "Disease Response",
        "Participant",
        "Rheumatology specialty",
        "Weekly"
      ]
    }
  },
  {
    "nct_id": "NCT00595426",
    "conditions": [
      "Arthroplasty",
      "Knee",
      "Replacement"
    ],
    "pico_attributes": {
      "populations": {
        "minimum_age": "18 Years",
        "maximum_age": "NA",
        "country": "United States",
        "gender": "ALL"
      },
      "interventions": [
        "warfarin"
      ],
      "outcomes": []
    }
  },
  {
    "nct_id": "NCT00595439",
    "conditions": [
      "Focal Dystonia",
      "Peripheral Nervous System Diseases"
    ],
    "pico_attributes": {
      "populations": {
        "minimum_age": "18 Years",
        "maximum_age": "80 Years",
        "country": "United States",
        "gender": "ALL"
      },
      "interventions": [],
      "outcomes": []
    }
  },
  {
    "nct_id": "NCT00595465",
    "conditions": [
      "Japanese Encephalitis"
    ],
    "pico_attributes": {
      "populations": {
        "minimum_age": "18 Years",
        "maximum_age": "NA",
        "country": "Germany",
        "gender": "ALL"
      },
      "interventions": [
        "Japanese Encephalitis",
        "Purifying",
        "Vaccines, Inactivated"
      ],
      "outcomes": [
        "Adverse Event Domain",
        "HIV Seroconversion",
        "Rate",
        "Safety"
      ]
    }
  },
  {
    "nct_id": "NCT00595478",
    "conditions": [
      "Alcohol Abuse Scale (BASC-2)"
    ],
    "pico_attributes": {
      "populations": {
        "minimum_age": "12 Years",
        "maximum_age": "18 Years",
        "country": "United States",
        "gender": "ALL"
      },
      "interventions": [],
      "outcomes": [
        "36",
        "Alcohol Abstinence",
        "Alcohols",
        "Follow-Up Period",
        "Use of",
        "Weekly",
        "day"
      ]
    }
  },
  {
    "nct_id": "NCT00595491",
    "conditions": [
      "Asthma"
    ],
    "pico_attributes": {
      "populations": {
        "minimum_age": "18 Years",
        "maximum_age": "50 Years",
        "country": "United States",
        "gender": "ALL"
      },
      "interventions": [
        "Allergen (brand of diphenylpyraline)",
        "Bronchoscopy",
        "Challenge",
        "Irrigation",
        "Segmental"
      ],
      "outcomes": []
    }
  },
  {
    "nct_id": "NCT00595504",
    "conditions": [
      "Schizoaffective Disorder",
      "Schizophrenia",
      "Schizophreniform Disorders"
    ],
    "pico_attributes": {
      "populations": {
        "minimum_age": "18 Years",
        "maximum_age": "65 Years",
        "country": "United States",
        "gender": "ALL"
      },
      "interventions": [
        "Placebo Control",
        "ramelteon"
      ],
      "outcomes": [
        "Abdominal Fat",
        "Change -- procedure",
        "Dual-Energy X-Ray Absorptiometry",
        "Waist Circumference"
      ]
    }
  },
  {
    "nct_id": "NCT00595517",
    "conditions": [
      "Degenerative polyarthritis",
      "Duodenal Ulcer",
      "Gastric Ulcer, CTCAE 5",
      "Low Back Pain",
      "Rheumatoid Arthritis"
    ],
    "pico_attributes": {
      "populations": {
        "minimum_age": "20 Years",
        "maximum_age": "NA",
        "country": "Japan",
        "gender": "ALL"
      },
      "interventions": [
        "Esomeprazole 20 MG"
      ],
      "outcomes": [
        "Administration procedure",
        "Count of entities",
        "Duodenal Ulcer",
        "Gastric (qualifier value)",
        "Participant",
        "Period (temporal qualifier)",
        "week"
      ]
    }
  },
  {
    "nct_id": "NCT00595530",
    "conditions": [
      "Anemia, Sickle Cell"
    ],
    "pico_attributes": {
      "populations": {
        "minimum_age": "7 Years",
        "maximum_age": "NA",
        "country": "United States",
        "gender": "ALL"
      },
      "interventions": [
        "ketamine"
      ],
      "outcomes": [
        "+2",
        "Count of entities",
        "Feel Pain",
        "IV number:ID:Pt:^Patient:Nom",
        "Improvement",
        "In addition to",
        "Opioids",
        "Pain scale",
        "Participant",
        "Point",
        "Reduced",
        "Score",
        "Show",
        "ketamine",
        "utilization qualifier",
        "while"
      ]
    }
  },
  {
    "nct_id": "NCT00595543",
    "conditions": [
      "Macular Edema, Cystoid",
      "acute"
    ],
    "pico_attributes": {
      "populations": {
        "minimum_age": "18 Years",
        "maximum_age": "NA",
        "country": "United States",
        "gender": "ALL"
      },
      "interventions": [
        "bromfenac",
        "diclofenac",
        "ketorolac"
      ],
      "outcomes": []
    }
  },
  {
    "nct_id": "NCT00595556",
    "conditions": [
      "Alcohol Abuse Scale (BASC-2)",
      "Alcoholic Intoxication, Chronic"
    ],
    "pico_attributes": {
      "populations": {
        "minimum_age": "18 Years",
        "maximum_age": "65 Years",
        "country": "United States",
        "gender": "ALL"
      },
      "interventions": [
        "Placebo Control",
        "zonisamide"
      ],
      "outcomes": [
        "Change -- procedure",
        "Count of entities",
        "Daily",
        "Drink (dietary substance)",
        "Drinking day",
        "Male population group",
        "More",
        "Weekly",
        "Woman",
        "day",
        "heavy drinking",
        "internal-external locus of control scale"
      ]
    }
  },
  {
    "nct_id": "NCT00595569",
    "conditions": [
      "Bristol Stool Type 1",
      "Diabetes Mellitus"
    ],
    "pico_attributes": {
      "populations": {
        "minimum_age": "18 Years",
        "maximum_age": "NA",
        "country": "Switzerland",
        "gender": "ALL"
      },
      "interventions": [],
      "outcomes": []
    }
  },
  {
    "nct_id": "NCT00595582",
    "conditions": [
      "Mild cognitive disorder"
    ],
    "pico_attributes": {
      "populations": {
        "minimum_age": "55 Years",
        "maximum_age": "85 Years",
        "country": "United States",
        "gender": "ALL"
      },
      "interventions": [
        "Bioperine",
        "curcumin"
      ],
      "outcomes": [
        "Alzheimer disease, familial, type 3",
        "Epidermal cGVHD Score 2",
        "MCIDAS gene",
        "Patients",
        "Score"
      ]
    }
  },
  {
    "nct_id": "NCT00595595",
    "conditions": [
      "Dental Pulp",
      "Dental Pulp Diseases",
      "Natural regeneration"
    ],
    "pico_attributes": {
      "populations": {
        "minimum_age": "16 Years",
        "maximum_age": "65 Years",
        "country": "United States",
        "gender": "ALL"
      },
      "interventions": [],
      "outcomes": []
    }
  },
  {
    "nct_id": "NCT00595608",
    "conditions": [
      "Operation on nose"
    ],
    "pico_attributes": {
      "populations": {
        "minimum_age": "16 Years",
        "maximum_age": "NA",
        "country": "United Kingdom",
        "gender": "ALL"
      },
      "interventions": [
        "Drinking Water",
        "Generic Drugs",
        "Nasal Saline Spray",
        "Salts",
        "Spray (action)"
      ],
      "outcomes": []
    }
  },
  {
    "nct_id": "NCT00595621",
    "conditions": [
      "Gastroparesis"
    ],
    "pico_attributes": {
      "populations": {
        "minimum_age": "18 Years",
        "maximum_age": "70 Years",
        "country": "United States",
        "gender": "ALL"
      },
      "interventions": [
        "Channel",
        "Gastric Pacemaker (procedure)",
        "MGP gene",
        "Numerous",
        "Phase"
      ],
      "outcomes": [
        "Amount type - Percentage",
        "Changed status",
        "Gastric retention",
        "Gastroparesis",
        "Hospital admission",
        "Meal (occasion for eating)",
        "Percent (qualifier value)",
        "Severity of symptoms:Finding:Point in time:^Patient:Ordinal",
        "Solid",
        "TAF1 wt Allele",
        "wave slowing"
      ]
    }
  },
  {
    "nct_id": "NCT00595634",
    "conditions": [
      "Bone structure of ischium",
      "Hip Fractures",
      "Intertrochanteric Fractures",
      "Unstable Medical Device Problem",
      "intertrochanteric"
    ],
    "pico_attributes": {
      "populations": {
        "minimum_age": "50 Years",
        "maximum_age": "NA",
        "country": "United States",
        "gender": "ALL"
      },
      "interventions": [],
      "outcomes": []
    }
  },
  {
    "nct_id": "NCT00595647",
    "conditions": [
      "Coronary Arteriosclerosis"
    ],
    "pico_attributes": {
      "populations": {
        "minimum_age": "18 Years",
        "maximum_age": "NA",
        "country": "Switzerland",
        "gender": "ALL"
      },
      "interventions": [
        "Bare metal stent",
        "Drug-Eluting Stents"
      ],
      "outcomes": []
    }
  },
  {
    "nct_id": "NCT00595660",
    "conditions": [
      "Breast",
      "Mass in breast",
      "Palpable",
      "Palpable mass"
    ],
    "pico_attributes": {
      "populations": {
        "minimum_age": "18 Years",
        "maximum_age": "NA",
        "country": "Iran, Islamic Republic of",
        "gender": "FEMALE"
      },
      "interventions": [
        "Fine needle aspiration biopsy"
      ],
      "outcomes": []
    }
  },
  {
    "nct_id": "NCT00595673",
    "conditions": [
      "Coronary Arteriosclerosis"
    ],
    "pico_attributes": {
      "populations": {
        "minimum_age": "18 Years",
        "maximum_age": "NA",
        "country": "United States",
        "gender": "ALL"
      },
      "interventions": [
        "Injectable Suspension"
      ],
      "outcomes": []
    }
  },
  {
    "nct_id": "NCT00595686",
    "conditions": [
      "Hematologic Neoplasms"
    ],
    "pico_attributes": {
      "populations": {
        "minimum_age": "18 Years",
        "maximum_age": "NA",
        "country": "United States",
        "gender": "ALL"
      },
      "interventions": [
        "SNX-5422"
      ],
      "outcomes": []
    }
  },
  {
    "nct_id": "NCT00595699",
    "conditions": [
      "Epilepsy, Temporal Lobe",
      "Major Depressive Disorder"
    ],
    "pico_attributes": {
      "populations": {
        "minimum_age": "18 Years",
        "maximum_age": "65 Years",
        "country": "United States",
        "gender": "ALL"
      },
      "interventions": [
        "Placebo Control",
        "escitalopram"
      ],
      "outcomes": []
    }
  },
  {
    "nct_id": "NCT00595712",
    "conditions": [],
    "pico_attributes": {
      "populations": {
        "minimum_age": "16 Years",
        "maximum_age": "60 Years",
        "country": "Iran, Islamic Republic of",
        "gender": "ALL"
      },
      "interventions": [
        "Allograft surgical material",
        "Iliac crest structure",
        "Transplantation, Autologous"
      ],
      "outcomes": []
    }
  },
  {
    "nct_id": "NCT00595725",
    "conditions": [
      "Cervix carcinoma",
      "Endometrial Carcinoma"
    ],
    "pico_attributes": {
      "populations": {
        "minimum_age": "NA",
        "maximum_age": "NA",
        "country": "United States",
        "gender": "ALL"
      },
      "interventions": [
        "Lymph Node Mapping"
      ],
      "outcomes": []
    }
  },
  {
    "nct_id": "NCT00595738",
    "conditions": [
      "Congestive heart failure"
    ],
    "pico_attributes": {
      "populations": {
        "minimum_age": "21 Years",
        "maximum_age": "NA",
        "country": "United States",
        "gender": "ALL"
      },
      "interventions": [
        "Borg Category-Ratio 10 Perceived Exertion Score 5",
        "Congestive heart failure",
        "Decompensated",
        "Standard of Care",
        "Therapeutic procedure"
      ],
      "outcomes": []
    }
  },
  {
    "nct_id": "NCT00595751",
    "conditions": [
      "Attention deficit hyperactivity disorder"
    ],
    "pico_attributes": {
      "populations": {
        "minimum_age": "6 Years",
        "maximum_age": "18 Years",
        "country": "United States",
        "gender": "ALL"
      },
      "interventions": [],
      "outcomes": []
    }
  },
  {
    "nct_id": "NCT00595764",
    "conditions": [
      "Opiate Addiction"
    ],
    "pico_attributes": {
      "populations": {
        "minimum_age": "18 Years",
        "maximum_age": "65 Years",
        "country": "United States",
        "gender": "ALL"
      },
      "interventions": [],
      "outcomes": [
        "36",
        "Abstinence",
        "Health Surveys",
        "Illicit",
        "Opioids",
        "Overall Well Being",
        "Short Forms",
        "cocaine"
      ]
    }
  },
  {
    "nct_id": "NCT00595777",
    "conditions": [
      "Cancer Genus"
    ],
    "pico_attributes": {
      "populations": {
        "minimum_age": "18 Years",
        "maximum_age": "NA",
        "country": "United Kingdom",
        "gender": "ALL"
      },
      "interventions": [
        "Drug Packaging",
        "Educational Status"
      ],
      "outcomes": []
    }
  },
  {
    "nct_id": "NCT00595790",
    "conditions": [
      "Japanese Encephalitis"
    ],
    "pico_attributes": {
      "populations": {
        "minimum_age": "18 Years",
        "maximum_age": "NA",
        "country": "",
        "gender": "ALL"
      },
      "interventions": [],
      "outcomes": [
        "10%",
        "35",
        "Daily",
        "FBXL20 gene",
        "HIV Seroconversion",
        "Rate",
        "Safety"
      ]
    }
  },
  {
    "nct_id": "NCT00595816",
    "conditions": [
      "Back problem",
      "Injury of musculoskeletal system"
    ],
    "pico_attributes": {
      "populations": {
        "minimum_age": "18 Years",
        "maximum_age": "30 Years",
        "country": "Finland",
        "gender": "MALE"
      },
      "interventions": [
        "Counsel - legal",
        "Exercise"
      ],
      "outcomes": []
    }
  },
  {
    "nct_id": "NCT00595829",
    "conditions": [
      "Polycythemia Vera"
    ],
    "pico_attributes": {
      "populations": {
        "minimum_age": "18 Years",
        "maximum_age": "NA",
        "country": "United States",
        "gender": "ALL"
      },
      "interventions": [
        "XL019"
      ],
      "outcomes": []
    }
  },
  {
    "nct_id": "NCT00595842",
    "conditions": [
      "Abnormality of the dentition",
      "Dental Cement Material"
    ],
    "pico_attributes": {
      "populations": {
        "minimum_age": "5 Years",
        "maximum_age": "40 Years",
        "country": "United States",
        "gender": "ALL"
      },
      "interventions": [],
      "outcomes": []
    }
  },
  {
    "nct_id": "NCT00595855",
    "conditions": [
      "Glaucoma"
    ],
    "pico_attributes": {
      "populations": {
        "minimum_age": "65 Years",
        "maximum_age": "NA",
        "country": "Italy",
        "gender": "ALL"
      },
      "interventions": [
        "Deep sclerectomy",
        "Trabeculectomy"
      ],
      "outcomes": []
    }
  },
  {
    "nct_id": "NCT00595868",
    "conditions": [
      "Nicotine Dependence",
      "Tobacco Use Cessation",
      "Tobacco Use Disorder"
    ],
    "pico_attributes": {
      "populations": {
        "minimum_age": "18 Years",
        "maximum_age": "NA",
        "country": "United States",
        "gender": "ALL"
      },
      "interventions": [
        "Placebo Control",
        "varenicline"
      ],
      "outcomes": [
        "10%",
        "Abstinence",
        "Attempt",
        "Breath",
        "Carbon Monoxide Measurement",
        "Count of entities",
        "Daily",
        "FUT3 gene",
        "Participant",
        "Parts per million (qualifier value)",
        "Point",
        "Prevalent",
        "QUIT",
        "Verification"
      ]
    }
  },
  {
    "nct_id": "NCT00595881",
    "conditions": [
      "Abscess"
    ],
    "pico_attributes": {
      "populations": {
        "minimum_age": "2 Months",
        "maximum_age": "18 Years",
        "country": "United States",
        "gender": "ALL"
      },
      "interventions": [
        "Accident and Emergency department",
        "Ultrasonic"
      ],
      "outcomes": [
        "Accident and Emergency department",
        "Additional",
        "Comparison",
        "Living Alone",
        "Physical Examination",
        "Sensitivity and Specificity",
        "Ultrasonic"
      ]
    }
  },
  {
    "nct_id": "NCT00595894",
    "conditions": [
      "Rheumatoid Arthritis"
    ],
    "pico_attributes": {
      "populations": {
        "minimum_age": "19 Years",
        "maximum_age": "NA",
        "country": "United States",
        "gender": "ALL"
      },
      "interventions": [],
      "outcomes": []
    }
  },
  {
    "nct_id": "NCT00595907",
    "conditions": [
      "Tuberculosis"
    ],
    "pico_attributes": {
      "populations": {
        "minimum_age": "18 Years",
        "maximum_age": "NA",
        "country": "Switzerland",
        "gender": "ALL"
      },
      "interventions": [],
      "outcomes": []
    }
  },
  {
    "nct_id": "NCT00595920",
    "conditions": [
      "Clinically isolated syndrome",
      "MS gene",
      "Relapse",
      "Remitting"
    ],
    "pico_attributes": {
      "populations": {
        "minimum_age": "NA",
        "maximum_age": "NA",
        "country": "United States",
        "gender": "ALL"
      },
      "interventions": [
        "tovaxin"
      ],
      "outcomes": [
        "Changed status",
        "Evaluation",
        "Global Relapse",
        "Rate"
      ]
    }
  },
  {
    "nct_id": "NCT00595933",
    "conditions": [
      "Xerostomia"
    ],
    "pico_attributes": {
      "populations": {
        "minimum_age": "13 Years",
        "maximum_age": "NA",
        "country": "United States",
        "gender": "ALL"
      },
      "interventions": [
        "Carbohydrates",
        "Chewing Gum",
        "Empty (qualifier)",
        "Mouthwash",
        "Oral Spray"
      ],
      "outcomes": []
    }
  },
  {
    "nct_id": "NCT00595946",
    "conditions": [
      "Bowel dysfunction",
      "Induce (action)",
      "Opioids"
    ],
    "pico_attributes": {
      "populations": {
        "minimum_age": "18 Years",
        "maximum_age": "NA",
        "country": "United States",
        "gender": "ALL"
      },
      "interventions": [
        "Placebo Control",
        "lubiprostone"
      ],
      "outcomes": [
        "48 Hours",
        "Abdomen distended",
        "Abdominal discomfort",
        "BaseLine dental cement",
        "Change -- procedure",
        "Classification",
        "Clinical Effectiveness",
        "Consistency of stool",
        "Constipation",
        "Count of entities",
        "Defecation",
        "Effectiveness",
        "Entity With Role in Clinical Study",
        "First (number)",
        "First Fetal Movement",
        "In addition to",
        "Intestines",
        "Non-human treatment outcome",
        "Participant",
        "Population Mean",
        "Post-dose",
        "Regular",
        "Report (document)",
        "Result",
        "Severities",
        "Spontaneous",
        "Spontaneous movements",
        "Straining (finding)",
        "Weekly",
        "week"
      ]
    }
  },
  {
    "nct_id": "NCT00595959",
    "conditions": [
      "Peripheral Arterial Diseases"
    ],
    "pico_attributes": {
      "populations": {
        "minimum_age": "18 Years",
        "maximum_age": "85 Years",
        "country": "",
        "gender": "ALL"
      },
      "interventions": [
        "Device system",
        "Laser ablation"
      ],
      "outcomes": [
        "50%",
        "Act Relationship Subset - maximum",
        "ActRelationshipSubset - minimum",
        "Adverse Event Domain",
        "Assisted (qualifier value)",
        "CDISC SDTM Procedure Terminology",
        "Classification",
        "Clinical",
        "Inner Diameter",
        "Laser Device",
        "Major",
        "Measured",
        "Neoplasm Metastasis",
        "Open",
        "Patients",
        "Primary",
        "Stenosis",
        "Success",
        "Ultrasonography, Doppler, Duplex"
      ]
    }
  },
  {
    "nct_id": "NCT00595972",
    "conditions": [
      "Malignant neoplasm of stomach"
    ],
    "pico_attributes": {
      "populations": {
        "minimum_age": "18 Years",
        "maximum_age": "70 Years",
        "country": "China",
        "gender": "ALL"
      },
      "interventions": [
        "endostar protein"
      ],
      "outcomes": []
    }
  },
  {
    "nct_id": "NCT00595985",
    "conditions": [
      "Malignant neoplasm of stomach"
    ],
    "pico_attributes": {
      "populations": {
        "minimum_age": "18 Years",
        "maximum_age": "70 Years",
        "country": "China",
        "gender": "ALL"
      },
      "interventions": [
        "sorafenib"
      ],
      "outcomes": []
    }
  },
  {
    "nct_id": "NCT00595998",
    "conditions": [
      "Age related macular degeneration"
    ],
    "pico_attributes": {
      "populations": {
        "minimum_age": "50 Years",
        "maximum_age": "NA",
        "country": "Israel",
        "gender": "ALL"
      },
      "interventions": [],
      "outcomes": []
    }
  },
  {
    "nct_id": "NCT00596011",
    "conditions": [
      "Benign Prostatic Hyperplasia"
    ],
    "pico_attributes": {
      "populations": {
        "minimum_age": "30 Years",
        "maximum_age": "80 Years",
        "country": "United States",
        "gender": "MALE"
      },
      "interventions": [
        "Placebo Control",
        "polyphenon E"
      ],
      "outcomes": [
        "Act Relationship Type - occurrence",
        "Adverse Event Domain",
        "Bayer Corneal Epitheliopathy Grade 3",
        "Biochemical Pathway",
        "Disease Progression",
        "Effect",
        "From",
        "High",
        "High-Grade Prostatic Intraepithelial Neoplasia",
        "Malignant neoplasm of prostate",
        "Rate",
        "Scanning Auger Spectrometer (device)",
        "polyphenon E"
      ]
    }
  },
  {
    "nct_id": "NCT00596024",
    "conditions": [
      "Alzheimer's Disease"
    ],
    "pico_attributes": {
      "populations": {
        "minimum_age": "55 Years",
        "maximum_age": "NA",
        "country": "United States",
        "gender": "ALL"
      },
      "interventions": [
        "Lutein / zeaxanthin",
        "Placebo Control"
      ],
      "outcomes": []
    }
  },
  {
    "nct_id": "NCT00596037",
    "conditions": [
      "Adult growth hormone deficiency",
      "Pituitary Diseases"
    ],
    "pico_attributes": {
      "populations": {
        "minimum_age": "23 Years",
        "maximum_age": "70 Years",
        "country": "United States",
        "gender": "ALL"
      },
      "interventions": [
        "Growth Hormone"
      ],
      "outcomes": []
    }
  },
  {
    "nct_id": "NCT00596050",
    "conditions": [
      "Conscious Sedation",
      "Failure"
    ],
    "pico_attributes": {
      "populations": {
        "minimum_age": "5 Years",
        "maximum_age": "18 Years",
        "country": "United States",
        "gender": "ALL"
      },
      "interventions": [
        "Fentanyl measurement",
        "Midazolam Measurement",
        "etomidate",
        "ketamine",
        "lidocaine"
      ],
      "outcomes": []
    }
  },
  {
    "nct_id": "NCT00596063",
    "conditions": [
      "Diabetes Mellitus"
    ],
    "pico_attributes": {
      "populations": {
        "minimum_age": "18 Years",
        "maximum_age": "45 Years",
        "country": "United States",
        "gender": "ALL"
      },
      "interventions": [
        "Novolin R",
        "R prime"
      ],
      "outcomes": []
    }
  },
  {
    "nct_id": "NCT00596076",
    "conditions": [
      "Low Back Pain"
    ],
    "pico_attributes": {
      "populations": {
        "minimum_age": "18 Years",
        "maximum_age": "55 Years",
        "country": "Iran, Islamic Republic of",
        "gender": "ALL"
      },
      "interventions": [
        "Back",
        "School"
      ],
      "outcomes": []
    }
  },
  {
    "nct_id": "NCT00596089",
    "conditions": [
      "Muscle Weakness",
      "Musculoskeletal",
      "Status"
    ],
    "pico_attributes": {
      "populations": {
        "minimum_age": "20 Years",
        "maximum_age": "NA",
        "country": "United States",
        "gender": "ALL"
      },
      "interventions": [],
      "outcomes": []
    }
  },
  {
    "nct_id": "NCT00596102",
    "conditions": [
      "Japanese Encephalitis"
    ],
    "pico_attributes": {
      "populations": {
        "minimum_age": "18 Years",
        "maximum_age": "NA",
        "country": "",
        "gender": "ALL"
      },
      "interventions": [
        "Japanese Encephalitis",
        "Purifying",
        "Vaccines, Inactivated"
      ],
      "outcomes": [
        "Adverse Event Domain",
        "Geometric Mean",
        "Titer"
      ]
    }
  },
  {
    "nct_id": "NCT00596115",
    "conditions": [
      "Amyotrophic Lateral Sclerosis"
    ],
    "pico_attributes": {
      "populations": {
        "minimum_age": "30 Years",
        "maximum_age": "80 Years",
        "country": "",
        "gender": "ALL"
      },
      "interventions": [
        "Pramipexole dihydrochloride monohydrate",
        "R prime"
      ],
      "outcomes": []
    }
  },
  {
    "nct_id": "NCT00596128",
    "conditions": [
      "Blood Glucose"
    ],
    "pico_attributes": {
      "populations": {
        "minimum_age": "18 Years",
        "maximum_age": "NA",
        "country": "Germany",
        "gender": "ALL"
      },
      "interventions": [
        "Implementation",
        "Service-Object Pair"
      ],
      "outcomes": []
    }
  },
  {
    "nct_id": "NCT00596141",
    "conditions": [
      "Feel Pain",
      "Oral Surgical Procedures"
    ],
    "pico_attributes": {
      "populations": {
        "minimum_age": "21 Years",
        "maximum_age": "NA",
        "country": "United States",
        "gender": "ALL"
      },
      "interventions": [
        "Injury wounds",
        "Oral emulsion",
        "Topical surface"
      ],
      "outcomes": []
    }
  },
  {
    "nct_id": "NCT00596154",
    "conditions": [
      "Brain",
      "Brain Neoplasms",
      "Central Nervous System",
      "Central Nervous System Neoplasms",
      "Lymphoma, Non-Hodgkin",
      "Primary central nervous system lymphoma"
    ],
    "pico_attributes": {
      "populations": {
        "minimum_age": "18 Years",
        "maximum_age": "72 Years",
        "country": "United States",
        "gender": "ALL"
      },
      "interventions": [
        "Collection (action)",
        "busulfan",
        "cyclophosphamide",
        "methotrexate",
        "procarbazine",
        "rituximab",
        "thiotepa",
        "vincristine"
      ],
      "outcomes": [
        "Count of entities",
        "Evaluation",
        "Frequency of Responses",
        "Overall",
        "Overall Response",
        "Participant",
        "Rate",
        "Toxic effect"
      ]
    }
  },
  {
    "nct_id": "NCT00596167",
    "conditions": [
      "Chronic kidney disease stage 5",
      "Communicable Diseases"
    ],
    "pico_attributes": {
      "populations": {
        "minimum_age": "18 Years",
        "maximum_age": "NA",
        "country": "United States",
        "gender": "ALL"
      },
      "interventions": [
        "Antibiotic throat preparations",
        "Intravenous"
      ],
      "outcomes": [
        "Clearance",
        "Daily",
        "Drug Administration via Hemodialysis",
        "Patients",
        "Receive",
        "Short",
        "gentamicin",
        "levofloxacin",
        "vancomycin"
      ]
    }
  },
  {
    "nct_id": "NCT00596180",
    "conditions": [
      "Carbon Monoxide Measurement",
      "Disorder due to and following poisoning"
    ],
    "pico_attributes": {
      "populations": {
        "minimum_age": "NA",
        "maximum_age": "NA",
        "country": "United States",
        "gender": "ALL"
      },
      "interventions": [],
      "outcomes": []
    }
  },
  {
    "nct_id": "NCT00596193",
    "conditions": [
      "Feel Pain"
    ],
    "pico_attributes": {
      "populations": {
        "minimum_age": "18 Years",
        "maximum_age": "50 Years",
        "country": "United States",
        "gender": "ALL"
      },
      "interventions": [],
      "outcomes": []
    }
  },
  {
    "nct_id": "NCT00596206",
    "conditions": [
      "Arthritis"
    ],
    "pico_attributes": {
      "populations": {
        "minimum_age": "18 Years",
        "maximum_age": "NA",
        "country": "Romania",
        "gender": "ALL"
      },
      "interventions": [
        "leflunomide"
      ],
      "outcomes": []
    }
  },
  {
    "nct_id": "NCT00596219",
    "conditions": [
      "Squamous cell carcinoma"
    ],
    "pico_attributes": {
      "populations": {
        "minimum_age": "18 Years",
        "maximum_age": "NA",
        "country": "",
        "gender": "ALL"
      },
      "interventions": [
        "celecoxib"
      ],
      "outcomes": []
    }
  },
  {
    "nct_id": "NCT00596232",
    "conditions": [
      "Asthma",
      "Cystic Fibrosis"
    ],
    "pico_attributes": {
      "populations": {
        "minimum_age": "18 Years",
        "maximum_age": "70 Years",
        "country": "United States",
        "gender": "ALL"
      },
      "interventions": [],
      "outcomes": []
    }
  },
  {
    "nct_id": "NCT00596245",
    "conditions": [
      "Healthy"
    ],
    "pico_attributes": {
      "populations": {
        "minimum_age": "18 Years",
        "maximum_age": "35 Years",
        "country": "United States",
        "gender": "ALL"
      },
      "interventions": [],
      "outcomes": []
    }
  }
]