[
  {
    "nct_id": "NCT00144053",
    "conditions": [
      "Carcinoma of lung"
    ],
    "pico_attributes": {
      "populations": {
        "minimum_age": "20 Years",
        "maximum_age": "74 Years",
        "country": "",
        "gender": "ALL"
      },
      "interventions": [
        "Carboplatin/Paclitaxel",
        "Concurrent",
        "Electromagnetic Radiation",
        "GDC Medulloblastoma Molecular Classification Terminology",
        "IC Regimen",
        "cisplatin/vindesine protocol (CDDP/DAVA)"
      ],
      "outcomes": []
    }
  },
  {
    "nct_id": "NCT00144066",
    "conditions": [
      "Carcinoma of lung"
    ],
    "pico_attributes": {
      "populations": {
        "minimum_age": "20 Years",
        "maximum_age": "74 Years",
        "country": "",
        "gender": "ALL"
      },
      "interventions": [
        "Base - General Qualifier",
        "Chemotherapy",
        "Followed by",
        "Living Alone",
        "Maintenance therapy",
        "Platinum Eskimo",
        "Six",
        "event cycle",
        "gefitinib"
      ],
      "outcomes": []
    }
  },
  {
    "nct_id": "NCT00144079",
    "conditions": [
      "Thyroid Neoplasm"
    ],
    "pico_attributes": {
      "populations": {
        "minimum_age": "18 Years",
        "maximum_age": "69 Years",
        "country": "Switzerland",
        "gender": "ALL"
      },
      "interventions": [
        "External Beam Radiation Therapy"
      ],
      "outcomes": []
    }
  },
  {
    "nct_id": "NCT00144092",
    "conditions": [
      "Low Grade Lymphoma (neoplasm)"
    ],
    "pico_attributes": {
      "populations": {
        "minimum_age": "18 Years",
        "maximum_age": "65 Years",
        "country": "Canada",
        "gender": "ALL"
      },
      "interventions": [
        "Source",
        "Stem cells"
      ],
      "outcomes": []
    }
  },
  {
    "nct_id": "NCT00144105",
    "conditions": [
      "HIV Infections"
    ],
    "pico_attributes": {
      "populations": {
        "minimum_age": "18 Years",
        "maximum_age": "NA",
        "country": "United Kingdom",
        "gender": "ALL"
      },
      "interventions": [],
      "outcomes": []
    }
  },
  {
    "nct_id": "NCT00144118",
    "conditions": [
      "Kidney Failure"
    ],
    "pico_attributes": {
      "populations": {
        "minimum_age": "18 Years",
        "maximum_age": "NA",
        "country": "Australia",
        "gender": "ALL"
      },
      "interventions": [
        "isoflurane",
        "sevoflurane"
      ],
      "outcomes": []
    }
  },
  {
    "nct_id": "NCT00144131",
    "conditions": [
      "Anemia",
      "Cancer Genus"
    ],
    "pico_attributes": {
      "populations": {
        "minimum_age": "18 Years",
        "maximum_age": "NA",
        "country": "United States",
        "gender": "ALL"
      },
      "interventions": [
        "Aranesp"
      ],
      "outcomes": []
    }
  },
  {
    "nct_id": "NCT00144144",
    "conditions": [
      "Bristol Stool Type 2",
      "Diabetes Mellitus",
      "Hypertension, CTCAE"
    ],
    "pico_attributes": {
      "populations": {
        "minimum_age": "20 Years",
        "maximum_age": "NA",
        "country": "Japan",
        "gender": "ALL"
      },
      "interventions": [
        "Angiotensin 2 Receptor Antagonists [MoA]",
        "Calcium Channel Blocker [EPC]"
      ],
      "outcomes": []
    }
  },
  {
    "nct_id": "NCT00144157",
    "conditions": [
      "Acquired Immunodeficiency Syndrome"
    ],
    "pico_attributes": {
      "populations": {
        "minimum_age": "19 Years",
        "maximum_age": "45 Years",
        "country": "South Africa",
        "gender": "FEMALE"
      },
      "interventions": [
        "lamivudine",
        "nevirapine",
        "zidovudine"
      ],
      "outcomes": []
    }
  },
  {
    "nct_id": "NCT00144170",
    "conditions": [
      "HIV Infections"
    ],
    "pico_attributes": {
      "populations": {
        "minimum_age": "18 Years",
        "maximum_age": "NA",
        "country": "United Kingdom",
        "gender": "ALL"
      },
      "interventions": [
        "Comparator",
        "Low dose",
        "Protease Inhibitor [EPC]",
        "R prime",
        "ritonavir",
        "tipranavir"
      ],
      "outcomes": [
        "/40",
        "48",
        "64",
        "72",
        "80%",
        "88",
        "96",
        "Act Relationship Checkpoint - through",
        "Administration procedure",
        "BaseLine dental cement",
        "CD4 Count determination procedure",
        "Change -- procedure",
        "Confirmation",
        "Median (qualifier value)",
        "Population Mean",
        "Time",
        "Viral Load result",
        "Virologic Failure",
        "Weekly",
        "week",
        "week 2"
      ]
    }
  },
  {
    "nct_id": "NCT00144183",
    "conditions": [
      "Acquired Immunodeficiency Syndrome"
    ],
    "pico_attributes": {
      "populations": {
        "minimum_age": "18 Years",
        "maximum_age": "NA",
        "country": "South Africa",
        "gender": "FEMALE"
      },
      "interventions": [
        "lamivudine"
      ],
      "outcomes": []
    }
  },
  {
    "nct_id": "NCT00144196",
    "conditions": [
      "Lung diseases",
      "Obstructed",
      "chronic"
    ],
    "pico_attributes": {
      "populations": {
        "minimum_age": "40 Years",
        "maximum_age": "NA",
        "country": "Sweden",
        "gender": "ALL"
      },
      "interventions": [
        "Spiriva",
        "tiotropium"
      ],
      "outcomes": []
    }
  },
  {
    "nct_id": "NCT00144209",
    "conditions": [
      "Restless Legs Syndrome"
    ],
    "pico_attributes": {
      "populations": {
        "minimum_age": "25 Years",
        "maximum_age": "85 Years",
        "country": "Switzerland",
        "gender": "ALL"
      },
      "interventions": [
        "Combined",
        "benserazide",
        "levodopa",
        "pramipexole"
      ],
      "outcomes": []
    }
  },
  {
    "nct_id": "NCT00144222",
    "conditions": [
      "Hypertension, CTCAE"
    ],
    "pico_attributes": {
      "populations": {
        "minimum_age": "30 Years",
        "maximum_age": "70 Years",
        "country": "Japan",
        "gender": "ALL"
      },
      "interventions": [
        "/40",
        "12.5",
        "hydrochlorothiazide",
        "mg/mg",
        "telmisartan",
        "telmisartan 40 MG"
      ],
      "outcomes": []
    }
  },
  {
    "nct_id": "NCT00144235",
    "conditions": [
      "Mental Competency",
      "Mental Fatigue"
    ],
    "pico_attributes": {
      "populations": {
        "minimum_age": "20 Years",
        "maximum_age": "50 Years",
        "country": "United Kingdom",
        "gender": "ALL"
      },
      "interventions": [
        "Placebo Control",
        "pharmaton"
      ],
      "outcomes": []
    }
  },
  {
    "nct_id": "NCT00144248",
    "conditions": [
      "HIV Infections",
      "Hepatic Insufficiency"
    ],
    "pico_attributes": {
      "populations": {
        "minimum_age": "18 Years",
        "maximum_age": "NA",
        "country": "United States",
        "gender": "ALL"
      },
      "interventions": [
        "nevirapine"
      ],
      "outcomes": []
    }
  },
  {
    "nct_id": "NCT00144261",
    "conditions": [
      "HIV Infections",
      "Lipids",
      "Metabolism"
    ],
    "pico_attributes": {
      "populations": {
        "minimum_age": "18 Years",
        "maximum_age": "NA",
        "country": "United Kingdom",
        "gender": "ALL"
      },
      "interventions": [
        "nevirapine"
      ],
      "outcomes": []
    }
  },
  {
    "nct_id": "NCT00144274",
    "conditions": [
      "Pharyngitis"
    ],
    "pico_attributes": {
      "populations": {
        "minimum_age": "12 Years",
        "maximum_age": "18 Years",
        "country": "South Africa",
        "gender": "ALL"
      },
      "interventions": [
        "Lozenge (unit of presentation)",
        "ambroxol"
      ],
      "outcomes": []
    }
  },
  {
    "nct_id": "NCT00144287",
    "conditions": [
      "HIV Infections"
    ],
    "pico_attributes": {
      "populations": {
        "minimum_age": "18 Years",
        "maximum_age": "NA",
        "country": "Germany",
        "gender": "ALL"
      },
      "interventions": [
        "Tipranavir+Ritonavir"
      ],
      "outcomes": []
    }
  },
  {
    "nct_id": "NCT00144300",
    "conditions": [
      "Parkinson Disease"
    ],
    "pico_attributes": {
      "populations": {
        "minimum_age": "30 Years",
        "maximum_age": "NA",
        "country": "United States",
        "gender": "ALL"
      },
      "interventions": [
        "Mirapex",
        "Requip"
      ],
      "outcomes": [
        "<2 years",
        "Abnormal",
        "Assessed",
        "BaseLine dental cement",
        "Biochemistry",
        "Clinical Laboratory",
        "Device Panel",
        "Evaluation",
        "Evaluation procedure",
        "Following",
        "Hematology (discipline)",
        "Intellectual scale",
        "Laboratory",
        "Medication 1",
        "Overall",
        "Pharmaceutical Preparations",
        "Signs and Symptoms",
        "Taking vital signs",
        "per year",
        "year"
      ]
    }
  },
  {
    "nct_id": "NCT00144313",
    "conditions": [
      "Hepatitis"
    ],
    "pico_attributes": {
      "populations": {
        "minimum_age": "13 Years",
        "maximum_age": "16 Years",
        "country": "United States",
        "gender": "ALL"
      },
      "interventions": [
        "Hepatitis B Vaccines"
      ],
      "outcomes": []
    }
  },
  {
    "nct_id": "NCT00144326",
    "conditions": [
      "Lung diseases",
      "Obstructed",
      "chronic"
    ],
    "pico_attributes": {
      "populations": {
        "minimum_age": "40 Years",
        "maximum_age": "NA",
        "country": "Spain",
        "gender": "ALL"
      },
      "interventions": [
        "Placebo Control",
        "tiotropium bromide"
      ],
      "outcomes": []
    }
  },
  {
    "nct_id": "NCT00144339",
    "conditions": [
      "Lung diseases",
      "Obstructed",
      "chronic"
    ],
    "pico_attributes": {
      "populations": {
        "minimum_age": "40 Years",
        "maximum_age": "NA",
        "country": "United States",
        "gender": "ALL"
      },
      "interventions": [
        "Placebo Control",
        "tiotropium"
      ],
      "outcomes": [
        "1 (finding)",
        "1440",
        "30%",
        "36",
        "48",
        "Aftercare",
        "Amount type - Percentage",
        "Analysis",
        "Angina Pectoris",
        "Atrial Fibrillation",
        "Before",
        "Body Site Modifier - Lower",
        "Bronchitis",
        "Cessation of life",
        "Complete",
        "Congestive",
        "Congestive heart failure",
        "Coronary Arteriosclerosis",
        "Count of entities",
        "Cutoff",
        "Day 4",
        "Day-to-day",
        "Disease",
        "Double-Blind Method",
        "Dyspnea",
        "Electrocardiogram: myocardial infarction (finding)",
        "Estimated",
        "Etiology aspects",
        "Event",
        "Exacerbation",
        "FEV1, CTCAE",
        "First (number)",
        "Follow-up status",
        "Forced expiratory volume function",
        "From",
        "Heart Diseases",
        "Hospitalization",
        "In addition to",
        "Incidence Rate",
        "Including (qualifier)",
        "Lower Respiratory System",
        "MedDRA System Organ Class",
        "Monthly (qualifier value)",
        "On Treatment",
        "Participant",
        "Patients",
        "Pneumonia",
        "Post",
        "Precision - second",
        "Preferred Name",
        "Primary",
        "Rate",
        "Respiratory Failure",
        "Respiratory Tract Diseases",
        "Seriousness of Adverse Event",
        "Specimen Source Codes - Respiratory",
        "Time",
        "Treatment completed",
        "Vital (qualifier value)",
        "copd exacerbation",
        "day",
        "per year",
        "post bronchodilator",
        "pre bronchodilator",
        "year"
      ]
    }
  },
  {
    "nct_id": "NCT00144352",
    "conditions": [
      "Acquired Immunodeficiency Syndrome",
      "HIV",
      "Malaria"
    ],
    "pico_attributes": {
      "populations": {
        "minimum_age": "18 Years",
        "maximum_age": "NA",
        "country": "Kenya",
        "gender": "ALL"
      },
      "interventions": [
        "Pyrimethamine / Sulfadoxine"
      ],
      "outcomes": []
    }
  },
  {
    "nct_id": "NCT00144365",
    "conditions": [
      "Acquired Immunodeficiency Syndrome"
    ],
    "pico_attributes": {
      "populations": {
        "minimum_age": "18 Years",
        "maximum_age": "NA",
        "country": "Uganda",
        "gender": "ALL"
      },
      "interventions": [
        "Antiretroviral therapy"
      ],
      "outcomes": []
    }
  },
  {
    "nct_id": "NCT00144378",
    "conditions": [
      "Neoplasm Metastasis",
      "Stomach Neoplasms"
    ],
    "pico_attributes": {
      "populations": {
        "minimum_age": "18 Years",
        "maximum_age": "75 Years",
        "country": "Germany",
        "gender": "ALL"
      },
      "interventions": [
        "irinotecan"
      ],
      "outcomes": []
    }
  },
  {
    "nct_id": "NCT00144391",
    "conditions": [
      "Panhypopituitarism"
    ],
    "pico_attributes": {
      "populations": {
        "minimum_age": "18 Years",
        "maximum_age": "55 Years",
        "country": "United States",
        "gender": "FEMALE"
      },
      "interventions": [
        "Testosterone Gel",
        "Therapeutic Testosterone",
        "Transdermal (intended site)",
        "Transdermal gel"
      ],
      "outcomes": [
        "Fatigue impact scale"
      ]
    }
  },
  {
    "nct_id": "NCT00144404",
    "conditions": [
      "Panhypopituitarism"
    ],
    "pico_attributes": {
      "populations": {
        "minimum_age": "18 Years",
        "maximum_age": "55 Years",
        "country": "United States",
        "gender": "FEMALE"
      },
      "interventions": [],
      "outcomes": []
    }
  },
  {
    "nct_id": "NCT00144417",
    "conditions": [
      "Tuberculosis"
    ],
    "pico_attributes": {
      "populations": {
        "minimum_age": "18 Years",
        "maximum_age": "NA",
        "country": "United States",
        "gender": "ALL"
      },
      "interventions": [
        "ethambutol",
        "isoniazid",
        "moxifloxacin",
        "pyrazinamide",
        "rifampin"
      ],
      "outcomes": []
    }
  },
  {
    "nct_id": "NCT00144430",
    "conditions": [
      "Graft-vs-Host Disease"
    ],
    "pico_attributes": {
      "populations": {
        "minimum_age": "1 Month",
        "maximum_age": "21 Years",
        "country": "United States",
        "gender": "ALL"
      },
      "interventions": [
        "pentostatin"
      ],
      "outcomes": []
    }
  },
  {
    "nct_id": "NCT00144443",
    "conditions": [
      "Allergic Reaction",
      "Asthma",
      "Rhinitis"
    ],
    "pico_attributes": {
      "populations": {
        "minimum_age": "2 Years",
        "maximum_age": "17 Years",
        "country": "United States",
        "gender": "ALL"
      },
      "interventions": [
        "Asthma trigger education",
        "Basic (cigarettes)",
        "Home environment",
        "Repair"
      ],
      "outcomes": []
    }
  },
  {
    "nct_id": "NCT00144456",
    "conditions": [
      "Osteoporosis"
    ],
    "pico_attributes": {
      "populations": {
        "minimum_age": "NA",
        "maximum_age": "NA",
        "country": "",
        "gender": "ALL"
      },
      "interventions": [
        "ED 71",
        "Placebo Control",
        "alfacalcidol"
      ],
      "outcomes": []
    }
  },
  {
    "nct_id": "NCT00144469",
    "conditions": [
      "Hepatitis C, Chronic"
    ],
    "pico_attributes": {
      "populations": {
        "minimum_age": "20 Years",
        "maximum_age": "NA",
        "country": "",
        "gender": "ALL"
      },
      "interventions": [
        "peginterferon alfa-2a"
      ],
      "outcomes": []
    }
  },
  {
    "nct_id": "NCT00144482",
    "conditions": [
      "Anemia",
      "Chemotherapy",
      "Induce (action)"
    ],
    "pico_attributes": {
      "populations": {
        "minimum_age": "20 Years",
        "maximum_age": "79 Years",
        "country": "",
        "gender": "ALL"
      },
      "interventions": [
        "Homo sapiens",
        "Placebo Control",
        "Recombinant Erythropoietin"
      ],
      "outcomes": []
    }
  },
  {
    "nct_id": "NCT00144495",
    "conditions": [
      "Anemia",
      "Chemotherapy",
      "Induce (action)"
    ],
    "pico_attributes": {
      "populations": {
        "minimum_age": "20 Years",
        "maximum_age": "79 Years",
        "country": "",
        "gender": "ALL"
      },
      "interventions": [
        "Homo sapiens",
        "Recombinant Erythropoietin"
      ],
      "outcomes": []
    }
  },
  {
    "nct_id": "NCT00144508",
    "conditions": [
      "Rheumatoid Arthritis"
    ],
    "pico_attributes": {
      "populations": {
        "minimum_age": "20 Years",
        "maximum_age": "NA",
        "country": "",
        "gender": "ALL"
      },
      "interventions": [
        "Current Therapy",
        "MRI-Based Angiogram",
        "tocilizumab"
      ],
      "outcomes": []
    }
  },
  {
    "nct_id": "NCT00144521",
    "conditions": [
      "Rheumatoid Arthritis"
    ],
    "pico_attributes": {
      "populations": {
        "minimum_age": "20 Years",
        "maximum_age": "75 Years",
        "country": "",
        "gender": "ALL"
      },
      "interventions": [
        "MRI-Based Angiogram",
        "MTX1 gene",
        "Placebo Control",
        "tocilizumab"
      ],
      "outcomes": []
    }
  },
  {
    "nct_id": "NCT00144534",
    "conditions": [
      "Rheumatoid Arthritis"
    ],
    "pico_attributes": {
      "populations": {
        "minimum_age": "20 Years",
        "maximum_age": "75 Years",
        "country": "",
        "gender": "ALL"
      },
      "interventions": [
        "MRI-Based Angiogram",
        "tocilizumab"
      ],
      "outcomes": []
    }
  },
  {
    "nct_id": "NCT00144547",
    "conditions": [
      "Rheumatoid Arthritis"
    ],
    "pico_attributes": {
      "populations": {
        "minimum_age": "20 Years",
        "maximum_age": "NA",
        "country": "",
        "gender": "ALL"
      },
      "interventions": [
        "MRI-Based Angiogram",
        "tocilizumab"
      ],
      "outcomes": []
    }
  },
  {
    "nct_id": "NCT00144560",
    "conditions": [
      "Rheumatoid Arthritis"
    ],
    "pico_attributes": {
      "populations": {
        "minimum_age": "20 Years",
        "maximum_age": "75 Years",
        "country": "",
        "gender": "ALL"
      },
      "interventions": [
        "MRI-Based Angiogram",
        "tocilizumab"
      ],
      "outcomes": []
    }
  },
  {
    "nct_id": "NCT00144573",
    "conditions": [
      "Rheumatoid Arthritis"
    ],
    "pico_attributes": {
      "populations": {
        "minimum_age": "20 Years",
        "maximum_age": "75 Years",
        "country": "",
        "gender": "ALL"
      },
      "interventions": [
        "MRI-Based Angiogram",
        "tocilizumab"
      ],
      "outcomes": []
    }
  },
  {
    "nct_id": "NCT00144586",
    "conditions": [
      "Rheumatoid Arthritis"
    ],
    "pico_attributes": {
      "populations": {
        "minimum_age": "20 Years",
        "maximum_age": "75 Years",
        "country": "",
        "gender": "ALL"
      },
      "interventions": [
        "MRI-Based Angiogram",
        "tocilizumab"
      ],
      "outcomes": []
    }
  },
  {
    "nct_id": "NCT00144599",
    "conditions": [
      "Systemic onset juvenile chronic arthritis"
    ],
    "pico_attributes": {
      "populations": {
        "minimum_age": "2 Years",
        "maximum_age": "19 Years",
        "country": "",
        "gender": "ALL"
      },
      "interventions": [
        "MRI-Based Angiogram",
        "Placebo Control",
        "tocilizumab"
      ],
      "outcomes": []
    }
  },
  {
    "nct_id": "NCT00144612",
    "conditions": [
      "Systemic onset juvenile chronic arthritis"
    ],
    "pico_attributes": {
      "populations": {
        "minimum_age": "2 Years",
        "maximum_age": "19 Years",
        "country": "",
        "gender": "ALL"
      },
      "interventions": [
        "MRI-Based Angiogram",
        "tocilizumab"
      ],
      "outcomes": []
    }
  },
  {
    "nct_id": "NCT00144625",
    "conditions": [
      "Juvenile Chronic Polyarthritis"
    ],
    "pico_attributes": {
      "populations": {
        "minimum_age": "2 Years",
        "maximum_age": "19 Years",
        "country": "",
        "gender": "ALL"
      },
      "interventions": [
        "MRI-Based Angiogram",
        "tocilizumab"
      ],
      "outcomes": []
    }
  },
  {
    "nct_id": "NCT00144638",
    "conditions": [
      "Aspects of mortality statistics",
      "GDC Treatment Outcome Terminology",
      "Room type - Intensive care unit",
      "Sepsis"
    ],
    "pico_attributes": {
      "populations": {
        "minimum_age": "0 Years",
        "maximum_age": "NA",
        "country": "Denmark",
        "gender": "ALL"
      },
      "interventions": [],
      "outcomes": []
    }
  },
  {
    "nct_id": "NCT00144651",
    "conditions": [
      "Rheumatoid Arthritis"
    ],
    "pico_attributes": {
      "populations": {
        "minimum_age": "20 Years",
        "maximum_age": "NA",
        "country": "",
        "gender": "ALL"
      },
      "interventions": [
        "MRI-Based Angiogram",
        "tocilizumab"
      ],
      "outcomes": []
    }
  },
  {
    "nct_id": "NCT00144664",
    "conditions": [
      "Systemic onset juvenile chronic arthritis"
    ],
    "pico_attributes": {
      "populations": {
        "minimum_age": "2 Years",
        "maximum_age": "19 Years",
        "country": "",
        "gender": "ALL"
      },
      "interventions": [
        "MRI-Based Angiogram",
        "tocilizumab"
      ],
      "outcomes": []
    }
  },
  {
    "nct_id": "NCT00144677",
    "conditions": [
      "Acute lymphocytic leukemia",
      "Graft-Versus-Host Disease Pathway",
      "Hodgkin Disease",
      "Leukemia, Myelocytic, Acute",
      "Lymphoma, Non-Hodgkin",
      "MYELODYSPLASTIC SYNDROME",
      "Myeloid Leukemia, Chronic"
    ],
    "pico_attributes": {
      "populations": {
        "minimum_age": "18 Years",
        "maximum_age": "55 Years",
        "country": "United States",
        "gender": "ALL"
      },
      "interventions": [
        "sirolimus",
        "tacrolimus"
      ],
      "outcomes": []
    }
  },
  {
    "nct_id": "NCT00144690",
    "conditions": [
      "Epilepsy"
    ],
    "pico_attributes": {
      "populations": {
        "minimum_age": "18 Years",
        "maximum_age": "70 Years",
        "country": "United States",
        "gender": "ALL"
      },
      "interventions": [
        "E2007",
        "Placebo Control",
        "perampanel"
      ],
      "outcomes": []
    }
  },
  {
    "nct_id": "NCT00144703",
    "conditions": [
      "Acute lymphocytic leukemia",
      "Adult Myelodysplastic Syndrome",
      "Hematologic Neoplasms",
      "Hodgkin Disease",
      "Lymphoma, Non-Hodgkin",
      "Myeloid Leukemia"
    ],
    "pico_attributes": {
      "populations": {
        "minimum_age": "18 Years",
        "maximum_age": "NA",
        "country": "United States",
        "gender": "ALL"
      },
      "interventions": [
        "sirolimus",
        "tacrolimus"
      ],
      "outcomes": []
    }
  },
  {
    "nct_id": "NCT00144716",
    "conditions": [
      "Malaria"
    ],
    "pico_attributes": {
      "populations": {
        "minimum_age": "10 Years",
        "maximum_age": "NA",
        "country": "",
        "gender": "ALL"
      },
      "interventions": [
        "Ephrin Type-B Receptor 1, human",
        "In addition to",
        "Insect Repellents",
        "Insecticide (disposition)",
        "Treating"
      ],
      "outcomes": []
    }
  },
  {
    "nct_id": "NCT00144729",
    "conditions": [
      "Anemia",
      "Aplastic"
    ],
    "pico_attributes": {
      "populations": {
        "minimum_age": "NA",
        "maximum_age": "55 Years",
        "country": "United States",
        "gender": "ALL"
      },
      "interventions": [
        "Bone Marrow Transplantation"
      ],
      "outcomes": []
    }
  },
  {
    "nct_id": "NCT00144755",
    "conditions": [
      "Adult Diffuse Large Cell Lymphoma"
    ],
    "pico_attributes": {
      "populations": {
        "minimum_age": "60 Years",
        "maximum_age": "80 Years",
        "country": "Switzerland",
        "gender": "ALL"
      },
      "interventions": [
        "darbepoetin alfa"
      ],
      "outcomes": []
    }
  },
  {
    "nct_id": "NCT00144768",
    "conditions": [
      "Hurler-Scheie Syndrome",
      "Mucopolysaccharidosis I",
      "Mucopolysaccharidosis V",
      "Pfaundler-Hurler Syndrome"
    ],
    "pico_attributes": {
      "populations": {
        "minimum_age": "NA",
        "maximum_age": "NA",
        "country": "United States",
        "gender": "ALL"
      },
      "interventions": [
        "laronidase"
      ],
      "outcomes": []
    }
  },
  {
    "nct_id": "NCT00144781",
    "conditions": [
      "Hurler-Scheie Syndrome",
      "Mucopolysaccharidosis I",
      "Mucopolysaccharidosis V",
      "Pfaundler-Hurler Syndrome"
    ],
    "pico_attributes": {
      "populations": {
        "minimum_age": "NA",
        "maximum_age": "NA",
        "country": "Canada",
        "gender": "ALL"
      },
      "interventions": [
        "Aldurazyme",
        "IDUA protein, human",
        "Recombinants"
      ],
      "outcomes": [
        "6 Minute Walk Functional Test",
        "6-Minute Walk Test",
        "BaseLine dental cement",
        "Change -- procedure",
        "GDC Treatment Outcome Terminology",
        "Liver",
        "Organ Volume",
        "Percent Change From Baseline",
        "Weekly"
      ]
    }
  },
  {
    "nct_id": "NCT00144794",
    "conditions": [],
    "pico_attributes": {
      "populations": {
        "minimum_age": "NA",
        "maximum_age": "NA",
        "country": "Vietnam",
        "gender": "ALL"
      },
      "interventions": [],
      "outcomes": []
    }
  },
  {
    "nct_id": "NCT00144807",
    "conditions": [
      "Adult Diffuse Large Cell Lymphoma"
    ],
    "pico_attributes": {
      "populations": {
        "minimum_age": "18 Years",
        "maximum_age": "59 Years",
        "country": "Switzerland",
        "gender": "ALL"
      },
      "interventions": [
        "Transplantation of autologous hematopoietic stem cell",
        "cyclophosphamide",
        "doxorubicin",
        "rituximab"
      ],
      "outcomes": []
    }
  },
  {
    "nct_id": "NCT00144820",
    "conditions": [
      "Degenerative polyarthritis",
      "Knee"
    ],
    "pico_attributes": {
      "populations": {
        "minimum_age": "60 Years",
        "maximum_age": "NA",
        "country": "Denmark",
        "gender": "ALL"
      },
      "interventions": [
        "Injection",
        "Saline Solution",
        "hyaluronic acid"
      ],
      "outcomes": []
    }
  },
  {
    "nct_id": "NCT00144833",
    "conditions": [
      "HIV-1"
    ],
    "pico_attributes": {
      "populations": {
        "minimum_age": "18 Years",
        "maximum_age": "NA",
        "country": "United Kingdom",
        "gender": "ALL"
      },
      "interventions": [
        "BID protein, human",
        "Fosamprenavir+Ritonavir",
        "fosamprenavir",
        "lopinavir",
        "lopinavir / Ritonavir"
      ],
      "outcomes": []
    }
  },
  {
    "nct_id": "NCT00144846",
    "conditions": [
      "Asthma"
    ],
    "pico_attributes": {
      "populations": {
        "minimum_age": "NA",
        "maximum_age": "23 Months",
        "country": "United States",
        "gender": "ALL"
      },
      "interventions": [
        "Albuterol Metered Dose Inhaler",
        "Sulfate measurement"
      ],
      "outcomes": []
    }
  },
  {
    "nct_id": "NCT00144859",
    "conditions": [
      "Lung diseases",
      "Obstructed",
      "chronic"
    ],
    "pico_attributes": {
      "populations": {
        "minimum_age": "40 Years",
        "maximum_age": "75 Years",
        "country": "United Kingdom",
        "gender": "ALL"
      },
      "interventions": [],
      "outcomes": []
    }
  },
  {
    "nct_id": "NCT00144872",
    "conditions": [
      "Absence (morphologic abnormality)",
      "Seizure, CTCAE 3.0"
    ],
    "pico_attributes": {
      "populations": {
        "minimum_age": "NA",
        "maximum_age": "12 Years",
        "country": "United States",
        "gender": "ALL"
      },
      "interventions": [
        "Lamotrigine measurement"
      ],
      "outcomes": []
    }
  },
  {
    "nct_id": "NCT00144885",
    "conditions": [
      "Bacterial",
      "Endocarditis"
    ],
    "pico_attributes": {
      "populations": {
        "minimum_age": "NA",
        "maximum_age": "NA",
        "country": "France",
        "gender": "ALL"
      },
      "interventions": [
        "Therapy Modification"
      ],
      "outcomes": []
    }
  },
  {
    "nct_id": "NCT00144898",
    "conditions": [
      "Breast Carcinoma"
    ],
    "pico_attributes": {
      "populations": {
        "minimum_age": "18 Years",
        "maximum_age": "90 Years",
        "country": "France",
        "gender": "FEMALE"
      },
      "interventions": [
        "Conventional",
        "Excision",
        "Excision of axillary lymph nodes group",
        "Sentinel Lymph Node"
      ],
      "outcomes": []
    }
  },
  {
    "nct_id": "NCT00144911",
    "conditions": [
      "Lung diseases",
      "Obstructed",
      "chronic"
    ],
    "pico_attributes": {
      "populations": {
        "minimum_age": "40 Years",
        "maximum_age": "NA",
        "country": "United States",
        "gender": "ALL"
      },
      "interventions": [
        "Fluticasone Propionate, Salmeterol Xinafoate Drug Combination",
        "Multiplicative Product",
        "salmeterol"
      ],
      "outcomes": []
    }
  },
  {
    "nct_id": "NCT00144924",
    "conditions": [
      "Pyloric Stenosis"
    ],
    "pico_attributes": {
      "populations": {
        "minimum_age": "0 Months",
        "maximum_age": "3 Months",
        "country": "United Kingdom",
        "gender": "ALL"
      },
      "interventions": [
        "Laparoscopic pyloromyotomy",
        "Open"
      ],
      "outcomes": []
    }
  },
  {
    "nct_id": "NCT00144937",
    "conditions": [
      "Diabetes Mellitus",
      "Hypercholesterolemia",
      "Hypertension, CTCAE",
      "Medical Device Emits Smoke",
      "Peripheral Arterial Diseases"
    ],
    "pico_attributes": {
      "populations": {
        "minimum_age": "45 Years",
        "maximum_age": "80 Years",
        "country": "Spain",
        "gender": "ALL"
      },
      "interventions": [
        "Behavior showing increased motor activity",
        "Cessation of smoking",
        "Diabetes",
        "Diet",
        "Dyslipidemias",
        "Hypertension, CTCAE",
        "Recommendation",
        "Therapeutic procedure"
      ],
      "outcomes": []
    }
  },
  {
    "nct_id": "NCT00144950",
    "conditions": [
      "Empyema"
    ],
    "pico_attributes": {
      "populations": {
        "minimum_age": "0 Years",
        "maximum_age": "16 Years",
        "country": "United Kingdom",
        "gender": "ALL"
      },
      "interventions": [
        "Insertion of pleural tube drain",
        "Instill - dosing instruction imperative",
        "PLAU gene",
        "Primary",
        "Video-Assisted Surgery"
      ],
      "outcomes": []
    }
  },
  {
    "nct_id": "NCT00144963",
    "conditions": [
      "Acute lymphocytic leukemia"
    ],
    "pico_attributes": {
      "populations": {
        "minimum_age": "NA",
        "maximum_age": "NA",
        "country": "United States",
        "gender": "ALL"
      },
      "interventions": [
        "Vincristine Sulfate Liposome Injection",
        "dexamethasone"
      ],
      "outcomes": [
        "MT1E gene"
      ]
    }
  },
  {
    "nct_id": "NCT00144976",
    "conditions": [
      "Head and Neck Neoplasms"
    ],
    "pico_attributes": {
      "populations": {
        "minimum_age": "18 Years",
        "maximum_age": "NA",
        "country": "France",
        "gender": "ALL"
      },
      "interventions": [
        "Tarceva"
      ],
      "outcomes": []
    }
  },
  {
    "nct_id": "NCT00144989",
    "conditions": [
      "NCI CTEP SDC Small Cell Lung Cancer Sub-Category Terminology"
    ],
    "pico_attributes": {
      "populations": {
        "minimum_age": "20 Years",
        "maximum_age": "70 Years",
        "country": "Japan",
        "gender": "ALL"
      },
      "interventions": [
        "Chemo-radiotherapy",
        "cisplatin",
        "etoposide",
        "irinotecan"
      ],
      "outcomes": []
    }
  },
  {
    "nct_id": "NCT00145002",
    "conditions": [
      "Adult Lymphoma",
      "Adult T-Cell Lymphoma/Leukemia"
    ],
    "pico_attributes": {
      "populations": {
        "minimum_age": "15 Years",
        "maximum_age": "70 Years",
        "country": "Japan",
        "gender": "ALL"
      },
      "interventions": [
        "Absorbable Modified Polymer Hemostatic Powder",
        "Biweekly",
        "CHOP Plus Obinutuzumab Regimen",
        "CHOP protocol-cyclophosphamide/doxorubicin/prednisone/vincristine",
        "Chop (action)",
        "Circumferential Supracrestal Fiberotomy",
        "Granulocyte Colony-Stimulating Factor",
        "Intrathecal Space",
        "Prophylactic treatment"
      ],
      "outcomes": []
    }
  },
  {
    "nct_id": "NCT00145015",
    "conditions": [
      "Colorectal Cancer Pathway",
      "Ulcerative Colitis",
      "polyps"
    ],
    "pico_attributes": {
      "populations": {
        "minimum_age": "18 Years",
        "maximum_age": "80 Years",
        "country": "United Kingdom",
        "gender": "ALL"
      },
      "interventions": [
        "Cod",
        "Dietary intake",
        "Increase",
        "Intake",
        "Salmo salar",
        "Salmon - dietary"
      ],
      "outcomes": []
    }
  },
  {
    "nct_id": "NCT00145028",
    "conditions": [
      "Neoplasms"
    ],
    "pico_attributes": {
      "populations": {
        "minimum_age": "18 Years",
        "maximum_age": "NA",
        "country": "France",
        "gender": "ALL"
      },
      "interventions": [
        "carboplatin"
      ],
      "outcomes": []
    }
  },
  {
    "nct_id": "NCT00145041",
    "conditions": [
      "Cutaneous Melanoma"
    ],
    "pico_attributes": {
      "populations": {
        "minimum_age": "18 Years",
        "maximum_age": "NA",
        "country": "United States",
        "gender": "ALL"
      },
      "interventions": [
        "Vincristine Sulfate Liposome Injection"
      ],
      "outcomes": [
        "Clearance",
        "T prime"
      ]
    }
  },
  {
    "nct_id": "NCT00145054",
    "conditions": [
      "Depressed mood"
    ],
    "pico_attributes": {
      "populations": {
        "minimum_age": "14 Years",
        "maximum_age": "24 Years",
        "country": "United States",
        "gender": "ALL"
      },
      "interventions": [
        "Depressed mood",
        "Internet",
        "Program",
        "self help"
      ],
      "outcomes": []
    }
  },
  {
    "nct_id": "NCT00145067",
    "conditions": [
      "Osteoporosis"
    ],
    "pico_attributes": {
      "populations": {
        "minimum_age": "60 Years",
        "maximum_age": "NA",
        "country": "",
        "gender": "FEMALE"
      },
      "interventions": [
        "Assessed",
        "Disease Management"
      ],
      "outcomes": []
    }
  },
  {
    "nct_id": "NCT00145080",
    "conditions": [
      "Osteoporosis"
    ],
    "pico_attributes": {
      "populations": {
        "minimum_age": "50 Years",
        "maximum_age": "64 Years",
        "country": "",
        "gender": "FEMALE"
      },
      "interventions": [
        "Assessed",
        "Disease Management"
      ],
      "outcomes": []
    }
  },
  {
    "nct_id": "NCT00145093",
    "conditions": [
      "Bristol Stool Type 2",
      "Diabetes Mellitus"
    ],
    "pico_attributes": {
      "populations": {
        "minimum_age": "18 Years",
        "maximum_age": "NA",
        "country": "Netherlands",
        "gender": "ALL"
      },
      "interventions": [
        "Dietary Chromium",
        "Saccharomyces cerevisiae"
      ],
      "outcomes": []
    }
  },
  {
    "nct_id": "NCT00145106",
    "conditions": [
      "Acne"
    ],
    "pico_attributes": {
      "populations": {
        "minimum_age": "12 Years",
        "maximum_age": "NA",
        "country": "United States",
        "gender": "ALL"
      },
      "interventions": [
        "0.1",
        "100%",
        "Capsule (unit of presentation)",
        "Drug vehicle",
        "Gel",
        "Milligram per Capsule",
        "Oral",
        "Placebo Control",
        "minocycline",
        "tazarotene"
      ],
      "outcomes": []
    }
  },
  {
    "nct_id": "NCT00145119",
    "conditions": [
      "Acute Myocardial Infarction by ECG Finding"
    ],
    "pico_attributes": {
      "populations": {
        "minimum_age": "18 Years",
        "maximum_age": "NA",
        "country": "Netherlands",
        "gender": "ALL"
      },
      "interventions": [],
      "outcomes": []
    }
  },
  {
    "nct_id": "NCT00145132",
    "conditions": [
      "Depressed mood"
    ],
    "pico_attributes": {
      "populations": {
        "minimum_age": "18 Years",
        "maximum_age": "NA",
        "country": "Germany",
        "gender": "ALL"
      },
      "interventions": [
        "Citrulline measurement",
        "Neurophysiology - biologic function",
        "Tomography, Emission-Computed, Single-Photon"
      ],
      "outcomes": []
    }
  },
  {
    "nct_id": "NCT00145145",
    "conditions": [
      "Cutaneous Melanoma"
    ],
    "pico_attributes": {
      "populations": {
        "minimum_age": "18 Years",
        "maximum_age": "NA",
        "country": "Belgium",
        "gender": "ALL"
      },
      "interventions": [
        "CpG 7909",
        "MAGE-3.A1 Peptide Vaccine",
        "Peptides"
      ],
      "outcomes": []
    }
  },
  {
    "nct_id": "NCT00145158",
    "conditions": [
      "Cutaneous Melanoma"
    ],
    "pico_attributes": {
      "populations": {
        "minimum_age": "18 Years",
        "maximum_age": "NA",
        "country": "Belgium",
        "gender": "ALL"
      },
      "interventions": [
        "CpG 7909",
        "HLA Class I Histocompatibility Antigen, A-2 Alpha Chain, human",
        "Peptides",
        "Restricted"
      ],
      "outcomes": [
        "Cancer Vaccines",
        "Combined",
        "CpG 7909",
        "Immunization",
        "In addition to",
        "Measured",
        "Number of patients",
        "Peptides",
        "Response Evaluation Criteria in Solid Tumors",
        "Response process",
        "With Tumor"
      ]
    }
  },
  {
    "nct_id": "NCT00145171",
    "conditions": [
      "Parkinson Disease"
    ],
    "pico_attributes": {
      "populations": {
        "minimum_age": "18 Years",
        "maximum_age": "NA",
        "country": "",
        "gender": "ALL"
      },
      "interventions": [
        "Injection",
        "apomorphine hydrochloride"
      ],
      "outcomes": []
    }
  },
  {
    "nct_id": "NCT00145184",
    "conditions": [
      "Tuberculosis"
    ],
    "pico_attributes": {
      "populations": {
        "minimum_age": "6 Weeks",
        "maximum_age": "5 Years",
        "country": "United States",
        "gender": "ALL"
      },
      "interventions": [
        "Contain (action)",
        "Dietary Supplements",
        "Multivitamin preparation",
        "Placebo Control",
        "Vitamin B Drug Class"
      ],
      "outcomes": []
    }
  },
  {
    "nct_id": "NCT00145197",
    "conditions": [
      "Breast Carcinoma"
    ],
    "pico_attributes": {
      "populations": {
        "minimum_age": "18 Years",
        "maximum_age": "NA",
        "country": "United States",
        "gender": "FEMALE"
      },
      "interventions": [
        "Delivery of Health Care",
        "Effective",
        "Improving (qualifier value)",
        "Minority Groups"
      ],
      "outcomes": []
    }
  },
  {
    "nct_id": "NCT00145210",
    "conditions": [
      "Hypertension, CTCAE"
    ],
    "pico_attributes": {
      "populations": {
        "minimum_age": "18 Years",
        "maximum_age": "NA",
        "country": "United States",
        "gender": "ALL"
      },
      "interventions": [
        "atenolol",
        "nebivolol"
      ],
      "outcomes": []
    }
  },
  {
    "nct_id": "NCT00145223",
    "conditions": [
      "Filariasis"
    ],
    "pico_attributes": {
      "populations": {
        "minimum_age": "NA",
        "maximum_age": "NA",
        "country": "United States",
        "gender": "ALL"
      },
      "interventions": [],
      "outcomes": []
    }
  },
  {
    "nct_id": "NCT00145236",
    "conditions": [
      "Hypertension, CTCAE"
    ],
    "pico_attributes": {
      "populations": {
        "minimum_age": "18 Years",
        "maximum_age": "NA",
        "country": "United States",
        "gender": "ALL"
      },
      "interventions": [
        "nebivolol"
      ],
      "outcomes": []
    }
  },
  {
    "nct_id": "NCT00145249",
    "conditions": [
      "Meningitis, Cryptococcal"
    ],
    "pico_attributes": {
      "populations": {
        "minimum_age": "13 Years",
        "maximum_age": "NA",
        "country": "United States",
        "gender": "ALL"
      },
      "interventions": [
        "amphotericin B",
        "fluconazole"
      ],
      "outcomes": [
        "*Susceptibility",
        "70%",
        "Adverse event",
        "Anti-Fungal",
        "BaseLine dental cement",
        "Cessation of life",
        "Challenge Agent Treatment Efficacy Study",
        "Change -- procedure",
        "Concept Attribute",
        "Count of entities",
        "Cryptococcus",
        "Daily",
        "Death Related to Adverse Event",
        "Dose number",
        "Dose-Limiting",
        "Drug Evaluation",
        "Effectiveness",
        "End Point",
        "GDC Treatment Outcome Terminology",
        "Hospitalization",
        "Human Study Subject",
        "Isolate - microorganism",
        "Limited (extensiveness)",
        "Mean score",
        "Meetings",
        "Neurologic Examination",
        "Population Mean",
        "Probably",
        "Related personal status",
        "Success",
        "Toxic effect",
        "Treatment Protocols",
        "day",
        "treatment success"
      ]
    }
  },
  {
    "nct_id": "NCT00145262",
    "conditions": [
      "Arteriosclerosis Obliterans",
      "Thromboangiitis Obliterans"
    ],
    "pico_attributes": {
      "populations": {
        "minimum_age": "20 Years",
        "maximum_age": "80 Years",
        "country": "Japan",
        "gender": "ALL"
      },
      "interventions": [
        "Administration via Implantation",
        "Autologous (qualifier value)",
        "Bone Marrow Mononuclear Cell"
      ],
      "outcomes": []
    }
  },
  {
    "nct_id": "NCT00145275",
    "conditions": [
      "Osteopenia"
    ],
    "pico_attributes": {
      "populations": {
        "minimum_age": "45 Years",
        "maximum_age": "75 Years",
        "country": "United States",
        "gender": "FEMALE"
      },
      "interventions": [
        "zoledronic acid"
      ],
      "outcomes": []
    }
  },
  {
    "nct_id": "NCT00145288",
    "conditions": [
      "Diabetes Mellitus, Non-Insulin-Dependent",
      "Hirsutism",
      "Polycystic Ovary Syndrome"
    ],
    "pico_attributes": {
      "populations": {
        "minimum_age": "18 Years",
        "maximum_age": "45 Years",
        "country": "Denmark",
        "gender": "FEMALE"
      },
      "interventions": [],
      "outcomes": []
    }
  },
  {
    "nct_id": "NCT00145301",
    "conditions": [
      "Degenerative polyarthritis"
    ],
    "pico_attributes": {
      "populations": {
        "minimum_age": "40 Years",
        "maximum_age": "NA",
        "country": "Germany",
        "gender": "ALL"
      },
      "interventions": [
        "lumiracoxib"
      ],
      "outcomes": []
    }
  },
  {
    "nct_id": "NCT00145314",
    "conditions": [
      "Secondary malignant neoplasm of colon and/or rectum"
    ],
    "pico_attributes": {
      "populations": {
        "minimum_age": "18 Years",
        "maximum_age": "74 Years",
        "country": "Norway",
        "gender": "ALL"
      },
      "interventions": [
        "+5",
        "Fluorouracil/Oxaliplatin",
        "Maintenance",
        "cetuximab",
        "fluorouracil",
        "leucovorin",
        "oxaliplatin"
      ],
      "outcomes": []
    }
  },
  {
    "nct_id": "NCT00145327",
    "conditions": [
      "Osteoporosis"
    ],
    "pico_attributes": {
      "populations": {
        "minimum_age": "68 Years",
        "maximum_age": "90 Years",
        "country": "United States",
        "gender": "FEMALE"
      },
      "interventions": [
        "Placebo Control",
        "zoledronic acid"
      ],
      "outcomes": [
        "% of total",
        "*Relative",
        "9.5",
        "AT genotype",
        "Amount type - Percentage",
        "Anabolism",
        "BaseLine dental cement",
        "Biochemical Marker",
        "Biopsy of bone",
        "Bone Resorption",
        "Bone structure of distal radius",
        "Bone structure of ischium",
        "Bone structure of lumbar vertebra",
        "Change -- procedure",
        "Clinical",
        "Count of entities",
        "Creatinine measurement, serum (procedure)",
        "Day 3",
        "Day 4",
        "Event Seriousness - Significant",
        "Fracture",
        "From",
        "In addition to",
        "Incidence",
        "Infusion procedures",
        "Laboratory",
        "Morphometric analysis",
        "New",
        "Observation parameter",
        "Participant",
        "Patient Outcome - Worsening",
        "Patients",
        "Post",
        "Procollagen 1 N-Terminal Propeptide Measurement",
        "Qualitative",
        "Relative to",
        "Spinal Fractures",
        "Structure of neck of femur",
        "Trochanter",
        "days/year",
        "per year"
      ]
    }
  },
  {
    "nct_id": "NCT00145340",
    "conditions": [
      "Polycystic Ovary Syndrome"
    ],
    "pico_attributes": {
      "populations": {
        "minimum_age": "18 Years",
        "maximum_age": "45 Years",
        "country": "Denmark",
        "gender": "FEMALE"
      },
      "interventions": [
        "pioglitazone"
      ],
      "outcomes": []
    }
  },
  {
    "nct_id": "NCT00145353",
    "conditions": [
      "Diabetes Mellitus, Insulin-Dependent"
    ],
    "pico_attributes": {
      "populations": {
        "minimum_age": "18 Years",
        "maximum_age": "60 Years",
        "country": "Denmark",
        "gender": "ALL"
      },
      "interventions": [
        "INS protein, human",
        "NovoLog"
      ],
      "outcomes": []
    }
  }
]