[
  {
    "nct_id": "NCT00521482",
    "conditions": [
      "Adult Glioblastoma"
    ],
    "pico_attributes": {
      "populations": {
        "minimum_age": "18 Years",
        "maximum_age": "70 Years",
        "country": "Switzerland",
        "gender": "ALL"
      },
      "interventions": [
        "In addition to",
        "Temozolomide/Thalidomide",
        "temozolomide"
      ],
      "outcomes": []
    }
  },
  {
    "nct_id": "NCT00521495",
    "conditions": [
      "Carpal Tunnel Syndrome"
    ],
    "pico_attributes": {
      "populations": {
        "minimum_age": "18 Years",
        "maximum_age": "65 Years",
        "country": "United States",
        "gender": "ALL"
      },
      "interventions": [
        "MAGNET, PERMANENT",
        "Magnet <device>",
        "neodymium"
      ],
      "outcomes": []
    }
  },
  {
    "nct_id": "NCT00521508",
    "conditions": [
      "Glomerulonephritis",
      "immunoglobulin A, human"
    ],
    "pico_attributes": {
      "populations": {
        "minimum_age": "18 Years",
        "maximum_age": "80 Years",
        "country": "France",
        "gender": "ALL"
      },
      "interventions": [
        "Cytometry",
        "Transcription, Genetic"
      ],
      "outcomes": []
    }
  },
  {
    "nct_id": "NCT00521521",
    "conditions": [
      "Head and Neck Neoplasms"
    ],
    "pico_attributes": {
      "populations": {
        "minimum_age": "18 Years",
        "maximum_age": "70 Years",
        "country": "France",
        "gender": "ALL"
      },
      "interventions": [
        "cisplatin",
        "docetaxel"
      ],
      "outcomes": []
    }
  },
  {
    "nct_id": "NCT00521534",
    "conditions": [
      "Abnormal breathing",
      "Breathing Distress Question",
      "Congestive heart failure",
      "Related personal status",
      "Sleep",
      "Sleep Disorders"
    ],
    "pico_attributes": {
      "populations": {
        "minimum_age": "18 Years",
        "maximum_age": "NA",
        "country": "United States",
        "gender": "ALL"
      },
      "interventions": [
        "Atrial overdrive pacing",
        "Chemoradiotherapy"
      ],
      "outcomes": []
    }
  },
  {
    "nct_id": "NCT00521547",
    "conditions": [
      "Healthy"
    ],
    "pico_attributes": {
      "populations": {
        "minimum_age": "18 Years",
        "maximum_age": "80 Years",
        "country": "United States",
        "gender": "ALL"
      },
      "interventions": [
        "Electroacupuncture"
      ],
      "outcomes": []
    }
  },
  {
    "nct_id": "NCT00521560",
    "conditions": [
      "Adult Non-Hodgkin Lymphoma",
      "Aggressive Non-Hodgkin Lymphoma",
      "CD20 Expressing Cell Measurement",
      "Primary",
      "Refractory Non-Hodgkin Lymphoma"
    ],
    "pico_attributes": {
      "populations": {
        "minimum_age": "18 Years",
        "maximum_age": "65 Years",
        "country": "Germany",
        "gender": "ALL"
      },
      "interventions": [
        "Zevalin"
      ],
      "outcomes": []
    }
  },
  {
    "nct_id": "NCT00521573",
    "conditions": [
      "Heart Transplantation"
    ],
    "pico_attributes": {
      "populations": {
        "minimum_age": "20 Years",
        "maximum_age": "80 Years",
        "country": "",
        "gender": "ALL"
      },
      "interventions": [
        "Dark chocolate"
      ],
      "outcomes": []
    }
  },
  {
    "nct_id": "NCT00521586",
    "conditions": [
      "Influenza"
    ],
    "pico_attributes": {
      "populations": {
        "minimum_age": "50 Years",
        "maximum_age": "59 Years",
        "country": "United States",
        "gender": "ALL"
      },
      "interventions": [
        "Pneumococcal 13-valent conjugate vaccine"
      ],
      "outcomes": [
        "0%",
        "30 Minutes",
        "Acute onset pain",
        "Amount type - Percentage",
        "CDISC Events Class",
        "Dosage",
        "Local Reaction",
        "Participant",
        "Pre-specified",
        "Reporting",
        "Systemic",
        "day",
        "per year"
      ]
    }
  },
  {
    "nct_id": "NCT00521599",
    "conditions": [
      "Asthma"
    ],
    "pico_attributes": {
      "populations": {
        "minimum_age": "18 Years",
        "maximum_age": "NA",
        "country": "United States",
        "gender": "ALL"
      },
      "interventions": [
        "Furoate",
        "Mometasone Dry Powder Inhaler",
        "Placebo Control"
      ],
      "outcomes": []
    }
  },
  {
    "nct_id": "NCT00521612",
    "conditions": [
      "Anesthesia procedures"
    ],
    "pico_attributes": {
      "populations": {
        "minimum_age": "18 Years",
        "maximum_age": "NA",
        "country": "Croatia",
        "gender": "ALL"
      },
      "interventions": [
        "isoflurane",
        "sevoflurane"
      ],
      "outcomes": []
    }
  },
  {
    "nct_id": "NCT00521625",
    "conditions": [
      "Acute Lung Injury",
      "Acute respiratory distress"
    ],
    "pico_attributes": {
      "populations": {
        "minimum_age": "NA",
        "maximum_age": "18 Years",
        "country": "United States",
        "gender": "ALL"
      },
      "interventions": [],
      "outcomes": []
    }
  },
  {
    "nct_id": "NCT00521638",
    "conditions": [
      "Adult Lymphoma",
      "B-Lymphocytes"
    ],
    "pico_attributes": {
      "populations": {
        "minimum_age": "18 Years",
        "maximum_age": "NA",
        "country": "United States",
        "gender": "ALL"
      },
      "interventions": [
        "TRU-015"
      ],
      "outcomes": []
    }
  },
  {
    "nct_id": "NCT00521651",
    "conditions": [
      "Cancer Genus"
    ],
    "pico_attributes": {
      "populations": {
        "minimum_age": "45 Years",
        "maximum_age": "75 Years",
        "country": "United States",
        "gender": "ALL"
      },
      "interventions": [],
      "outcomes": []
    }
  },
  {
    "nct_id": "NCT00521664",
    "conditions": [
      "Myeloid Leukemia"
    ],
    "pico_attributes": {
      "populations": {
        "minimum_age": "16 Years",
        "maximum_age": "80 Years",
        "country": "Germany",
        "gender": "ALL"
      },
      "interventions": [
        "Condoms, Male",
        "Platelet Transfusion",
        "Therapeutic"
      ],
      "outcomes": []
    }
  },
  {
    "nct_id": "NCT00521677",
    "conditions": [
      "Associated with",
      "Household ventilator",
      "Pneumonia"
    ],
    "pico_attributes": {
      "populations": {
        "minimum_age": "18 Years",
        "maximum_age": "NA",
        "country": "Israel",
        "gender": "ALL"
      },
      "interventions": [
        "Dispense Method - Traditional",
        "Oral care",
        "Sage - dietary"
      ],
      "outcomes": []
    }
  },
  {
    "nct_id": "NCT00521690",
    "conditions": [
      "Bristol Stool Type 2",
      "Diabetes",
      "Diabetes Mellitus"
    ],
    "pico_attributes": {
      "populations": {
        "minimum_age": "30 Years",
        "maximum_age": "NA",
        "country": "Taiwan",
        "gender": "ALL"
      },
      "interventions": [
        "insulin detemir"
      ],
      "outcomes": []
    }
  },
  {
    "nct_id": "NCT00521703",
    "conditions": [
      "Abdominal Pain",
      "Dyspepsia",
      "Gastroesophageal Reflux Disease, CTCAE",
      "Malabsorption Syndrome"
    ],
    "pico_attributes": {
      "populations": {
        "minimum_age": "8 Years",
        "maximum_age": "18 Years",
        "country": "Brazil",
        "gender": "ALL"
      },
      "interventions": [
        "lidocaine",
        "tannic acid"
      ],
      "outcomes": []
    }
  },
  {
    "nct_id": "NCT00521716",
    "conditions": [
      "Fracture of pelvis"
    ],
    "pico_attributes": {
      "populations": {
        "minimum_age": "50 Years",
        "maximum_age": "75 Years",
        "country": "Israel",
        "gender": "ALL"
      },
      "interventions": [
        "Fixation - action",
        "Subcapital fracture of neck of femur"
      ],
      "outcomes": []
    }
  },
  {
    "nct_id": "NCT00521729",
    "conditions": [
      "BODY MASS INDEX QUANTITATIVE TRAIT LOCUS 20"
    ],
    "pico_attributes": {
      "populations": {
        "minimum_age": "18 Years",
        "maximum_age": "60 Years",
        "country": "United States",
        "gender": "ALL"
      },
      "interventions": [
        "Body Temperature",
        "Cold exposure"
      ],
      "outcomes": []
    }
  },
  {
    "nct_id": "NCT00521742",
    "conditions": [
      "Diabetes Mellitus"
    ],
    "pico_attributes": {
      "populations": {
        "minimum_age": "18 Years",
        "maximum_age": "79 Years",
        "country": "",
        "gender": "ALL"
      },
      "interventions": [
        "glyburide",
        "pioglitazone"
      ],
      "outcomes": []
    }
  },
  {
    "nct_id": "NCT00521755",
    "conditions": [
      "Dehiscence",
      "Surgical wound"
    ],
    "pico_attributes": {
      "populations": {
        "minimum_age": "18 Years",
        "maximum_age": "60 Years",
        "country": "Israel",
        "gender": "ALL"
      },
      "interventions": [
        "LTB gene"
      ],
      "outcomes": []
    }
  },
  {
    "nct_id": "NCT00521768",
    "conditions": [
      "Anxiety Disorders",
      "Post-Traumatic Stress Disorder"
    ],
    "pico_attributes": {
      "populations": {
        "minimum_age": "6 Years",
        "maximum_age": "18 Years",
        "country": "Israel",
        "gender": "ALL"
      },
      "interventions": [
        "Exposure to",
        "Prolonged"
      ],
      "outcomes": []
    }
  },
  {
    "nct_id": "NCT00521781",
    "conditions": [
      "Prostatic Neoplasms"
    ],
    "pico_attributes": {
      "populations": {
        "minimum_age": "18 Years",
        "maximum_age": "NA",
        "country": "United States",
        "gender": "MALE"
      },
      "interventions": [
        "Abraxane",
        "bicalutamide",
        "leuprolide"
      ],
      "outcomes": []
    }
  },
  {
    "nct_id": "NCT00521794",
    "conditions": [
      "Andersen Syndrome"
    ],
    "pico_attributes": {
      "populations": {
        "minimum_age": "10 Years",
        "maximum_age": "NA",
        "country": "United States",
        "gender": "ALL"
      },
      "interventions": [],
      "outcomes": []
    }
  },
  {
    "nct_id": "NCT00521807",
    "conditions": [
      "Widespread Chronic Pain"
    ],
    "pico_attributes": {
      "populations": {
        "minimum_age": "18 Years",
        "maximum_age": "NA",
        "country": "Norway",
        "gender": "ALL"
      },
      "interventions": [
        "Hypnosis"
      ],
      "outcomes": []
    }
  },
  {
    "nct_id": "NCT00521820",
    "conditions": [
      "Diabetes Mellitus"
    ],
    "pico_attributes": {
      "populations": {
        "minimum_age": "18 Years",
        "maximum_age": "NA",
        "country": "",
        "gender": "ALL"
      },
      "interventions": [
        "glyburide",
        "pioglitazone"
      ],
      "outcomes": []
    }
  },
  {
    "nct_id": "NCT00521833",
    "conditions": [
      "Astigmatism",
      "Induce (action)"
    ],
    "pico_attributes": {
      "populations": {
        "minimum_age": "NA",
        "maximum_age": "NA",
        "country": "Iran, Islamic Republic of",
        "gender": "ALL"
      },
      "interventions": [
        "Aspiration of cataract by phacoemulsification",
        "intraocular lens implantation procedure"
      ],
      "outcomes": []
    }
  },
  {
    "nct_id": "NCT00521846",
    "conditions": [
      "Elbow fracture"
    ],
    "pico_attributes": {
      "populations": {
        "minimum_age": "18 Years",
        "maximum_age": "NA",
        "country": "United States",
        "gender": "ALL"
      },
      "interventions": [
        "Biomet",
        "Module",
        "Replacement",
        "Structure of head of radius"
      ],
      "outcomes": []
    }
  },
  {
    "nct_id": "NCT00521859",
    "conditions": [
      "Hematologic Neoplasms"
    ],
    "pico_attributes": {
      "populations": {
        "minimum_age": "18 Years",
        "maximum_age": "65 Years",
        "country": "United States",
        "gender": "ALL"
      },
      "interventions": [
        "Cloretazine",
        "fludarabine"
      ],
      "outcomes": []
    }
  },
  {
    "nct_id": "NCT00521872",
    "conditions": [
      "Constipation",
      "General surgery specialty"
    ],
    "pico_attributes": {
      "populations": {
        "minimum_age": "18 Years",
        "maximum_age": "NA",
        "country": "Switzerland",
        "gender": "ALL"
      },
      "interventions": [
        "Operation Activity"
      ],
      "outcomes": []
    }
  },
  {
    "nct_id": "NCT00521885",
    "conditions": [
      "Venous Thrombosis"
    ],
    "pico_attributes": {
      "populations": {
        "minimum_age": "40 Years",
        "maximum_age": "NA",
        "country": "United States",
        "gender": "ALL"
      },
      "interventions": [
        "2.5",
        "Arixtra",
        "Daily",
        "Lovenox",
        "MG"
      ],
      "outcomes": [
        "1 Day",
        "30%",
        "Daily",
        "Deep Vein Thrombosis",
        "Fluorides",
        "Hemorrhage",
        "Major",
        "Minor (person)",
        "Rate",
        "Room of building - Study",
        "Unit"
      ]
    }
  },
  {
    "nct_id": "NCT00521898",
    "conditions": [
      "Corneal dystrophy",
      "Hereditary"
    ],
    "pico_attributes": {
      "populations": {
        "minimum_age": "21 Years",
        "maximum_age": "NA",
        "country": "Netherlands",
        "gender": "ALL"
      },
      "interventions": [],
      "outcomes": []
    }
  },
  {
    "nct_id": "NCT00521911",
    "conditions": [
      "Depressed mood",
      "Depressive disorder"
    ],
    "pico_attributes": {
      "populations": {
        "minimum_age": "18 Years",
        "maximum_age": "NA",
        "country": "Netherlands",
        "gender": "ALL"
      },
      "interventions": [
        "Cognitive Therapy"
      ],
      "outcomes": []
    }
  },
  {
    "nct_id": "NCT00521924",
    "conditions": [
      "Rheumatoid Arthritis"
    ],
    "pico_attributes": {
      "populations": {
        "minimum_age": "19 Years",
        "maximum_age": "65 Years",
        "country": "Austria",
        "gender": "ALL"
      },
      "interventions": [
        "Antirheumatic Drugs, Disease-Modifying",
        "OM 89",
        "chloroquine",
        "cyclosporine",
        "infliximab",
        "leflunomide",
        "methotrexate",
        "sulfasalazine"
      ],
      "outcomes": []
    }
  },
  {
    "nct_id": "NCT00521937",
    "conditions": [
      "Diabetes",
      "Foot Ulcer"
    ],
    "pico_attributes": {
      "populations": {
        "minimum_age": "18 Years",
        "maximum_age": "NA",
        "country": "France",
        "gender": "ALL"
      },
      "interventions": [],
      "outcomes": []
    }
  },
  {
    "nct_id": "NCT00521950",
    "conditions": [
      "Crohn Disease",
      "Inflammatory Bowel Diseases",
      "Ulcerative Colitis"
    ],
    "pico_attributes": {
      "populations": {
        "minimum_age": "18 Years",
        "maximum_age": "NA",
        "country": "Netherlands",
        "gender": "ALL"
      },
      "interventions": [
        "Genotype determination",
        "Pharmaceutical Preparations",
        "TPMT gene",
        "azathioprine",
        "mercaptopurine"
      ],
      "outcomes": []
    }
  },
  {
    "nct_id": "NCT00521963",
    "conditions": [
      "Arthritis"
    ],
    "pico_attributes": {
      "populations": {
        "minimum_age": "18 Years",
        "maximum_age": "75 Years",
        "country": "Israel",
        "gender": "ALL"
      },
      "interventions": [
        "Injection, intraarticular route",
        "Intra-articular",
        "infliximab",
        "infliximab Injection"
      ],
      "outcomes": []
    }
  },
  {
    "nct_id": "NCT00521976",
    "conditions": [
      "Angina, Unstable",
      "Chest Pain",
      "Coronary Arteriosclerosis",
      "Electrocardiogram: myocardial infarction (finding)"
    ],
    "pico_attributes": {
      "populations": {
        "minimum_age": "18 Years",
        "maximum_age": "NA",
        "country": "Norway",
        "gender": "ALL"
      },
      "interventions": [],
      "outcomes": []
    }
  },
  {
    "nct_id": "NCT00521989",
    "conditions": [
      "Osteoarthritis, Knee"
    ],
    "pico_attributes": {
      "populations": {
        "minimum_age": "40 Years",
        "maximum_age": "NA",
        "country": "United States",
        "gender": "ALL"
      },
      "interventions": [
        "2.7",
        "360",
        "90%",
        "CRx 102",
        "Placebo Control",
        "prednisolone"
      ],
      "outcomes": [
        "98",
        "BaseLine dental cement",
        "Change -- procedure",
        "Daily",
        "Feel Pain",
        "Question (inquiry)",
        "Use of"
      ]
    }
  },
  {
    "nct_id": "NCT00522002",
    "conditions": [
      "Blood Coagulation Disorders",
      "Connective Tissue Diseases",
      "Leg Ulcer",
      "Lupus Erythematosus, Systemic",
      "Mixed Connective Tissue Disease",
      "Rheumatoid Arthritis",
      "Systemic Scleroderma"
    ],
    "pico_attributes": {
      "populations": {
        "minimum_age": "18 Years",
        "maximum_age": "NA",
        "country": "United States",
        "gender": "ALL"
      },
      "interventions": [],
      "outcomes": []
    }
  },
  {
    "nct_id": "NCT00522015",
    "conditions": [
      "Dementia",
      "Progressive supranuclear palsy"
    ],
    "pico_attributes": {
      "populations": {
        "minimum_age": "50 Years",
        "maximum_age": "NA",
        "country": "Germany",
        "gender": "ALL"
      },
      "interventions": [
        "rivastigmine"
      ],
      "outcomes": []
    }
  },
  {
    "nct_id": "NCT00522028",
    "conditions": [
      "Hyperparathyroidism, Primary"
    ],
    "pico_attributes": {
      "populations": {
        "minimum_age": "50 Years",
        "maximum_age": "80 Years",
        "country": "Norway",
        "gender": "ALL"
      },
      "interventions": [],
      "outcomes": []
    }
  },
  {
    "nct_id": "NCT00522041",
    "conditions": [
      "Anal Fissure",
      "Feel Pain"
    ],
    "pico_attributes": {
      "populations": {
        "minimum_age": "18 Years",
        "maximum_age": "75 Years",
        "country": "United States",
        "gender": "ALL"
      },
      "interventions": [
        "Placebo Control"
      ],
      "outcomes": [
        "Amount type - Percentage",
        "BaseLine dental cement",
        "CD44 wt Allele",
        "Change -- procedure",
        "Pain Distress Question",
        "day"
      ]
    }
  },
  {
    "nct_id": "NCT00522054",
    "conditions": [
      "Rheumatoid Arthritis"
    ],
    "pico_attributes": {
      "populations": {
        "minimum_age": "18 Years",
        "maximum_age": "70 Years",
        "country": "Norway",
        "gender": "ALL"
      },
      "interventions": [
        "Exercise"
      ],
      "outcomes": []
    }
  },
  {
    "nct_id": "NCT00522067",
    "conditions": [
      "Disease",
      "Influenza"
    ],
    "pico_attributes": {
      "populations": {
        "minimum_age": "18 Years",
        "maximum_age": "64 Years",
        "country": "Italy",
        "gender": "ALL"
      },
      "interventions": [
        "Adjuvant",
        "Influenza vaccine:-:Point in time:^Patient:-"
      ],
      "outcomes": []
    }
  },
  {
    "nct_id": "NCT00522080",
    "conditions": [
      "Bone structure of ischium",
      "Osteoarthritis, Knee"
    ],
    "pico_attributes": {
      "populations": {
        "minimum_age": "40 Years",
        "maximum_age": "75 Years",
        "country": "France",
        "gender": "ALL"
      },
      "interventions": [],
      "outcomes": []
    }
  },
  {
    "nct_id": "NCT00522093",
    "conditions": [
      "Chronic constipation"
    ],
    "pico_attributes": {
      "populations": {
        "minimum_age": "20 Years",
        "maximum_age": "89 Years",
        "country": "Japan",
        "gender": "ALL"
      },
      "interventions": [
        "100%",
        "Tajikistan"
      ],
      "outcomes": []
    }
  },
  {
    "nct_id": "NCT00522106",
    "conditions": [
      "Degenerative polyarthritis"
    ],
    "pico_attributes": {
      "populations": {
        "minimum_age": "50 Years",
        "maximum_age": "80 Years",
        "country": "Netherlands",
        "gender": "ALL"
      },
      "interventions": [
        "*Activity (kind of quantity)",
        "Behavior",
        "CAM Exercise Therapy",
        "Grade"
      ],
      "outcomes": []
    }
  },
  {
    "nct_id": "NCT00522119",
    "conditions": [
      "Hypertension, CTCAE"
    ],
    "pico_attributes": {
      "populations": {
        "minimum_age": "20 Years",
        "maximum_age": "NA",
        "country": "",
        "gender": "ALL"
      },
      "interventions": [],
      "outcomes": []
    }
  },
  {
    "nct_id": "NCT00522132",
    "conditions": [
      "Malaria"
    ],
    "pico_attributes": {
      "populations": {
        "minimum_age": "6 Months",
        "maximum_age": "10 Years",
        "country": "Malawi",
        "gender": "ALL"
      },
      "interventions": [
        "artesunate"
      ],
      "outcomes": []
    }
  },
  {
    "nct_id": "NCT00522145",
    "conditions": [
      "Carcinoma",
      "Lung",
      "Non-small cell"
    ],
    "pico_attributes": {
      "populations": {
        "minimum_age": "18 Years",
        "maximum_age": "NA",
        "country": "United States",
        "gender": "ALL"
      },
      "interventions": [
        "XL647"
      ],
      "outcomes": []
    }
  },
  {
    "nct_id": "NCT00522158",
    "conditions": [
      "Cardiovascular Diseases",
      "Cognition",
      "Diabetes Mellitus, Non-Insulin-Dependent",
      "LDL Cholesterol Lipoproteins"
    ],
    "pico_attributes": {
      "populations": {
        "minimum_age": "40 Years",
        "maximum_age": "85 Years",
        "country": "",
        "gender": "ALL"
      },
      "interventions": [
        "atorvastatin",
        "simvastatin"
      ],
      "outcomes": []
    }
  },
  {
    "nct_id": "NCT00522171",
    "conditions": [
      "BODY MASS INDEX QUANTITATIVE TRAIT LOCUS 20"
    ],
    "pico_attributes": {
      "populations": {
        "minimum_age": "18 Years",
        "maximum_age": "NA",
        "country": "United States",
        "gender": "ALL"
      },
      "interventions": [
        "Ultrasonic",
        "scalpel"
      ],
      "outcomes": []
    }
  },
  {
    "nct_id": "NCT00522184",
    "conditions": [
      "Rheumatoid Arthritis"
    ],
    "pico_attributes": {
      "populations": {
        "minimum_age": "18 Years",
        "maximum_age": "NA",
        "country": "France",
        "gender": "ALL"
      },
      "interventions": [
        "Injection of steroid",
        "Injection, intraarticular route",
        "Intra-articular",
        "etanercept"
      ],
      "outcomes": []
    }
  },
  {
    "nct_id": "NCT00522197",
    "conditions": [
      "Carcinoma of lung",
      "Precancerous Conditions"
    ],
    "pico_attributes": {
      "populations": {
        "minimum_age": "45 Years",
        "maximum_age": "74 Years",
        "country": "",
        "gender": "ALL"
      },
      "interventions": [
        "Carbohydrates",
        "Contraceptives, Oral",
        "antitumor A"
      ],
      "outcomes": []
    }
  },
  {
    "nct_id": "NCT00522210",
    "conditions": [
      "Diabetes Mellitus, Insulin-Dependent"
    ],
    "pico_attributes": {
      "populations": {
        "minimum_age": "6 Years",
        "maximum_age": "17 Years",
        "country": "Canada",
        "gender": "ALL"
      },
      "interventions": [
        "Humulin N",
        "Hydrocephalus, Normal Pressure",
        "Novolin",
        "insulin detemir"
      ],
      "outcomes": []
    }
  },
  {
    "nct_id": "NCT00522223",
    "conditions": [
      "Cervix carcinoma"
    ],
    "pico_attributes": {
      "populations": {
        "minimum_age": "NA",
        "maximum_age": "NA",
        "country": "United States",
        "gender": "FEMALE"
      },
      "interventions": [
        "Questionnaires"
      ],
      "outcomes": []
    }
  },
  {
    "nct_id": "NCT00522236",
    "conditions": [
      "Influenza"
    ],
    "pico_attributes": {
      "populations": {
        "minimum_age": "65 Years",
        "maximum_age": "NA",
        "country": "Italy",
        "gender": "ALL"
      },
      "interventions": [
        "Adjuvant",
        "Drug Formulation Process",
        "Influenza vaccine:-:Point in time:^Patient:-",
        "Surface Antigens"
      ],
      "outcomes": []
    }
  },
  {
    "nct_id": "NCT00522249",
    "conditions": [
      "Carcinoma",
      "Epithelial cell of renal tubule"
    ],
    "pico_attributes": {
      "populations": {
        "minimum_age": "18 Years",
        "maximum_age": "NA",
        "country": "United States",
        "gender": "ALL"
      },
      "interventions": [
        "Pegylated Interferon Alfa",
        "erlotinib",
        "sunitinib"
      ],
      "outcomes": []
    }
  },
  {
    "nct_id": "NCT00522262",
    "conditions": [
      "Mammary Neoplasms"
    ],
    "pico_attributes": {
      "populations": {
        "minimum_age": "50 Years",
        "maximum_age": "74 Years",
        "country": "Canada",
        "gender": "FEMALE"
      },
      "interventions": [
        "Aerobic",
        "Exercise Intervention",
        "Exercise, Aerobic",
        "Intervention regimes"
      ],
      "outcomes": []
    }
  },
  {
    "nct_id": "NCT00522275",
    "conditions": [
      "Epilepsies, Partial"
    ],
    "pico_attributes": {
      "populations": {
        "minimum_age": "16 Years",
        "maximum_age": "70 Years",
        "country": "United States",
        "gender": "ALL"
      },
      "interventions": [
        "lacosamide"
      ],
      "outcomes": [
        "50%",
        "Act Relationship Subset - maximum",
        "Administration procedure",
        "Amount type - Percentage",
        "BaseLine dental cement",
        "CD44 wt Allele",
        "Change -- procedure",
        "Daily",
        "Fit frequency",
        "Median (qualifier value)",
        "Period (temporal qualifier)",
        "year"
      ]
    }
  },
  {
    "nct_id": "NCT00522288",
    "conditions": [
      "Myopia"
    ],
    "pico_attributes": {
      "populations": {
        "minimum_age": "8 Years",
        "maximum_age": "11 Years",
        "country": "United States",
        "gender": "ALL"
      },
      "interventions": [
        "Contact Lenses, Hydrophilic",
        "Eyeglasses"
      ],
      "outcomes": []
    }
  },
  {
    "nct_id": "NCT00522301",
    "conditions": [
      "Carcinoma, Ovarian Epithelial",
      "Fallopian Tube Carcinoma",
      "Malignant tumor of peritoneum"
    ],
    "pico_attributes": {
      "populations": {
        "minimum_age": "18 Years",
        "maximum_age": "120 Years",
        "country": "United States",
        "gender": "FEMALE"
      },
      "interventions": [
        "Immunoenzyme Techniques",
        "Immunohistochemistry",
        "Laboratory Biomarker Analysis",
        "Pharmacological Study",
        "sorafenib"
      ],
      "outcomes": []
    }
  },
  {
    "nct_id": "NCT00522314",
    "conditions": [
      "Bronchiectasis"
    ],
    "pico_attributes": {
      "populations": {
        "minimum_age": "NA",
        "maximum_age": "NA",
        "country": "United Kingdom",
        "gender": "ALL"
      },
      "interventions": [
        "Active cycle of breathing technique",
        "Nipah Virus"
      ],
      "outcomes": []
    }
  },
  {
    "nct_id": "NCT00522327",
    "conditions": [
      "Diabetes"
    ],
    "pico_attributes": {
      "populations": {
        "minimum_age": "18 Years",
        "maximum_age": "85 Years",
        "country": "",
        "gender": "ALL"
      },
      "interventions": [
        "English Language",
        "Speaking (activity)",
        "Usual",
        "customary"
      ],
      "outcomes": []
    }
  },
  {
    "nct_id": "NCT00522340",
    "conditions": [
      "Congestive",
      "Congestive heart failure",
      "Defibrillators",
      "Implants"
    ],
    "pico_attributes": {
      "populations": {
        "minimum_age": "21 Years",
        "maximum_age": "NA",
        "country": "United States",
        "gender": "ALL"
      },
      "interventions": [
        "Exercise, Aerobic",
        "Program"
      ],
      "outcomes": []
    }
  },
  {
    "nct_id": "NCT00522353",
    "conditions": [
      "BODY MASS INDEX QUANTITATIVE TRAIT LOCUS 20"
    ],
    "pico_attributes": {
      "populations": {
        "minimum_age": "20 Years",
        "maximum_age": "70 Years",
        "country": "Canada",
        "gender": "ALL"
      },
      "interventions": [
        "Placebo Control",
        "oligofructose"
      ],
      "outcomes": []
    }
  },
  {
    "nct_id": "NCT00522379",
    "conditions": [
      "Parkinson Disease"
    ],
    "pico_attributes": {
      "populations": {
        "minimum_age": "30 Years",
        "maximum_age": "NA",
        "country": "United States",
        "gender": "ALL"
      },
      "interventions": [
        "Placebo Control",
        "rotigotine"
      ],
      "outcomes": [
        "*Relative Time",
        "Absolute times",
        "BaseLine dental cement",
        "Changed status",
        "Count of entities",
        "Daily",
        "Diary",
        "End",
        "From",
        "GDC Treatment Outcome Terminology",
        "Human Study Subject",
        "Maintenance",
        "Menopause",
        "Off",
        "Period (temporal qualifier)",
        "Post",
        "Record - QueryRequestLimit",
        "spending",
        "wake ups"
      ]
    }
  },
  {
    "nct_id": "NCT00522392",
    "conditions": [
      "DS Stage I Plasma Cell Myeloma",
      "DS Stage II Plasma Cell Myeloma",
      "DS Stage III Plasma Cell Myeloma"
    ],
    "pico_attributes": {
      "populations": {
        "minimum_age": "18 Years",
        "maximum_age": "NA",
        "country": "United States",
        "gender": "ALL"
      },
      "interventions": [
        "bortezomib",
        "dexamethasone",
        "lenalidomide"
      ],
      "outcomes": []
    }
  },
  {
    "nct_id": "NCT00522405",
    "conditions": [
      "Liver carcinoma"
    ],
    "pico_attributes": {
      "populations": {
        "minimum_age": "12 Years",
        "maximum_age": "80 Years",
        "country": "India",
        "gender": "ALL"
      },
      "interventions": [
        "ADAM17 gene"
      ],
      "outcomes": []
    }
  },
  {
    "nct_id": "NCT00522418",
    "conditions": [
      "Epilepsies, Partial",
      "Epilepsy"
    ],
    "pico_attributes": {
      "populations": {
        "minimum_age": "16 Years",
        "maximum_age": "NA",
        "country": "United Kingdom",
        "gender": "ALL"
      },
      "interventions": [
        "Medical",
        "best (quality)"
      ],
      "outcomes": [
        "/40",
        "50%",
        "ADHD hyperactive symptoms mean score:Score:Pt:^Patient:Qn:Calculated",
        "Adverse event",
        "Anti-epileptic Agent [EPC]",
        "BaseLine dental cement",
        "CD44 wt Allele",
        "Change -- procedure",
        "Clinical Item",
        "Count of entities",
        "Epilepsy",
        "FUT3 gene",
        "Fit frequency",
        "Frequency of Responses",
        "Measures",
        "Participant",
        "Patients",
        "Perceived quality of life",
        "Percent (qualifier value)",
        "Population Analysis",
        "Population Group",
        "Population Mean",
        "Prescribed",
        "Profile (lab procedure)",
        "Protocol Compliance",
        "Rate",
        "Reduced",
        "Retention (Psychology)",
        "Seizure free",
        "Seizures",
        "Subgroup",
        "Subset Analysis",
        "day",
        "days/month"
      ]
    }
  },
  {
    "nct_id": "NCT00522431",
    "conditions": [
      "Hypogonadism"
    ],
    "pico_attributes": {
      "populations": {
        "minimum_age": "18 Years",
        "maximum_age": "75 Years",
        "country": "United States",
        "gender": "MALE"
      },
      "interventions": [
        "Therapeutic Testosterone"
      ],
      "outcomes": [
        "90%",
        "Amount type - Percentage",
        "Average Concentration",
        "Cmax",
        "Daily",
        "Meetings",
        "Participant",
        "Serum testosterone measurement",
        "criteria"
      ]
    }
  },
  {
    "nct_id": "NCT00522444",
    "conditions": [
      "Asthma"
    ],
    "pico_attributes": {
      "populations": {
        "minimum_age": "7 Years",
        "maximum_age": "18 Years",
        "country": "",
        "gender": "ALL"
      },
      "interventions": [
        "Normal saline",
        "magnesium sulfate",
        "nebulized - CHV concept"
      ],
      "outcomes": []
    }
  },
  {
    "nct_id": "NCT00522457",
    "conditions": [
      "Advanced Breast Carcinoma",
      "Carcinoma breast stage IV"
    ],
    "pico_attributes": {
      "populations": {
        "minimum_age": "18 Years",
        "maximum_age": "NA",
        "country": "United States",
        "gender": "FEMALE"
      },
      "interventions": [
        "ertumaxomab"
      ],
      "outcomes": [
        "Best Overall Response",
        "Clinical Benefit",
        "Clinical Trial Objective",
        "Course",
        "Frequency of Responses",
        "Measured",
        "Rate",
        "Response Duration",
        "Room of building - Study",
        "Treatment Effectiveness"
      ]
    }
  },
  {
    "nct_id": "NCT00522470",
    "conditions": [
      "BODY MASS INDEX QUANTITATIVE TRAIT LOCUS 20",
      "Diabetes Mellitus, Non-Insulin-Dependent"
    ],
    "pico_attributes": {
      "populations": {
        "minimum_age": "45 Years",
        "maximum_age": "65 Years",
        "country": "Turkey",
        "gender": "FEMALE"
      },
      "interventions": [
        "rosiglitazone"
      ],
      "outcomes": []
    }
  },
  {
    "nct_id": "NCT00522496",
    "conditions": [
      "Brain Injuries",
      "Traumatic"
    ],
    "pico_attributes": {
      "populations": {
        "minimum_age": "18 Years",
        "maximum_age": "NA",
        "country": "Canada",
        "gender": "ALL"
      },
      "interventions": [],
      "outcomes": []
    }
  },
  {
    "nct_id": "NCT00522509",
    "conditions": [
      "Colorectal",
      "Secondary malignant neoplasm of liver"
    ],
    "pico_attributes": {
      "populations": {
        "minimum_age": "18 Years",
        "maximum_age": "90 Years",
        "country": "Italy",
        "gender": "ALL"
      },
      "interventions": [
        "floxuridine"
      ],
      "outcomes": []
    }
  },
  {
    "nct_id": "NCT00522522",
    "conditions": [
      "Epilepsy"
    ],
    "pico_attributes": {
      "populations": {
        "minimum_age": "16 Years",
        "maximum_age": "NA",
        "country": "United States",
        "gender": "ALL"
      },
      "interventions": [],
      "outcomes": []
    }
  },
  {
    "nct_id": "NCT00522535",
    "conditions": [
      "Aortic Aneurysm, Abdominal"
    ],
    "pico_attributes": {
      "populations": {
        "minimum_age": "21 Years",
        "maximum_age": "NA",
        "country": "United States",
        "gender": "ALL"
      },
      "interventions": [
        "Graft material",
        "Open",
        "Stent, device",
        "Surgical repair"
      ],
      "outcomes": []
    }
  },
  {
    "nct_id": "NCT00522548",
    "conditions": [
      "Implants",
      "Transplanted tissue"
    ],
    "pico_attributes": {
      "populations": {
        "minimum_age": "18 Years",
        "maximum_age": "75 Years",
        "country": "United States",
        "gender": "ALL"
      },
      "interventions": [
        "Coating (film)",
        "Enteral",
        "mycophenolate mofetil",
        "mycophenolate sodium"
      ],
      "outcomes": [
        "Act Relationship Type - occurrence",
        "Area Under Curve",
        "Body Site Modifier - Lower",
        "CD44 wt Allele",
        "Clinical Trial Discontinuation",
        "Cmax",
        "Coating (film)",
        "Content Type Requirement",
        "Creatinine measurement, serum (procedure)",
        "Definable",
        "Deny (action)",
        "Dosage",
        "Drug Formulation Process",
        "Drug Kinetics",
        "Due to",
        "Enteral",
        "Equal",
        "Follow",
        "Full",
        "GSR gene",
        "Gastrointestinal symptom",
        "Generic Drugs",
        "Incidence",
        "Inferior",
        "Intolerance - biological effect of chemicals",
        "Levels (qualifier value)",
        "Manufacture",
        "Patients",
        "Proton Pump Inhibitors",
        "Reduced",
        "Set (Psychology)",
        "Symptoms",
        "Transient Population Group",
        "Trough",
        "Upper",
        "Upper Gastrointestinal Tract",
        "gastrointestinal toxicity",
        "mycophenolate mofetil",
        "mycophenolate sodium",
        "mycophenolic acid",
        "rating scale",
        "sandoz"
      ]
    }
  },
  {
    "nct_id": "NCT00522561",
    "conditions": [
      "Healthy"
    ],
    "pico_attributes": {
      "populations": {
        "minimum_age": "20 Years",
        "maximum_age": "35 Years",
        "country": "France",
        "gender": "MALE"
      },
      "interventions": [
        "Energetic",
        "Limb structure",
        "Measurement",
        "Mechanical Methods",
        "Non-invasive"
      ],
      "outcomes": []
    }
  },
  {
    "nct_id": "NCT00522574",
    "conditions": [
      "Essential",
      "Myelofibrosis",
      "Myeloproliferative disease",
      "Polycythemia Vera",
      "Thrombocytosis"
    ],
    "pico_attributes": {
      "populations": {
        "minimum_age": "18 Years",
        "maximum_age": "NA",
        "country": "United States",
        "gender": "ALL"
      },
      "interventions": [
        "XL019"
      ],
      "outcomes": []
    }
  },
  {
    "nct_id": "NCT00522587",
    "conditions": [
      "Anesthesia procedures"
    ],
    "pico_attributes": {
      "populations": {
        "minimum_age": "18 Years",
        "maximum_age": "60 Years",
        "country": "Belgium",
        "gender": "ALL"
      },
      "interventions": [
        "Dosage",
        "Fix",
        "remifentanil",
        "sevoflurane"
      ],
      "outcomes": []
    }
  },
  {
    "nct_id": "NCT00522600",
    "conditions": [
      "Conjunctivitis",
      "Dry Eye Syndrome, CTCAE",
      "Glaucoma"
    ],
    "pico_attributes": {
      "populations": {
        "minimum_age": "NA",
        "maximum_age": "NA",
        "country": "United States",
        "gender": "ALL"
      },
      "interventions": [],
      "outcomes": []
    }
  },
  {
    "nct_id": "NCT00522613",
    "conditions": [
      "Bipolar Disorder",
      "Schizoaffective Disorder",
      "Schizophrenia"
    ],
    "pico_attributes": {
      "populations": {
        "minimum_age": "18 Years",
        "maximum_age": "NA",
        "country": "United States",
        "gender": "ALL"
      },
      "interventions": [
        "Group Object",
        "Project",
        "Recovery - action"
      ],
      "outcomes": []
    }
  },
  {
    "nct_id": "NCT00522626",
    "conditions": [
      "Drug abuse",
      "Pregnancy"
    ],
    "pico_attributes": {
      "populations": {
        "minimum_age": "18 Years",
        "maximum_age": "40 Years",
        "country": "United States",
        "gender": "FEMALE"
      },
      "interventions": [
        "Cardiotochogram",
        "Maternal Relative"
      ],
      "outcomes": [
        "Heart Rate, Fetal",
        "Maternal Physiology",
        "Observation parameter"
      ]
    }
  },
  {
    "nct_id": "NCT00522639",
    "conditions": [
      "Carcinoma of lung",
      "Non-Small Cell Lung Carcinoma",
      "Small cell carcinoma of lung"
    ],
    "pico_attributes": {
      "populations": {
        "minimum_age": "18 Years",
        "maximum_age": "NA",
        "country": "Netherlands",
        "gender": "ALL"
      },
      "interventions": [
        "Deoxyglucose",
        "SMUG1 gene"
      ],
      "outcomes": []
    }
  },
  {
    "nct_id": "NCT00522652",
    "conditions": [
      "Adult Lymphoma",
      "Advanced Malignant Solid Neoplasm"
    ],
    "pico_attributes": {
      "populations": {
        "minimum_age": "18 Years",
        "maximum_age": "NA",
        "country": "United States",
        "gender": "ALL"
      },
      "interventions": [
        "PX-478"
      ],
      "outcomes": []
    }
  },
  {
    "nct_id": "NCT00522665",
    "conditions": [
      "Colorectal Cancer Pathway"
    ],
    "pico_attributes": {
      "populations": {
        "minimum_age": "18 Years",
        "maximum_age": "NA",
        "country": "United States",
        "gender": "ALL"
      },
      "interventions": [
        "RAD 001",
        "cetuximab",
        "irinotecan"
      ],
      "outcomes": []
    }
  },
  {
    "nct_id": "NCT00522678",
    "conditions": [
      "Asthma"
    ],
    "pico_attributes": {
      "populations": {
        "minimum_age": "18 Years",
        "maximum_age": "65 Years",
        "country": "Australia",
        "gender": "ALL"
      },
      "interventions": [
        "Placebo Control"
      ],
      "outcomes": []
    }
  },
  {
    "nct_id": "NCT00522691",
    "conditions": [
      "Fecal Incontinence"
    ],
    "pico_attributes": {
      "populations": {
        "minimum_age": "NA",
        "maximum_age": "NA",
        "country": "Switzerland",
        "gender": "ALL"
      },
      "interventions": [
        "Sacral nerve",
        "Stimulation (motivation)"
      ],
      "outcomes": []
    }
  },
  {
    "nct_id": "NCT00522704",
    "conditions": [
      "Arteriovenous fistula"
    ],
    "pico_attributes": {
      "populations": {
        "minimum_age": "18 Years",
        "maximum_age": "80 Years",
        "country": "Mexico",
        "gender": "ALL"
      },
      "interventions": [],
      "outcomes": []
    }
  },
  {
    "nct_id": "NCT00522717",
    "conditions": [
      "Coronary Arteriosclerosis",
      "Depressed mood"
    ],
    "pico_attributes": {
      "populations": {
        "minimum_age": "45 Years",
        "maximum_age": "NA",
        "country": "United States",
        "gender": "ALL"
      },
      "interventions": [
        "Usual",
        "care activity"
      ],
      "outcomes": []
    }
  },
  {
    "nct_id": "NCT00522730",
    "conditions": [
      "Critical Illness",
      "Hepatic Insufficiency"
    ],
    "pico_attributes": {
      "populations": {
        "minimum_age": "18 Years",
        "maximum_age": "85 Years",
        "country": "Belgium",
        "gender": "ALL"
      },
      "interventions": [
        "Enteral Feeding",
        "Parenteral Nutrition"
      ],
      "outcomes": []
    }
  },
  {
    "nct_id": "NCT00522743",
    "conditions": [
      "Growth"
    ],
    "pico_attributes": {
      "populations": {
        "minimum_age": "9 Years",
        "maximum_age": "13 Years",
        "country": "Israel",
        "gender": "MALE"
      },
      "interventions": [
        "Growth Hormone",
        "Luteinizing Hormone-releasing Hormone Agonist"
      ],
      "outcomes": []
    }
  },
  {
    "nct_id": "NCT00522756",
    "conditions": [
      "Kidney Failure",
      "acute"
    ],
    "pico_attributes": {
      "populations": {
        "minimum_age": "18 Years",
        "maximum_age": "NA",
        "country": "Canada",
        "gender": "ALL"
      },
      "interventions": [
        "sodium bicarbonate",
        "sodium chloride"
      ],
      "outcomes": []
    }
  },
  {
    "nct_id": "NCT00522769",
    "conditions": [
      "Bulimia Nervosa"
    ],
    "pico_attributes": {
      "populations": {
        "minimum_age": "12 Years",
        "maximum_age": "18 Years",
        "country": "United States",
        "gender": "FEMALE"
      },
      "interventions": [
        "Cognitive Therapy"
      ],
      "outcomes": []
    }
  },
  {
    "nct_id": "NCT00522782",
    "conditions": [
      "Asthma"
    ],
    "pico_attributes": {
      "populations": {
        "minimum_age": "4 Years",
        "maximum_age": "6 Years",
        "country": "United States",
        "gender": "ALL"
      },
      "interventions": [
        "ANALYZER, NITRIC OXIDE",
        "budesonide",
        "nebulized - CHV concept"
      ],
      "outcomes": []
    }
  },
  {
    "nct_id": "NCT00522795",
    "conditions": [
      "Childhood Esophageal Carcinoma"
    ],
    "pico_attributes": {
      "populations": {
        "minimum_age": "19 Years",
        "maximum_age": "NA",
        "country": "United States",
        "gender": "ALL"
      },
      "interventions": [
        "Electromagnetic Radiation",
        "PPP4C gene",
        "cisplatin"
      ],
      "outcomes": [
        "Compleat Liquid Nutrition",
        "Pathologic Response"
      ]
    }
  }
]