[
  {
    "nct_id": "NCT00004067",
    "conditions": [
      "Breast Carcinoma"
    ],
    "pico_attributes": {
      "populations": {
        "minimum_age": "18 Years",
        "maximum_age": "NA",
        "country": "United States",
        "gender": "FEMALE"
      },
      "interventions": [
        "Adriamycin",
        "Herceptin",
        "Taxol",
        "cyclophosphamide"
      ],
      "outcomes": []
    }
  },
  {
    "nct_id": "NCT00004068",
    "conditions": [
      "Brain",
      "Central Nervous System Neoplasms"
    ],
    "pico_attributes": {
      "populations": {
        "minimum_age": "3 Years",
        "maximum_age": "21 Years",
        "country": "United States",
        "gender": "ALL"
      },
      "interventions": [
        "Conventional Surgery",
        "Therapeutic radiology procedure",
        "irinotecan hydrochloride",
        "temozolomide"
      ],
      "outcomes": []
    }
  },
  {
    "nct_id": "NCT00004070",
    "conditions": [
      "Head and Neck Carcinoma"
    ],
    "pico_attributes": {
      "populations": {
        "minimum_age": "18 Years",
        "maximum_age": "NA",
        "country": "United States",
        "gender": "ALL"
      },
      "interventions": [
        "Recombinant Interleukin-12"
      ],
      "outcomes": []
    }
  },
  {
    "nct_id": "NCT00004071",
    "conditions": [
      "Malignant neoplasm of prostate"
    ],
    "pico_attributes": {
      "populations": {
        "minimum_age": "18 Years",
        "maximum_age": "NA",
        "country": "United States",
        "gender": "MALE"
      },
      "interventions": [
        "leflunomide",
        "mitoxantrone hydrochloride",
        "prednisone"
      ],
      "outcomes": []
    }
  },
  {
    "nct_id": "NCT00004072",
    "conditions": [
      "Multiple Myeloma",
      "Plasma Cell Neoplasm"
    ],
    "pico_attributes": {
      "populations": {
        "minimum_age": "NA",
        "maximum_age": "NA",
        "country": "United States",
        "gender": "ALL"
      },
      "interventions": [
        "O(6)-benzylguanine",
        "carmustine"
      ],
      "outcomes": []
    }
  },
  {
    "nct_id": "NCT00004073",
    "conditions": [
      "Brain",
      "Central Nervous System Neoplasms"
    ],
    "pico_attributes": {
      "populations": {
        "minimum_age": "18 Years",
        "maximum_age": "NA",
        "country": "United States",
        "gender": "ALL"
      },
      "interventions": [
        "Therapeutic radiology procedure",
        "suramin"
      ],
      "outcomes": []
    }
  },
  {
    "nct_id": "NCT00004074",
    "conditions": [
      "Adenocarcinoma of small intestine",
      "Adrenocortical carcinoma",
      "Anal cancer recurrent",
      "Anal carcinoma",
      "Anaplastic thyroid carcinoma",
      "Anatomic Stage IIIA Breast Cancer AJCC v8",
      "Carcinoid tumor of lung",
      "Carcinoma of Male Breast",
      "Carcinoma of the Appendix",
      "Cervical carcinoma stage IVB",
      "Distal Urethral Carcinoma",
      "Endometrial Carcinoma",
      "Endometrial cancer stage III",
      "Episodic",
      "Epithelial",
      "Fallopian Tube Carcinoma",
      "Follicular thyroid carcinoma",
      "Gastrinoma",
      "Glucagonoma",
      "IV number:ID:Pt:^Patient:Nom",
      "Inflammatory Breast Carcinoma",
      "Laryngeal Squamous Cell Carcinoma",
      "Laryngeal squamous cell carcinoma stage III",
      "Localized Non-Resectable Adult Liver Carcinoma",
      "Malignant neoplasm of gallbladder recurrent",
      "Malignant neoplasm of salivary gland",
      "Malignant neoplasm of stomach",
      "Malignant neoplasm of stomach stage III",
      "Malignant pericardial effusion",
      "Malignant tumor of peritoneum",
      "Medullary carcinoma of thyroid",
      "Metastatic Digestive System Neuroendocrine Tumor G1",
      "Metastatic Disease Clinical Trial Setting",
      "Metastatic Parathyroid Gland Carcinoma",
      "NCI CTEP SDC Non-Small Cell Lung Cancer Sub-Category Terminology",
      "Occult Lung Non-Small Cell Carcinoma",
      "Oral Cavity Adenoid Cystic Carcinoma",
      "Oral Cavity Mucoepidermoid Carcinoma",
      "Oral cavity",
      "Ovarian cancer stage III",
      "Ovarian cancer stage IV",
      "Pancreatic Cholera",
      "Pancreatic Polypeptide Tumor",
      "Pancreatic Somatostatinoma",
      "Pancreatic carcinoma stage III",
      "Papillary thyroid carcinoma",
      "Pathologic Stage IIIB Gastric Cancer AJCC v8",
      "Phase",
      "Pleural Effusion, Malignant",
      "Posterior Urethral Malignant Neoplasm",
      "Recurrent Adrenal Cortex Carcinoma",
      "Recurrent Adult Liver Carcinoma",
      "Recurrent Bladder Carcinoma",
      "Recurrent Breast Carcinoma",
      "Recurrent Carcinoma of Unknown Primary",
      "Recurrent Cervical Carcinoma",
      "Recurrent Colon Carcinoma",
      "Recurrent Digestive System Neuroendocrine Tumor G1",
      "Recurrent Endometrial Cancer",
      "Recurrent Esophageal Carcinoma",
      "Recurrent Extrahepatic Bile Duct Carcinoma",
      "Recurrent Laryngeal Squamous Cell Carcinoma",
      "Recurrent Lung Non-Small Cell Carcinoma",
      "Recurrent Malignant Testicular Germ Cell Tumor",
      "Recurrent Nasopharyngeal Keratinizing Squamous Cell Carcinoma",
      "Recurrent Oral Cavity Adenoid Cystic Carcinoma",
      "Recurrent Oral Cavity Mucoepidermoid Carcinoma",
      "Recurrent Oropharyngeal Squamous Cell Carcinoma",
      "Recurrent Pancreatic Carcinoma",
      "Recurrent Parathyroid Gland Carcinoma",
      "Recurrent Prostate Carcinoma",
      "Recurrent Rectal Cancer",
      "Recurrent Salivary Gland Cancer",
      "Recurrent Small Intestinal Carcinoma",
      "Recurrent Thyroid Carcinoma",
      "Recurrent Urethral Cancer",
      "Recurrent Vaginal Carcinoma",
      "Recurrent Vulvar Carcinoma",
      "Recurrent ovarian cancer",
      "Renal Pelvis Urothelial Carcinoma",
      "Renal cancer recurrent",
      "Salivary gland cancer stage III",
      "Secondary malignant neoplasm of bone",
      "Secondary malignant neoplasm of liver",
      "Secondary malignant neoplasm of lung",
      "Secondary malignant neoplasm of skin",
      "Squamous Epithelial Cells",
      "Squamous cell carcinoma of lip",
      "Squamous cell carcinoma of nasopharynx",
      "Squamous cell carcinoma of oropharynx",
      "Stage III Adrenal Cortex Carcinoma AJCC v7",
      "Stage III Bladder Cancer AJCC v6 and v7",
      "Stage III Cervical Cancer AJCC v6 and v7",
      "Stage III Colon Cancer",
      "Stage III Esophageal Cancer",
      "Stage III Lip Cancer AJCC v6 and v7",
      "Stage III Nasopharyngeal Keratinizing Squamous Cell Carcinoma AJCC v7",
      "Stage III Oral Cavity Adenoid Cystic Carcinoma AJCC v6 and v7",
      "Stage III Oral Cavity Mucoepidermoid Carcinoma AJCC v6 and v7",
      "Stage III Oropharyngeal Squamous Cell Carcinoma AJCC v7",
      "Stage III Prostate Cancer AJCC v7",
      "Stage III Rectal Cancer AJCC v6",
      "Stage III Renal Cell Cancer AJCC v7",
      "Stage III Thyroid Gland Follicular Carcinoma AJCC v7",
      "Stage III Vaginal Cancer AJCC v6 and v7",
      "Stage III Vulvar Cancer AJCC v6",
      "Stage IIIA Anal Canal Cancer AJCC v6 and v7",
      "Stage IIIA Lung Non-Small Cell Cancer AJCC v7",
      "Stage IIIB Breast Carcinoma",
      "Stage IV Colon Carcinoma",
      "Stage IV Prostate Carcinoma",
      "Stage IV Rectal Carcinoma",
      "Stage IV Renal Cell Cancer",
      "Stage IVA Cervical Cancer AJCC v6 and v7",
      "Stage IVA Vaginal Cancer AJCC v6 and v7",
      "Stage IVB Vaginal Cancer AJCC v6 and v7",
      "Stage IVB Vulvar Cancer AJCC v6 and v7",
      "Stage level 3",
      "Unresectable Extrahepatic Bile Duct Carcinoma",
      "Unresectable Gallbladder Carcinoma",
      "Ureter",
      "advanced adult primary liver cancer",
      "insulinoma",
      "malignant neoplasm of breast staging",
      "newly diagnosed carcinoma of unknown primary",
      "recurrent gastric cancer",
      "recurrent islet cell carcinoma",
      "stage III papillary thyroid cancer",
      "stage III testicular cancer",
      "stage IV esophageal cancer",
      "stage IV pancreatic cancer",
      "stage, bladder cancer",
      "urethral carcinoma associated with invasive bladder cancer"
    ],
    "pico_attributes": {
      "populations": {
        "minimum_age": "18 Years",
        "maximum_age": "NA",
        "country": "United States",
        "gender": "ALL"
      },
      "interventions": [
        "ABI-007/carboplatin/trastuzumab",
        "Recombinant Interleukin-12"
      ],
      "outcomes": []
    }
  },
  {
    "nct_id": "NCT00004075",
    "conditions": [
      "Adult Lymphoma",
      "Adult Solid Neoplasm",
      "Clinical trial protocol",
      "Entity Determiner - specific",
      "External cause codes: Unspecified"
    ],
    "pico_attributes": {
      "populations": {
        "minimum_age": "18 Years",
        "maximum_age": "NA",
        "country": "United States",
        "gender": "ALL"
      },
      "interventions": [
        "tanespimycin"
      ],
      "outcomes": []
    }
  },
  {
    "nct_id": "NCT00004076",
    "conditions": [
      "Adult Solid Neoplasm",
      "Clinical trial protocol",
      "Entity Determiner - specific",
      "External cause codes: Unspecified"
    ],
    "pico_attributes": {
      "populations": {
        "minimum_age": "18 Years",
        "maximum_age": "NA",
        "country": "United Kingdom",
        "gender": "ALL"
      },
      "interventions": [
        "Mureletecan"
      ],
      "outcomes": []
    }
  },
  {
    "nct_id": "NCT00004077",
    "conditions": [
      "Childhood Testicular Germ Cell Tumor"
    ],
    "pico_attributes": {
      "populations": {
        "minimum_age": "16 Years",
        "maximum_age": "64 Years",
        "country": "United Kingdom",
        "gender": "MALE"
      },
      "interventions": [
        "cisplatin",
        "ifosfamide",
        "paclitaxel"
      ],
      "outcomes": []
    }
  },
  {
    "nct_id": "NCT00004078",
    "conditions": [
      "Childhood Central Nervous System Germ Cell Tumor",
      "Childhood Choroid Plexus Neoplasm",
      "Childhood Craniopharyngioma",
      "Childhood Grade I Meningioma",
      "Childhood Grade II Meningioma",
      "Childhood Grade III Meningioma",
      "Childhood Infratentorial Ependymoma",
      "Childhood Oligodendroglioma",
      "Childhood Solid Neoplasm",
      "Childhood Supratentorial Ependymoma",
      "Clinical trial protocol",
      "Entity Determiner - specific",
      "External cause codes: Unspecified",
      "Glioblastoma Multiforme Pathway",
      "Hypothalamic structure",
      "Previously Treated Childhood Rhabdomyosarcoma",
      "Recurrent Childhood Acute Lymphoblastic Leukemia",
      "Recurrent Childhood Cerebellar Astrocytoma",
      "Recurrent Childhood Cerebral Astrocytoma",
      "Recurrent Childhood Ependymoma",
      "Recurrent Childhood Medulloblastoma",
      "Recurrent Childhood Rhabdomyosarcoma",
      "Recurrent Childhood Visual Pathway Glioma",
      "Recurrent Neuroblastoma",
      "Recurrent Osteosarcoma",
      "Recurrent tumors of the Ewing's family",
      "Visual Pathways"
    ],
    "pico_attributes": {
      "populations": {
        "minimum_age": "1 Year",
        "maximum_age": "21 Years",
        "country": "United States",
        "gender": "ALL"
      },
      "interventions": [
        "irinotecan hydrochloride"
      ],
      "outcomes": []
    }
  },
  {
    "nct_id": "NCT00004079",
    "conditions": [
      "Adult Solid Neoplasm",
      "Clinical trial protocol",
      "Entity Determiner - specific",
      "External cause codes: Unspecified"
    ],
    "pico_attributes": {
      "populations": {
        "minimum_age": "18 Years",
        "maximum_age": "NA",
        "country": "United States",
        "gender": "ALL"
      },
      "interventions": [
        "2-((((2-chloroethyl)nitrosoamino)carbonyl)amino)propanamide",
        "Laboratory Biomarker Analysis",
        "Pharmacological Study"
      ],
      "outcomes": []
    }
  },
  {
    "nct_id": "NCT00004080",
    "conditions": [
      "Brain",
      "Central Nervous System Neoplasms"
    ],
    "pico_attributes": {
      "populations": {
        "minimum_age": "18 Years",
        "maximum_age": "NA",
        "country": "",
        "gender": "ALL"
      },
      "interventions": [
        "Conventional Surgery",
        "Recombinant Adenovirus-p53 SCH-58500"
      ],
      "outcomes": []
    }
  },
  {
    "nct_id": "NCT00004081",
    "conditions": [
      "Carcinoma, Ovarian Epithelial",
      "Malignant tumor of peritoneum"
    ],
    "pico_attributes": {
      "populations": {
        "minimum_age": "18 Years",
        "maximum_age": "NA",
        "country": "United States",
        "gender": "FEMALE"
      },
      "interventions": [
        "docetaxel"
      ],
      "outcomes": []
    }
  },
  {
    "nct_id": "NCT00004082",
    "conditions": [
      "Carcinoma, Ovarian Epithelial",
      "Endometrial Carcinoma",
      "Fallopian Tube Carcinoma",
      "Malignant tumor of peritoneum"
    ],
    "pico_attributes": {
      "populations": {
        "minimum_age": "18 Years",
        "maximum_age": "NA",
        "country": "United States",
        "gender": "ALL"
      },
      "interventions": [
        "carboplatin",
        "docetaxel",
        "gemcitabine hydrochloride"
      ],
      "outcomes": []
    }
  },
  {
    "nct_id": "NCT00004083",
    "conditions": [
      "Carcinoma, Ovarian Epithelial"
    ],
    "pico_attributes": {
      "populations": {
        "minimum_age": "18 Years",
        "maximum_age": "NA",
        "country": "United States",
        "gender": "FEMALE"
      },
      "interventions": [
        "Liposomes",
        "cisplatin"
      ],
      "outcomes": []
    }
  },
  {
    "nct_id": "NCT00004084",
    "conditions": [
      "Adult Lymphoma",
      "Childhood Leukemia"
    ],
    "pico_attributes": {
      "populations": {
        "minimum_age": "18 Years",
        "maximum_age": "NA",
        "country": "United States",
        "gender": "ALL"
      },
      "interventions": [
        "In 111 Monoclonal Antibody LL2",
        "Yttrium Y-90 Epratuzumab"
      ],
      "outcomes": []
    }
  },
  {
    "nct_id": "NCT00004085",
    "conditions": [
      "Breast Carcinoma"
    ],
    "pico_attributes": {
      "populations": {
        "minimum_age": "18 Years",
        "maximum_age": "NA",
        "country": "United States",
        "gender": "ALL"
      },
      "interventions": [
        "CSF3 gene",
        "Peripheral Stem Cell Transplantation",
        "Yttrium Y 90 Monoclonal Antibody MN-14"
      ],
      "outcomes": []
    }
  },
  {
    "nct_id": "NCT00004086",
    "conditions": [
      "Adult Lymphoma",
      "Childhood Leukemia"
    ],
    "pico_attributes": {
      "populations": {
        "minimum_age": "18 Years",
        "maximum_age": "NA",
        "country": "United States",
        "gender": "ALL"
      },
      "interventions": [
        "CSF3 gene",
        "In 111 Monoclonal Antibody LL2",
        "Peripheral Stem Cell Transplantation",
        "Yttrium Y-90 Epratuzumab",
        "cisplatin",
        "cytarabine",
        "etoposide",
        "ifosfamide"
      ],
      "outcomes": []
    }
  },
  {
    "nct_id": "NCT00004087",
    "conditions": [
      "Colorectal Cancer Pathway",
      "Malignant neoplasm of pancreas"
    ],
    "pico_attributes": {
      "populations": {
        "minimum_age": "18 Years",
        "maximum_age": "80 Years",
        "country": "United States",
        "gender": "ALL"
      },
      "interventions": [
        "CSF3 gene",
        "In 111 Monoclonal Antibody MN-14",
        "Peripheral Stem Cell Transplantation",
        "Yttrium Y 90 Monoclonal Antibody MN-14"
      ],
      "outcomes": []
    }
  },
  {
    "nct_id": "NCT00004088",
    "conditions": [
      "Multiple Myeloma",
      "Plasma Cell Neoplasm"
    ],
    "pico_attributes": {
      "populations": {
        "minimum_age": "NA",
        "maximum_age": "65 Years",
        "country": "United States",
        "gender": "ALL"
      },
      "interventions": [
        "CSF3 gene",
        "Peripheral Stem Cell Transplantation",
        "Recombinant Interferon Alfa",
        "busulfan",
        "cyclophosphamide",
        "melphalan",
        "pamidronate",
        "thalidomide"
      ],
      "outcomes": [
        "Autologous (qualifier value)",
        "Before",
        "Best Overall Response",
        "Disease Response",
        "Hemopoietic stem cell transplant",
        "Maintenance",
        "Overall Survival",
        "Post",
        "Progression-Free Survival",
        "TANDEM",
        "Three",
        "month",
        "per year"
      ]
    }
  },
  {
    "nct_id": "NCT00004089",
    "conditions": [
      "Head and Neck Carcinoma"
    ],
    "pico_attributes": {
      "populations": {
        "minimum_age": "15 Years",
        "maximum_age": "80 Years",
        "country": "United States",
        "gender": "ALL"
      },
      "interventions": [
        "CSF3 gene",
        "Conventional Surgery",
        "Therapeutic radiology procedure",
        "fluorouracil",
        "hydroxyurea",
        "paclitaxel"
      ],
      "outcomes": []
    }
  },
  {
    "nct_id": "NCT00004090",
    "conditions": [
      "Adult Solid Neoplasm",
      "Clinical trial protocol",
      "Entity Determiner - specific",
      "External cause codes: Unspecified"
    ],
    "pico_attributes": {
      "populations": {
        "minimum_age": "18 Years",
        "maximum_age": "NA",
        "country": "United States",
        "gender": "ALL"
      },
      "interventions": [
        "cisplatin",
        "gemcitabine hydrochloride"
      ],
      "outcomes": []
    }
  },
  {
    "nct_id": "NCT00004091",
    "conditions": [
      "Cervix carcinoma"
    ],
    "pico_attributes": {
      "populations": {
        "minimum_age": "NA",
        "maximum_age": "NA",
        "country": "United States",
        "gender": "FEMALE"
      },
      "interventions": [
        "Colposcopic Biopsy",
        "Cytology Specimen Collection Procedure",
        "Fluorescent Antibody Technique",
        "Pap smear",
        "Study of High Risk Factors"
      ],
      "outcomes": []
    }
  },
  {
    "nct_id": "NCT00004092",
    "conditions": [
      "Breast Carcinoma"
    ],
    "pico_attributes": {
      "populations": {
        "minimum_age": "NA",
        "maximum_age": "60 Years",
        "country": "United States",
        "gender": "ALL"
      },
      "interventions": [
        "CSF3 gene",
        "Peripheral Stem Cell Transplantation",
        "carboplatin",
        "cyclophosphamide",
        "doxorubicin hydrochloride",
        "paclitaxel",
        "thiotepa"
      ],
      "outcomes": [
        "Continuance of life",
        "Empty (qualifier)",
        "Five",
        "Global Relapse",
        "Overall Survival",
        "per year"
      ]
    }
  },
  {
    "nct_id": "NCT00004093",
    "conditions": [
      "Carcinoma of lung"
    ],
    "pico_attributes": {
      "populations": {
        "minimum_age": "18 Years",
        "maximum_age": "NA",
        "country": "United States",
        "gender": "ALL"
      },
      "interventions": [
        "Navelbine",
        "Taxol",
        "Therapeutic radiology procedure",
        "carboplatin",
        "gemcitabine",
        "paclitaxel",
        "vinorelbine"
      ],
      "outcomes": []
    }
  },
  {
    "nct_id": "NCT00004094",
    "conditions": [
      "Head and Neck Carcinoma"
    ],
    "pico_attributes": {
      "populations": {
        "minimum_age": "15 Years",
        "maximum_age": "80 Years",
        "country": "United States",
        "gender": "ALL"
      },
      "interventions": [
        "Conventional Surgery",
        "Therapeutic radiology procedure",
        "carboplatin",
        "fluorouracil",
        "hydroxyurea",
        "paclitaxel"
      ],
      "outcomes": []
    }
  },
  {
    "nct_id": "NCT00004095",
    "conditions": [
      "Bladder Cancer Pathway",
      "Breast Carcinoma",
      "Carcinoma of lung",
      "Colorectal Cancer Pathway",
      "Malignant neoplasm of kidney",
      "Malignant neoplasm of pancreas"
    ],
    "pico_attributes": {
      "populations": {
        "minimum_age": "18 Years",
        "maximum_age": "120 Years",
        "country": "United States",
        "gender": "ALL"
      },
      "interventions": [
        "gemcitabine hydrochloride",
        "irinotecan hydrochloride"
      ],
      "outcomes": []
    }
  },
  {
    "nct_id": "NCT00004096",
    "conditions": [
      "Carcinoma of lung"
    ],
    "pico_attributes": {
      "populations": {
        "minimum_age": "18 Years",
        "maximum_age": "NA",
        "country": "United States",
        "gender": "ALL"
      },
      "interventions": [
        "carboplatin",
        "vinorelbine tartrate"
      ],
      "outcomes": []
    }
  },
  {
    "nct_id": "NCT00004097",
    "conditions": [
      "Head and Neck Carcinoma"
    ],
    "pico_attributes": {
      "populations": {
        "minimum_age": "18 Years",
        "maximum_age": "NA",
        "country": "United States",
        "gender": "ALL"
      },
      "interventions": [
        "Therapeutic radiology procedure",
        "fluorouracil",
        "gemcitabine hydrochloride",
        "paclitaxel"
      ],
      "outcomes": []
    }
  },
  {
    "nct_id": "NCT00004099",
    "conditions": [
      "Malignant neoplasm of stomach"
    ],
    "pico_attributes": {
      "populations": {
        "minimum_age": "18 Years",
        "maximum_age": "69 Years",
        "country": "Portugal",
        "gender": "ALL"
      },
      "interventions": [
        "Neoadjuvant Therapy",
        "cisplatin",
        "fluorouracil",
        "leucovorin calcium"
      ],
      "outcomes": []
    }
  },
  {
    "nct_id": "NCT00004100",
    "conditions": [
      "Carcinoma of lung"
    ],
    "pico_attributes": {
      "populations": {
        "minimum_age": "NA",
        "maximum_age": "69 Years",
        "country": "Italy",
        "gender": "ALL"
      },
      "interventions": [
        "cisplatin",
        "gemcitabine hydrochloride",
        "vinorelbine tartrate"
      ],
      "outcomes": []
    }
  },
  {
    "nct_id": "NCT00004101",
    "conditions": [
      "Adult Lymphoma"
    ],
    "pico_attributes": {
      "populations": {
        "minimum_age": "18 Years",
        "maximum_age": "NA",
        "country": "United States",
        "gender": "ALL"
      },
      "interventions": [
        "apolizumab"
      ],
      "outcomes": []
    }
  },
  {
    "nct_id": "NCT00004102",
    "conditions": [
      "Colorectal Cancer Pathway"
    ],
    "pico_attributes": {
      "populations": {
        "minimum_age": "18 Years",
        "maximum_age": "NA",
        "country": "United States",
        "gender": "ALL"
      },
      "interventions": [
        "FOLFOX Regimen",
        "fluorouracil",
        "leucovorin calcium",
        "oxaliplatin"
      ],
      "outcomes": []
    }
  },
  {
    "nct_id": "NCT00004103",
    "conditions": [
      "Malignant neoplasm of stomach"
    ],
    "pico_attributes": {
      "populations": {
        "minimum_age": "18 Years",
        "maximum_age": "NA",
        "country": "United States",
        "gender": "ALL"
      },
      "interventions": [
        "Adjuvant Therapy",
        "Conventional Surgery",
        "Neoadjuvant Therapy",
        "cisplatin",
        "floxuridine",
        "irinotecan hydrochloride"
      ],
      "outcomes": []
    }
  },
  {
    "nct_id": "NCT00004104",
    "conditions": [
      "Melanoma Pathway",
      "Skin"
    ],
    "pico_attributes": {
      "populations": {
        "minimum_age": "18 Years",
        "maximum_age": "75 Years",
        "country": "United States",
        "gender": "ALL"
      },
      "interventions": [
        "Interleukin-2 Liposome",
        "Recombinant Interferon Alfa",
        "polyvalent melanoma cell vaccine"
      ],
      "outcomes": []
    }
  },
  {
    "nct_id": "NCT00004105",
    "conditions": [
      "Adult Lymphoma",
      "Adult Solid Neoplasm",
      "Childhood Leukemia",
      "Clinical trial protocol",
      "Entity Determiner - specific",
      "External cause codes: Unspecified",
      "Malignant neoplasm of soft tissue"
    ],
    "pico_attributes": {
      "populations": {
        "minimum_age": "18 Years",
        "maximum_age": "NA",
        "country": "United States",
        "gender": "ALL"
      },
      "interventions": [
        "estramustine phosphate sodium",
        "paclitaxel",
        "vinorelbine tartrate"
      ],
      "outcomes": []
    }
  },
  {
    "nct_id": "NCT00004106",
    "conditions": [
      "Adult Lymphoma"
    ],
    "pico_attributes": {
      "populations": {
        "minimum_age": "18 Years",
        "maximum_age": "NA",
        "country": "United States",
        "gender": "ALL"
      },
      "interventions": [
        "temozolomide"
      ],
      "outcomes": []
    }
  },
  {
    "nct_id": "NCT00004107",
    "conditions": [
      "Adult Lymphoma",
      "Childhood Leukemia"
    ],
    "pico_attributes": {
      "populations": {
        "minimum_age": "18 Years",
        "maximum_age": "80 Years",
        "country": "United States",
        "gender": "ALL"
      },
      "interventions": [
        "CSF3 gene",
        "In 111 Monoclonal Antibody MN-14",
        "Peripheral Stem Cell Transplantation",
        "Yttrium Y-90 Epratuzumab"
      ],
      "outcomes": []
    }
  },
  {
    "nct_id": "NCT00004108",
    "conditions": [
      "Adult Liver Carcinoma"
    ],
    "pico_attributes": {
      "populations": {
        "minimum_age": "16 Years",
        "maximum_age": "NA",
        "country": "United States",
        "gender": "ALL"
      },
      "interventions": [
        "exatecan mesylate"
      ],
      "outcomes": []
    }
  },
  {
    "nct_id": "NCT00004109",
    "conditions": [
      "Malignant neoplasm of soft tissue"
    ],
    "pico_attributes": {
      "populations": {
        "minimum_age": "16 Years",
        "maximum_age": "NA",
        "country": "United States",
        "gender": "ALL"
      },
      "interventions": [
        "doxorubicin hydrochloride"
      ],
      "outcomes": []
    }
  },
  {
    "nct_id": "NCT00004110",
    "conditions": [
      "Central neuroblastoma"
    ],
    "pico_attributes": {
      "populations": {
        "minimum_age": "NA",
        "maximum_age": "NA",
        "country": "United States",
        "gender": "ALL"
      },
      "interventions": [
        "etoposide",
        "isotretinoin",
        "monoclonal antibody 3F8"
      ],
      "outcomes": []
    }
  },
  {
    "nct_id": "NCT00004112",
    "conditions": [
      "Adult Lymphoma"
    ],
    "pico_attributes": {
      "populations": {
        "minimum_age": "19 Years",
        "maximum_age": "120 Years",
        "country": "United States",
        "gender": "ALL"
      },
      "interventions": [
        "CHOP protocol-cyclophosphamide/doxorubicin/prednisone/vincristine",
        "cyclophosphamide",
        "doxorubicin hydrochloride",
        "prednisone",
        "rituximab",
        "vincristine sulfate"
      ],
      "outcomes": []
    }
  },
  {
    "nct_id": "NCT00004113",
    "conditions": [
      "Brain",
      "Central Nervous System Neoplasms"
    ],
    "pico_attributes": {
      "populations": {
        "minimum_age": "18 Years",
        "maximum_age": "NA",
        "country": "United States",
        "gender": "ALL"
      },
      "interventions": [
        "temozolomide"
      ],
      "outcomes": []
    }
  },
  {
    "nct_id": "NCT00004114",
    "conditions": [
      "Adult Lymphoma",
      "Childhood Leukemia",
      "MYELODYSPLASTIC SYNDROME"
    ],
    "pico_attributes": {
      "populations": {
        "minimum_age": "18 Years",
        "maximum_age": "NA",
        "country": "United States",
        "gender": "ALL"
      },
      "interventions": [
        "CSF3 gene",
        "Peripheral Stem Cell Transplantation",
        "cyclophosphamide",
        "cytarabine",
        "fludarabine phosphate"
      ],
      "outcomes": []
    }
  },
  {
    "nct_id": "NCT00004115",
    "conditions": [
      "Carcinoma, Ovarian Epithelial",
      "Malignant tumor of peritoneum"
    ],
    "pico_attributes": {
      "populations": {
        "minimum_age": "18 Years",
        "maximum_age": "NA",
        "country": "United Kingdom",
        "gender": "FEMALE"
      },
      "interventions": [
        "Y 90 Monoclonal Antibody HMFG1"
      ],
      "outcomes": []
    }
  },
  {
    "nct_id": "NCT00004122",
    "conditions": [
      "Bladder Cancer Pathway"
    ],
    "pico_attributes": {
      "populations": {
        "minimum_age": "18 Years",
        "maximum_age": "NA",
        "country": "United States",
        "gender": "ALL"
      },
      "interventions": [
        "BCG Vaccine",
        "Recombinant Interferon Alfa"
      ],
      "outcomes": []
    }
  },
  {
    "nct_id": "NCT00004123",
    "conditions": [
      "Malignant neoplasm of soft tissue"
    ],
    "pico_attributes": {
      "populations": {
        "minimum_age": "18 Years",
        "maximum_age": "NA",
        "country": "United States",
        "gender": "ALL"
      },
      "interventions": [
        "Conventional Surgery",
        "doxorubicin",
        "doxorubicin hydrochloride"
      ],
      "outcomes": []
    }
  },
  {
    "nct_id": "NCT00004124",
    "conditions": [
      "Malignant neoplasm of prostate"
    ],
    "pico_attributes": {
      "populations": {
        "minimum_age": "18 Years",
        "maximum_age": "120 Years",
        "country": "United States",
        "gender": "MALE"
      },
      "interventions": [
        "bicalutamide",
        "goserelin",
        "mitoxantrone hydrochloride",
        "prednisone"
      ],
      "outcomes": [
        "Comparison",
        "Disease-Free Survival",
        "Overall Survival",
        "PROS1 wt Allele",
        "Patients",
        "Progression-Free Survival",
        "Qualitative",
        "Quantitative",
        "Raised prostate specific antigen",
        "Regimen - CHV concept",
        "Surrogate Endpoints",
        "Toxic effect"
      ]
    }
  },
  {
    "nct_id": "NCT00004125",
    "conditions": [
      "Breast Carcinoma"
    ],
    "pico_attributes": {
      "populations": {
        "minimum_age": "18 Years",
        "maximum_age": "120 Years",
        "country": "United States",
        "gender": "FEMALE"
      },
      "interventions": [
        "Therapeutic radiology procedure",
        "cyclophosphamide",
        "docetaxel",
        "doxorubicin hydrochloride",
        "paclitaxel",
        "tamoxifen citrate"
      ],
      "outcomes": []
    }
  },
  {
    "nct_id": "NCT00004126",
    "conditions": [
      "Carcinoma of lung"
    ],
    "pico_attributes": {
      "populations": {
        "minimum_age": "18 Years",
        "maximum_age": "NA",
        "country": "United States",
        "gender": "ALL"
      },
      "interventions": [
        "oxaliplatin",
        "paclitaxel"
      ],
      "outcomes": []
    }
  },
  {
    "nct_id": "NCT00004127",
    "conditions": [
      "Childhood Esophageal Carcinoma",
      "Malignant neoplasm of stomach"
    ],
    "pico_attributes": {
      "populations": {
        "minimum_age": "18 Years",
        "maximum_age": "NA",
        "country": "United States",
        "gender": "ALL"
      },
      "interventions": [
        "FOLFOX Regimen",
        "fluorouracil",
        "leucovorin calcium",
        "oxaliplatin"
      ],
      "outcomes": []
    }
  },
  {
    "nct_id": "NCT00004128",
    "conditions": [
      "Childhood Leukemia"
    ],
    "pico_attributes": {
      "populations": {
        "minimum_age": "15 Years",
        "maximum_age": "60 Years",
        "country": "Turkey",
        "gender": "ALL"
      },
      "interventions": [
        "CSF3 gene",
        "Peripheral Stem Cell Transplantation",
        "Therapeutic radiology procedure",
        "aldesleukin",
        "busulfan",
        "cyclophosphamide",
        "cytarabine",
        "daunorubicin hydrochloride",
        "etoposide"
      ],
      "outcomes": []
    }
  },
  {
    "nct_id": "NCT00004129",
    "conditions": [
      "Brain",
      "Central Nervous System Neoplasms"
    ],
    "pico_attributes": {
      "populations": {
        "minimum_age": "18 Years",
        "maximum_age": "NA",
        "country": "United States",
        "gender": "ALL"
      },
      "interventions": [
        "Brachytherapy",
        "phosphorus 32"
      ],
      "outcomes": []
    }
  },
  {
    "nct_id": "NCT00004132",
    "conditions": [
      "Adult Lymphoma",
      "Childhood Leukemia",
      "Drug toxicity",
      "Multiple Myeloma",
      "Oral Complication",
      "Plasma Cell Neoplasm",
      "Radiation Sickness"
    ],
    "pico_attributes": {
      "populations": {
        "minimum_age": "12 Years",
        "maximum_age": "65 Years",
        "country": "United States",
        "gender": "ALL"
      },
      "interventions": [
        "Assessment of quality of life",
        "CSF3 gene",
        "Therapeutic radiology procedure",
        "cyclophosphamide",
        "etoposide",
        "ifosfamide",
        "palifermin"
      ],
      "outcomes": []
    }
  },
  {
    "nct_id": "NCT00004135",
    "conditions": [
      "Malignant neoplasm of kidney",
      "Melanoma Pathway",
      "Skin"
    ],
    "pico_attributes": {
      "populations": {
        "minimum_age": "18 Years",
        "maximum_age": "65 Years",
        "country": "United States",
        "gender": "ALL"
      },
      "interventions": [
        "Allogeneic Lymphocyte",
        "CSF3 gene",
        "Peripheral Stem Cell Transplantation",
        "cyclophosphamide",
        "fludarabine phosphate"
      ],
      "outcomes": []
    }
  },
  {
    "nct_id": "NCT00004136",
    "conditions": [
      "Adult Liver Carcinoma",
      "Disseminated Malignant Neoplasm"
    ],
    "pico_attributes": {
      "populations": {
        "minimum_age": "NA",
        "maximum_age": "NA",
        "country": "United States",
        "gender": "ALL"
      },
      "interventions": [
        "Radiofrequency Ablation"
      ],
      "outcomes": []
    }
  },
  {
    "nct_id": "NCT00004137",
    "conditions": [
      "Carcinoma of lung"
    ],
    "pico_attributes": {
      "populations": {
        "minimum_age": "18 Years",
        "maximum_age": "NA",
        "country": "United States",
        "gender": "ALL"
      },
      "interventions": [
        "CSF3 gene",
        "carboplatin",
        "paclitaxel",
        "topotecan hydrochloride"
      ],
      "outcomes": []
    }
  },
  {
    "nct_id": "NCT00004138",
    "conditions": [
      "Carcinoma of lung"
    ],
    "pico_attributes": {
      "populations": {
        "minimum_age": "18 Years",
        "maximum_age": "NA",
        "country": "United States",
        "gender": "ALL"
      },
      "interventions": [
        "Aspects of radionuclide imaging",
        "Positron-Emission Tomography",
        "fluorodeoxyglucose F18"
      ],
      "outcomes": []
    }
  },
  {
    "nct_id": "NCT00004139",
    "conditions": [
      "Carcinoma of lung"
    ],
    "pico_attributes": {
      "populations": {
        "minimum_age": "18 Years",
        "maximum_age": "NA",
        "country": "United States",
        "gender": "ALL"
      },
      "interventions": [
        "docetaxel",
        "gemcitabine hydrochloride",
        "irinotecan hydrochloride"
      ],
      "outcomes": []
    }
  },
  {
    "nct_id": "NCT00004141",
    "conditions": [
      "Melanoma Pathway",
      "Skin"
    ],
    "pico_attributes": {
      "populations": {
        "minimum_age": "NA",
        "maximum_age": "NA",
        "country": "United States",
        "gender": "ALL"
      },
      "interventions": [
        "CSF2 gene",
        "cisplatin",
        "dacarbazine"
      ],
      "outcomes": []
    }
  },
  {
    "nct_id": "NCT00004142",
    "conditions": [
      "Colorectal Cancer Pathway",
      "Disseminated Malignant Neoplasm"
    ],
    "pico_attributes": {
      "populations": {
        "minimum_age": "18 Years",
        "maximum_age": "NA",
        "country": "United States",
        "gender": "ALL"
      },
      "interventions": [
        "Conventional Surgery",
        "Radiofrequency Ablation",
        "floxuridine",
        "fluorouracil"
      ],
      "outcomes": []
    }
  },
  {
    "nct_id": "NCT00004143",
    "conditions": [
      "Anemia, Sickle Cell",
      "Pure Red-Cell Aplasia",
      "Severe Aplastic Anemia"
    ],
    "pico_attributes": {
      "populations": {
        "minimum_age": "18 Years",
        "maximum_age": "NA",
        "country": "United States",
        "gender": "ALL"
      },
      "interventions": [
        "Campath",
        "Chemotherapy",
        "Prepro-Secretin, human",
        "Traumatic Brain Injury"
      ],
      "outcomes": [
        "Count of entities",
        "Life Threatening Adverse Event",
        "Neutrophil Engraftment",
        "Number of patients",
        "Overall Survival",
        "Participant",
        "Platelet Engraftment",
        "Transplant-Related Mortality",
        "Unexpected"
      ]
    }
  },
  {
    "nct_id": "NCT00004144",
    "conditions": [
      "Adult Solid Neoplasm",
      "Clinical trial protocol",
      "Entity Determiner - specific",
      "External cause codes: Unspecified"
    ],
    "pico_attributes": {
      "populations": {
        "minimum_age": "18 Years",
        "maximum_age": "NA",
        "country": "United States",
        "gender": "ALL"
      },
      "interventions": [
        "bryostatin 1",
        "gemcitabine hydrochloride"
      ],
      "outcomes": []
    }
  },
  {
    "nct_id": "NCT00004145",
    "conditions": [
      "Adult Lymphoma",
      "Childhood Leukemia",
      "MYELODYSPLASTIC SYNDROME",
      "Multiple Myeloma",
      "Plasma Cell Neoplasm"
    ],
    "pico_attributes": {
      "populations": {
        "minimum_age": "18 Years",
        "maximum_age": "60 Years",
        "country": "United States",
        "gender": "ALL"
      },
      "interventions": [
        "Peripheral Stem Cell Transplantation",
        "cyclophosphamide",
        "fludarabine phosphate",
        "lymphocyte immune globulin, anti-thymocyte globulin"
      ],
      "outcomes": []
    }
  },
  {
    "nct_id": "NCT00004146",
    "conditions": [
      "Adult Giant Cell Glioblastoma",
      "Adult Glioblastoma",
      "Adult Gliosarcoma"
    ],
    "pico_attributes": {
      "populations": {
        "minimum_age": "18 Years",
        "maximum_age": "NA",
        "country": "United States",
        "gender": "ALL"
      },
      "interventions": [
        "Pharmacological Study",
        "Therapeutic radiology procedure",
        "carboxyamido-triazole"
      ],
      "outcomes": [
        "CA1 gene",
        "Correlation",
        "GDC Prior Treatment Terminology",
        "Population Group",
        "Pyruvate Kinase",
        "Survival Rate",
        "This (eukaryote)",
        "Toxic effect"
      ]
    }
  },
  {
    "nct_id": "NCT00004147",
    "conditions": [
      "Brain",
      "Central Nervous System Neoplasms"
    ],
    "pico_attributes": {
      "populations": {
        "minimum_age": "18 Years",
        "maximum_age": "NA",
        "country": "United States",
        "gender": "ALL"
      },
      "interventions": [
        "Incyclinide"
      ],
      "outcomes": []
    }
  },
  {
    "nct_id": "NCT00004148",
    "conditions": [
      "Melanoma Pathway",
      "Skin"
    ],
    "pico_attributes": {
      "populations": {
        "minimum_age": "18 Years",
        "maximum_age": "NA",
        "country": "United States",
        "gender": "ALL"
      },
      "interventions": [
        "Recombinant Vaccinia-B7.1 Vaccine"
      ],
      "outcomes": []
    }
  },
  {
    "nct_id": "NCT00004149",
    "conditions": [
      "Malignant neoplasm of prostate"
    ],
    "pico_attributes": {
      "populations": {
        "minimum_age": "NA",
        "maximum_age": "120 Years",
        "country": "United States",
        "gender": "MALE"
      },
      "interventions": [
        "arsenic trioxide"
      ],
      "outcomes": []
    }
  },
  {
    "nct_id": "NCT00004150",
    "conditions": [
      "Colorectal Cancer Pathway"
    ],
    "pico_attributes": {
      "populations": {
        "minimum_age": "18 Years",
        "maximum_age": "NA",
        "country": "Spain",
        "gender": "ALL"
      },
      "interventions": [
        "Adjuvant Therapy",
        "fluorouracil",
        "leucovorin calcium"
      ],
      "outcomes": []
    }
  },
  {
    "nct_id": "NCT00004151",
    "conditions": [
      "Carcinoma of lung"
    ],
    "pico_attributes": {
      "populations": {
        "minimum_age": "18 Years",
        "maximum_age": "NA",
        "country": "Spain",
        "gender": "ALL"
      },
      "interventions": [
        "DACA, acridine"
      ],
      "outcomes": []
    }
  },
  {
    "nct_id": "NCT00004152",
    "conditions": [
      "Melanoma Pathway",
      "Skin"
    ],
    "pico_attributes": {
      "populations": {
        "minimum_age": "18 Years",
        "maximum_age": "NA",
        "country": "United States",
        "gender": "ALL"
      },
      "interventions": [
        "Iodinated Contrast Agent",
        "Positron-Emission Tomography",
        "X-Ray Computed Tomography",
        "fluorodeoxyglucose F18"
      ],
      "outcomes": []
    }
  },
  {
    "nct_id": "NCT00004153",
    "conditions": [
      "Melanoma Pathway",
      "Skin"
    ],
    "pico_attributes": {
      "populations": {
        "minimum_age": "NA",
        "maximum_age": "NA",
        "country": "United States",
        "gender": "ALL"
      },
      "interventions": [
        "Reverse Transcriptase Polymerase Chain Reaction",
        "Sentinel Lymph Node Biopsy"
      ],
      "outcomes": []
    }
  },
  {
    "nct_id": "NCT00004154",
    "conditions": [
      "Bladder Cancer Pathway"
    ],
    "pico_attributes": {
      "populations": {
        "minimum_age": "18 Years",
        "maximum_age": "NA",
        "country": "United States",
        "gender": "ALL"
      },
      "interventions": [
        "Fenretinide",
        "Placebo Control"
      ],
      "outcomes": []
    }
  },
  {
    "nct_id": "NCT00004156",
    "conditions": [
      "Breast Carcinoma"
    ],
    "pico_attributes": {
      "populations": {
        "minimum_age": "18 Years",
        "maximum_age": "NA",
        "country": "United States",
        "gender": "ALL"
      },
      "interventions": [
        "MUC1-KLH Vaccine/QS21"
      ],
      "outcomes": []
    }
  },
  {
    "nct_id": "NCT00004157",
    "conditions": [
      "Adult Lymphoma",
      "Breast Carcinoma",
      "Carcinoma, Ovarian Epithelial",
      "Central neuroblastoma",
      "Childhood Testicular Germ Cell Tumor",
      "Gestational Trophoblastic Neoplasms",
      "Malignant neoplasm of kidney",
      "Malignant neoplasm of soft tissue"
    ],
    "pico_attributes": {
      "populations": {
        "minimum_age": "NA",
        "maximum_age": "70 Years",
        "country": "United States",
        "gender": "ALL"
      },
      "interventions": [
        "CSF3 gene",
        "interleukin-11"
      ],
      "outcomes": []
    }
  },
  {
    "nct_id": "NCT00004158",
    "conditions": [
      "Multiple Myeloma",
      "Plasma Cell Neoplasm"
    ],
    "pico_attributes": {
      "populations": {
        "minimum_age": "18 Years",
        "maximum_age": "65 Years",
        "country": "United States",
        "gender": "ALL"
      },
      "interventions": [
        "DOTMP HO-166",
        "Peripheral Stem Cell Transplantation",
        "melphalan"
      ],
      "outcomes": []
    }
  },
  {
    "nct_id": "NCT00004159",
    "conditions": [
      "Carcinoma of lung"
    ],
    "pico_attributes": {
      "populations": {
        "minimum_age": "18 Years",
        "maximum_age": "NA",
        "country": "United States",
        "gender": "ALL"
      },
      "interventions": [
        "gemcitabine hydrochloride",
        "paclitaxel"
      ],
      "outcomes": []
    }
  },
  {
    "nct_id": "NCT00004160",
    "conditions": [
      "Carcinoma of lung"
    ],
    "pico_attributes": {
      "populations": {
        "minimum_age": "NA",
        "maximum_age": "NA",
        "country": "United States",
        "gender": "ALL"
      },
      "interventions": [
        "Therapeutic radiology procedure",
        "cisplatin",
        "gemcitabine hydrochloride",
        "paclitaxel"
      ],
      "outcomes": []
    }
  },
  {
    "nct_id": "NCT00004161",
    "conditions": [
      "Head and Neck Carcinoma"
    ],
    "pico_attributes": {
      "populations": {
        "minimum_age": "18 Years",
        "maximum_age": "NA",
        "country": "United States",
        "gender": "ALL"
      },
      "interventions": [
        "Fenretinide",
        "Placebo Control"
      ],
      "outcomes": []
    }
  },
  {
    "nct_id": "NCT00004162",
    "conditions": [
      "Adult Lymphoma"
    ],
    "pico_attributes": {
      "populations": {
        "minimum_age": "18 Years",
        "maximum_age": "NA",
        "country": "United States",
        "gender": "ALL"
      },
      "interventions": [
        "CSF2 gene",
        "doxorubicin hydrochloride liposome",
        "methotrexate",
        "vincristine sulfate"
      ],
      "outcomes": []
    }
  },
  {
    "nct_id": "NCT00004163",
    "conditions": [
      "Head and Neck Carcinoma"
    ],
    "pico_attributes": {
      "populations": {
        "minimum_age": "18 Years",
        "maximum_age": "NA",
        "country": "United States",
        "gender": "ALL"
      },
      "interventions": [
        "trastuzumab"
      ],
      "outcomes": []
    }
  },
  {
    "nct_id": "NCT00004164",
    "conditions": [
      "Head and Neck Carcinoma"
    ],
    "pico_attributes": {
      "populations": {
        "minimum_age": "NA",
        "maximum_age": "NA",
        "country": "United States",
        "gender": "ALL"
      },
      "interventions": [
        "CSF3 gene",
        "Therapeutic radiology procedure",
        "cisplatin",
        "docetaxel",
        "fluorouracil",
        "leucovorin calcium"
      ],
      "outcomes": []
    }
  },
  {
    "nct_id": "NCT00004165",
    "conditions": [
      "Multiple Myeloma",
      "Plasma Cell Neoplasm"
    ],
    "pico_attributes": {
      "populations": {
        "minimum_age": "NA",
        "maximum_age": "NA",
        "country": "United States",
        "gender": "ALL"
      },
      "interventions": [
        "CSF3 gene",
        "Peripheral Stem Cell Transplantation",
        "melphalan"
      ],
      "outcomes": []
    }
  },
  {
    "nct_id": "NCT00004166",
    "conditions": [
      "Carcinoma, Ovarian Epithelial",
      "Perceived quality of life"
    ],
    "pico_attributes": {
      "populations": {
        "minimum_age": "18 Years",
        "maximum_age": "NA",
        "country": "United States",
        "gender": "FEMALE"
      },
      "interventions": [
        "Amifostine Trihydrate",
        "Assessment of quality of life"
      ],
      "outcomes": []
    }
  },
  {
    "nct_id": "NCT00004169",
    "conditions": [
      "Adult Lymphoma"
    ],
    "pico_attributes": {
      "populations": {
        "minimum_age": "NA",
        "maximum_age": "65 Years",
        "country": "United States",
        "gender": "ALL"
      },
      "interventions": [
        "Peripheral Stem Cell Transplantation",
        "Therapeutic radiology procedure",
        "carboplatin",
        "cyclophosphamide",
        "etoposide"
      ],
      "outcomes": []
    }
  },
  {
    "nct_id": "NCT00004171",
    "conditions": [
      "Adult Lymphoma"
    ],
    "pico_attributes": {
      "populations": {
        "minimum_age": "NA",
        "maximum_age": "65 Years",
        "country": "United States",
        "gender": "ALL"
      },
      "interventions": [
        "Peripheral Stem Cell Transplantation",
        "busulfan",
        "cyclophosphamide"
      ],
      "outcomes": []
    }
  },
  {
    "nct_id": "NCT00004172",
    "conditions": [
      "Breast Carcinoma"
    ],
    "pico_attributes": {
      "populations": {
        "minimum_age": "NA",
        "maximum_age": "65 Years",
        "country": "United States",
        "gender": "ALL"
      },
      "interventions": [
        "CSF3 gene",
        "Peripheral Stem Cell Transplantation",
        "Therapeutic radiology procedure",
        "carboplatin",
        "cyclophosphamide",
        "ifosfamide",
        "thiotepa"
      ],
      "outcomes": []
    }
  },
  {
    "nct_id": "NCT00004173",
    "conditions": [
      "Adult Solid Neoplasm",
      "Clinical trial protocol",
      "Entity Determiner - specific",
      "External cause codes: Unspecified"
    ],
    "pico_attributes": {
      "populations": {
        "minimum_age": "18 Years",
        "maximum_age": "NA",
        "country": "United States",
        "gender": "ALL"
      },
      "interventions": [
        "oxaliplatin",
        "paclitaxel"
      ],
      "outcomes": []
    }
  },
  {
    "nct_id": "NCT00004174",
    "conditions": [
      "Breast Carcinoma"
    ],
    "pico_attributes": {
      "populations": {
        "minimum_age": "NA",
        "maximum_age": "60 Years",
        "country": "United States",
        "gender": "ALL"
      },
      "interventions": [
        "CSF3 gene",
        "Peripheral Stem Cell Transplantation",
        "Therapeutic radiology procedure",
        "cyclophosphamide",
        "paclitaxel",
        "thiotepa"
      ],
      "outcomes": []
    }
  },
  {
    "nct_id": "NCT00004175",
    "conditions": [
      "Breast Carcinoma"
    ],
    "pico_attributes": {
      "populations": {
        "minimum_age": "18 Years",
        "maximum_age": "NA",
        "country": "United States",
        "gender": "FEMALE"
      },
      "interventions": [
        "Conventional Surgery",
        "cyclophosphamide",
        "docetaxel",
        "doxorubicin hydrochloride"
      ],
      "outcomes": []
    }
  },
  {
    "nct_id": "NCT00004176",
    "conditions": [
      "Carcinoma of lung",
      "Drug toxicity",
      "Radiation Sickness"
    ],
    "pico_attributes": {
      "populations": {
        "minimum_age": "18 Years",
        "maximum_age": "NA",
        "country": "United States",
        "gender": "ALL"
      },
      "interventions": [
        "Amifostine Trihydrate",
        "Therapeutic radiology procedure",
        "cisplatin",
        "etoposide"
      ],
      "outcomes": []
    }
  },
  {
    "nct_id": "NCT00004177",
    "conditions": [
      "Carcinoma, Ovarian Epithelial"
    ],
    "pico_attributes": {
      "populations": {
        "minimum_age": "18 Years",
        "maximum_age": "80 Years",
        "country": "United States",
        "gender": "FEMALE"
      },
      "interventions": [
        "CSF3 gene",
        "In 111 Monoclonal Antibody MN-14",
        "Peripheral Stem Cell Transplantation",
        "Yttrium Y 90 Monoclonal Antibody MN-14"
      ],
      "outcomes": []
    }
  },
  {
    "nct_id": "NCT00004178",
    "conditions": [
      "Cancer Genus"
    ],
    "pico_attributes": {
      "populations": {
        "minimum_age": "18 Years",
        "maximum_age": "NA",
        "country": "United States",
        "gender": "ALL"
      },
      "interventions": [
        "therapeutic autologous lymphocytes"
      ],
      "outcomes": []
    }
  },
  {
    "nct_id": "NCT00004179",
    "conditions": [
      "Adult Lymphoma"
    ],
    "pico_attributes": {
      "populations": {
        "minimum_age": "18 Years",
        "maximum_age": "120 Years",
        "country": "United Kingdom",
        "gender": "ALL"
      },
      "interventions": [
        "CHOP protocol-cyclophosphamide/doxorubicin/prednisone/vincristine",
        "cyclophosphamide",
        "doxorubicin hydrochloride",
        "prednisone",
        "rituximab",
        "vincristine sulfate"
      ],
      "outcomes": []
    }
  },
  {
    "nct_id": "NCT00004180",
    "conditions": [
      "Malignant neoplasm of soft tissue"
    ],
    "pico_attributes": {
      "populations": {
        "minimum_age": "18 Years",
        "maximum_age": "NA",
        "country": "United States",
        "gender": "ALL"
      },
      "interventions": [
        "rosiglitazone maleate"
      ],
      "outcomes": []
    }
  },
  {
    "nct_id": "NCT00004181",
    "conditions": [
      "Childhood Leukemia",
      "Chronic myeloproliferative disorder",
      "Multiple Myeloma",
      "Plasma Cell Neoplasm"
    ],
    "pico_attributes": {
      "populations": {
        "minimum_age": "15 Years",
        "maximum_age": "55 Years",
        "country": "United States",
        "gender": "ALL"
      },
      "interventions": [
        "Allogeneic bone marrow transplantation",
        "Therapeutic radiology procedure",
        "busulfan",
        "cyclophosphamide"
      ],
      "outcomes": []
    }
  },
  {
    "nct_id": "NCT00004182",
    "conditions": [
      "Breast Carcinoma"
    ],
    "pico_attributes": {
      "populations": {
        "minimum_age": "18 Years",
        "maximum_age": "NA",
        "country": "United States",
        "gender": "ALL"
      },
      "interventions": [
        "irinotecan hydrochloride"
      ],
      "outcomes": []
    }
  },
  {
    "nct_id": "NCT00004183",
    "conditions": [
      "Malignant mesothelioma"
    ],
    "pico_attributes": {
      "populations": {
        "minimum_age": "18 Years",
        "maximum_age": "NA",
        "country": "United States",
        "gender": "ALL"
      },
      "interventions": [
        "capecitabine"
      ],
      "outcomes": []
    }
  },
  {
    "nct_id": "NCT00004184",
    "conditions": [
      "Melanoma Pathway",
      "Skin"
    ],
    "pico_attributes": {
      "populations": {
        "minimum_age": "18 Years",
        "maximum_age": "NA",
        "country": "",
        "gender": "ALL"
      },
      "interventions": [
        "CSF2 gene",
        "Monoclonal Antibody 4B5 Anti-Idiotype Vaccine",
        "aluminum hydroxide"
      ],
      "outcomes": []
    }
  }
]