[
  {
    "nct_id": "NCT00102557",
    "conditions": [
      "Lichen Planus",
      "Oral"
    ],
    "pico_attributes": {
      "populations": {
        "minimum_age": "NA",
        "maximum_age": "NA",
        "country": "United States",
        "gender": "ALL"
      },
      "interventions": [
        "hydroxychloroquine"
      ],
      "outcomes": []
    }
  },
  {
    "nct_id": "NCT00102570",
    "conditions": [
      "Emotional hypersensitivity",
      "Immediate"
    ],
    "pico_attributes": {
      "populations": {
        "minimum_age": "3 Months",
        "maximum_age": "19 Years",
        "country": "United States",
        "gender": "ALL"
      },
      "interventions": [],
      "outcomes": []
    }
  },
  {
    "nct_id": "NCT00102583",
    "conditions": [
      "Graft-vs-Host Disease"
    ],
    "pico_attributes": {
      "populations": {
        "minimum_age": "9 Years",
        "maximum_age": "NA",
        "country": "United States",
        "gender": "ALL"
      },
      "interventions": [
        "Administration via Implantation",
        "Cyclosporins",
        "Subconjunctival"
      ],
      "outcomes": []
    }
  },
  {
    "nct_id": "NCT00102596",
    "conditions": [
      "Essential Tremor"
    ],
    "pico_attributes": {
      "populations": {
        "minimum_age": "21 Years",
        "maximum_age": "NA",
        "country": "United States",
        "gender": "ALL"
      },
      "interventions": [
        "1-octanol"
      ],
      "outcomes": [
        "64",
        "Amplitude",
        "Corrected QT Interval",
        "Drug Formulation Process",
        "GDC Progression or Recurrence Terminology",
        "Levels (qualifier value)",
        "Milligram per Kilogram per Dose",
        "Normalize",
        "Octanols",
        "Part",
        "Plasma",
        "Population Mean",
        "Post-dose",
        "Tremor",
        "heart rate",
        "octanoic acid",
        "ug/g"
      ]
    }
  },
  {
    "nct_id": "NCT00102609",
    "conditions": [
      "Adult Soft Tissue Sarcoma",
      "Malignant neoplasm of soft tissue",
      "Neoplasms",
      "Neoplasms by Histologic Type",
      "Soft Tissue Route of Drug Administration"
    ],
    "pico_attributes": {
      "populations": {
        "minimum_age": "18 Years",
        "maximum_age": "NA",
        "country": "United States",
        "gender": "ALL"
      },
      "interventions": [
        "dexamethasone",
        "doxorubicin",
        "trabectedin"
      ],
      "outcomes": []
    }
  },
  {
    "nct_id": "NCT00102622",
    "conditions": [
      "Carcinoma, Ovarian Epithelial"
    ],
    "pico_attributes": {
      "populations": {
        "minimum_age": "18 Years",
        "maximum_age": "NA",
        "country": "United States",
        "gender": "FEMALE"
      },
      "interventions": [
        "E1A Lipid Complex",
        "Intraperitoneal",
        "paclitaxel"
      ],
      "outcomes": []
    }
  },
  {
    "nct_id": "NCT00102635",
    "conditions": [
      "Head and Neck Carcinoma"
    ],
    "pico_attributes": {
      "populations": {
        "minimum_age": "NA",
        "maximum_age": "NA",
        "country": "United States",
        "gender": "ALL"
      },
      "interventions": [
        "Fenretinide",
        "[ LAB] SCH66336"
      ],
      "outcomes": []
    }
  },
  {
    "nct_id": "NCT00102648",
    "conditions": [
      "Cancer, Supratentorial",
      "Recurrent Childhood Glioblastoma",
      "Recurrent Childhood Gliosarcoma"
    ],
    "pico_attributes": {
      "populations": {
        "minimum_age": "18 Years",
        "maximum_age": "NA",
        "country": "United States",
        "gender": "ALL"
      },
      "interventions": [
        "lonafarnib",
        "temozolomide"
      ],
      "outcomes": []
    }
  },
  {
    "nct_id": "NCT00102661",
    "conditions": [
      "Chronic Lymphocytic Leukemia"
    ],
    "pico_attributes": {
      "populations": {
        "minimum_age": "18 Years",
        "maximum_age": "NA",
        "country": "United States",
        "gender": "ALL"
      },
      "interventions": [
        "Campath 1H"
      ],
      "outcomes": []
    }
  },
  {
    "nct_id": "NCT00102674",
    "conditions": [
      "Healthy"
    ],
    "pico_attributes": {
      "populations": {
        "minimum_age": "18 Years",
        "maximum_age": "55 Years",
        "country": "United States",
        "gender": "ALL"
      },
      "interventions": [
        "cangrelor"
      ],
      "outcomes": []
    }
  },
  {
    "nct_id": "NCT00102687",
    "conditions": [
      "MYELODYSPLASTIC SYNDROME"
    ],
    "pico_attributes": {
      "populations": {
        "minimum_age": "18 Years",
        "maximum_age": "NA",
        "country": "United States",
        "gender": "ALL"
      },
      "interventions": [
        "azacitidine"
      ],
      "outcomes": [
        "2000",
        "24 Months",
        "ASXL1 wt Allele",
        "Administration of antibiotic",
        "Administration procedure",
        "Admission Level of Care Code - Improved",
        "Base - General Qualifier",
        "BaseLine dental cement",
        "Best Overall Response",
        "Blood Platelets",
        "CD44 wt Allele",
        "Change -- procedure",
        "Count of entities",
        "End",
        "Firstly",
        "Hematologic",
        "Hematologic Response",
        "Hemoglobin",
        "IV number:ID:Pt:^Patient:Nom",
        "Improvement",
        "Infection",
        "Maintaining (action)",
        "Maintenance",
        "Monthly (qualifier value)",
        "Overall",
        "Overall Response",
        "Participant",
        "Period (temporal qualifier)",
        "Platelet Transfusion",
        "Preposition For",
        "Room of building - Study",
        "Status",
        "Transfusion status",
        "Values",
        "best (quality)",
        "criteria",
        "day",
        "event cycle",
        "month"
      ]
    }
  },
  {
    "nct_id": "NCT00102700",
    "conditions": [
      "Adenocarcinoma",
      "Malignant neoplasm of pancreas"
    ],
    "pico_attributes": {
      "populations": {
        "minimum_age": "18 Years",
        "maximum_age": "NA",
        "country": "United States",
        "gender": "ALL"
      },
      "interventions": [
        "ARQ 501",
        "Combined",
        "gemcitabine"
      ],
      "outcomes": []
    }
  },
  {
    "nct_id": "NCT00102713",
    "conditions": [
      "Seizures, Focal"
    ],
    "pico_attributes": {
      "populations": {
        "minimum_age": "3 Years",
        "maximum_age": "10 Years",
        "country": "United States",
        "gender": "ALL"
      },
      "interventions": [
        "Depakote Sprinkle Capsules",
        "divalproex sodium"
      ],
      "outcomes": []
    }
  },
  {
    "nct_id": "NCT00102726",
    "conditions": [
      "Decreased platelet count"
    ],
    "pico_attributes": {
      "populations": {
        "minimum_age": "18 Years",
        "maximum_age": "NA",
        "country": "United States",
        "gender": "ALL"
      },
      "interventions": [
        "Placebo Control",
        "SB-497115"
      ],
      "outcomes": []
    }
  },
  {
    "nct_id": "NCT00102739",
    "conditions": [
      "Purpura",
      "Unknown (origin) (qualifier value)"
    ],
    "pico_attributes": {
      "populations": {
        "minimum_age": "18 Years",
        "maximum_age": "NA",
        "country": "United States",
        "gender": "ALL"
      },
      "interventions": [
        "SB-497115"
      ],
      "outcomes": []
    }
  },
  {
    "nct_id": "NCT00102752",
    "conditions": [
      "Neoplasms",
      "Pancreatic Neoplasm"
    ],
    "pico_attributes": {
      "populations": {
        "minimum_age": "18 Years",
        "maximum_age": "NA",
        "country": "United States",
        "gender": "ALL"
      },
      "interventions": [
        "gemcitabine",
        "glucosyl-ifosfamide mustard"
      ],
      "outcomes": []
    }
  },
  {
    "nct_id": "NCT00102765",
    "conditions": [
      "Asthma"
    ],
    "pico_attributes": {
      "populations": {
        "minimum_age": "12 Years",
        "maximum_age": "65 Years",
        "country": "United States",
        "gender": "ALL"
      },
      "interventions": [
        "Fluticasone Propionate, Salmeterol Xinafoate Drug Combination",
        "Powder Dosage Form Category",
        "fluticasone propionate"
      ],
      "outcomes": []
    }
  },
  {
    "nct_id": "NCT00102778",
    "conditions": [
      "Blood group antibody I",
      "Communicable Diseases",
      "HIV",
      "HIV Infections"
    ],
    "pico_attributes": {
      "populations": {
        "minimum_age": "18 Years",
        "maximum_age": "NA",
        "country": "United States",
        "gender": "ALL"
      },
      "interventions": [
        "GW873140",
        "Kaletra",
        "lopinavir / Ritonavir"
      ],
      "outcomes": []
    }
  },
  {
    "nct_id": "NCT00102791",
    "conditions": [
      "Anemia, Sickle Cell"
    ],
    "pico_attributes": {
      "populations": {
        "minimum_age": "16 Years",
        "maximum_age": "65 Years",
        "country": "United States",
        "gender": "ALL"
      },
      "interventions": [
        "ICA 17043"
      ],
      "outcomes": []
    }
  },
  {
    "nct_id": "NCT00102804",
    "conditions": [
      "NCI CTEP SDC Non-Small Cell Lung Cancer Sub-Category Terminology"
    ],
    "pico_attributes": {
      "populations": {
        "minimum_age": "18 Years",
        "maximum_age": "NA",
        "country": "United States",
        "gender": "ALL"
      },
      "interventions": [
        "Placebo Control",
        "Supportive Care Study",
        "best (quality)",
        "pemetrexed"
      ],
      "outcomes": [
        "Act Relationship Subset - maximum",
        "Adverse Event Domain",
        "BaseLine dental cement",
        "Count of entities",
        "Improvement",
        "Individual",
        "Participant",
        "Perceived quality of life",
        "Scanning Auger Spectrometer (device)",
        "Symptoms score",
        "Use of"
      ]
    }
  },
  {
    "nct_id": "NCT00102817",
    "conditions": [
      "Disease",
      "Growth Disorders",
      "Growth Hormone",
      "Hormone (disposition)",
      "Pituitary dwarfism"
    ],
    "pico_attributes": {
      "populations": {
        "minimum_age": "3 Years",
        "maximum_age": "13 Years",
        "country": "United States",
        "gender": "ALL"
      },
      "interventions": [
        "Human Growth Hormone"
      ],
      "outcomes": []
    }
  },
  {
    "nct_id": "NCT00102830",
    "conditions": [
      "Neoplasms"
    ],
    "pico_attributes": {
      "populations": {
        "minimum_age": "18 Years",
        "maximum_age": "NA",
        "country": "United States",
        "gender": "ALL"
      },
      "interventions": [
        "AMG 386"
      ],
      "outcomes": []
    }
  },
  {
    "nct_id": "NCT00102843",
    "conditions": [
      "Cardiovascular Diseases",
      "Healthy"
    ],
    "pico_attributes": {
      "populations": {
        "minimum_age": "50 Years",
        "maximum_age": "70 Years",
        "country": "Netherlands",
        "gender": "ALL"
      },
      "interventions": [
        "Folate supplementation",
        "betaine"
      ],
      "outcomes": []
    }
  },
  {
    "nct_id": "NCT00102856",
    "conditions": [
      "Healthy"
    ],
    "pico_attributes": {
      "populations": {
        "minimum_age": "20 Years",
        "maximum_age": "35 Years",
        "country": "Germany",
        "gender": "ALL"
      },
      "interventions": [
        "pramipexole",
        "rivastigmine"
      ],
      "outcomes": []
    }
  },
  {
    "nct_id": "NCT00102869",
    "conditions": [
      "Aphasia",
      "Cerebrovascular accident"
    ],
    "pico_attributes": {
      "populations": {
        "minimum_age": "18 Years",
        "maximum_age": "75 Years",
        "country": "Germany",
        "gender": "ALL"
      },
      "interventions": [
        "levodopa"
      ],
      "outcomes": []
    }
  },
  {
    "nct_id": "NCT00102882",
    "conditions": [
      "Asthma"
    ],
    "pico_attributes": {
      "populations": {
        "minimum_age": "12 Years",
        "maximum_age": "NA",
        "country": "United States",
        "gender": "ALL"
      },
      "interventions": [
        "Fluticasone Propionate, Salmeterol Xinafoate Drug Combination",
        "salmeterol xinafoate"
      ],
      "outcomes": []
    }
  },
  {
    "nct_id": "NCT00102895",
    "conditions": [
      "Mammary Neoplasms",
      "Neoplasm Metastasis"
    ],
    "pico_attributes": {
      "populations": {
        "minimum_age": "18 Years",
        "maximum_age": "NA",
        "country": "Russian Federation",
        "gender": "FEMALE"
      },
      "interventions": [
        "CP-724714"
      ],
      "outcomes": []
    }
  },
  {
    "nct_id": "NCT00102908",
    "conditions": [
      "HIV Infections",
      "Osteopenia",
      "Osteoporosis"
    ],
    "pico_attributes": {
      "populations": {
        "minimum_age": "18 Years",
        "maximum_age": "70 Years",
        "country": "United States",
        "gender": "ALL"
      },
      "interventions": [
        "Placebo Control",
        "zoledronate"
      ],
      "outcomes": []
    }
  },
  {
    "nct_id": "NCT00102921",
    "conditions": [
      "Crohn Disease"
    ],
    "pico_attributes": {
      "populations": {
        "minimum_age": "18 Years",
        "maximum_age": "65 Years",
        "country": "United States",
        "gender": "ALL"
      },
      "interventions": [
        "CCX282-B"
      ],
      "outcomes": []
    }
  },
  {
    "nct_id": "NCT00102934",
    "conditions": [
      "HIV Infections"
    ],
    "pico_attributes": {
      "populations": {
        "minimum_age": "18 Years",
        "maximum_age": "NA",
        "country": "United States",
        "gender": "ALL"
      },
      "interventions": [
        "Antiretroviral Therapy, Highly Active",
        "enfuvirtide"
      ],
      "outcomes": []
    }
  },
  {
    "nct_id": "NCT00102947",
    "conditions": [
      "Soft Tissue Infection"
    ],
    "pico_attributes": {
      "populations": {
        "minimum_age": "18 Years",
        "maximum_age": "NA",
        "country": "United States",
        "gender": "ALL"
      },
      "interventions": [
        "daptomycin",
        "day"
      ],
      "outcomes": []
    }
  },
  {
    "nct_id": "NCT00102960",
    "conditions": [
      "HIV Infections"
    ],
    "pico_attributes": {
      "populations": {
        "minimum_age": "6 Weeks",
        "maximum_age": "12 Weeks",
        "country": "South Africa",
        "gender": "ALL"
      },
      "interventions": [
        "abacavir sulfate",
        "didanosine",
        "efavirenz",
        "lamivudine",
        "lopinavir / Ritonavir",
        "nevirapine",
        "zidovudine"
      ],
      "outcomes": [
        "/mL",
        "10%",
        "20%",
        "4 Weeks",
        "Accidental Falls",
        "Aftercare",
        "Associated with",
        "Beginning",
        "Biologic Development",
        "Borg Category-Ratio 10 Perceived Exertion Score 5",
        "CD4 Expressing Cell Count",
        "CDISC Events Class",
        "Centers for Disease Control and Prevention (U.S.)",
        "Cessation of life",
        "Child",
        "Clinical Failure",
        "Confirmation",
        "Consecutive",
        "Copy (object)",
        "Count of entities",
        "Cumulative",
        "Definable",
        "Disease",
        "Duration",
        "Ever",
        "Experience",
        "Failure",
        "First (number)",
        "First line treatment",
        "Firstly",
        "GDC Treatment Outcome Terminology",
        "HIV",
        "HIV-1 RNA Measurement",
        "Hospitalization",
        "In addition to",
        "Indicated",
        "Infrequent",
        "Initial (abbreviation)",
        "Life Threatening",
        "Living Alone",
        "Medicine in the Arts",
        "Mutation",
        "Numerical value",
        "On (qualifier value)",
        "Participant",
        "Patient need for (contextual qualifier)",
        "Permanent",
        "Randomization",
        "Rate",
        "Reaching",
        "Record - QueryRequestLimit",
        "Regimen-Limiting Toxicity",
        "Restart",
        "Separate",
        "Stage B",
        "Stage C",
        "Therapeutic procedure",
        "Time",
        "Time of death",
        "Two",
        "Viral resistance",
        "Virologic Failure",
        "With time",
        "continuing therapy",
        "end organ damage",
        "immunologic",
        "week",
        "year"
      ]
    }
  },
  {
    "nct_id": "NCT00102973",
    "conditions": [
      "ovarian neoplasm"
    ],
    "pico_attributes": {
      "populations": {
        "minimum_age": "18 Years",
        "maximum_age": "NA",
        "country": "United States",
        "gender": "FEMALE"
      },
      "interventions": [
        "Combined",
        "Injection",
        "TLK 286",
        "carboplatin",
        "doxorubicin hydrochloride liposome",
        "doxorubicin liposome Injection",
        "hydrochloride"
      ],
      "outcomes": []
    }
  },
  {
    "nct_id": "NCT00102986",
    "conditions": [
      "HIV Infections"
    ],
    "pico_attributes": {
      "populations": {
        "minimum_age": "18 Years",
        "maximum_age": "NA",
        "country": "United States",
        "gender": "ALL"
      },
      "interventions": [
        "lopinavir / Ritonavir"
      ],
      "outcomes": []
    }
  },
  {
    "nct_id": "NCT00102999",
    "conditions": [
      "Dystonia"
    ],
    "pico_attributes": {
      "populations": {
        "minimum_age": "18 Years",
        "maximum_age": "NA",
        "country": "United States",
        "gender": "ALL"
      },
      "interventions": [],
      "outcomes": []
    }
  },
  {
    "nct_id": "NCT00103012",
    "conditions": [
      "Healthy"
    ],
    "pico_attributes": {
      "populations": {
        "minimum_age": "18 Years",
        "maximum_age": "50 Years",
        "country": "United States",
        "gender": "ALL"
      },
      "interventions": [
        "Echinacea purpurea",
        "Ginkgo biloba",
        "Korean ginseng preparation"
      ],
      "outcomes": [
        "And",
        "Combined",
        "Different",
        "Drug Kinetics",
        "Echinacea purpurea",
        "Ginkgo biloba",
        "Having administered",
        "Herbal Supplements",
        "Living Alone",
        "Panax",
        "Three",
        "lopinavir"
      ]
    }
  },
  {
    "nct_id": "NCT00103025",
    "conditions": [
      "Healthy"
    ],
    "pico_attributes": {
      "populations": {
        "minimum_age": "21 Years",
        "maximum_age": "60 Years",
        "country": "United States",
        "gender": "ALL"
      },
      "interventions": [
        "Sodium Nitrite Injection",
        "sodium nitrite"
      ],
      "outcomes": []
    }
  },
  {
    "nct_id": "NCT00103038",
    "conditions": [
      "Malignant Glioma",
      "Metastatic Malignant Neoplasm in the Adult Brain",
      "Primary central nervous system lymphoma"
    ],
    "pico_attributes": {
      "populations": {
        "minimum_age": "18 Years",
        "maximum_age": "NA",
        "country": "United States",
        "gender": "ALL"
      },
      "interventions": [
        "3 Tesla Magnetic Resonance Imaging",
        "Dynamic Contrast-Enhanced Magnetic Resonance Imaging",
        "Dynamic Susceptibility Contrast-Enhanced Magnetic Resonance Imaging",
        "MRI-Based Angiogram",
        "ferumoxytol",
        "gadolinium"
      ],
      "outcomes": [
        "% volume (qualifier value)",
        "Actual",
        "CYREN gene",
        "Chemotherapeutic Perfusion",
        "Comparison",
        "Count of entities",
        "Cube - faceted volume",
        "Gadolinium-based Contrast Agent",
        "Image",
        "In addition to",
        "Overall Survival",
        "Participant",
        "Plant Roots",
        "Pseudoprogression",
        "Tumor Progression",
        "Tumor size",
        "Use of",
        "ferumoxytol",
        "signal intensity"
      ]
    }
  },
  {
    "nct_id": "NCT00103051",
    "conditions": [
      "Carcinoma of lung"
    ],
    "pico_attributes": {
      "populations": {
        "minimum_age": "18 Years",
        "maximum_age": "NA",
        "country": "Netherlands",
        "gender": "ALL"
      },
      "interventions": [
        "Conventional Surgery",
        "Neoadjuvant Therapy",
        "cisplatin",
        "gefitinib",
        "gemcitabine hydrochloride"
      ],
      "outcomes": []
    }
  },
  {
    "nct_id": "NCT00103103",
    "conditions": [
      "Malignant neoplasm of stomach"
    ],
    "pico_attributes": {
      "populations": {
        "minimum_age": "18 Years",
        "maximum_age": "NA",
        "country": "United States",
        "gender": "ALL"
      },
      "interventions": [
        "bortezomib",
        "fluorouracil",
        "leucovorin calcium"
      ],
      "outcomes": []
    }
  },
  {
    "nct_id": "NCT00103116",
    "conditions": [
      "Carcinoma of lung"
    ],
    "pico_attributes": {
      "populations": {
        "minimum_age": "18 Years",
        "maximum_age": "80 Years",
        "country": "United States",
        "gender": "ALL"
      },
      "interventions": [],
      "outcomes": [
        "Alive",
        "Count of entities",
        "Disease Response",
        "Five",
        "Immunization",
        "Immunology",
        "Participant",
        "Post",
        "Show",
        "Six months",
        "Vaccines",
        "Within",
        "year"
      ]
    }
  },
  {
    "nct_id": "NCT00103142",
    "conditions": [
      "Colorectal Cancer Pathway",
      "Disseminated Malignant Neoplasm"
    ],
    "pico_attributes": {
      "populations": {
        "minimum_age": "18 Years",
        "maximum_age": "NA",
        "country": "United States",
        "gender": "ALL"
      },
      "interventions": [
        "CSF2 gene",
        "Falimarev",
        "Inalimarev",
        "therapeutic autologous dendritic cells"
      ],
      "outcomes": [
        "Assay",
        "BRAF Gene Rearrangement",
        "Enzyme (disposition)",
        "Enzyme-Linked Immunospot Assay",
        "Hyperlink",
        "Immune response",
        "Immunosorbents",
        "Leiostomus xanthurus",
        "Measured",
        "Surviving free of recurrence of neoplastic disease",
        "year"
      ]
    }
  },
  {
    "nct_id": "NCT00103155",
    "conditions": [
      "Head and Neck Carcinoma"
    ],
    "pico_attributes": {
      "populations": {
        "minimum_age": "21 Years",
        "maximum_age": "NA",
        "country": "United States",
        "gender": "ALL"
      },
      "interventions": [
        "Conventional Surgery",
        "Radiofrequency Ablation"
      ],
      "outcomes": []
    }
  },
  {
    "nct_id": "NCT00103168",
    "conditions": [
      "Gastrointestinal Stromal Tumors"
    ],
    "pico_attributes": {
      "populations": {
        "minimum_age": "18 Years",
        "maximum_age": "120 Years",
        "country": "United Kingdom",
        "gender": "ALL"
      },
      "interventions": [
        "imatinib mesylate"
      ],
      "outcomes": []
    }
  },
  {
    "nct_id": "NCT00103181",
    "conditions": [
      "Breast Carcinoma"
    ],
    "pico_attributes": {
      "populations": {
        "minimum_age": "18 Years",
        "maximum_age": "NA",
        "country": "United States",
        "gender": "FEMALE"
      },
      "interventions": [
        "3-Dimensional Conformal Accelerated Partial Breast Irradiation",
        "Balloon Brachytherapy",
        "Brachytherapy",
        "Devices",
        "Entry (data)",
        "Singular",
        "Whole Breast Irradiation",
        "intracavitary"
      ],
      "outcomes": []
    }
  },
  {
    "nct_id": "NCT00103194",
    "conditions": [
      "Recurrent Prostate Carcinoma",
      "Stage I Prostate Cancer AJCC v7",
      "Stage IIA Prostate Cancer AJCC v7",
      "Stage IIB Prostate Cancer AJCC v7",
      "Stage III Prostate Cancer AJCC v7"
    ],
    "pico_attributes": {
      "populations": {
        "minimum_age": "18 Years",
        "maximum_age": "NA",
        "country": "United States",
        "gender": "MALE"
      },
      "interventions": [
        "Laboratory Biomarker Analysis",
        "lapatinib ditosylate"
      ],
      "outcomes": [
        "50%",
        "CDISC Relationship Class",
        "Definable",
        "Disease Response",
        "EGFR protein, human",
        "GW572016",
        "Greater",
        "Menopause",
        "Number of patients",
        "PROS1 wt Allele",
        "PSA Level",
        "Progression-Free Survival",
        "Rate",
        "Serum",
        "Slope",
        "expression level",
        "lapatinib",
        "year"
      ]
    }
  },
  {
    "nct_id": "NCT00103207",
    "conditions": [
      "Carcinoma of lung"
    ],
    "pico_attributes": {
      "populations": {
        "minimum_age": "18 Years",
        "maximum_age": "NA",
        "country": "United States",
        "gender": "ALL"
      },
      "interventions": [
        "cetuximab"
      ],
      "outcomes": [
        "Clinical Trial Objective",
        "Disease Response",
        "Frequency of Responses",
        "Overall Survival",
        "Patients",
        "Proportion",
        "Smoking Status"
      ]
    }
  },
  {
    "nct_id": "NCT00103220",
    "conditions": [
      "Adult Solid Neoplasm",
      "Clinical trial protocol",
      "Entity Determiner - specific",
      "External cause codes: Unspecified"
    ],
    "pico_attributes": {
      "populations": {
        "minimum_age": "18 Years",
        "maximum_age": "NA",
        "country": "United States",
        "gender": "ALL"
      },
      "interventions": [
        "SJG-136"
      ],
      "outcomes": []
    }
  },
  {
    "nct_id": "NCT00103233",
    "conditions": [
      "Breast Carcinoma"
    ],
    "pico_attributes": {
      "populations": {
        "minimum_age": "18 Years",
        "maximum_age": "NA",
        "country": "United States",
        "gender": "FEMALE"
      },
      "interventions": [
        "trastuzumab",
        "vinorelbine tartrate"
      ],
      "outcomes": []
    }
  },
  {
    "nct_id": "NCT00103246",
    "conditions": [
      "Adult Lymphoma",
      "Precancerous Conditions",
      "Skin carcinoma"
    ],
    "pico_attributes": {
      "populations": {
        "minimum_age": "18 Years",
        "maximum_age": "120 Years",
        "country": "United States",
        "gender": "ALL"
      },
      "interventions": [
        "silicon phthalocyanine 4"
      ],
      "outcomes": []
    }
  },
  {
    "nct_id": "NCT00103259",
    "conditions": [
      "Episodic",
      "IV number:ID:Pt:^Patient:Nom",
      "Laryngeal Squamous Cell Carcinoma",
      "Laryngeal verrucous carcinoma",
      "Malignant neoplasm of tongue",
      "Nasal cavity",
      "Oral cavity",
      "Paranasal Sinus Squamous Cell Carcinoma",
      "Phase",
      "Recurrent Hypopharyngeal Squamous Cell Carcinoma",
      "Recurrent Laryngeal Squamous Cell Carcinoma",
      "Recurrent Laryngeal Verrucous Carcinoma",
      "Recurrent Nasopharyngeal Keratinizing Squamous Cell Carcinoma",
      "Recurrent Oral Cavity Verrucous Carcinoma",
      "Recurrent Oropharyngeal Squamous Cell Carcinoma",
      "Squamous Epithelial Cells",
      "Squamous cell carcinoma of lip",
      "Squamous cell carcinoma of nasopharynx",
      "Squamous cell carcinoma of the hypopharynx stage IV",
      "Stage 4 lower case a",
      "Stage 4 lower case b",
      "Stage 4C",
      "Stage IVA Lip Cancer AJCC v6 and v7",
      "Stage IVA Oral Cavity Verrucous Carcinoma",
      "Stage IVA Oropharyngeal Squamous Cell Carcinoma AJCC v7",
      "Stage IVA Paranasal Sinus Cancer AJCC v7",
      "Stage IVB Lip Cancer AJCC v6 and v7",
      "Stage IVB Oral Cavity Verrucous Carcinoma",
      "Stage IVB Oropharyngeal Squamous Cell Carcinoma AJCC v7",
      "Stage IVB Paranasal Sinus Cancer AJCC v7",
      "Stage IVC Lip Cancer AJCC v6 and v7",
      "Stage IVC Oral Cavity Verrucous Carcinoma",
      "Stage IVC Oropharyngeal Squamous Cell Carcinoma AJCC v7",
      "Stage IVC Paranasal Sinus Cancer AJCC v7"
    ],
    "pico_attributes": {
      "populations": {
        "minimum_age": "18 Years",
        "maximum_age": "NA",
        "country": "United States",
        "gender": "ALL"
      },
      "interventions": [
        "Laboratory Biomarker Analysis",
        "bortezomib",
        "irinotecan hydrochloride"
      ],
      "outcomes": [
        "Frequency of Responses",
        "Overall Survival",
        "Progression-Free Survival",
        "STEP 2",
        "Step 1"
      ]
    }
  },
  {
    "nct_id": "NCT00103272",
    "conditions": [
      "11q23",
      "Adult Acute Basophilic Leukemia",
      "Adult Acute Eosinophilic Leukemia",
      "Adult Acute Megakaryoblastic Leukemia",
      "Adult Acute Monoblastic Leukemia",
      "Adult Acute Monoblastic and Monocytic Leukemia",
      "Adult Acute Myeloblastic Leukemia",
      "Adult Acute Myeloid Leukemia with Maturation",
      "Adult Acute Myeloid Leukemia without Maturation",
      "Adult Acute Myelomonocytic Leukemia",
      "Adult Anaplastic Large Cell Lymphoma",
      "Adult Erythroleukemia",
      "Adult Pure Erythroid Leukemia",
      "Angioimmunoblastic Lymphadenopathy",
      "Cell Differentiation process",
      "Chromosome inversion",
      "Congenital Abnormality",
      "EXOSC1 gene",
      "Enneking Metastasis M0",
      "Enneking Metastasis M1",
      "Erythroleukemia (Erythroid/Myeloid)",
      "GPM6B gene",
      "Malignant lymphoma - lymphoplasmacytic",
      "Monocytoid B-cell lymphoma",
      "Mucosa-Associated Lymphoid Tissue Lymphoma",
      "Recurrent Adult Acute Lymphoblastic Leukemia",
      "Recurrent Adult Diffuse Large Cell Lymphoma",
      "Recurrent Adult T-Cell Leukemia/Lymphoma",
      "Recurrent Grade 1 Follicular Lymphoma",
      "Recurrent Grade 2 Follicular Lymphoma",
      "Recurrent Grade 3 Follicular Lymphoma",
      "Recurrent Mantle Cell Lymphoma",
      "Recurrent Marginal Zone Lymphoma",
      "Recurrent Mycosis Fungoides and Sezary Syndrome",
      "Recurrent Primary Cutaneous T-Cell Non-Hodgkin Lymphoma",
      "Recurrent Small Lymphocytic Lymphoma",
      "Refractory Chronic Lymphocytic Leukemia",
      "Small Intestinal Lymphoma",
      "Splenic Marginal Zone B-Cell Lymphoma",
      "recurrent adult acute myeloid leukemia",
      "square metres"
    ],
    "pico_attributes": {
      "populations": {
        "minimum_age": "18 Years",
        "maximum_age": "NA",
        "country": "United States",
        "gender": "ALL"
      },
      "interventions": [
        "bortezomib",
        "tanespimycin"
      ],
      "outcomes": []
    }
  },
  {
    "nct_id": "NCT00103285",
    "conditions": [
      "Acute lymphocytic leukemia",
      "Childhood B Acute Lymphoblastic Leukemia"
    ],
    "pico_attributes": {
      "populations": {
        "minimum_age": "1 Year",
        "maximum_age": "9 Years",
        "country": "United States",
        "gender": "ALL"
      },
      "interventions": [
        "Radiotherapy, Conformal",
        "cyclophosphamide",
        "cytarabine",
        "dexamethasone",
        "doxorubicin hydrochloride",
        "leucovorin calcium",
        "mercaptopurine",
        "methotrexate",
        "pegaspargase",
        "thioguanine",
        "vincristine sulfate"
      ],
      "outcomes": [
        "29+",
        "Advance",
        "Agreement",
        "Daily",
        "Early infantile epileptic encephalopathy with suppression bursts",
        "Emotional",
        "End",
        "Event-Free Survival",
        "Health-Related Quality Of Life",
        "Impaired",
        "Induce (action)",
        "Intervention regimes",
        "Neoplasm, Residual",
        "Optimum",
        "Overall Survival",
        "Physical",
        "Probability",
        "Social",
        "Status",
        "Timepoint"
      ]
    }
  },
  {
    "nct_id": "NCT00103298",
    "conditions": [
      "Colorectal Cancer Pathway",
      "Disseminated Malignant Neoplasm"
    ],
    "pico_attributes": {
      "populations": {
        "minimum_age": "18 Years",
        "maximum_age": "NA",
        "country": "United States",
        "gender": "ALL"
      },
      "interventions": [
        "FOLFOX Regimen",
        "In situ perfusion",
        "fluorouracil",
        "leucovorin calcium",
        "melphalan",
        "oxaliplatin"
      ],
      "outcomes": []
    }
  },
  {
    "nct_id": "NCT00103311",
    "conditions": [
      "Childhood Rectal Carcinoma",
      "Pathologic Stage IIIB Gastric Cancer AJCC v8",
      "Phase",
      "Recurrent Colon Carcinoma",
      "Recurrent Rectal Cancer",
      "Stage IIIA Colon Cancer AJCC v7",
      "Stage IIIA Rectal Cancer AJCC v7",
      "Stage IIIC Colon Cancer AJCC v7",
      "Stage IIIC Rectal Cancer AJCC v7",
      "Stage IVA Colon Cancer AJCC v7",
      "Stage IVA Rectal Cancer AJCC v7",
      "Stage IVB Colon Cancer AJCC v7",
      "Stage IVB Rectal Cancer AJCC v7",
      "stage, colon cancer"
    ],
    "pico_attributes": {
      "populations": {
        "minimum_age": "18 Years",
        "maximum_age": "NA",
        "country": "United States",
        "gender": "ALL"
      },
      "interventions": [
        "Laboratory Biomarker Analysis",
        "ispinesib"
      ],
      "outcomes": [
        "CALB2 protein, human",
        "Clinical Trial Objective",
        "Determined by",
        "Disease Response",
        "GDC Progression or Recurrence Terminology",
        "Overall Survival",
        "Progression-Free Survival",
        "Response Evaluation Criteria in Solid Tumors",
        "criteria"
      ]
    }
  },
  {
    "nct_id": "NCT00103324",
    "conditions": [
      "Diffuse",
      "Gastric Adenocarcinoma",
      "Gastric Intestinal-Type Adenocarcinoma",
      "Gastric Mixed Adenocarcinoma",
      "IV number:ID:Pt:^Patient:Nom",
      "Malignant neoplasm of stomach",
      "Malignant neoplasm of stomach stage III",
      "Phase",
      "recurrent gastric cancer"
    ],
    "pico_attributes": {
      "populations": {
        "minimum_age": "18 Years",
        "maximum_age": "NA",
        "country": "United States",
        "gender": "ALL"
      },
      "interventions": [
        "Laboratory Biomarker Analysis",
        "lapatinib ditosylate"
      ],
      "outcomes": []
    }
  },
  {
    "nct_id": "NCT00103337",
    "conditions": [
      "Recurrent Prostate Carcinoma",
      "Stage IV Prostate Carcinoma"
    ],
    "pico_attributes": {
      "populations": {
        "minimum_age": "18 Years",
        "maximum_age": "NA",
        "country": "United States",
        "gender": "MALE"
      },
      "interventions": [
        "Cilengitide",
        "Laboratory Biomarker Analysis"
      ],
      "outcomes": []
    }
  },
  {
    "nct_id": "NCT00103350",
    "conditions": [
      "Electrocardiogram: myocardial infarction (finding)"
    ],
    "pico_attributes": {
      "populations": {
        "minimum_age": "18 Years",
        "maximum_age": "80 Years",
        "country": "United States",
        "gender": "ALL"
      },
      "interventions": [
        "TG100-115"
      ],
      "outcomes": []
    }
  },
  {
    "nct_id": "NCT00103363",
    "conditions": [
      "Carcinoma of lung"
    ],
    "pico_attributes": {
      "populations": {
        "minimum_age": "25 Years",
        "maximum_age": "NA",
        "country": "United States",
        "gender": "ALL"
      },
      "interventions": [
        "Annual Screening",
        "Cytology Specimen Collection Procedure",
        "Physiologic Testing",
        "Study of High Risk Factors"
      ],
      "outcomes": []
    }
  },
  {
    "nct_id": "NCT00103376",
    "conditions": [
      "Malignant neoplasm of prostate"
    ],
    "pico_attributes": {
      "populations": {
        "minimum_age": "18 Years",
        "maximum_age": "120 Years",
        "country": "United States",
        "gender": "MALE"
      },
      "interventions": [
        "Androgen Receptor Antagonists",
        "Luteinizing Hormone-releasing Hormone Agonist",
        "Velcade"
      ],
      "outcomes": [
        "0%",
        "Adverse event",
        "DIAPH3 wt Allele",
        "Data Type Interval",
        "Disease",
        "Empty (qualifier)",
        "Experience",
        "National Cancer Institute common terminology criteria for adverse events",
        "Number of patients",
        "V 2"
      ]
    }
  },
  {
    "nct_id": "NCT00103389",
    "conditions": [
      "Carcinoma of lung"
    ],
    "pico_attributes": {
      "populations": {
        "minimum_age": "18 Years",
        "maximum_age": "120 Years",
        "country": "Australia",
        "gender": "ALL"
      },
      "interventions": [
        "PI-88",
        "docetaxel"
      ],
      "outcomes": []
    }
  },
  {
    "nct_id": "NCT00103402",
    "conditions": [
      "prostatitis"
    ],
    "pico_attributes": {
      "populations": {
        "minimum_age": "18 Years",
        "maximum_age": "NA",
        "country": "United States",
        "gender": "MALE"
      },
      "interventions": [
        "Placebo Control",
        "alfuzosin"
      ],
      "outcomes": [
        "% index",
        "% of total",
        "BaseLine dental cement",
        "Bedridden; Rarely Out of Bed",
        "Carbamoyl-Phosphate Synthase (Ammonia)",
        "Change -- procedure",
        "Count of entities",
        "Erectile Dysfunction, CTCAE",
        "Form:Finding:Point in time:{Setting}:Document:{Role}",
        "Hospital Anxiety and Depression Scale Questionnaire",
        "In addition to",
        "International",
        "International Index of Erectile Function Questionnaire",
        "Male Gender, Self Report",
        "McGill Pain Questionnaire",
        "Medical",
        "Montreal Cognitive Assessment Total Score",
        "NIH Mouse",
        "Outcome Studies",
        "Participant",
        "Preposition For",
        "Questionnaires",
        "Sexual Health",
        "Short",
        "week"
      ]
    }
  },
  {
    "nct_id": "NCT00103415",
    "conditions": [
      "Depressed mood"
    ],
    "pico_attributes": {
      "populations": {
        "minimum_age": "18 Years",
        "maximum_age": "55 Years",
        "country": "Denmark",
        "gender": "ALL"
      },
      "interventions": [
        "Endurance Training",
        "Lifting",
        "Training",
        "Weight Lifting",
        "weightlifting"
      ],
      "outcomes": []
    }
  },
  {
    "nct_id": "NCT00103428",
    "conditions": [
      "Malignant neoplasm of prostate"
    ],
    "pico_attributes": {
      "populations": {
        "minimum_age": "18 Years",
        "maximum_age": "NA",
        "country": "United States",
        "gender": "MALE"
      },
      "interventions": [
        "CG7870"
      ],
      "outcomes": []
    }
  },
  {
    "nct_id": "NCT00103454",
    "conditions": [
      "Allergic",
      "Rhinitis"
    ],
    "pico_attributes": {
      "populations": {
        "minimum_age": "12 Years",
        "maximum_age": "NA",
        "country": "United States",
        "gender": "ALL"
      },
      "interventions": [],
      "outcomes": []
    }
  },
  {
    "nct_id": "NCT00103467",
    "conditions": [
      "Anthrax <bee fly genus>",
      "prevention of infection"
    ],
    "pico_attributes": {
      "populations": {
        "minimum_age": "18 Years",
        "maximum_age": "40 Years",
        "country": "United States",
        "gender": "ALL"
      },
      "interventions": [
        "Vaccines"
      ],
      "outcomes": []
    }
  },
  {
    "nct_id": "NCT00103493",
    "conditions": [
      "Dental Caries, CTCAE",
      "Dental Hygiene",
      "Oral health"
    ],
    "pico_attributes": {
      "populations": {
        "minimum_age": "15 Years",
        "maximum_age": "70 Years",
        "country": "United States",
        "gender": "ALL"
      },
      "interventions": [
        "Base - General Qualifier",
        "Bortezomib/Dexamethasone/Pegylated Liposomal Doxorubicin Regimen",
        "Motivational Interviewing",
        "Target",
        "educational programs"
      ],
      "outcomes": []
    }
  },
  {
    "nct_id": "NCT00103506",
    "conditions": [
      "Multiple Myeloma"
    ],
    "pico_attributes": {
      "populations": {
        "minimum_age": "18 Years",
        "maximum_age": "NA",
        "country": "United States",
        "gender": "ALL"
      },
      "interventions": [
        "Caelyx",
        "Doxil",
        "Velcade",
        "bortezomib",
        "doxorubicin hydrochloride"
      ],
      "outcomes": [
        "Overall Survival"
      ]
    }
  },
  {
    "nct_id": "NCT00103519",
    "conditions": [
      "Congestive",
      "Congestive heart failure"
    ],
    "pico_attributes": {
      "populations": {
        "minimum_age": "18 Years",
        "maximum_age": "NA",
        "country": "United States",
        "gender": "ALL"
      },
      "interventions": [
        "+5",
        "3+ Answer to Question",
        "3,5-diiodothyropropionic acid",
        "Acids",
        "Placebo Control"
      ],
      "outcomes": []
    }
  },
  {
    "nct_id": "NCT00103532",
    "conditions": [
      "HIV Infections"
    ],
    "pico_attributes": {
      "populations": {
        "minimum_age": "16 Years",
        "maximum_age": "24 Years",
        "country": "United States",
        "gender": "ALL"
      },
      "interventions": [
        "Choice Behavior",
        "Enhance (action)",
        "Healthy",
        "Intervention regimes",
        "Motivation",
        "Standard (document)",
        "care activity"
      ],
      "outcomes": []
    }
  },
  {
    "nct_id": "NCT00103545",
    "conditions": [
      "Carcinoma, Ovarian Epithelial",
      "Fallopian Tube Neoplasms",
      "Peritoneal Neoplasms"
    ],
    "pico_attributes": {
      "populations": {
        "minimum_age": "0 Years",
        "maximum_age": "NA",
        "country": "Germany",
        "gender": "FEMALE"
      },
      "interventions": [
        "ACA 125"
      ],
      "outcomes": []
    }
  },
  {
    "nct_id": "NCT00103558",
    "conditions": [
      "Chronic Lymphocytic Leukemia"
    ],
    "pico_attributes": {
      "populations": {
        "minimum_age": "18 Years",
        "maximum_age": "NA",
        "country": "United States",
        "gender": "ALL"
      },
      "interventions": [
        "FCR Regimen",
        "lumiliximab"
      ],
      "outcomes": []
    }
  },
  {
    "nct_id": "NCT00103571",
    "conditions": [
      "Schizophrenia"
    ],
    "pico_attributes": {
      "populations": {
        "minimum_age": "18 Years",
        "maximum_age": "55 Years",
        "country": "United States",
        "gender": "ALL"
      },
      "interventions": [
        "aripiprazole",
        "olanzapine"
      ],
      "outcomes": []
    }
  },
  {
    "nct_id": "NCT00103584",
    "conditions": [
      "Smallpox"
    ],
    "pico_attributes": {
      "populations": {
        "minimum_age": "18 Years",
        "maximum_age": "34 Years",
        "country": "United States",
        "gender": "ALL"
      },
      "interventions": [
        "LC16M8",
        "smallpox vaccine"
      ],
      "outcomes": []
    }
  },
  {
    "nct_id": "NCT00103597",
    "conditions": [
      "Hypotension, Orthostatic",
      "Multiple System Atrophy",
      "Parkinson Disease"
    ],
    "pico_attributes": {
      "populations": {
        "minimum_age": "40 Years",
        "maximum_age": "95 Years",
        "country": "Australia",
        "gender": "ALL"
      },
      "interventions": [
        "Hypotension, Orthostatic",
        "Measures",
        "domperidone",
        "fludrocortisone"
      ],
      "outcomes": []
    }
  },
  {
    "nct_id": "NCT00103610",
    "conditions": [
      "Adult Lymphoma",
      "Lymphoma, Non-Hodgkin"
    ],
    "pico_attributes": {
      "populations": {
        "minimum_age": "18 Years",
        "maximum_age": "78 Years",
        "country": "United States",
        "gender": "ALL"
      },
      "interventions": [
        "Granulocyte Colony-Stimulating Factor",
        "In addition to",
        "Placebo Control",
        "plerixafor"
      ],
      "outcomes": [
        "+2",
        "+5",
        "100%",
        "12 Months",
        "4+ Answer to question",
        "Ability",
        "Adverse Event Domain",
        "Apheresis (procedure)",
        "CD34 Measurement",
        "Count of entities",
        "Few",
        "GDC Treatment Outcome Terminology",
        "Graft material",
        "Median (qualifier value)",
        "Million Cells per Kilogram",
        "Participant",
        "Post",
        "Proportion",
        "Requirement",
        "Target",
        "Transplantation",
        "day",
        "month"
      ]
    }
  },
  {
    "nct_id": "NCT00103623",
    "conditions": [
      "Malignant neoplasm of prostate"
    ],
    "pico_attributes": {
      "populations": {
        "minimum_age": "18 Years",
        "maximum_age": "NA",
        "country": "United States",
        "gender": "MALE"
      },
      "interventions": [
        "Plenaxis"
      ],
      "outcomes": []
    }
  },
  {
    "nct_id": "NCT00103636",
    "conditions": [
      "Phlebitis"
    ],
    "pico_attributes": {
      "populations": {
        "minimum_age": "18 Years",
        "maximum_age": "NA",
        "country": "Australia",
        "gender": "ALL"
      },
      "interventions": [],
      "outcomes": []
    }
  },
  {
    "nct_id": "NCT00103649",
    "conditions": [
      "Alzheimer's Disease"
    ],
    "pico_attributes": {
      "populations": {
        "minimum_age": "50 Years",
        "maximum_age": "NA",
        "country": "United States",
        "gender": "ALL"
      },
      "interventions": [
        "SR 57746A",
        "xaliproden"
      ],
      "outcomes": []
    }
  },
  {
    "nct_id": "NCT00103662",
    "conditions": [
      "Multiple Myeloma"
    ],
    "pico_attributes": {
      "populations": {
        "minimum_age": "18 Years",
        "maximum_age": "78 Years",
        "country": "United States",
        "gender": "ALL"
      },
      "interventions": [
        "Granulocyte Colony-Stimulating Factor",
        "In addition to",
        "Placebo Control",
        "plerixafor"
      ],
      "outcomes": [
        "100%",
        "12 Months",
        "Adverse Event Domain",
        "Apheresis (procedure)",
        "CD34 Measurement",
        "Count of entities",
        "Few",
        "GPR162 gene",
        "Graft material",
        "Median (qualifier value)",
        "Million Cells per Kilogram",
        "Participant",
        "Post",
        "Proportion",
        "Target",
        "Transplantation",
        "day",
        "month"
      ]
    }
  },
  {
    "nct_id": "NCT00103675",
    "conditions": [
      "Back Pain"
    ],
    "pico_attributes": {
      "populations": {
        "minimum_age": "18 Years",
        "maximum_age": "NA",
        "country": "United States",
        "gender": "ALL"
      },
      "interventions": [
        "Acupuncture procedure"
      ],
      "outcomes": []
    }
  },
  {
    "nct_id": "NCT00103701",
    "conditions": [
      "Childhood Leukemia",
      "Chronic phase",
      "Myeloid",
      "Philadelphia positive",
      "acute",
      "lymphoblast"
    ],
    "pico_attributes": {
      "populations": {
        "minimum_age": "14 Years",
        "maximum_age": "NA",
        "country": "United States",
        "gender": "ALL"
      },
      "interventions": [
        "dasatinib"
      ],
      "outcomes": []
    }
  },
  {
    "nct_id": "NCT00103714",
    "conditions": [
      "Cystic Fibrosis"
    ],
    "pico_attributes": {
      "populations": {
        "minimum_age": "8 Years",
        "maximum_age": "50 Years",
        "country": "United States",
        "gender": "ALL"
      },
      "interventions": [
        "Denufosol",
        "INS37217"
      ],
      "outcomes": []
    }
  },
  {
    "nct_id": "NCT00103727",
    "conditions": [
      "Schizophrenia"
    ],
    "pico_attributes": {
      "populations": {
        "minimum_age": "18 Years",
        "maximum_age": "65 Years",
        "country": "United States",
        "gender": "ALL"
      },
      "interventions": [
        "Placebo Control",
        "Talnetant",
        "risperidone"
      ],
      "outcomes": []
    }
  },
  {
    "nct_id": "NCT00103740",
    "conditions": [
      "Osteitis Deformans"
    ],
    "pico_attributes": {
      "populations": {
        "minimum_age": "30 Years",
        "maximum_age": "NA",
        "country": "United States",
        "gender": "ALL"
      },
      "interventions": [
        "CALCIUM SUPPLEMENTS",
        "D Vitamin",
        "Dietary Supplements",
        "Placebo Control",
        "risedronate",
        "zoledronic acid"
      ],
      "outcomes": [
        "*Relative",
        "10%",
        "C-telopeptide",
        "CD44 wt Allele",
        "Change -- procedure",
        "Clinical Observation",
        "Count of entities",
        "Daily",
        "Extended",
        "Extent of disease",
        "First (number)",
        "Global Relapse",
        "In Urine",
        "In addition to",
        "Liter per Microgram per Day",
        "Loss",
        "Menstruation Disturbances",
        "Microgram per Day",
        "Milligram per Mole",
        "Normalize",
        "Number of patients",
        "Pain Distress Question",
        "Pain Interference Subordinate Domain",
        "Partial",
        "Participant",
        "Period (temporal qualifier)",
        "Reaction Time",
        "Recurrent disease",
        "Response to treatment",
        "Serum",
        "Serum alkaline phosphatase measurement",
        "Therapeutic",
        "Time",
        "Uganda",
        "Unit per Liter",
        "millimole",
        "mmol/24h",
        "month"
      ]
    }
  },
  {
    "nct_id": "NCT00103753",
    "conditions": [
      "Beta plus thalassemia"
    ],
    "pico_attributes": {
      "populations": {
        "minimum_age": "18 Years",
        "maximum_age": "NA",
        "country": "Italy",
        "gender": "ALL"
      },
      "interventions": [
        "deferiprone"
      ],
      "outcomes": []
    }
  },
  {
    "nct_id": "NCT00103766",
    "conditions": [
      "Empyema",
      "Pleural Effusion, CTCAE"
    ],
    "pico_attributes": {
      "populations": {
        "minimum_age": "18 Years",
        "maximum_age": "NA",
        "country": "United States",
        "gender": "ALL"
      },
      "interventions": [
        "alteplase"
      ],
      "outcomes": []
    }
  },
  {
    "nct_id": "NCT00103779",
    "conditions": [
      "Adult Non-Hodgkin Lymphoma"
    ],
    "pico_attributes": {
      "populations": {
        "minimum_age": "18 Years",
        "maximum_age": "NA",
        "country": "United States",
        "gender": "ALL"
      },
      "interventions": [
        "SGN-40"
      ],
      "outcomes": []
    }
  },
  {
    "nct_id": "NCT00103792",
    "conditions": [
      "Granulomatosis with polyangiitis",
      "Vasculitis"
    ],
    "pico_attributes": {
      "populations": {
        "minimum_age": "18 Years",
        "maximum_age": "NA",
        "country": "Netherlands",
        "gender": "ALL"
      },
      "interventions": [
        "cyclophosphamide",
        "mycophenolate mofetil"
      ],
      "outcomes": []
    }
  },
  {
    "nct_id": "NCT00103805",
    "conditions": [
      "Healthy"
    ],
    "pico_attributes": {
      "populations": {
        "minimum_age": "20 Years",
        "maximum_age": "35 Years",
        "country": "Germany",
        "gender": "MALE"
      },
      "interventions": [
        "levodopa"
      ],
      "outcomes": []
    }
  },
  {
    "nct_id": "NCT00103818",
    "conditions": [
      "Insomnia, CTCAE 3.0"
    ],
    "pico_attributes": {
      "populations": {
        "minimum_age": "18 Years",
        "maximum_age": "64 Years",
        "country": "United States",
        "gender": "ALL"
      },
      "interventions": [
        "Comparator",
        "External cause codes: Unspecified",
        "Placebo Control",
        "gaboxadol"
      ],
      "outcomes": []
    }
  },
  {
    "nct_id": "NCT00103831",
    "conditions": [
      "NCI CTEP SDC Non-Small Cell Lung Cancer Sub-Category Terminology"
    ],
    "pico_attributes": {
      "populations": {
        "minimum_age": "18 Years",
        "maximum_age": "NA",
        "country": "United States",
        "gender": "ALL"
      },
      "interventions": [
        "Oral",
        "Taxanes"
      ],
      "outcomes": []
    }
  },
  {
    "nct_id": "NCT00103844",
    "conditions": [
      "Chronic Myeloid Leukemia Pathway",
      "Myeloid Leukemia, Chronic"
    ],
    "pico_attributes": {
      "populations": {
        "minimum_age": "18 Years",
        "maximum_age": "NA",
        "country": "United States",
        "gender": "ALL"
      },
      "interventions": [
        "dasatinib",
        "imatinib"
      ],
      "outcomes": [
        "12 Months",
        "24 Months",
        "Before",
        "CHROMATE RESISTANCE (disorder)",
        "Cross-Over Studies",
        "Cytogenetic Response",
        "Duration",
        "Health-Related Quality Of Life",
        "Time",
        "month"
      ]
    }
  },
  {
    "nct_id": "NCT00103857",
    "conditions": [
      "Diabetes Mellitus, Non-Insulin-Dependent"
    ],
    "pico_attributes": {
      "populations": {
        "minimum_age": "18 Years",
        "maximum_age": "78 Years",
        "country": "United States",
        "gender": "ALL"
      },
      "interventions": [
        "100%",
        "50%",
        "500",
        "Blood group antibody I",
        "Comparator",
        "Daily",
        "Incision and drainage",
        "MG",
        "MK 0431",
        "Open Label Study",
        "Phase",
        "Placebo Control",
        "Twice a day",
        "metformin",
        "milligram/day"
      ],
      "outcomes": [
        "2 Hours",
        "54",
        "BaseLine dental cement",
        "Change -- procedure",
        "Fasting",
        "Glucohemoglobin measurement",
        "Plasma Glucose Measurement",
        "Postprandial Period",
        "Weekly",
        "glucose"
      ]
    }
  },
  {
    "nct_id": "NCT00103870",
    "conditions": [
      "Feel Pain"
    ],
    "pico_attributes": {
      "populations": {
        "minimum_age": "18 Years",
        "maximum_age": "NA",
        "country": "United States",
        "gender": "ALL"
      },
      "interventions": [
        "Auditory Perception",
        "Music",
        "Stimulation (motivation)",
        "Task"
      ],
      "outcomes": []
    }
  },
  {
    "nct_id": "NCT00103883",
    "conditions": [
      "HIV Infections"
    ],
    "pico_attributes": {
      "populations": {
        "minimum_age": "12 Years",
        "maximum_age": "24 Years",
        "country": "United States",
        "gender": "ALL"
      },
      "interventions": [],
      "outcomes": []
    }
  },
  {
    "nct_id": "NCT00103896",
    "conditions": [
      "HIV Infections"
    ],
    "pico_attributes": {
      "populations": {
        "minimum_age": "12 Years",
        "maximum_age": "24 Years",
        "country": "United States",
        "gender": "ALL"
      },
      "interventions": [],
      "outcomes": []
    }
  },
  {
    "nct_id": "NCT00103922",
    "conditions": [
      "Lung diseases",
      "Obstructed",
      "chronic"
    ],
    "pico_attributes": {
      "populations": {
        "minimum_age": "40 Years",
        "maximum_age": "NA",
        "country": "United States",
        "gender": "ALL"
      },
      "interventions": [
        "Cilomilast"
      ],
      "outcomes": []
    }
  },
  {
    "nct_id": "NCT00103935",
    "conditions": [
      "Diabetes Mellitus, Non-Insulin-Dependent"
    ],
    "pico_attributes": {
      "populations": {
        "minimum_age": "18 Years",
        "maximum_age": "75 Years",
        "country": "United States",
        "gender": "ALL"
      },
      "interventions": [
        "Low Anterior Resection",
        "Placebo Control",
        "exenatide"
      ],
      "outcomes": []
    }
  },
  {
    "nct_id": "NCT00103948",
    "conditions": [
      "Impaired cognition"
    ],
    "pico_attributes": {
      "populations": {
        "minimum_age": "25 Years",
        "maximum_age": "70 Years",
        "country": "United States",
        "gender": "ALL"
      },
      "interventions": [
        "Aricept"
      ],
      "outcomes": []
    }
  }
]