[
  {
    "nct_id": "NCT00059982",
    "conditions": [
      "Malignant neoplasm of pancreas"
    ],
    "pico_attributes": {
      "populations": {
        "minimum_age": "18 Years",
        "maximum_age": "NA",
        "country": "United States",
        "gender": "ALL"
      },
      "interventions": [
        "perifosine"
      ],
      "outcomes": []
    }
  },
  {
    "nct_id": "NCT00059995",
    "conditions": [
      "Adult Lymphoma"
    ],
    "pico_attributes": {
      "populations": {
        "minimum_age": "12 Years",
        "maximum_age": "NA",
        "country": "United States",
        "gender": "ALL"
      },
      "interventions": [
        "iratumumab"
      ],
      "outcomes": []
    }
  },
  {
    "nct_id": "NCT00060008",
    "conditions": [
      "Neurofibromatosis 1",
      "Precancerous Conditions"
    ],
    "pico_attributes": {
      "populations": {
        "minimum_age": "NA",
        "maximum_age": "25 Years",
        "country": "United States",
        "gender": "ALL"
      },
      "interventions": [
        "fluorodeoxyglucose F18",
        "gadopentetate dimeglumine"
      ],
      "outcomes": []
    }
  },
  {
    "nct_id": "NCT00060021",
    "conditions": [
      "Cancer Genus"
    ],
    "pico_attributes": {
      "populations": {
        "minimum_age": "18 Years",
        "maximum_age": "NA",
        "country": "United States",
        "gender": "ALL"
      },
      "interventions": [
        "Acupuncture procedure",
        "Management of Therapy Complications",
        "Pain management"
      ],
      "outcomes": []
    }
  },
  {
    "nct_id": "NCT00060086",
    "conditions": [
      "Malignant neoplasm of prostate"
    ],
    "pico_attributes": {
      "populations": {
        "minimum_age": "18 Years",
        "maximum_age": "NA",
        "country": "United States",
        "gender": "MALE"
      },
      "interventions": [
        "pomegranate juice"
      ],
      "outcomes": []
    }
  },
  {
    "nct_id": "NCT00060099",
    "conditions": [
      "Precancerous Conditions"
    ],
    "pico_attributes": {
      "populations": {
        "minimum_age": "18 Years",
        "maximum_age": "NA",
        "country": "United States",
        "gender": "FEMALE"
      },
      "interventions": [
        "Verpasep caltespen"
      ],
      "outcomes": []
    }
  },
  {
    "nct_id": "NCT00060112",
    "conditions": [
      "Adult",
      "Adult Solid Neoplasm",
      "Adult T-Cell Lymphoma/Leukemia",
      "Chronic Lymphocytic Leukemia",
      "Clinical trial protocol",
      "Diffuse",
      "Entity Determiner - specific",
      "Episodic",
      "External cause codes: Unspecified",
      "Follicular non-Hodgkin's lymphoma, small cleaved cell",
      "IV number:ID:Pt:^Patient:Nom",
      "Lymphoma, Follicular, Grade 2",
      "Lymphoma, Follicular, Grade 3",
      "Lymphoma, Mixed-Cell",
      "Malignant lymphoma, lymphocytic, intermediate differentiation, diffuse",
      "Marginal Zone B-Cell Lymphoma",
      "Monocytoid B-cell lymphoma",
      "Mucosa-Associated Lymphoid Tissue Lymphoma",
      "Neoplastic Large Cell",
      "Phase",
      "Recurrent Adult Burkitt Lymphoma",
      "Recurrent Adult Diffuse Large Cell Lymphoma",
      "Recurrent Adult Diffuse Small Cleaved Cell Lymphoma",
      "Recurrent Adult Hodgkin Lymphoma",
      "Recurrent Adult Immunoblastic Lymphoma",
      "Recurrent Adult Lymphoblastic Lymphoma",
      "Recurrent Adult T-Cell Leukemia/Lymphoma",
      "Recurrent Grade 1 Follicular Lymphoma",
      "Recurrent Grade 2 Follicular Lymphoma",
      "Recurrent Grade 3 Follicular Lymphoma",
      "Recurrent Mantle Cell Lymphoma",
      "Recurrent Marginal Zone Lymphoma",
      "Recurrent Primary Cutaneous T-Cell Non-Hodgkin Lymphoma",
      "Recurrent Small Lymphocytic Lymphoma",
      "Splenic Marginal Zone B-Cell Lymphoma",
      "Stage IV Adult Burkitt Lymphoma",
      "Stage IV Adult Diffuse Large Cell Lymphoma",
      "Stage IV Adult Diffuse Small Cleaved Cell Lymphoma",
      "Stage IV Adult Hodgkin Lymphoma",
      "Stage IV Adult Immunoblastic Lymphoma",
      "Stage IV Adult Lymphoblastic Lymphoma",
      "Stage IV Cutaneous T-Cell Non-Hodgkin Lymphoma"
    ],
    "pico_attributes": {
      "populations": {
        "minimum_age": "18 Years",
        "maximum_age": "NA",
        "country": "United States",
        "gender": "ALL"
      },
      "interventions": [
        "Laboratory Biomarker Analysis",
        "Pharmacological Study",
        "gemcitabine hydrochloride",
        "oblimersen sodium"
      ],
      "outcomes": []
    }
  },
  {
    "nct_id": "NCT00060125",
    "conditions": [
      "IV number:ID:Pt:^Patient:Nom",
      "Recurrent Cutaneous Melanoma",
      "stage, melanoma"
    ],
    "pico_attributes": {
      "populations": {
        "minimum_age": "18 Years",
        "maximum_age": "NA",
        "country": "United States",
        "gender": "ALL"
      },
      "interventions": [
        "Laboratory Biomarker Analysis",
        "tipifarnib"
      ],
      "outcomes": []
    }
  },
  {
    "nct_id": "NCT00060138",
    "conditions": [
      "Breast Carcinoma",
      "Disseminated Malignant Neoplasm",
      "Feel Pain",
      "Humoral hypercalcemia of malignancy (disorder)"
    ],
    "pico_attributes": {
      "populations": {
        "minimum_age": "18 Years",
        "maximum_age": "NA",
        "country": "United States",
        "gender": "FEMALE"
      },
      "interventions": [
        "monoclonal antibody CAL",
        "zoledronic acid"
      ],
      "outcomes": []
    }
  },
  {
    "nct_id": "NCT00060151",
    "conditions": [
      "Adult Solid Neoplasm",
      "Clinical trial protocol",
      "Entity Determiner - specific",
      "External cause codes: Unspecified"
    ],
    "pico_attributes": {
      "populations": {
        "minimum_age": "21 Years",
        "maximum_age": "NA",
        "country": "United States",
        "gender": "ALL"
      },
      "interventions": [
        "pazopanib hydrochloride"
      ],
      "outcomes": []
    }
  },
  {
    "nct_id": "NCT00060203",
    "conditions": [
      "Multiple Myeloma",
      "Plasma Cell Neoplasm"
    ],
    "pico_attributes": {
      "populations": {
        "minimum_age": "18 Years",
        "maximum_age": "NA",
        "country": "United States",
        "gender": "ALL"
      },
      "interventions": [
        "brostallicin"
      ],
      "outcomes": []
    }
  },
  {
    "nct_id": "NCT00060242",
    "conditions": [
      "Head and Neck Carcinoma"
    ],
    "pico_attributes": {
      "populations": {
        "minimum_age": "18 Years",
        "maximum_age": "NA",
        "country": "United States",
        "gender": "ALL"
      },
      "interventions": [
        "fosbretabulin"
      ],
      "outcomes": []
    }
  },
  {
    "nct_id": "NCT00060255",
    "conditions": [
      "Adult Lymphoma",
      "Adult Solid Neoplasm",
      "Breast Carcinoma",
      "Childhood Leukemia",
      "Childhood Solid Neoplasm",
      "Childhood Testicular Germ Cell Tumor",
      "Clinical trial protocol",
      "Entity Determiner - specific",
      "External cause codes: Unspecified",
      "Multiple Myeloma",
      "Plasma Cell Neoplasm"
    ],
    "pico_attributes": {
      "populations": {
        "minimum_age": "4 Years",
        "maximum_age": "NA",
        "country": "United States",
        "gender": "ALL"
      },
      "interventions": [
        "Bone Marrow Ablation with Stem Cell Support",
        "Peripheral Stem Cell Transplantation",
        "Therapeutic radiology procedure",
        "busulfan",
        "carboplatin",
        "carmustine",
        "cyclophosphamide",
        "etoposide",
        "melphalan",
        "thiotepa"
      ],
      "outcomes": []
    }
  },
  {
    "nct_id": "NCT00060268",
    "conditions": [
      "Childhood Esophageal Carcinoma"
    ],
    "pico_attributes": {
      "populations": {
        "minimum_age": "18 Years",
        "maximum_age": "NA",
        "country": "United States",
        "gender": "ALL"
      },
      "interventions": [
        "2-(1-hexyloxyethyl)-2-devinyl pyropheophorbide-a"
      ],
      "outcomes": []
    }
  },
  {
    "nct_id": "NCT00060294",
    "conditions": [
      "Adult Lymphoma"
    ],
    "pico_attributes": {
      "populations": {
        "minimum_age": "18 Years",
        "maximum_age": "NA",
        "country": "United States",
        "gender": "ALL"
      },
      "interventions": [
        "rituximab",
        "yttrium-90-ibritumomab tiuxetan"
      ],
      "outcomes": []
    }
  },
  {
    "nct_id": "NCT00060307",
    "conditions": [
      "Renal cancer recurrent",
      "Stage III Renal Cell Cancer AJCC v7",
      "Stage IV Renal Cell Cancer"
    ],
    "pico_attributes": {
      "populations": {
        "minimum_age": "18 Years",
        "maximum_age": "NA",
        "country": "United States",
        "gender": "ALL"
      },
      "interventions": [
        "Laboratory Biomarker Analysis",
        "erlotinib hydrochloride"
      ],
      "outcomes": []
    }
  },
  {
    "nct_id": "NCT00060320",
    "conditions": [
      "Bothered by Hot Flashes",
      "Breast Carcinoma"
    ],
    "pico_attributes": {
      "populations": {
        "minimum_age": "18 Years",
        "maximum_age": "NA",
        "country": "United States",
        "gender": "FEMALE"
      },
      "interventions": [
        "Cimicifuga racemosa",
        "Placebo Control"
      ],
      "outcomes": []
    }
  },
  {
    "nct_id": "NCT00060333",
    "conditions": [
      "Recurrent Cutaneous Melanoma"
    ],
    "pico_attributes": {
      "populations": {
        "minimum_age": "18 Years",
        "maximum_age": "NA",
        "country": "United States",
        "gender": "ALL"
      },
      "interventions": [
        "Therapeutic radiology procedure"
      ],
      "outcomes": [
        "Assessed",
        "BaseLine dental cement",
        "Brief Fatigue Inventory",
        "Change -- procedure",
        "Failure",
        "Fatigue",
        "From",
        "Incidence",
        "Local",
        "Neoplasm Metastasis",
        "Survival time",
        "Systemic",
        "Time",
        "month"
      ]
    }
  },
  {
    "nct_id": "NCT00060346",
    "conditions": [
      "Adult Lymphoma"
    ],
    "pico_attributes": {
      "populations": {
        "minimum_age": "18 Years",
        "maximum_age": "NA",
        "country": "United States",
        "gender": "ALL"
      },
      "interventions": [
        "cyclophosphamide",
        "doxorubicin",
        "prednisone",
        "rituximab",
        "vincristine"
      ],
      "outcomes": [
        "Clinical Trial Objective",
        "Response to treatment"
      ]
    }
  },
  {
    "nct_id": "NCT00060359",
    "conditions": [
      "Brenner Tumor",
      "Endometrioid carcinoma ovary",
      "Fallopian Tube Carcinoma",
      "Malignant Ovarian Mixed Epithelial Tumor",
      "Mucinous cystadenocarcinoma of ovary",
      "Ovarian Clear Cell Cystadenocarcinoma",
      "Ovarian cancer stage III",
      "Ovarian cancer stage IV",
      "Primary peritoneal carcinoma",
      "Serous ovarian cystadenocarcinoma",
      "Undifferentiated carcinoma of ovary"
    ],
    "pico_attributes": {
      "populations": {
        "minimum_age": "18 Years",
        "maximum_age": "NA",
        "country": "United States",
        "gender": "FEMALE"
      },
      "interventions": [
        "Pharmacological Study",
        "carboplatin",
        "paclitaxel poliglumex"
      ],
      "outcomes": []
    }
  },
  {
    "nct_id": "NCT00060372",
    "conditions": [
      "11q23",
      "Adult",
      "Adult Acute Myeloblastic Leukemia",
      "Adult Teratoma",
      "Adult Yolk Sac Tumor",
      "Anatomic Stage IIIA Breast Cancer AJCC v8",
      "Anatomic Stage IIIC Breast Cancer AJCC v8",
      "BCR positive",
      "BCR/ABL1 Fusion Negative",
      "Childhood Myelodysplastic Syndrome",
      "Choriocarcinoma of ovary",
      "Choriocarcinoma of the Testis",
      "Chromosome inversion",
      "Congenital Abnormality",
      "DS Stage I Plasma Cell Myeloma",
      "DS Stage II Plasma Cell Myeloma",
      "DS Stage III Plasma Cell Myeloma",
      "Dermoid cyst of ovary",
      "Diffuse",
      "Disseminated neuroblastoma",
      "EXOSC1 gene",
      "Embryonal Carcinoma",
      "Endodermal sinus tumor of ovary",
      "Episodic",
      "Epithelial",
      "High",
      "IV number:ID:Pt:^Patient:Nom",
      "Immature Ovarian Teratoma",
      "Leukemia, Myeloid, Chronic, Atypical, BCR-ABL Negative",
      "Lymphoma, Mixed-Cell",
      "MYELODYSPLASTIC SYNDROME",
      "Malignant Childhood Neoplasm",
      "Myeloid Leukemia, Chronic",
      "Ovarian",
      "Ovarian Embryonal Carcinoma",
      "Ovarian Mixed Germ Cell Tumor",
      "Ovarian Polyembryoma",
      "Ovarian cancer stage III",
      "Ovarian cancer stage IV",
      "Ovarian epithelial cancer stage II",
      "Recurrent Adult Acute Lymphoblastic Leukemia",
      "Recurrent Adult Burkitt Lymphoma",
      "Recurrent Adult Diffuse Large Cell Lymphoma",
      "Recurrent Adult Hodgkin Lymphoma",
      "Recurrent Adult Immunoblastic Lymphoma",
      "Recurrent Adult Lymphoblastic Lymphoma",
      "Recurrent Grade 3 Follicular Lymphoma",
      "Recurrent Malignant Testicular Germ Cell Tumor",
      "Recurrent Mantle Cell Lymphoma",
      "Recurrent Neuroblastoma",
      "Recurrent Ovarian Germ Cell Tumor",
      "Recurrent ovarian cancer",
      "Refractory Chronic Lymphocytic Leukemia",
      "Refractory Plasma Cell Myeloma",
      "Relapse",
      "Seminoma",
      "Special",
      "Stage IIIB Breast Carcinoma",
      "Teratoma of testis",
      "Testicular Embryonal Carcinoma",
      "Testicular Yolk Sac Tumor",
      "Treating",
      "malignant neoplasm of breast staging",
      "recurrent adult acute myeloid leukemia",
      "stage III testicular cancer"
    ],
    "pico_attributes": {
      "populations": {
        "minimum_age": "18 Years",
        "maximum_age": "NA",
        "country": "United States",
        "gender": "ALL"
      },
      "interventions": [
        "Allogeneic Lymphocyte",
        "ipilimumab"
      ],
      "outcomes": []
    }
  },
  {
    "nct_id": "NCT00060385",
    "conditions": [
      "Adult Lymphoma"
    ],
    "pico_attributes": {
      "populations": {
        "minimum_age": "70 Years",
        "maximum_age": "NA",
        "country": "Belgium",
        "gender": "ALL"
      },
      "interventions": [
        "CHOP protocol-cyclophosphamide/doxorubicin/prednisone/vincristine",
        "EPOCH protocol",
        "Therapeutic radiology procedure",
        "cyclophosphamide",
        "doxorubicin hydrochloride",
        "etoposide",
        "prednisone",
        "vincristine sulfate"
      ],
      "outcomes": []
    }
  },
  {
    "nct_id": "NCT00060398",
    "conditions": [
      "Anemia",
      "Fatigue",
      "Malignant neoplasm of prostate"
    ],
    "pico_attributes": {
      "populations": {
        "minimum_age": "18 Years",
        "maximum_age": "120 Years",
        "country": "United States",
        "gender": "MALE"
      },
      "interventions": [
        "dexamethasone",
        "epoetin alfa"
      ],
      "outcomes": []
    }
  },
  {
    "nct_id": "NCT00060411",
    "conditions": [
      "Childhood Rectal Carcinoma",
      "Colon Mucinous Adenocarcinoma",
      "Pathologic Stage IIIB Gastric Cancer AJCC v8",
      "Phase",
      "Rectal Mucinous Adenocarcinoma",
      "Rectal Signet Ring Cell Adenocarcinoma",
      "Recurrent Colon Carcinoma",
      "Recurrent Rectal Cancer",
      "Stage IIIA Colon Cancer AJCC v7",
      "Stage IIIA Rectal Cancer AJCC v7",
      "Stage IIIC Colon Cancer AJCC v7",
      "Stage IIIC Rectal Cancer AJCC v7",
      "Stage IVA Colon Cancer AJCC v7",
      "Stage IVA Rectal Cancer AJCC v7",
      "Stage IVB Colon Cancer AJCC v7",
      "Stage IVB Rectal Cancer AJCC v7",
      "signet ring adenocarcinoma of the colon",
      "stage, colon cancer"
    ],
    "pico_attributes": {
      "populations": {
        "minimum_age": "18 Years",
        "maximum_age": "NA",
        "country": "United States",
        "gender": "ALL"
      },
      "interventions": [
        "bevacizumab",
        "erlotinib hydrochloride",
        "fluorouracil",
        "leucovorin calcium",
        "oxaliplatin"
      ],
      "outcomes": []
    }
  },
  {
    "nct_id": "NCT00060424",
    "conditions": [
      "Chronic Lymphocytic Leukemia",
      "Leukemia, Prolymphocytic, B-Cell",
      "Prolymphocytic Leukemia",
      "Recurrent Chronic Lymphoid Leukemia",
      "Recurrent Small Lymphocytic Lymphoma",
      "Refractory Chronic Lymphocytic Leukemia",
      "T-Cell Prolymphocytic Leukemia"
    ],
    "pico_attributes": {
      "populations": {
        "minimum_age": "21 Years",
        "maximum_age": "NA",
        "country": "United States",
        "gender": "ALL"
      },
      "interventions": [
        "Cyclosporins",
        "Hemopoietic stem cell transplant",
        "Laboratory Biomarker Analysis",
        "Nonmyeloablative Allogeneic Hematopoietic Stem Cell Transplantation",
        "Whole-Body Irradiation",
        "fludarabine phosphate",
        "mycophenolate mofetil"
      ],
      "outcomes": [
        "Acute GVH disease",
        "Clavien-Dindo Grade II",
        "Extensive",
        "Global Relapse",
        "IV number:ID:Pt:^Patient:Nom",
        "Overall Survival",
        "Rate",
        "chronic",
        "types of infections"
      ]
    }
  },
  {
    "nct_id": "NCT00060437",
    "conditions": [
      "Malignant neoplasm of prostate"
    ],
    "pico_attributes": {
      "populations": {
        "minimum_age": "18 Years",
        "maximum_age": "NA",
        "country": "United States",
        "gender": "MALE"
      },
      "interventions": [
        "perifosine"
      ],
      "outcomes": []
    }
  },
  {
    "nct_id": "NCT00060450",
    "conditions": [
      "Reperfusion Injury"
    ],
    "pico_attributes": {
      "populations": {
        "minimum_age": "18 Years",
        "maximum_age": "NA",
        "country": "United States",
        "gender": "ALL"
      },
      "interventions": [
        "Inhalation Dosing Unit",
        "Nitric Oxide Measurement",
        "Placebo Control"
      ],
      "outcomes": []
    }
  },
  {
    "nct_id": "NCT00060463",
    "conditions": [
      "Pregnancy",
      "Sexually Transmitted Diseases"
    ],
    "pico_attributes": {
      "populations": {
        "minimum_age": "14 Years",
        "maximum_age": "24 Years",
        "country": "United States",
        "gender": "FEMALE"
      },
      "interventions": [
        "Access",
        "Emergency Contraceptives",
        "Increase",
        "Pills"
      ],
      "outcomes": []
    }
  },
  {
    "nct_id": "NCT00060476",
    "conditions": [
      "Malignant neoplasm of prostate"
    ],
    "pico_attributes": {
      "populations": {
        "minimum_age": "50 Years",
        "maximum_age": "75 Years",
        "country": "United States",
        "gender": "MALE"
      },
      "interventions": [
        "Comparator",
        "External cause codes: Unspecified",
        "Placebo Control",
        "rofecoxib"
      ],
      "outcomes": []
    }
  },
  {
    "nct_id": "NCT00060489",
    "conditions": [
      "Bipolar",
      "Bipolar Disorder",
      "Depressed mood"
    ],
    "pico_attributes": {
      "populations": {
        "minimum_age": "18 Years",
        "maximum_age": "65 Years",
        "country": "United States",
        "gender": "ALL"
      },
      "interventions": [
        "Seroquel",
        "Tablet Dosage Form",
        "quetiapine fumarate"
      ],
      "outcomes": []
    }
  },
  {
    "nct_id": "NCT00060502",
    "conditions": [
      "Cachexia",
      "Pancreatic Neoplasm"
    ],
    "pico_attributes": {
      "populations": {
        "minimum_age": "18 Years",
        "maximum_age": "NA",
        "country": "",
        "gender": "ALL"
      },
      "interventions": [
        "gemcitabine",
        "infliximab"
      ],
      "outcomes": []
    }
  },
  {
    "nct_id": "NCT00060515",
    "conditions": [
      "Mitochondrial Diseases"
    ],
    "pico_attributes": {
      "populations": {
        "minimum_age": "3 Years",
        "maximum_age": "NA",
        "country": "United States",
        "gender": "ALL"
      },
      "interventions": [
        "+2",
        "+5",
        "3+ Answer to Question",
        "RG-2133",
        "uridine triacetate"
      ],
      "outcomes": []
    }
  },
  {
    "nct_id": "NCT00060528",
    "conditions": [
      "Prostatic Neoplasms"
    ],
    "pico_attributes": {
      "populations": {
        "minimum_age": "18 Years",
        "maximum_age": "NA",
        "country": "United States",
        "gender": "MALE"
      },
      "interventions": [
        "Fowlpox-PSA-TRICOM Vaccine",
        "Fowlpox-Sargramostim Vaccine",
        "Prostvac-V",
        "Recombinant Fowlpox-Prostate Specific Antigen Vaccine",
        "Recombinant Vaccinia-Prostate Specific Antigen",
        "Recombinants",
        "TRIad of COstimulatory Molecules (B7-1, ICAM-1, LFA-3)",
        "molgramostim"
      ],
      "outcomes": [
        "30%",
        "Adverse Event Domain",
        "Clinical Trial Objective",
        "Count of entities",
        "Decrease",
        "Disease Response",
        "Equal",
        "Greater Than",
        "Immune response",
        "Overall Survival",
        "PSA Level",
        "Participant",
        "Percent (qualifier value)",
        "internal-external locus of control scale"
      ]
    }
  },
  {
    "nct_id": "NCT00060541",
    "conditions": [
      "nervous system disorder"
    ],
    "pico_attributes": {
      "populations": {
        "minimum_age": "4 Years",
        "maximum_age": "99 Years",
        "country": "United States",
        "gender": "ALL"
      },
      "interventions": [
        "Laboratory Procedures",
        "Radiologic Examination"
      ],
      "outcomes": []
    }
  },
  {
    "nct_id": "NCT00060554",
    "conditions": [
      "Coronary Artery Disease",
      "Electrocardiogram: myocardial infarction (finding)"
    ],
    "pico_attributes": {
      "populations": {
        "minimum_age": "21 Years",
        "maximum_age": "NA",
        "country": "United States",
        "gender": "ALL"
      },
      "interventions": [
        "fondaparinux sodium",
        "heparin"
      ],
      "outcomes": []
    }
  },
  {
    "nct_id": "NCT00060567",
    "conditions": [
      "Cancer Genus"
    ],
    "pico_attributes": {
      "populations": {
        "minimum_age": "18 Years",
        "maximum_age": "NA",
        "country": "United States",
        "gender": "ALL"
      },
      "interventions": [
        "Combined",
        "E 7070",
        "E7070/Irinotecan",
        "irinotecan"
      ],
      "outcomes": []
    }
  },
  {
    "nct_id": "NCT00060580",
    "conditions": [
      "Spectrum Analysis, Raman"
    ],
    "pico_attributes": {
      "populations": {
        "minimum_age": "NA",
        "maximum_age": "NA",
        "country": "United States",
        "gender": "ALL"
      },
      "interventions": [
        "Raman Scattering",
        "Scattered",
        "Spectroscopy (discipline)",
        "Spectrum Analysis, Raman"
      ],
      "outcomes": []
    }
  },
  {
    "nct_id": "NCT00060593",
    "conditions": [
      "Healthy",
      "Medical Product Stability",
      "Postural"
    ],
    "pico_attributes": {
      "populations": {
        "minimum_age": "NA",
        "maximum_age": "NA",
        "country": "United States",
        "gender": "ALL"
      },
      "interventions": [],
      "outcomes": []
    }
  },
  {
    "nct_id": "NCT00060606",
    "conditions": [
      "Meningomyelocele",
      "Neural Tube Defects"
    ],
    "pico_attributes": {
      "populations": {
        "minimum_age": "18 Years",
        "maximum_age": "NA",
        "country": "United States",
        "gender": "FEMALE"
      },
      "interventions": [
        "General surgery specialty",
        "Myelomeningocele repair",
        "Non-Clinical Postnatal Trial Phase",
        "Prenatal (temporal qualifier)"
      ],
      "outcomes": [
        "30%",
        "AT genotype",
        "Age-Months",
        "Bayley scale of infant development",
        "Belarus",
        "Count of entities",
        "Disease classification level",
        "Examination",
        "Function (attribute)",
        "Hard to Walk More Than One Block",
        "Infant Death",
        "Lesion",
        "Life",
        "MAJOR AFFECTIVE DISORDER 2",
        "Menopause",
        "Needs",
        "Participant",
        "Ventricular shunt device",
        "anatomic",
        "per year"
      ]
    }
  },
  {
    "nct_id": "NCT00060619",
    "conditions": [
      "Abdominal Pain",
      "Migraine Disorders"
    ],
    "pico_attributes": {
      "populations": {
        "minimum_age": "7 Years",
        "maximum_age": "17 Years",
        "country": "United States",
        "gender": "ALL"
      },
      "interventions": [
        "Biofeedback, thermal",
        "Relaxation Therapy",
        "cognitive coping skills",
        "parent training"
      ],
      "outcomes": []
    }
  },
  {
    "nct_id": "NCT00060632",
    "conditions": [
      "Adult Lymphoma",
      "Multiple Myeloma",
      "Neoplasms"
    ],
    "pico_attributes": {
      "populations": {
        "minimum_age": "18 Years",
        "maximum_age": "NA",
        "country": "United States",
        "gender": "ALL"
      },
      "interventions": [
        "ridaforolimus"
      ],
      "outcomes": []
    }
  },
  {
    "nct_id": "NCT00060645",
    "conditions": [
      "Adult Lymphoma",
      "Multiple Myeloma",
      "Neoplasms"
    ],
    "pico_attributes": {
      "populations": {
        "minimum_age": "18 Years",
        "maximum_age": "NA",
        "country": "United States",
        "gender": "ALL"
      },
      "interventions": [
        "ridaforolimus"
      ],
      "outcomes": []
    }
  },
  {
    "nct_id": "NCT00060658",
    "conditions": [
      "Healthy"
    ],
    "pico_attributes": {
      "populations": {
        "minimum_age": "NA",
        "maximum_age": "NA",
        "country": "United States",
        "gender": "ALL"
      },
      "interventions": [],
      "outcomes": []
    }
  },
  {
    "nct_id": "NCT00060671",
    "conditions": [
      "Adult Lymphoma",
      "CEL gene",
      "Enneking Low Surgical Grade",
      "Follicle",
      "Mixed (qualifier value)",
      "Small cleaved cell"
    ],
    "pico_attributes": {
      "populations": {
        "minimum_age": "18 Years",
        "maximum_age": "NA",
        "country": "United States",
        "gender": "ALL"
      },
      "interventions": [
        "BBR 2778",
        "pixantrone",
        "rituximab"
      ],
      "outcomes": []
    }
  },
  {
    "nct_id": "NCT00060684",
    "conditions": [
      "Adult Lymphoma",
      "CEL gene",
      "Enneking Low Surgical Grade",
      "Follicle",
      "Mixed (qualifier value)",
      "Small cleaved cell",
      "Small lymphocyte"
    ],
    "pico_attributes": {
      "populations": {
        "minimum_age": "18 Years",
        "maximum_age": "NA",
        "country": "United States",
        "gender": "ALL"
      },
      "interventions": [
        "BBR 2778",
        "dexamethasone",
        "fludarabine",
        "pixantrone",
        "rituximab"
      ],
      "outcomes": []
    }
  },
  {
    "nct_id": "NCT00060697",
    "conditions": [
      "Adolescent Behavior",
      "Child Behavior"
    ],
    "pico_attributes": {
      "populations": {
        "minimum_age": "6 Years",
        "maximum_age": "85 Years",
        "country": "United States",
        "gender": "ALL"
      },
      "interventions": [
        "Educational Status",
        "Sex Behavior",
        "teenage mothers"
      ],
      "outcomes": []
    }
  },
  {
    "nct_id": "NCT00060710",
    "conditions": [
      "Cutaneous Melanoma"
    ],
    "pico_attributes": {
      "populations": {
        "minimum_age": "18 Years",
        "maximum_age": "NA",
        "country": "United States",
        "gender": "ALL"
      },
      "interventions": [
        "CP-461"
      ],
      "outcomes": []
    }
  },
  {
    "nct_id": "NCT00060723",
    "conditions": [
      "Attention deficit hyperactivity disorder",
      "Obstructed",
      "SLEEP APNEA (device)",
      "Sleep-Disordered Breathing"
    ],
    "pico_attributes": {
      "populations": {
        "minimum_age": "5 Years",
        "maximum_age": "12 Years",
        "country": "United States",
        "gender": "ALL"
      },
      "interventions": [],
      "outcomes": []
    }
  },
  {
    "nct_id": "NCT00060736",
    "conditions": [
      "Depressed mood",
      "Healthy",
      "Perimenopausal state",
      "Postmenopausal state"
    ],
    "pico_attributes": {
      "populations": {
        "minimum_age": "45 Years",
        "maximum_age": "65 Years",
        "country": "United States",
        "gender": "FEMALE"
      },
      "interventions": [],
      "outcomes": []
    }
  },
  {
    "nct_id": "NCT00060749",
    "conditions": [
      "Age related macular degeneration"
    ],
    "pico_attributes": {
      "populations": {
        "minimum_age": "NA",
        "maximum_age": "NA",
        "country": "United States",
        "gender": "ALL"
      },
      "interventions": [],
      "outcomes": []
    }
  },
  {
    "nct_id": "NCT00060762",
    "conditions": [
      "Eating Disorders"
    ],
    "pico_attributes": {
      "populations": {
        "minimum_age": "18 Years",
        "maximum_age": "65 Years",
        "country": "United States",
        "gender": "ALL"
      },
      "interventions": [
        "Behavior Therapy",
        "Guide device",
        "Have Weight Loss",
        "Interpersonal",
        "Therapeutic procedure",
        "self help"
      ],
      "outcomes": []
    }
  },
  {
    "nct_id": "NCT00060775",
    "conditions": [
      "Psychology, Developmental"
    ],
    "pico_attributes": {
      "populations": {
        "minimum_age": "2 Months",
        "maximum_age": "60 Years",
        "country": "United States",
        "gender": "ALL"
      },
      "interventions": [],
      "outcomes": []
    }
  },
  {
    "nct_id": "NCT00060788",
    "conditions": [
      "Antisocial Personality Disorder",
      "Dyssocial Behavior"
    ],
    "pico_attributes": {
      "populations": {
        "minimum_age": "36 Months",
        "maximum_age": "48 Months",
        "country": "Mauritius",
        "gender": "ALL"
      },
      "interventions": [],
      "outcomes": []
    }
  },
  {
    "nct_id": "NCT00060801",
    "conditions": [
      "Cystic Fibrosis"
    ],
    "pico_attributes": {
      "populations": {
        "minimum_age": "6 Years",
        "maximum_age": "NA",
        "country": "United States",
        "gender": "ALL"
      },
      "interventions": [
        "Biospecimen Domain"
      ],
      "outcomes": []
    }
  },
  {
    "nct_id": "NCT00060814",
    "conditions": [
      "Tobacco Use Disorder"
    ],
    "pico_attributes": {
      "populations": {
        "minimum_age": "18 Years",
        "maximum_age": "70 Years",
        "country": "United States",
        "gender": "ALL"
      },
      "interventions": [
        "Combined",
        "Intervention regimes"
      ],
      "outcomes": []
    }
  },
  {
    "nct_id": "NCT00060827",
    "conditions": [
      "Brain Concussion",
      "Brain Injuries"
    ],
    "pico_attributes": {
      "populations": {
        "minimum_age": "18 Years",
        "maximum_age": "24 Years",
        "country": "United States",
        "gender": "MALE"
      },
      "interventions": [],
      "outcomes": []
    }
  },
  {
    "nct_id": "NCT00060840",
    "conditions": [
      "Congestive heart failure"
    ],
    "pico_attributes": {
      "populations": {
        "minimum_age": "18 Years",
        "maximum_age": "NA",
        "country": "United States",
        "gender": "ALL"
      },
      "interventions": [
        "Nitric Oxide Measurement",
        "Nitrogen Handling"
      ],
      "outcomes": []
    }
  },
  {
    "nct_id": "NCT00060853",
    "conditions": [
      "Healthy"
    ],
    "pico_attributes": {
      "populations": {
        "minimum_age": "NA",
        "maximum_age": "NA",
        "country": "United States",
        "gender": "ALL"
      },
      "interventions": [],
      "outcomes": []
    }
  },
  {
    "nct_id": "NCT00060866",
    "conditions": [
      "Vasovagal syncope"
    ],
    "pico_attributes": {
      "populations": {
        "minimum_age": "NA",
        "maximum_age": "NA",
        "country": "United States",
        "gender": "ALL"
      },
      "interventions": [
        "propranolol"
      ],
      "outcomes": []
    }
  },
  {
    "nct_id": "NCT00060892",
    "conditions": [
      "Arterial Occlusive Diseases",
      "Ischemia",
      "Peripheral Vascular Diseases"
    ],
    "pico_attributes": {
      "populations": {
        "minimum_age": "40 Years",
        "maximum_age": "NA",
        "country": "United States",
        "gender": "ALL"
      },
      "interventions": [
        "HGF protein, human",
        "Plasmids"
      ],
      "outcomes": []
    }
  },
  {
    "nct_id": "NCT00060905",
    "conditions": [
      "Bipolar Disorder"
    ],
    "pico_attributes": {
      "populations": {
        "minimum_age": "18 Years",
        "maximum_age": "65 Years",
        "country": "United States",
        "gender": "ALL"
      },
      "interventions": [
        "Adverse Event Emergency Room Visit",
        "Depakote",
        "divalproex sodium"
      ],
      "outcomes": []
    }
  },
  {
    "nct_id": "NCT00060918",
    "conditions": [
      "Hypertension, CTCAE"
    ],
    "pico_attributes": {
      "populations": {
        "minimum_age": "30 Years",
        "maximum_age": "80 Years",
        "country": "United States",
        "gender": "ALL"
      },
      "interventions": [
        "carvedilol",
        "metoprolol"
      ],
      "outcomes": []
    }
  },
  {
    "nct_id": "NCT00060931",
    "conditions": [
      "Hypertension, CTCAE"
    ],
    "pico_attributes": {
      "populations": {
        "minimum_age": "30 Years",
        "maximum_age": "80 Years",
        "country": "United States",
        "gender": "ALL"
      },
      "interventions": [
        "carvedilol",
        "metoprolol"
      ],
      "outcomes": []
    }
  },
  {
    "nct_id": "NCT00060944",
    "conditions": [
      "Adult Leiomyosarcoma",
      "Adult Liposarcoma"
    ],
    "pico_attributes": {
      "populations": {
        "minimum_age": "18 Years",
        "maximum_age": "NA",
        "country": "United States",
        "gender": "ALL"
      },
      "interventions": [
        "Yondelis",
        "dexamethasone"
      ],
      "outcomes": [
        "Act Class - review",
        "Amount type - Percentage",
        "Clinical Trial Objective",
        "Disease Response",
        "Duration",
        "Independence",
        "Independent of",
        "Overall Survival",
        "Participant",
        "Progression-Free Survival"
      ]
    }
  },
  {
    "nct_id": "NCT00060957",
    "conditions": [
      "Cerebral Palsy",
      "Muscle Spasticity"
    ],
    "pico_attributes": {
      "populations": {
        "minimum_age": "3 Years",
        "maximum_age": "12 Years",
        "country": "United States",
        "gender": "ALL"
      },
      "interventions": [
        "botulinum toxin type A"
      ],
      "outcomes": []
    }
  },
  {
    "nct_id": "NCT00060970",
    "conditions": [
      "Fracture",
      "Muscle Weakness",
      "Muscular Atrophy"
    ],
    "pico_attributes": {
      "populations": {
        "minimum_age": "18 Years",
        "maximum_age": "NA",
        "country": "United States",
        "gender": "ALL"
      },
      "interventions": [
        "Physical therapy"
      ],
      "outcomes": []
    }
  },
  {
    "nct_id": "NCT00060983",
    "conditions": [
      "Spinal Cord Injuries"
    ],
    "pico_attributes": {
      "populations": {
        "minimum_age": "18 Years",
        "maximum_age": "60 Years",
        "country": "United States",
        "gender": "ALL"
      },
      "interventions": [
        "Body Weight",
        "Electric stimulation technique",
        "Function (attribute)",
        "Locomotor training",
        "Supportive assistance"
      ],
      "outcomes": []
    }
  },
  {
    "nct_id": "NCT00060996",
    "conditions": [
      "Feel Pain",
      "Foot Ulcer",
      "Leg",
      "Pain in lower limb",
      "Peripheral Vascular Diseases",
      "Rest",
      "Rest pain",
      "critical limb ischemia",
      "leg rests"
    ],
    "pico_attributes": {
      "populations": {
        "minimum_age": "18 Years",
        "maximum_age": "85 Years",
        "country": "United States",
        "gender": "ALL"
      },
      "interventions": [
        "Injection",
        "Remodulin",
        "treprostinil sodium"
      ],
      "outcomes": []
    }
  },
  {
    "nct_id": "NCT00061009",
    "conditions": [
      "Hypnosis",
      "Postural Orthostatic Tachycardia Syndrome",
      "Vasovagal syncope"
    ],
    "pico_attributes": {
      "populations": {
        "minimum_age": "NA",
        "maximum_age": "NA",
        "country": "United States",
        "gender": "ALL"
      },
      "interventions": [],
      "outcomes": []
    }
  },
  {
    "nct_id": "NCT00061022",
    "conditions": [
      "Cerebrovascular accident",
      "Transient Population Group",
      "acute",
      "ischemic attack"
    ],
    "pico_attributes": {
      "populations": {
        "minimum_age": "18 Years",
        "maximum_age": "NA",
        "country": "United States",
        "gender": "ALL"
      },
      "interventions": [
        "NXY 059"
      ],
      "outcomes": []
    }
  },
  {
    "nct_id": "NCT00061035",
    "conditions": [
      "Prostatic Neoplasms"
    ],
    "pico_attributes": {
      "populations": {
        "minimum_age": "18 Years",
        "maximum_age": "NA",
        "country": "United States",
        "gender": "MALE"
      },
      "interventions": [],
      "outcomes": []
    }
  },
  {
    "nct_id": "NCT00061048",
    "conditions": [
      "Adult Lymphoma",
      "Precursor T-Cell Lymphoblastic Leukemia-Lymphoma"
    ],
    "pico_attributes": {
      "populations": {
        "minimum_age": "18 Years",
        "maximum_age": "NA",
        "country": "United States",
        "gender": "ALL"
      },
      "interventions": [
        "alemtuzumab"
      ],
      "outcomes": [
        "Adverse Event Domain",
        "Cell surface",
        "Count of entities",
        "Expression (foundation metadata concept)",
        "Frequency of Responses",
        "Overall",
        "Overall Response",
        "Overall Survival",
        "Participant",
        "Rate",
        "Tumor Cell Count"
      ]
    }
  },
  {
    "nct_id": "NCT00061061",
    "conditions": [
      "Tobacco Use Disorder"
    ],
    "pico_attributes": {
      "populations": {
        "minimum_age": "40 Years",
        "maximum_age": "79 Years",
        "country": "United States",
        "gender": "FEMALE"
      },
      "interventions": [
        "Behavior Therapy"
      ],
      "outcomes": []
    }
  },
  {
    "nct_id": "NCT00061074",
    "conditions": [
      "Tobacco Use Disorder"
    ],
    "pico_attributes": {
      "populations": {
        "minimum_age": "40 Years",
        "maximum_age": "79 Years",
        "country": "United States",
        "gender": "FEMALE"
      },
      "interventions": [
        "Nicotrol"
      ],
      "outcomes": []
    }
  },
  {
    "nct_id": "NCT00061087",
    "conditions": [
      "Attention deficit hyperactivity disorder",
      "Cocaine Dependence",
      "Opioid-Related Disorders"
    ],
    "pico_attributes": {
      "populations": {
        "minimum_age": "18 Years",
        "maximum_age": "60 Years",
        "country": "United States",
        "gender": "ALL"
      },
      "interventions": [
        "Placebo Control",
        "bupropion",
        "methylphenidate"
      ],
      "outcomes": []
    }
  },
  {
    "nct_id": "NCT00061100",
    "conditions": [
      "Opioid-Related Disorders"
    ],
    "pico_attributes": {
      "populations": {
        "minimum_age": "18 Years",
        "maximum_age": "60 Years",
        "country": "United States",
        "gender": "ALL"
      },
      "interventions": [
        "Behavior Therapy",
        "Prevention education",
        "Relational and Item-Specific Encoding Task",
        "Standard (document)"
      ],
      "outcomes": []
    }
  },
  {
    "nct_id": "NCT00061113",
    "conditions": [
      "Alcohol Related Disorders",
      "Marijuana Abuse",
      "Substance-Related Disorders"
    ],
    "pico_attributes": {
      "populations": {
        "minimum_age": "13 Years",
        "maximum_age": "19 Years",
        "country": "United States",
        "gender": "ALL"
      },
      "interventions": [
        "Cognitive Therapy",
        "Fluoxetine measurement",
        "Outpatients",
        "Placebo Control"
      ],
      "outcomes": []
    }
  },
  {
    "nct_id": "NCT00061126",
    "conditions": [
      "Malignant neoplasm of prostate"
    ],
    "pico_attributes": {
      "populations": {
        "minimum_age": "18 Years",
        "maximum_age": "NA",
        "country": "United States",
        "gender": "MALE"
      },
      "interventions": [
        "panitumumab"
      ],
      "outcomes": []
    }
  },
  {
    "nct_id": "NCT00061139",
    "conditions": [
      "Cerebral Palsy",
      "Neurologic Deficits"
    ],
    "pico_attributes": {
      "populations": {
        "minimum_age": "2 Years",
        "maximum_age": "6 Years",
        "country": "United States",
        "gender": "ALL"
      },
      "interventions": [
        "Conventional Treatment",
        "Device Motor",
        "Induce (action)",
        "Movement therapy",
        "Pediatric",
        "Pediatric rehabilitation",
        "Quantitative Constraint"
      ],
      "outcomes": []
    }
  },
  {
    "nct_id": "NCT00061152",
    "conditions": [
      "HIV Infections"
    ],
    "pico_attributes": {
      "populations": {
        "minimum_age": "18 Years",
        "maximum_age": "75 Years",
        "country": "United States",
        "gender": "ALL"
      },
      "interventions": [
        "Patch Dosage Form",
        "capsaicin"
      ],
      "outcomes": []
    }
  },
  {
    "nct_id": "NCT00061165",
    "conditions": [
      "BODY MASS INDEX QUANTITATIVE TRAIT LOCUS 20"
    ],
    "pico_attributes": {
      "populations": {
        "minimum_age": "8 Years",
        "maximum_age": "NA",
        "country": "United States",
        "gender": "ALL"
      },
      "interventions": [
        "*Activity (kind of quantity)",
        "Changed status",
        "Diet, Healthy",
        "Family",
        "Promotion (action)",
        "School"
      ],
      "outcomes": []
    }
  },
  {
    "nct_id": "NCT00061178",
    "conditions": [
      "Childhood Renal Cell Carcinoma"
    ],
    "pico_attributes": {
      "populations": {
        "minimum_age": "18 Years",
        "maximum_age": "NA",
        "country": "",
        "gender": "ALL"
      },
      "interventions": [
        "bevacizumab"
      ],
      "outcomes": []
    }
  },
  {
    "nct_id": "NCT00061204",
    "conditions": [
      "Healthy"
    ],
    "pico_attributes": {
      "populations": {
        "minimum_age": "NA",
        "maximum_age": "NA",
        "country": "United States",
        "gender": "ALL"
      },
      "interventions": [],
      "outcomes": []
    }
  },
  {
    "nct_id": "NCT00061217",
    "conditions": [
      "Amputated structure (morphologic abnormality)"
    ],
    "pico_attributes": {
      "populations": {
        "minimum_age": "18 Years",
        "maximum_age": "65 Years",
        "country": "United States",
        "gender": "ALL"
      },
      "interventions": [
        "Dento-alveolar joint"
      ],
      "outcomes": []
    }
  },
  {
    "nct_id": "NCT00061230",
    "conditions": [
      "Cerebral Palsy"
    ],
    "pico_attributes": {
      "populations": {
        "minimum_age": "10 Years",
        "maximum_age": "20 Years",
        "country": "United States",
        "gender": "ALL"
      },
      "interventions": [
        "Monitor Device",
        "Relaxation",
        "biofeedback training"
      ],
      "outcomes": []
    }
  },
  {
    "nct_id": "NCT00061243",
    "conditions": [
      "HIV Infections"
    ],
    "pico_attributes": {
      "populations": {
        "minimum_age": "18 Years",
        "maximum_age": "50 Years",
        "country": "United States",
        "gender": "ALL"
      },
      "interventions": [
        "Boost",
        "Human immunodeficiency virus 1 DNA",
        "Proteins",
        "Vaccinia Vaccine"
      ],
      "outcomes": []
    }
  },
  {
    "nct_id": "NCT00061256",
    "conditions": [
      "HIV Infections"
    ],
    "pico_attributes": {
      "populations": {
        "minimum_age": "25 Years",
        "maximum_age": "NA",
        "country": "United States",
        "gender": "ALL"
      },
      "interventions": [
        "D Vitamin",
        "alendronate",
        "calcium carbonate"
      ],
      "outcomes": []
    }
  },
  {
    "nct_id": "NCT00061269",
    "conditions": [
      "Pancreatitis",
      "acute necrotizing"
    ],
    "pico_attributes": {
      "populations": {
        "minimum_age": "18 Years",
        "maximum_age": "NA",
        "country": "United States",
        "gender": "ALL"
      },
      "interventions": [],
      "outcomes": []
    }
  },
  {
    "nct_id": "NCT00061282",
    "conditions": [
      "Idiopathic chronic inflammatory bowel disease",
      "Ileitis",
      "Pouchitis",
      "Ulcerative Colitis"
    ],
    "pico_attributes": {
      "populations": {
        "minimum_age": "2 Years",
        "maximum_age": "NA",
        "country": "United States",
        "gender": "ALL"
      },
      "interventions": [
        "clotrimazole"
      ],
      "outcomes": []
    }
  },
  {
    "nct_id": "NCT00061295",
    "conditions": [
      "Spinal Cord Injuries"
    ],
    "pico_attributes": {
      "populations": {
        "minimum_age": "16 Years",
        "maximum_age": "70 Years",
        "country": "United States",
        "gender": "ALL"
      },
      "interventions": [
        "Support, device",
        "Treadmill (physical activity)",
        "Weight Lifting"
      ],
      "outcomes": []
    }
  },
  {
    "nct_id": "NCT00061308",
    "conditions": [
      "Carcinoma, Ovarian Epithelial",
      "Fallopian Tube Carcinoma",
      "Malignant tumor of peritoneum",
      "Neoplasms",
      "Ovarian"
    ],
    "pico_attributes": {
      "populations": {
        "minimum_age": "18 Years",
        "maximum_age": "NA",
        "country": "United States",
        "gender": "FEMALE"
      },
      "interventions": [
        "gemcitabine",
        "topotecan"
      ],
      "outcomes": []
    }
  },
  {
    "nct_id": "NCT00061321",
    "conditions": [
      "HIV Infections"
    ],
    "pico_attributes": {
      "populations": {
        "minimum_age": "18 Years",
        "maximum_age": "NA",
        "country": "India",
        "gender": "FEMALE"
      },
      "interventions": [
        "nevirapine"
      ],
      "outcomes": []
    }
  },
  {
    "nct_id": "NCT00061334",
    "conditions": [
      "Healthy"
    ],
    "pico_attributes": {
      "populations": {
        "minimum_age": "21 Years",
        "maximum_age": "65 Years",
        "country": "United States",
        "gender": "ALL"
      },
      "interventions": [],
      "outcomes": []
    }
  },
  {
    "nct_id": "NCT00061347",
    "conditions": [
      "Cancer Genus",
      "Malignant neoplasm of prostate"
    ],
    "pico_attributes": {
      "populations": {
        "minimum_age": "18 Years",
        "maximum_age": "90 Years",
        "country": "United States",
        "gender": "MALE"
      },
      "interventions": [
        "Clinical act of insertion",
        "Fiducial Markers"
      ],
      "outcomes": []
    }
  },
  {
    "nct_id": "NCT00061360",
    "conditions": [
      "Severe Aplastic Anemia"
    ],
    "pico_attributes": {
      "populations": {
        "minimum_age": "2 Years",
        "maximum_age": "110 Years",
        "country": "United States",
        "gender": "ALL"
      },
      "interventions": [
        "Cyclosporins",
        "Rapamune"
      ],
      "outcomes": []
    }
  },
  {
    "nct_id": "NCT00061373",
    "conditions": [
      "Ischemic stroke"
    ],
    "pico_attributes": {
      "populations": {
        "minimum_age": "18 Years",
        "maximum_age": "85 Years",
        "country": "United States",
        "gender": "ALL"
      },
      "interventions": [
        "aspirin",
        "eptifibatide",
        "tinzaparin sodium"
      ],
      "outcomes": [
        "AKR1A1 wt Allele",
        "Administration occupational activities",
        "Administration of medication",
        "Brain",
        "CDISC Events Class",
        "CYREN gene",
        "Cessation of life",
        "Choose (action)",
        "Clinical",
        "Compleat Liquid Nutrition",
        "Drug Evaluation",
        "GDC Treatment Outcome Terminology",
        "Hemorrhage",
        "Including (qualifier)",
        "Major bleeding problems",
        "Negation",
        "Physiological reperfusion",
        "Recovery - action",
        "Related personal status",
        "Room of building - Study",
        "Serious Adverse Event",
        "Systemic"
      ]
    }
  },
  {
    "nct_id": "NCT00061386",
    "conditions": [
      "Health Promotion"
    ],
    "pico_attributes": {
      "populations": {
        "minimum_age": "18 Years",
        "maximum_age": "44 Years",
        "country": "United States",
        "gender": "FEMALE"
      },
      "interventions": [
        "Exercise",
        "Nutrition function",
        "Program"
      ],
      "outcomes": []
    }
  },
  {
    "nct_id": "NCT00061399",
    "conditions": [
      "Traumatic Brain Injury"
    ],
    "pico_attributes": {
      "populations": {
        "minimum_age": "9 Years",
        "maximum_age": "18 Years",
        "country": "United States",
        "gender": "ALL"
      },
      "interventions": [],
      "outcomes": []
    }
  },
  {
    "nct_id": "NCT00061412",
    "conditions": [
      "Academic skill disorder",
      "Dyslexia"
    ],
    "pico_attributes": {
      "populations": {
        "minimum_age": "6 Years",
        "maximum_age": "NA",
        "country": "United States",
        "gender": "ALL"
      },
      "interventions": [
        "Comprehensive",
        "GDC Treatment Outcome Terminology",
        "Program",
        "Reading (activity)",
        "writing skills"
      ],
      "outcomes": []
    }
  },
  {
    "nct_id": "NCT00061425",
    "conditions": [
      "Adult Lymphoma",
      "B-Lymphocytes",
      "Lymphoma, Non-Hodgkin"
    ],
    "pico_attributes": {
      "populations": {
        "minimum_age": "18 Years",
        "maximum_age": "NA",
        "country": "",
        "gender": "ALL"
      },
      "interventions": [
        "Radiolabeled",
        "epratuzumab"
      ],
      "outcomes": []
    }
  }
]