[
  {
    "nct_id": "NCT00108095",
    "conditions": [
      "Bothered by Nausea",
      "Bothered by Vomiting",
      "Postoperative Nausea",
      "Postoperative Period"
    ],
    "pico_attributes": {
      "populations": {
        "minimum_age": "18 Years",
        "maximum_age": "55 Years",
        "country": "United States",
        "gender": "FEMALE"
      },
      "interventions": [
        "Intravenous",
        "ondansetron"
      ],
      "outcomes": []
    }
  },
  {
    "nct_id": "NCT00108108",
    "conditions": [
      "Chronic Lymphocytic Leukemia"
    ],
    "pico_attributes": {
      "populations": {
        "minimum_age": "18 Years",
        "maximum_age": "NA",
        "country": "United States",
        "gender": "ALL"
      },
      "interventions": [
        "CHIR-12.12"
      ],
      "outcomes": []
    }
  },
  {
    "nct_id": "NCT00108121",
    "conditions": [
      "Basal Cell Carcinoma Pathway"
    ],
    "pico_attributes": {
      "populations": {
        "minimum_age": "18 Years",
        "maximum_age": "NA",
        "country": "Australia",
        "gender": "ALL"
      },
      "interventions": [
        "PEP005"
      ],
      "outcomes": []
    }
  },
  {
    "nct_id": "NCT00108134",
    "conditions": [
      "Basal Cell Carcinoma Pathway"
    ],
    "pico_attributes": {
      "populations": {
        "minimum_age": "18 Years",
        "maximum_age": "NA",
        "country": "Australia",
        "gender": "ALL"
      },
      "interventions": [
        "PEP005"
      ],
      "outcomes": []
    }
  },
  {
    "nct_id": "NCT00108147",
    "conditions": [
      "Congestive",
      "Congestive heart failure"
    ],
    "pico_attributes": {
      "populations": {
        "minimum_age": "60 Years",
        "maximum_age": "NA",
        "country": "United States",
        "gender": "ALL"
      },
      "interventions": [
        "Cardiac rehabilitation",
        "Circuit Training",
        "Pliability"
      ],
      "outcomes": []
    }
  },
  {
    "nct_id": "NCT00108160",
    "conditions": [
      "Staphylococcal Infections"
    ],
    "pico_attributes": {
      "populations": {
        "minimum_age": "18 Years",
        "maximum_age": "NA",
        "country": "United States",
        "gender": "ALL"
      },
      "interventions": [
        "Administration procedure",
        "Mupirocin Topical Ointment",
        "Ointment Dosage Form Category",
        "Placebo Control",
        "polyethylene glycols"
      ],
      "outcomes": [
        "Acquisition (action)",
        "Communicable Diseases",
        "Episodic",
        "GDC Radon Exposure Terminology",
        "Infection",
        "Microbiology subtype strains",
        "New",
        "Staphylococcus aureus"
      ]
    }
  },
  {
    "nct_id": "NCT00108173",
    "conditions": [
      "Nicotine Dependence"
    ],
    "pico_attributes": {
      "populations": {
        "minimum_age": "21 Years",
        "maximum_age": "60 Years",
        "country": "United States",
        "gender": "ALL"
      },
      "interventions": [
        "Zyban"
      ],
      "outcomes": []
    }
  },
  {
    "nct_id": "NCT00108186",
    "conditions": [
      "Non-Small Cell Lung Carcinoma"
    ],
    "pico_attributes": {
      "populations": {
        "minimum_age": "18 Years",
        "maximum_age": "NA",
        "country": "United States",
        "gender": "ALL"
      },
      "interventions": [
        "celecoxib"
      ],
      "outcomes": []
    }
  },
  {
    "nct_id": "NCT00108199",
    "conditions": [
      "Schizoaffective Disorder",
      "Schizophrenia"
    ],
    "pico_attributes": {
      "populations": {
        "minimum_age": "18 Years",
        "maximum_age": "65 Years",
        "country": "United States",
        "gender": "ALL"
      },
      "interventions": [
        "Problem Solving (mental process)",
        "Social skills training",
        "Training",
        "work related"
      ],
      "outcomes": []
    }
  },
  {
    "nct_id": "NCT00108212",
    "conditions": [
      "Dyslipidemias"
    ],
    "pico_attributes": {
      "populations": {
        "minimum_age": "18 Years",
        "maximum_age": "75 Years",
        "country": "United States",
        "gender": "ALL"
      },
      "interventions": [
        "Basal Diet"
      ],
      "outcomes": []
    }
  },
  {
    "nct_id": "NCT00108225",
    "conditions": [
      "Bristol Stool Type 2",
      "Diabetes Mellitus"
    ],
    "pico_attributes": {
      "populations": {
        "minimum_age": "55 Years",
        "maximum_age": "75 Years",
        "country": "United States",
        "gender": "ALL"
      },
      "interventions": [
        "Basal Diet",
        "Blood Products Laboratory Testing",
        "Phase",
        "diet controlled"
      ],
      "outcomes": []
    }
  },
  {
    "nct_id": "NCT00108238",
    "conditions": [
      "Healthy"
    ],
    "pico_attributes": {
      "populations": {
        "minimum_age": "NA",
        "maximum_age": "NA",
        "country": "United States",
        "gender": "FEMALE"
      },
      "interventions": [
        "Followed by",
        "Progesterone [EPC]",
        "Therapeutic Estradiol",
        "raloxifene"
      ],
      "outcomes": []
    }
  },
  {
    "nct_id": "NCT00108251",
    "conditions": [
      "Congestive heart failure",
      "Diastole"
    ],
    "pico_attributes": {
      "populations": {
        "minimum_age": "18 Years",
        "maximum_age": "NA",
        "country": "United States",
        "gender": "ALL"
      },
      "interventions": [
        "Placebo Control",
        "eplerenone"
      ],
      "outcomes": []
    }
  },
  {
    "nct_id": "NCT00108264",
    "conditions": [
      "Malignant neoplasm of prostate"
    ],
    "pico_attributes": {
      "populations": {
        "minimum_age": "10 Years",
        "maximum_age": "NA",
        "country": "United States",
        "gender": "MALE"
      },
      "interventions": [
        "Dendritic Cells",
        "RNA, Neoplasm"
      ],
      "outcomes": []
    }
  },
  {
    "nct_id": "NCT00108277",
    "conditions": [
      "Anxiety"
    ],
    "pico_attributes": {
      "populations": {
        "minimum_age": "NA",
        "maximum_age": "NA",
        "country": "United States",
        "gender": "ALL"
      },
      "interventions": [
        "Abnormal breathing",
        "Body Site Modifier - Lower",
        "C2 wt Allele"
      ],
      "outcomes": [
        "Anxiety Scale (BASC-2)",
        "Episodic"
      ]
    }
  },
  {
    "nct_id": "NCT00108290",
    "conditions": [
      "Malignant neoplasm of prostate"
    ],
    "pico_attributes": {
      "populations": {
        "minimum_age": "18 Years",
        "maximum_age": "80 Years",
        "country": "United States",
        "gender": "MALE"
      },
      "interventions": [
        "Chemotherapy"
      ],
      "outcomes": []
    }
  },
  {
    "nct_id": "NCT00108303",
    "conditions": [
      "Schizophrenia"
    ],
    "pico_attributes": {
      "populations": {
        "minimum_age": "1 Year",
        "maximum_age": "79 Years",
        "country": "United States",
        "gender": "ALL"
      },
      "interventions": [
        "Diagnosis"
      ],
      "outcomes": [
        "Coefficient",
        "Event Log",
        "GJA1 gene",
        "Hereditary",
        "genetic linkage"
      ]
    }
  },
  {
    "nct_id": "NCT00108316",
    "conditions": [
      "Depressed mood"
    ],
    "pico_attributes": {
      "populations": {
        "minimum_age": "18 Years",
        "maximum_age": "NA",
        "country": "United States",
        "gender": "ALL"
      },
      "interventions": [
        "Fluoxetine measurement",
        "Liquid (finding)",
        "Prozac"
      ],
      "outcomes": []
    }
  },
  {
    "nct_id": "NCT00108329",
    "conditions": [
      "Metabolic Syndrome X"
    ],
    "pico_attributes": {
      "populations": {
        "minimum_age": "50 Years",
        "maximum_age": "NA",
        "country": "United States",
        "gender": "ALL"
      },
      "interventions": [
        "Have Weight Loss"
      ],
      "outcomes": []
    }
  },
  {
    "nct_id": "NCT00108342",
    "conditions": [
      "Medical Device Emits Smoke"
    ],
    "pico_attributes": {
      "populations": {
        "minimum_age": "21 Years",
        "maximum_age": "65 Years",
        "country": "United States",
        "gender": "ALL"
      },
      "interventions": [
        "4+ Answer to question",
        "Abnormally high",
        "Belarus",
        "Computers",
        "Cumulative Dose",
        "Frequencies (time pattern)",
        "Gingiva",
        "IPSS Risk Category Low",
        "Knowledge acquisition",
        "MG",
        "Nicotine 2 MG",
        "Nicotine inhaler",
        "Oral Lozenge",
        "Picofarad (unit of measure)"
      ],
      "outcomes": [
        "Attempt",
        "Diet Code Specification Type - Preference",
        "Nicotine replacement therapy",
        "QUIT",
        "Use of"
      ]
    }
  },
  {
    "nct_id": "NCT00108355",
    "conditions": [
      "Ascites",
      "Cirrhosis"
    ],
    "pico_attributes": {
      "populations": {
        "minimum_age": "18 Years",
        "maximum_age": "80 Years",
        "country": "United States",
        "gender": "ALL"
      },
      "interventions": [
        "% volume (qualifier value)",
        "Albumins",
        "Infusion procedures",
        "Injection",
        "Intravenous Drip Route of Administration",
        "Large",
        "Low Anterior Resection",
        "Oral Tablet",
        "Paracentesis",
        "Placebo Control",
        "Saline Solution",
        "intravenous Saline",
        "midodrine",
        "octreotide"
      ],
      "outcomes": []
    }
  },
  {
    "nct_id": "NCT00108368",
    "conditions": [
      "Psychotic Disorders",
      "Schizophrenia"
    ],
    "pico_attributes": {
      "populations": {
        "minimum_age": "18 Years",
        "maximum_age": "60 Years",
        "country": "United States",
        "gender": "ALL"
      },
      "interventions": [
        "olanzapine",
        "risperidone"
      ],
      "outcomes": []
    }
  },
  {
    "nct_id": "NCT00108381",
    "conditions": [
      "Back Pain"
    ],
    "pico_attributes": {
      "populations": {
        "minimum_age": "18 Years",
        "maximum_age": "80 Years",
        "country": "United States",
        "gender": "ALL"
      },
      "interventions": [
        "Cognitive Therapy",
        "Standard (document)",
        "care activity",
        "tailor"
      ],
      "outcomes": []
    }
  },
  {
    "nct_id": "NCT00108394",
    "conditions": [
      "Osteopenia",
      "Renal Osteodystrophy"
    ],
    "pico_attributes": {
      "populations": {
        "minimum_age": "18 Years",
        "maximum_age": "NA",
        "country": "United States",
        "gender": "ALL"
      },
      "interventions": [
        "pamidronate"
      ],
      "outcomes": []
    }
  },
  {
    "nct_id": "NCT00108407",
    "conditions": [
      "Alcohol Abuse Scale (BASC-2)",
      "Cannabis Abuse",
      "Major Depressive Disorder",
      "Substance-Related Disorders"
    ],
    "pico_attributes": {
      "populations": {
        "minimum_age": "18 Years",
        "maximum_age": "70 Years",
        "country": "United States",
        "gender": "ALL"
      },
      "interventions": [
        "Cognitive Therapy",
        "DNA Integration",
        "Facilitation",
        "Increment",
        "Therapeutic procedure",
        "Twelve"
      ],
      "outcomes": []
    }
  },
  {
    "nct_id": "NCT00108420",
    "conditions": [
      "Post",
      "Stress Disorders, Traumatic",
      "Traumatic"
    ],
    "pico_attributes": {
      "populations": {
        "minimum_age": "18 Years",
        "maximum_age": "NA",
        "country": "United States",
        "gender": "ALL"
      },
      "interventions": [
        "prazosin"
      ],
      "outcomes": []
    }
  },
  {
    "nct_id": "NCT00108433",
    "conditions": [
      "Bacteremia",
      "Gram-Positive Bacterial Infections"
    ],
    "pico_attributes": {
      "populations": {
        "minimum_age": "18 Years",
        "maximum_age": "NA",
        "country": "United States",
        "gender": "ALL"
      },
      "interventions": [
        "IV number:ID:Pt:^Patient:Nom",
        "cefazolin",
        "linezolid",
        "vancomycin"
      ],
      "outcomes": [
        "Amount type - Percentage",
        "Colonization",
        "Complication",
        "Count of entities",
        "In addition to",
        "Nasal (intended site)",
        "Participant",
        "Pathogenic organism",
        "Staphylococcus aureus",
        "Therapeutic procedure"
      ]
    }
  },
  {
    "nct_id": "NCT00108446",
    "conditions": [
      "Irritable Bowel Syndrome"
    ],
    "pico_attributes": {
      "populations": {
        "minimum_age": "18 Years",
        "maximum_age": "NA",
        "country": "United States",
        "gender": "ALL"
      },
      "interventions": [
        "Fentanyl measurement",
        "dextromethorphan",
        "lidocaine",
        "naloxone"
      ],
      "outcomes": []
    }
  },
  {
    "nct_id": "NCT00108459",
    "conditions": [
      "BODY MASS INDEX QUANTITATIVE TRAIT LOCUS 20",
      "Diabetes Mellitus, Non-Insulin-Dependent",
      "Hyperlipidemia"
    ],
    "pico_attributes": {
      "populations": {
        "minimum_age": "18 Years",
        "maximum_age": "NA",
        "country": "United States",
        "gender": "ALL"
      },
      "interventions": [
        "Diet, Carbohydrate-Restricted"
      ],
      "outcomes": []
    }
  },
  {
    "nct_id": "NCT00108485",
    "conditions": [
      "Bristol Stool Type 2",
      "Diabetes Mellitus",
      "Hyperlipidemia",
      "Kidney Failure",
      "chronic"
    ],
    "pico_attributes": {
      "populations": {
        "minimum_age": "18 Years",
        "maximum_age": "NA",
        "country": "United States",
        "gender": "ALL"
      },
      "interventions": [
        "Extended Release Dosage Form",
        "Placebo Control",
        "Vitamin B3 Assay"
      ],
      "outcomes": [
        "Change -- procedure",
        "Proteinuria"
      ]
    }
  },
  {
    "nct_id": "NCT00108498",
    "conditions": [
      "Sleep Apnea, Obstructive"
    ],
    "pico_attributes": {
      "populations": {
        "minimum_age": "20 Years",
        "maximum_age": "80 Years",
        "country": "United States",
        "gender": "ALL"
      },
      "interventions": [
        "mirtazapine"
      ],
      "outcomes": []
    }
  },
  {
    "nct_id": "NCT00108511",
    "conditions": [
      "Hypertriglyceridemia"
    ],
    "pico_attributes": {
      "populations": {
        "minimum_age": "19 Years",
        "maximum_age": "74 Years",
        "country": "United States",
        "gender": "ALL"
      },
      "interventions": [
        "gemfibrozil"
      ],
      "outcomes": []
    }
  },
  {
    "nct_id": "NCT00108524",
    "conditions": [
      "BODY MASS INDEX QUANTITATIVE TRAIT LOCUS 20",
      "Diabetes Mellitus"
    ],
    "pico_attributes": {
      "populations": {
        "minimum_age": "18 Years",
        "maximum_age": "69 Years",
        "country": "United States",
        "gender": "ALL"
      },
      "interventions": [
        "Diet, Carbohydrate-Restricted",
        "Fat-Restricted Diet",
        "ketogenic",
        "orlistat"
      ],
      "outcomes": [
        "48",
        "BaseLine dental cement",
        "Blood Glucose",
        "Body Weight",
        "CD44 wt Allele",
        "Carbohydrates",
        "Change -- procedure",
        "In Blood",
        "Lipids",
        "Profile (lab procedure)",
        "coronary DISEASE RISK FACTOR",
        "week"
      ]
    }
  },
  {
    "nct_id": "NCT00108537",
    "conditions": [
      "Tobacco Use Disorder"
    ],
    "pico_attributes": {
      "populations": {
        "minimum_age": "18 Years",
        "maximum_age": "65 Years",
        "country": "United States",
        "gender": "ALL"
      },
      "interventions": [
        "Nicotine inhaler",
        "Transdermal Patch Dosage Form",
        "bupropion"
      ],
      "outcomes": []
    }
  },
  {
    "nct_id": "NCT00108550",
    "conditions": [
      "Chronic low back pain"
    ],
    "pico_attributes": {
      "populations": {
        "minimum_age": "21 Years",
        "maximum_age": "70 Years",
        "country": "United States",
        "gender": "ALL"
      },
      "interventions": [
        "Inertia",
        "Placebo Control",
        "gabapentin"
      ],
      "outcomes": [
        "% index",
        "Adjustment Action",
        "Disability",
        "Score",
        "Time"
      ]
    }
  },
  {
    "nct_id": "NCT00108563",
    "conditions": [
      "Depressed mood",
      "Hepatitis C"
    ],
    "pico_attributes": {
      "populations": {
        "minimum_age": "18 Years",
        "maximum_age": "NA",
        "country": "United States",
        "gender": "ALL"
      },
      "interventions": [
        "Citalopram Measurement",
        "Placebo Control"
      ],
      "outcomes": []
    }
  },
  {
    "nct_id": "NCT00108576",
    "conditions": [
      "Post-Traumatic Stress Disorder"
    ],
    "pico_attributes": {
      "populations": {
        "minimum_age": "19 Years",
        "maximum_age": "65 Years",
        "country": "United States",
        "gender": "ALL"
      },
      "interventions": [
        "Placebo Control",
        "valproic acid"
      ],
      "outcomes": []
    }
  },
  {
    "nct_id": "NCT00108589",
    "conditions": [
      "Hepatitis"
    ],
    "pico_attributes": {
      "populations": {
        "minimum_age": "18 Years",
        "maximum_age": "NA",
        "country": "United States",
        "gender": "MALE"
      },
      "interventions": [
        "S-adenosylmethionine"
      ],
      "outcomes": []
    }
  },
  {
    "nct_id": "NCT00108602",
    "conditions": [
      "Cerebrovascular accident",
      "Obstructed",
      "SLEEP APNEA (device)"
    ],
    "pico_attributes": {
      "populations": {
        "minimum_age": "18 Years",
        "maximum_age": "85 Years",
        "country": "United States",
        "gender": "ALL"
      },
      "interventions": [
        "acetazolamide"
      ],
      "outcomes": []
    }
  },
  {
    "nct_id": "NCT00108615",
    "conditions": [
      "Diabetes",
      "Glucose Metabolism Disorders"
    ],
    "pico_attributes": {
      "populations": {
        "minimum_age": "35 Years",
        "maximum_age": "65 Years",
        "country": "United States",
        "gender": "ALL"
      },
      "interventions": [
        "Oral Glucose Tolerance Test",
        "X-Ray Computed Tomography",
        "metformin",
        "pioglitazone"
      ],
      "outcomes": []
    }
  },
  {
    "nct_id": "NCT00108628",
    "conditions": [
      "Post-Traumatic Stress Disorder"
    ],
    "pico_attributes": {
      "populations": {
        "minimum_age": "NA",
        "maximum_age": "NA",
        "country": "United States",
        "gender": "ALL"
      },
      "interventions": [
        "Administration occupational activities",
        "Guided imagery",
        "Nightmare Disorder",
        "Sleep",
        "rehearsal"
      ],
      "outcomes": [
        "Addendum",
        "Beck depression inventory",
        "Checklist",
        "Component (part)",
        "Effect",
        "Military - SubscriberCoveredPartyRoleType",
        "Nightmare Disorder",
        "Physical",
        "Pittsburgh sleep quality index",
        "Post-Traumatic Stress Disorder",
        "Psyche structure",
        "SF-36",
        "Surveys"
      ]
    }
  },
  {
    "nct_id": "NCT00108654",
    "conditions": [
      "Healthy"
    ],
    "pico_attributes": {
      "populations": {
        "minimum_age": "20 Years",
        "maximum_age": "37 Years",
        "country": "United States",
        "gender": "ALL"
      },
      "interventions": [
        "V-Series Nerve Agent VP"
      ],
      "outcomes": []
    }
  },
  {
    "nct_id": "NCT00108667",
    "conditions": [
      "Parkinson Disease"
    ],
    "pico_attributes": {
      "populations": {
        "minimum_age": "NA",
        "maximum_age": "NA",
        "country": "United States",
        "gender": "ALL"
      },
      "interventions": [
        "IV number:ID:Pt:^Patient:Nom",
        "Talampanel",
        "levodopa"
      ],
      "outcomes": []
    }
  },
  {
    "nct_id": "NCT00108680",
    "conditions": [
      "Accidental physical contact (event)",
      "Paresis"
    ],
    "pico_attributes": {
      "populations": {
        "minimum_age": "18 Years",
        "maximum_age": "NA",
        "country": "United States",
        "gender": "ALL"
      },
      "interventions": [],
      "outcomes": []
    }
  },
  {
    "nct_id": "NCT00108706",
    "conditions": [
      "Acute Cerebrovascular Accidents",
      "Cerebrovascular accident"
    ],
    "pico_attributes": {
      "populations": {
        "minimum_age": "18 Years",
        "maximum_age": "NA",
        "country": "United Kingdom",
        "gender": "ALL"
      },
      "interventions": [
        "candesartan"
      ],
      "outcomes": []
    }
  },
  {
    "nct_id": "NCT00108732",
    "conditions": [
      "Recurrent Prostate Carcinoma",
      "Stage I Prostate Cancer AJCC v7",
      "Stage IIA Prostate Cancer AJCC v7",
      "Stage IIB Prostate Cancer AJCC v7",
      "Stage III Prostate Cancer AJCC v7"
    ],
    "pico_attributes": {
      "populations": {
        "minimum_age": "18 Years",
        "maximum_age": "NA",
        "country": "United States",
        "gender": "MALE"
      },
      "interventions": [
        "CSF2 gene",
        "Recombinant Fowlpox-Prostate Specific Antigen Vaccine",
        "TRIad of COstimulatory Molecules (B7-1, ICAM-1, LFA-3)",
        "Vaccines",
        "bicalutamide",
        "goserelin acetate",
        "rV-Tricom"
      ],
      "outcomes": [
        "Aftercare",
        "And",
        "Androgen Suppression",
        "Before",
        "Beginning",
        "Daily",
        "Day 4",
        "Delta (difference)",
        "Disease Progression",
        "Disease Response",
        "Empty (qualifier)",
        "Menopause",
        "PROS1 wt Allele",
        "PSA Level",
        "Patients",
        "Percent Free Prostate-Specific Antigen Measurement",
        "Proportion",
        "Raised prostate specific antigen",
        "Slope",
        "month"
      ]
    }
  },
  {
    "nct_id": "NCT00108745",
    "conditions": [
      "AJCC Cancer Staging Manual 7th Edition",
      "AJCC tumor staging",
      "Brenner Tumor",
      "CD101 gene",
      "Carcinoma, Ovarian Epithelial",
      "Clear cell adenocarcinoma of ovary",
      "Endometrioid carcinoma ovary",
      "Fallopian Tube Carcinoma",
      "Fallopian Tube Clear Cell Adenocarcinoma",
      "Fallopian Tube Endometrioid Adenocarcinoma",
      "Fallopian Tube Mucinous Adenocarcinoma",
      "Fallopian Tube Serous Adenocarcinoma",
      "Fallopian Tube Transitional Cell Carcinoma",
      "IV number:ID:Pt:^Patient:Nom",
      "Ovarian Mucinous Adenocarcinoma",
      "Ovarian Serous Adenocarcinoma",
      "Ovarian Transitional Cell Carcinoma",
      "Ovarian mixed epithelial carcinoma",
      "Pathologic Stage IIIB Gastric Cancer AJCC v8",
      "Phase",
      "Primary Peritoneal Serous Adenocarcinoma",
      "Primary malignant neoplasm of the peritoneum",
      "Stage IIIA Fallopian Tube Cancer AJCC v7",
      "Stage IIIA Ovarian Cancer AJCC v6 and v7",
      "Stage IIIA Primary Peritoneal Cancer AJCC v7",
      "Stage IIIB Fallopian Tube Cancer AJCC v7",
      "Stage IIIC Fallopian Tube Cancer AJCC v7",
      "Stage IIIC Ovarian Cancer",
      "Stage IIIC Primary Peritoneal Cancer AJCC v7",
      "Stage IV Ovarian Cancer AJCC v6 and v7",
      "Superior segmental vein",
      "Undifferentiated Fallopian Tube Carcinoma",
      "Undifferentiated carcinoma of ovary"
    ],
    "pico_attributes": {
      "populations": {
        "minimum_age": "NA",
        "maximum_age": "NA",
        "country": "United States",
        "gender": "FEMALE"
      },
      "interventions": [
        "Assessment of quality of life",
        "Clinical Observation",
        "Laboratory Biomarker Analysis",
        "paclitaxel",
        "paclitaxel poliglumex"
      ],
      "outcomes": [
        "0%",
        "Adverse effects",
        "Anterior bronchopulmonary segment of superior pulmonary vein",
        "Assessed",
        "Frequencies (time pattern)",
        "National Cancer Institute common terminology criteria for adverse events",
        "Overall Survival",
        "Patient-Reported",
        "Peripheral Nervous System Diseases",
        "Progression-Free Survival",
        "Report (document)",
        "Severities",
        "Symptoms",
        "patient symptoms"
      ]
    }
  },
  {
    "nct_id": "NCT00108758",
    "conditions": [
      "Congenital Bleeding Disorder",
      "Hereditary factor IX deficiency disease with inhibitor",
      "Hereditary factor VIII deficiency disease with inhibitor"
    ],
    "pico_attributes": {
      "populations": {
        "minimum_age": "2 Years",
        "maximum_age": "NA",
        "country": "United States",
        "gender": "MALE"
      },
      "interventions": [
        "Activation action",
        "Homo sapiens",
        "Recombinants",
        "factor VII, human",
        "factor VIIa"
      ],
      "outcomes": []
    }
  },
  {
    "nct_id": "NCT00108771",
    "conditions": [
      "Feel Pain"
    ],
    "pico_attributes": {
      "populations": {
        "minimum_age": "40 Years",
        "maximum_age": "75 Years",
        "country": "United States",
        "gender": "ALL"
      },
      "interventions": [
        "Body tissue patch material",
        "Fentanyl Matrix Transdermal Patch",
        "Placebo Control",
        "Transdermal (intended site)"
      ],
      "outcomes": []
    }
  },
  {
    "nct_id": "NCT00108784",
    "conditions": [
      "BODY MASS INDEX QUANTITATIVE TRAIT LOCUS 20"
    ],
    "pico_attributes": {
      "populations": {
        "minimum_age": "20 Years",
        "maximum_age": "60 Years",
        "country": "United States",
        "gender": "FEMALE"
      },
      "interventions": [
        "Basal Diet",
        "Energy",
        "Reduced",
        "density"
      ],
      "outcomes": []
    }
  },
  {
    "nct_id": "NCT00108797",
    "conditions": [
      "Congenital Bleeding Disorder",
      "Hereditary factor IX deficiency disease with inhibitor",
      "Hereditary factor VIII deficiency disease with inhibitor"
    ],
    "pico_attributes": {
      "populations": {
        "minimum_age": "NA",
        "maximum_age": "20 Years",
        "country": "United States",
        "gender": "MALE"
      },
      "interventions": [
        "Activation action",
        "F7 gene",
        "FEIBA-VH"
      ],
      "outcomes": []
    }
  },
  {
    "nct_id": "NCT00108810",
    "conditions": [
      "Degenerative polyarthritis",
      "Feel Pain",
      "Knee"
    ],
    "pico_attributes": {
      "populations": {
        "minimum_age": "40 Years",
        "maximum_age": "75 Years",
        "country": "United States",
        "gender": "ALL"
      },
      "interventions": [
        "Placebo Control",
        "Transdermal Patch Dosage Form",
        "ketoprofen"
      ],
      "outcomes": []
    }
  },
  {
    "nct_id": "NCT00108823",
    "conditions": [
      "ARCN1 gene",
      "Chronic Obstructive Airway Disease"
    ],
    "pico_attributes": {
      "populations": {
        "minimum_age": "40 Years",
        "maximum_age": "NA",
        "country": "United States",
        "gender": "ALL"
      },
      "interventions": [
        "roflumilast"
      ],
      "outcomes": []
    }
  },
  {
    "nct_id": "NCT00108836",
    "conditions": [
      "Anxiety Disorders"
    ],
    "pico_attributes": {
      "populations": {
        "minimum_age": "18 Years",
        "maximum_age": "65 Years",
        "country": "United States",
        "gender": "ALL"
      },
      "interventions": [
        "AC-5216"
      ],
      "outcomes": []
    }
  },
  {
    "nct_id": "NCT00108849",
    "conditions": [
      "Atrophy of vagina",
      "Menopause",
      "Postmenopausal state"
    ],
    "pico_attributes": {
      "populations": {
        "minimum_age": "45 Years",
        "maximum_age": "NA",
        "country": "United States",
        "gender": "FEMALE"
      },
      "interventions": [
        "10%",
        "Therapeutic Estradiol",
        "microgram"
      ],
      "outcomes": []
    }
  },
  {
    "nct_id": "NCT00108862",
    "conditions": [
      "HIV Infections",
      "Tuberculosis"
    ],
    "pico_attributes": {
      "populations": {
        "minimum_age": "13 Years",
        "maximum_age": "NA",
        "country": "Zimbabwe",
        "gender": "ALL"
      },
      "interventions": [
        "AGRP wt Allele",
        "Deferred",
        "Immediate",
        "Strategy"
      ],
      "outcomes": [
        "100 cells",
        "4+ Answer to question",
        "400",
        "48",
        "50%",
        ">50 cells",
        "AIDS defining illness",
        "Abnormality of metabolism/homeostasis",
        "Acquired Immunodeficiency Syndrome",
        "Adverse event",
        "BRCA1 wt Allele",
        "BaseLine dental cement",
        "Bayer Corneal Epitheliopathy Grade 3",
        "CD4 Expressing Cell Count",
        "CD4 Positive T Lymphocytes",
        "CD44 wt Allele",
        "Cessation of life",
        "Disease Progression",
        "Equal",
        "FUT3 gene",
        "First (number)",
        "Greater Than",
        "HIV",
        "HIV viral load",
        "Increase",
        "Less Than",
        "MM genotype",
        "Mycobacterium Tuberculosis Measurement",
        "New",
        "Participant",
        "Percent (qualifier value)",
        "Reporting",
        "Time",
        "Weekly",
        "cpy/mL",
        "survive"
      ]
    }
  },
  {
    "nct_id": "NCT00108875",
    "conditions": [
      "Cervix carcinoma",
      "Colon Carcinoma",
      "Cutaneous Melanoma",
      "Malignant neoplasm of pancreas"
    ],
    "pico_attributes": {
      "populations": {
        "minimum_age": "19 Years",
        "maximum_age": "90 Years",
        "country": "Germany",
        "gender": "ALL"
      },
      "interventions": [
        "HLA-A1, A2, B35-Restricted Survivin Peptides/Montanide ISA-51 Vaccine"
      ],
      "outcomes": []
    }
  },
  {
    "nct_id": "NCT00108901",
    "conditions": [
      "BODY MASS INDEX QUANTITATIVE TRAIT LOCUS 20",
      "Cognition",
      "Executive Function",
      "How to Prevent Diabetes"
    ],
    "pico_attributes": {
      "populations": {
        "minimum_age": "7 Years",
        "maximum_age": "11 Years",
        "country": "United States",
        "gender": "ALL"
      },
      "interventions": [
        "Exercise, Aerobic",
        "Program"
      ],
      "outcomes": []
    }
  },
  {
    "nct_id": "NCT00108914",
    "conditions": [
      "Allergic",
      "Rhinitis"
    ],
    "pico_attributes": {
      "populations": {
        "minimum_age": "2 Years",
        "maximum_age": "12 Years",
        "country": "United States",
        "gender": "ALL"
      },
      "interventions": [],
      "outcomes": []
    }
  },
  {
    "nct_id": "NCT00108927",
    "conditions": [
      "Diabetes Mellitus",
      "Diabetes Mellitus, Non-Insulin-Dependent",
      "Hypertension, CTCAE"
    ],
    "pico_attributes": {
      "populations": {
        "minimum_age": "18 Years",
        "maximum_age": "90 Years",
        "country": "United States",
        "gender": "ALL"
      },
      "interventions": [
        "Translating"
      ],
      "outcomes": []
    }
  },
  {
    "nct_id": "NCT00108940",
    "conditions": [
      "Cerebrovascular accident"
    ],
    "pico_attributes": {
      "populations": {
        "minimum_age": "18 Years",
        "maximum_age": "NA",
        "country": "United States",
        "gender": "ALL"
      },
      "interventions": [],
      "outcomes": []
    }
  },
  {
    "nct_id": "NCT00108953",
    "conditions": [
      "Carcinoma",
      "Hepatocellular"
    ],
    "pico_attributes": {
      "populations": {
        "minimum_age": "18 Years",
        "maximum_age": "NA",
        "country": "United States",
        "gender": "ALL"
      },
      "interventions": [
        "In addition to",
        "Nexavar",
        "Placebo Control",
        "doxorubicin",
        "sorafenib"
      ],
      "outcomes": [
        "Amount type - Percentage",
        "Best Overall Response",
        "CD44 wt Allele",
        "Categories",
        "Neoplasms",
        "Overall Survival",
        "Participant",
        "Response Duration",
        "disorder control (procedure)"
      ]
    }
  },
  {
    "nct_id": "NCT00108979",
    "conditions": [
      "Major Depressive Disorder"
    ],
    "pico_attributes": {
      "populations": {
        "minimum_age": "18 Years",
        "maximum_age": "80 Years",
        "country": "United States",
        "gender": "ALL"
      },
      "interventions": [
        "escitalopram"
      ],
      "outcomes": []
    }
  },
  {
    "nct_id": "NCT00108992",
    "conditions": [
      "Degenerative polyarthritis",
      "Knee"
    ],
    "pico_attributes": {
      "populations": {
        "minimum_age": "40 Years",
        "maximum_age": "85 Years",
        "country": "United States",
        "gender": "ALL"
      },
      "interventions": [
        "Topical surface",
        "diclofenac"
      ],
      "outcomes": []
    }
  },
  {
    "nct_id": "NCT00109005",
    "conditions": [
      "Melanoma Pathway"
    ],
    "pico_attributes": {
      "populations": {
        "minimum_age": "18 Years",
        "maximum_age": "NA",
        "country": "United States",
        "gender": "ALL"
      },
      "interventions": [
        "Revlimid"
      ],
      "outcomes": [
        "+5",
        "Acceptable",
        "Adverse Event Domain",
        "Biochemical Pathway",
        "Clinical Response",
        "Count of entities",
        "Dosage",
        "Drug Kinetics",
        "Effect",
        "Effectiveness",
        "Evaluation",
        "Eye",
        "MG",
        "Malignant melanoma of eye",
        "Metastatic Disease Clinical Trial Setting",
        "Metastatic melanoma",
        "Overall Survival",
        "Participant",
        "Patients",
        "Progression-Free Survival",
        "Toxic effect",
        "Two",
        "Upper",
        "lenalidomide"
      ]
    }
  },
  {
    "nct_id": "NCT00109018",
    "conditions": [
      "Coronary Arteriosclerosis"
    ],
    "pico_attributes": {
      "populations": {
        "minimum_age": "21 Years",
        "maximum_age": "NA",
        "country": "United States",
        "gender": "ALL"
      },
      "interventions": [],
      "outcomes": []
    }
  },
  {
    "nct_id": "NCT00109031",
    "conditions": [
      "Adult Lymphoma",
      "Cancer Genus",
      "Childhood Leukemia"
    ],
    "pico_attributes": {
      "populations": {
        "minimum_age": "18 Years",
        "maximum_age": "NA",
        "country": "United States",
        "gender": "ALL"
      },
      "interventions": [
        "Placebo Control",
        "Whole-Body Irradiation",
        "cyclophosphamide",
        "etoposide",
        "palifermin"
      ],
      "outcomes": [
        "+2",
        "3+ Answer to Question",
        "4+ Answer to question",
        "Analgesics, Opioid",
        "Borg Category-Ratio 10 Perceived Exertion Score 5",
        "Count of entities",
        "Duration",
        "Grade",
        "Oral Mucositis",
        "Parenteral (intended site)",
        "Participant",
        "Transdermal Route of Drug Administration",
        "WHO Central Nervous System Grade II",
        "WHO Central Nervous System Grade III",
        "WHO Central Nervous System Grade IV"
      ]
    }
  },
  {
    "nct_id": "NCT00109044",
    "conditions": [
      "Major Depressive Disorder"
    ],
    "pico_attributes": {
      "populations": {
        "minimum_age": "18 Years",
        "maximum_age": "80 Years",
        "country": "United States",
        "gender": "ALL"
      },
      "interventions": [
        "escitalopram"
      ],
      "outcomes": []
    }
  },
  {
    "nct_id": "NCT00109057",
    "conditions": [
      "Cancer Genus"
    ],
    "pico_attributes": {
      "populations": {
        "minimum_age": "NA",
        "maximum_age": "NA",
        "country": "",
        "gender": "ALL"
      },
      "interventions": [
        "Avastin",
        "bevacizumab"
      ],
      "outcomes": []
    }
  },
  {
    "nct_id": "NCT00109070",
    "conditions": [
      "Colorectal Cancer Pathway"
    ],
    "pico_attributes": {
      "populations": {
        "minimum_age": "18 Years",
        "maximum_age": "NA",
        "country": "",
        "gender": "ALL"
      },
      "interventions": [
        "Avastin",
        "bevacizumab"
      ],
      "outcomes": []
    }
  },
  {
    "nct_id": "NCT00109083",
    "conditions": [
      "Migraine Disorders"
    ],
    "pico_attributes": {
      "populations": {
        "minimum_age": "18 Years",
        "maximum_age": "65 Years",
        "country": "United States",
        "gender": "ALL"
      },
      "interventions": [
        "RWJ-333369"
      ],
      "outcomes": []
    }
  },
  {
    "nct_id": "NCT00109096",
    "conditions": [
      "Primary malignant neoplasm of the peritoneum",
      "ovarian neoplasm"
    ],
    "pico_attributes": {
      "populations": {
        "minimum_age": "18 Years",
        "maximum_age": "NA",
        "country": "United Kingdom",
        "gender": "FEMALE"
      },
      "interventions": [
        "pemetrexed"
      ],
      "outcomes": []
    }
  },
  {
    "nct_id": "NCT00109109",
    "conditions": [
      "Multiple Myeloma"
    ],
    "pico_attributes": {
      "populations": {
        "minimum_age": "18 Years",
        "maximum_age": "NA",
        "country": "United States",
        "gender": "ALL"
      },
      "interventions": [],
      "outcomes": []
    }
  },
  {
    "nct_id": "NCT00109122",
    "conditions": [
      "Herpes zoster disease"
    ],
    "pico_attributes": {
      "populations": {
        "minimum_age": "60 Years",
        "maximum_age": "NA",
        "country": "",
        "gender": "ALL"
      },
      "interventions": [
        "% live",
        "Comparator",
        "External cause codes: Unspecified",
        "Herpes Zoster Vaccine",
        "Okadaic Acid",
        "Placebo Control"
      ],
      "outcomes": []
    }
  },
  {
    "nct_id": "NCT00109135",
    "conditions": [
      "Medical Device Emits Smoke"
    ],
    "pico_attributes": {
      "populations": {
        "minimum_age": "18 Years",
        "maximum_age": "65 Years",
        "country": "",
        "gender": "ALL"
      },
      "interventions": [
        "N-(3-(4-chlorophenyl)-2-(3-cyanophenyl)-1-methylpropyl)-2-methyl-2-((5-(trifluoromethyl)pyridin-2-yl)oxy)propanamide"
      ],
      "outcomes": []
    }
  },
  {
    "nct_id": "NCT00109148",
    "conditions": [
      "BODY MASS INDEX QUANTITATIVE TRAIT LOCUS 20"
    ],
    "pico_attributes": {
      "populations": {
        "minimum_age": "18 Years",
        "maximum_age": "65 Years",
        "country": "",
        "gender": "ALL"
      },
      "interventions": [
        "MK 0364"
      ],
      "outcomes": []
    }
  },
  {
    "nct_id": "NCT00109161",
    "conditions": [
      "MS gene"
    ],
    "pico_attributes": {
      "populations": {
        "minimum_age": "18 Years",
        "maximum_age": "55 Years",
        "country": "United States",
        "gender": "ALL"
      },
      "interventions": [
        "Anti-CD25 Monoclonal Antibody",
        "daclizumab"
      ],
      "outcomes": []
    }
  },
  {
    "nct_id": "NCT00109174",
    "conditions": [
      "How Often Felt Normal question",
      "Physiology"
    ],
    "pico_attributes": {
      "populations": {
        "minimum_age": "18 Years",
        "maximum_age": "65 Years",
        "country": "United States",
        "gender": "ALL"
      },
      "interventions": [
        "Devices"
      ],
      "outcomes": []
    }
  },
  {
    "nct_id": "NCT00109187",
    "conditions": [
      "Asthma"
    ],
    "pico_attributes": {
      "populations": {
        "minimum_age": "NA",
        "maximum_age": "NA",
        "country": "",
        "gender": "ALL"
      },
      "interventions": [
        "Xolair",
        "omalizumab"
      ],
      "outcomes": []
    }
  },
  {
    "nct_id": "NCT00109200",
    "conditions": [
      "Asthma"
    ],
    "pico_attributes": {
      "populations": {
        "minimum_age": "NA",
        "maximum_age": "NA",
        "country": "",
        "gender": "ALL"
      },
      "interventions": [
        "Xolair",
        "omalizumab"
      ],
      "outcomes": []
    }
  },
  {
    "nct_id": "NCT00109213",
    "conditions": [
      "Congenital spondylolisthesis",
      "Spinal Stenosis"
    ],
    "pico_attributes": {
      "populations": {
        "minimum_age": "50 Years",
        "maximum_age": "80 Years",
        "country": "United States",
        "gender": "ALL"
      },
      "interventions": [
        "Fused structure",
        "Instrument - device",
        "Pedicle Screws",
        "lumbar laminectomy"
      ],
      "outcomes": []
    }
  },
  {
    "nct_id": "NCT00109226",
    "conditions": [
      "Colorectal Cancer Pathway"
    ],
    "pico_attributes": {
      "populations": {
        "minimum_age": "18 Years",
        "maximum_age": "NA",
        "country": "",
        "gender": "ALL"
      },
      "interventions": [
        "Avastin",
        "bevacizumab"
      ],
      "outcomes": []
    }
  },
  {
    "nct_id": "NCT00109239",
    "conditions": [
      "Breast Carcinoma"
    ],
    "pico_attributes": {
      "populations": {
        "minimum_age": "18 Years",
        "maximum_age": "NA",
        "country": "",
        "gender": "FEMALE"
      },
      "interventions": [
        "bevacizumab"
      ],
      "outcomes": []
    }
  },
  {
    "nct_id": "NCT00109252",
    "conditions": [
      "Psoriasis"
    ],
    "pico_attributes": {
      "populations": {
        "minimum_age": "NA",
        "maximum_age": "NA",
        "country": "",
        "gender": "ALL"
      },
      "interventions": [
        "Raptiva",
        "efalizumab"
      ],
      "outcomes": []
    }
  },
  {
    "nct_id": "NCT00109265",
    "conditions": [
      "Breast Carcinoma"
    ],
    "pico_attributes": {
      "populations": {
        "minimum_age": "18 Years",
        "maximum_age": "NA",
        "country": "",
        "gender": "FEMALE"
      },
      "interventions": [
        "OSI-774",
        "erlotinib hydrochloride"
      ],
      "outcomes": []
    }
  },
  {
    "nct_id": "NCT00109278",
    "conditions": [
      "Measles"
    ],
    "pico_attributes": {
      "populations": {
        "minimum_age": "12 Months",
        "maximum_age": "18 Months",
        "country": "",
        "gender": "ALL"
      },
      "interventions": [
        "% live",
        "Comparator",
        "Measles",
        "Mumps",
        "Rubella virus vaccine"
      ],
      "outcomes": []
    }
  },
  {
    "nct_id": "NCT00109291",
    "conditions": [
      "Anemia",
      "Chronic Kidney Disease, CTCAE",
      "Chronic Kidney Diseases"
    ],
    "pico_attributes": {
      "populations": {
        "minimum_age": "18 Years",
        "maximum_age": "75 Years",
        "country": "United Kingdom",
        "gender": "ALL"
      },
      "interventions": [
        "Placebo Control",
        "peginesatide"
      ],
      "outcomes": []
    }
  },
  {
    "nct_id": "NCT00109304",
    "conditions": [
      "Venezuelan equine encephalomyelitis"
    ],
    "pico_attributes": {
      "populations": {
        "minimum_age": "18 Years",
        "maximum_age": "40 Years",
        "country": "United States",
        "gender": "ALL"
      },
      "interventions": [
        "VEE, NOS"
      ],
      "outcomes": []
    }
  },
  {
    "nct_id": "NCT00109317",
    "conditions": [
      "Psoriasis"
    ],
    "pico_attributes": {
      "populations": {
        "minimum_age": "18 Years",
        "maximum_age": "75 Years",
        "country": "",
        "gender": "ALL"
      },
      "interventions": [
        "Raptiva",
        "efalizumab"
      ],
      "outcomes": []
    }
  },
  {
    "nct_id": "NCT00109330",
    "conditions": [
      "Diphtheria",
      "Tetanus",
      "acellular pertussis vaccine, inactivated"
    ],
    "pico_attributes": {
      "populations": {
        "minimum_age": "10 Years",
        "maximum_age": "18 Years",
        "country": "United States",
        "gender": "ALL"
      },
      "interventions": [
        "Combined",
        "Diphtheria",
        "Tetanus",
        "acellular pertussis vaccine, inactivated"
      ],
      "outcomes": []
    }
  },
  {
    "nct_id": "NCT00109343",
    "conditions": [
      "Chickenpox",
      "Measles",
      "Mumps",
      "Rubella"
    ],
    "pico_attributes": {
      "populations": {
        "minimum_age": "12 Months",
        "maximum_age": "15 Months",
        "country": "United States",
        "gender": "ALL"
      },
      "interventions": [
        "Comparator",
        "Pneumococcal 7-valent conjugate vaccine",
        "Prevnar",
        "ProQuad"
      ],
      "outcomes": [
        "/mL",
        "0.2",
        "10%",
        "Antibody titer measurement",
        "Count of entities",
        "Disease Response",
        "Enzyme-Linked Immunosorbent Assay",
        "Enzyme-Linked Immunosorbent Assay Unit per Milliliter",
        "Geometric Mean",
        "IU/mL",
        "In addition to",
        "Microgram per Second",
        "Milliliter per Second",
        "Mumps",
        "Mumps virus antibody assay",
        "Participant",
        "Pneumonia",
        "Post-vaccination rubella",
        "Pulmonal S",
        "Serotype",
        "Streptococcus pneumoniae type 14 capsular polysaccharide antigen",
        "Streptococcus pneumoniae type 18C capsular polysaccharide antigen",
        "Streptococcus pneumoniae type 19F capsular polysaccharide antigen",
        "Streptococcus pneumoniae type 23F capsular polysaccharide antigen",
        "Streptococcus pneumoniae type 4 capsular polysaccharide antigen",
        "Streptococcus pneumoniae type 6B capsular polysaccharide antigen",
        "Streptococcus pneumoniae type 9V capsular polysaccharide antigen",
        "Titer",
        "Unit per Milliliter",
        "microgram"
      ]
    }
  },
  {
    "nct_id": "NCT00109356",
    "conditions": [
      "Chronic Lymphocytic Leukemia",
      "Lymphoid leukemia",
      "Lymphoma, Non-Hodgkin",
      "Small"
    ],
    "pico_attributes": {
      "populations": {
        "minimum_age": "18 Years",
        "maximum_age": "NA",
        "country": "United States",
        "gender": "ALL"
      },
      "interventions": [
        "AQ4N",
        "Chemotherapy"
      ],
      "outcomes": []
    }
  },
  {
    "nct_id": "NCT00109369",
    "conditions": [
      "Diabetes Mellitus"
    ],
    "pico_attributes": {
      "populations": {
        "minimum_age": "18 Years",
        "maximum_age": "NA",
        "country": "United States",
        "gender": "ALL"
      },
      "interventions": [
        "Information",
        "Patients",
        "Provider",
        "decision support"
      ],
      "outcomes": []
    }
  },
  {
    "nct_id": "NCT00109382",
    "conditions": [
      "Cerebrovascular accident",
      "Transient Ischemic Attack"
    ],
    "pico_attributes": {
      "populations": {
        "minimum_age": "40 Years",
        "maximum_age": "NA",
        "country": "United States",
        "gender": "ALL"
      },
      "interventions": [
        "aspirin",
        "clopidogrel",
        "simvastatin"
      ],
      "outcomes": []
    }
  },
  {
    "nct_id": "NCT00109395",
    "conditions": [
      "Critical Illness"
    ],
    "pico_attributes": {
      "populations": {
        "minimum_age": "1 Day",
        "maximum_age": "18 Years",
        "country": "United States",
        "gender": "ALL"
      },
      "interventions": [
        "Coagulation Index Measurement",
        "Lorazepam Measurement",
        "Midazolam Measurement"
      ],
      "outcomes": []
    }
  },
  {
    "nct_id": "NCT00109408",
    "conditions": [
      "Rheumatoid Arthritis"
    ],
    "pico_attributes": {
      "populations": {
        "minimum_age": "18 Years",
        "maximum_age": "NA",
        "country": "United States",
        "gender": "ALL"
      },
      "interventions": [
        "Actemra",
        "methotrexate",
        "roactemra",
        "tocilizumab"
      ],
      "outcomes": []
    }
  },
  {
    "nct_id": "NCT00109421",
    "conditions": [
      "Finding relating to sexuality and sexual activity",
      "HIV Infections",
      "Sexually Transmitted Diseases"
    ],
    "pico_attributes": {
      "populations": {
        "minimum_age": "14 Years",
        "maximum_age": "21 Years",
        "country": "United States",
        "gender": "FEMALE"
      },
      "interventions": [
        "Project"
      ],
      "outcomes": []
    }
  },
  {
    "nct_id": "NCT00109434",
    "conditions": [
      "Diabetes Mellitus",
      "Type 1"
    ],
    "pico_attributes": {
      "populations": {
        "minimum_age": "10 Years",
        "maximum_age": "17 Years",
        "country": "United States",
        "gender": "ALL"
      },
      "interventions": [],
      "outcomes": []
    }
  },
  {
    "nct_id": "NCT00109460",
    "conditions": [
      "Tobacco Use Disorder"
    ],
    "pico_attributes": {
      "populations": {
        "minimum_age": "18 Years",
        "maximum_age": "NA",
        "country": "United States",
        "gender": "ALL"
      },
      "interventions": [
        "Tobacco Use Disorder"
      ],
      "outcomes": []
    }
  },
  {
    "nct_id": "NCT00109473",
    "conditions": [
      "Crohn Disease"
    ],
    "pico_attributes": {
      "populations": {
        "minimum_age": "5 Years",
        "maximum_age": "NA",
        "country": "United States",
        "gender": "ALL"
      },
      "interventions": [
        "Growth Hormone"
      ],
      "outcomes": [
        "*Velocity",
        "ADHD hyperactive symptoms mean score:Score:Pt:^Patient:Qn:Calculated",
        "Feces",
        "Height",
        "IGF1 gene",
        "IGF1 wt Allele",
        "III (suffix)",
        "IMPACT gene",
        "Leukocyte L1 Antigen Complex",
        "Serum",
        "Z-score"
      ]
    }
  }
]