[
  {
    "nct_id": "NCT00584142",
    "conditions": [
      "Breast Carcinoma"
    ],
    "pico_attributes": {
      "populations": {
        "minimum_age": "21 Years",
        "maximum_age": "NA",
        "country": "United States",
        "gender": "FEMALE"
      },
      "interventions": [
        "Mindfulness Relaxation"
      ],
      "outcomes": []
    }
  },
  {
    "nct_id": "NCT00584155",
    "conditions": [
      "Deafness"
    ],
    "pico_attributes": {
      "populations": {
        "minimum_age": "18 Years",
        "maximum_age": "NA",
        "country": "United States",
        "gender": "ALL"
      },
      "interventions": [
        "0.03",
        "0.3",
        "Lactated Ringer's Solution",
        "Normal saline",
        "ofloxacin"
      ],
      "outcomes": []
    }
  },
  {
    "nct_id": "NCT00584168",
    "conditions": [
      "Feel Pain"
    ],
    "pico_attributes": {
      "populations": {
        "minimum_age": "18 Years",
        "maximum_age": "NA",
        "country": "United States",
        "gender": "ALL"
      },
      "interventions": [
        "Placebo Control",
        "dexamethasone"
      ],
      "outcomes": []
    }
  },
  {
    "nct_id": "NCT00584181",
    "conditions": [
      "Unspecified complication of lung transplant"
    ],
    "pico_attributes": {
      "populations": {
        "minimum_age": "18 Years",
        "maximum_age": "NA",
        "country": "United States",
        "gender": "ALL"
      },
      "interventions": [],
      "outcomes": []
    }
  },
  {
    "nct_id": "NCT00584194",
    "conditions": [
      "Rift Valley Fever"
    ],
    "pico_attributes": {
      "populations": {
        "minimum_age": "17 Years",
        "maximum_age": "NA",
        "country": "United States",
        "gender": "ALL"
      },
      "interventions": [
        "200",
        "Coast And Southern Tsimshian language",
        "Heart Failure, Right-Sided",
        "Vaccines"
      ],
      "outcomes": [
        "12 Months",
        "All",
        "Erythema",
        "Geometric Mean",
        "Immunogenicity (package insert)",
        "Incidence",
        "Monthly (qualifier value)",
        "Safety",
        "Secondary Immunization",
        "Third",
        "Titer",
        "Vaccination"
      ]
    }
  },
  {
    "nct_id": "NCT00584207",
    "conditions": [
      "Uterine Fibroids"
    ],
    "pico_attributes": {
      "populations": {
        "minimum_age": "18 Years",
        "maximum_age": "NA",
        "country": "United States",
        "gender": "FEMALE"
      },
      "interventions": [
        "Radiofrequency Ablation"
      ],
      "outcomes": []
    }
  },
  {
    "nct_id": "NCT00584220",
    "conditions": [
      "Astigmatism"
    ],
    "pico_attributes": {
      "populations": {
        "minimum_age": "18 Years",
        "maximum_age": "39 Years",
        "country": "",
        "gender": "ALL"
      },
      "interventions": [],
      "outcomes": [
        "Comfort",
        "Genus Lens",
        "Human Study Subject",
        "Report (document)",
        "Specialized Stand Alone Plan - Vision",
        "Subjective observation (qualifier value)"
      ]
    }
  },
  {
    "nct_id": "NCT00584233",
    "conditions": [
      "Breast Carcinoma"
    ],
    "pico_attributes": {
      "populations": {
        "minimum_age": "35 Years",
        "maximum_age": "NA",
        "country": "United States",
        "gender": "FEMALE"
      },
      "interventions": [
        "CYREN gene",
        "X-Ray Computed Tomography"
      ],
      "outcomes": [
        "Before",
        "Breast",
        "Comparison",
        "Computed Tomography with Contrast",
        "Contrast",
        "Magnetic Resonance Imaging",
        "Post"
      ]
    }
  },
  {
    "nct_id": "NCT00584246",
    "conditions": [
      "Restless Legs Syndrome"
    ],
    "pico_attributes": {
      "populations": {
        "minimum_age": "18 Years",
        "maximum_age": "80 Years",
        "country": "United States",
        "gender": "ALL"
      },
      "interventions": [
        "Lyrica",
        "Placebo Control",
        "pregabalin"
      ],
      "outcomes": []
    }
  },
  {
    "nct_id": "NCT00584259",
    "conditions": [
      "Gastroesophageal reflux disease"
    ],
    "pico_attributes": {
      "populations": {
        "minimum_age": "18 Years",
        "maximum_age": "NA",
        "country": "United States",
        "gender": "ALL"
      },
      "interventions": [
        "Coffee"
      ],
      "outcomes": []
    }
  },
  {
    "nct_id": "NCT00584272",
    "conditions": [
      "Cleft Palate"
    ],
    "pico_attributes": {
      "populations": {
        "minimum_age": "1 Year",
        "maximum_age": "10 Years",
        "country": "United States",
        "gender": "ALL"
      },
      "interventions": [],
      "outcomes": []
    }
  },
  {
    "nct_id": "NCT00584285",
    "conditions": [
      "Keratoconus"
    ],
    "pico_attributes": {
      "populations": {
        "minimum_age": "18 Years",
        "maximum_age": "NA",
        "country": "United States",
        "gender": "ALL"
      },
      "interventions": [],
      "outcomes": [
        "Actual",
        "Count of entities",
        "Delta (difference)",
        "In addition to",
        "Participant",
        "Patterns",
        "fluorescein",
        "virtual patient encounter"
      ]
    }
  },
  {
    "nct_id": "NCT00584298",
    "conditions": [],
    "pico_attributes": {
      "populations": {
        "minimum_age": "18 Years",
        "maximum_age": "65 Years",
        "country": "United States",
        "gender": "FEMALE"
      },
      "interventions": [
        "Placebo Control"
      ],
      "outcomes": []
    }
  },
  {
    "nct_id": "NCT00584311",
    "conditions": [
      "Gout"
    ],
    "pico_attributes": {
      "populations": {
        "minimum_age": "18 Years",
        "maximum_age": "80 Years",
        "country": "United States",
        "gender": "ALL"
      },
      "interventions": [
        "CYREN gene",
        "Ultrasonic"
      ],
      "outcomes": []
    }
  },
  {
    "nct_id": "NCT00584324",
    "conditions": [
      "Anesthesia procedures",
      "General medical service",
      "Memory"
    ],
    "pico_attributes": {
      "populations": {
        "minimum_age": "55 Years",
        "maximum_age": "90 Years",
        "country": "United States",
        "gender": "ALL"
      },
      "interventions": [
        "/40",
        "60%",
        "BAG3 wt Allele"
      ],
      "outcomes": []
    }
  },
  {
    "nct_id": "NCT00584337",
    "conditions": [
      "Coronary Arteriosclerosis"
    ],
    "pico_attributes": {
      "populations": {
        "minimum_age": "18 Years",
        "maximum_age": "NA",
        "country": "United States",
        "gender": "ALL"
      },
      "interventions": [],
      "outcomes": []
    }
  },
  {
    "nct_id": "NCT00584350",
    "conditions": [
      "Coronary Arteriosclerosis",
      "Kidney Failure",
      "Radiographic contrast agent nephropathy"
    ],
    "pico_attributes": {
      "populations": {
        "minimum_age": "18 Years",
        "maximum_age": "NA",
        "country": "Canada",
        "gender": "ALL"
      },
      "interventions": [
        "Agreement",
        "Left ventricular end-diastolic pressure level",
        "Normal saline",
        "sodium bicarbonate"
      ],
      "outcomes": []
    }
  },
  {
    "nct_id": "NCT00584363",
    "conditions": [
      "Malignant neoplasm of pancreas"
    ],
    "pico_attributes": {
      "populations": {
        "minimum_age": "19 Years",
        "maximum_age": "NA",
        "country": "United States",
        "gender": "ALL"
      },
      "interventions": [],
      "outcomes": []
    }
  },
  {
    "nct_id": "NCT00584376",
    "conditions": [
      "Essential Tremor"
    ],
    "pico_attributes": {
      "populations": {
        "minimum_age": "18 Years",
        "maximum_age": "80 Years",
        "country": "United States",
        "gender": "ALL"
      },
      "interventions": [
        "Placebo Control",
        "pregabalin"
      ],
      "outcomes": []
    }
  },
  {
    "nct_id": "NCT00584389",
    "conditions": [
      "BODY MASS INDEX QUANTITATIVE TRAIT LOCUS 20"
    ],
    "pico_attributes": {
      "populations": {
        "minimum_age": "50 Years",
        "maximum_age": "70 Years",
        "country": "United Kingdom",
        "gender": "FEMALE"
      },
      "interventions": [
        "Dietary Modification",
        "Rimonabant"
      ],
      "outcomes": []
    }
  },
  {
    "nct_id": "NCT00584402",
    "conditions": [
      "Liver neoplasms"
    ],
    "pico_attributes": {
      "populations": {
        "minimum_age": "18 Years",
        "maximum_age": "NA",
        "country": "United States",
        "gender": "ALL"
      },
      "interventions": [
        "perflutren, human albumin microspheres"
      ],
      "outcomes": [
        "Anatomic Site",
        "Base - General Qualifier",
        "Brightness",
        "CDISC SEND Tumor Findings Results Terminology",
        "Contrast",
        "Count of entities",
        "Deep (qualifier value)",
        "Enhance (action)",
        "Following",
        "In addition to",
        "Increased echogenicity",
        "Neoplasms",
        "Participant",
        "Percent (qualifier value)",
        "Small tumor",
        "Ultrasonography",
        "intrahepatic",
        "size"
      ]
    }
  },
  {
    "nct_id": "NCT00584415",
    "conditions": [
      "Paroxysmal Atrial Fibrillation by ECG Finding"
    ],
    "pico_attributes": {
      "populations": {
        "minimum_age": "18 Years",
        "maximum_age": "90 Years",
        "country": "United States",
        "gender": "ALL"
      },
      "interventions": [
        "Ablation",
        "Isolated",
        "Polycythemia Vera",
        "RNF130 wt Allele"
      ],
      "outcomes": [
        "Heart Atrium",
        "Participant",
        "Recurrence",
        "Tachyarrhythmia"
      ]
    }
  },
  {
    "nct_id": "NCT00584428",
    "conditions": [
      "Mammary Neoplasms"
    ],
    "pico_attributes": {
      "populations": {
        "minimum_age": "18 Years",
        "maximum_age": "70 Years",
        "country": "United States",
        "gender": "FEMALE"
      },
      "interventions": [
        "Autologous (qualifier value)",
        "Bone Marrow Transplantation",
        "High Dose Chemotherapy"
      ],
      "outcomes": []
    }
  },
  {
    "nct_id": "NCT00584441",
    "conditions": [
      "Asthma"
    ],
    "pico_attributes": {
      "populations": {
        "minimum_age": "18 Years",
        "maximum_age": "50 Years",
        "country": "United States",
        "gender": "FEMALE"
      },
      "interventions": [],
      "outcomes": []
    }
  },
  {
    "nct_id": "NCT00584454",
    "conditions": [
      "Q Fever"
    ],
    "pico_attributes": {
      "populations": {
        "minimum_age": "17 Years",
        "maximum_age": "65 Years",
        "country": "United States",
        "gender": "ALL"
      },
      "interventions": [
        "Q fever vaccine"
      ],
      "outcomes": [
        "Act Mood - intent",
        "Adverse reactions",
        "End Point",
        "Evaluation",
        "Illness (finding)",
        "Measurement",
        "Occupational",
        "Q fever vaccine",
        "Room of building - Study",
        "Therapeutic procedure",
        "This (eukaryote)",
        "Voluntary Workers"
      ]
    }
  },
  {
    "nct_id": "NCT00584467",
    "conditions": [
      "Arteriosclerosis"
    ],
    "pico_attributes": {
      "populations": {
        "minimum_age": "18 Years",
        "maximum_age": "NA",
        "country": "",
        "gender": "ALL"
      },
      "interventions": [],
      "outcomes": []
    }
  },
  {
    "nct_id": "NCT00584480",
    "conditions": [
      "Autistic Disorder"
    ],
    "pico_attributes": {
      "populations": {
        "minimum_age": "3 Years",
        "maximum_age": "8 Years",
        "country": "",
        "gender": "ALL"
      },
      "interventions": [],
      "outcomes": []
    }
  },
  {
    "nct_id": "NCT00584493",
    "conditions": [
      "Advanced Melanoma",
      "Advanced phase",
      "Unresectable",
      "Unresectable Melanoma"
    ],
    "pico_attributes": {
      "populations": {
        "minimum_age": "18 Years",
        "maximum_age": "NA",
        "country": "",
        "gender": "ALL"
      },
      "interventions": [
        "CP-675,206"
      ],
      "outcomes": []
    }
  },
  {
    "nct_id": "NCT00584506",
    "conditions": [
      "Orbital Fractures"
    ],
    "pico_attributes": {
      "populations": {
        "minimum_age": "3 Years",
        "maximum_age": "90 Years",
        "country": "",
        "gender": "ALL"
      },
      "interventions": [],
      "outcomes": []
    }
  },
  {
    "nct_id": "NCT00584519",
    "conditions": [
      "Schizophrenia"
    ],
    "pico_attributes": {
      "populations": {
        "minimum_age": "18 Years",
        "maximum_age": "NA",
        "country": "",
        "gender": "ALL"
      },
      "interventions": [
        "Interventional Study",
        "Negation"
      ],
      "outcomes": []
    }
  },
  {
    "nct_id": "NCT00584532",
    "conditions": [
      "Malignant neoplasm of prostate"
    ],
    "pico_attributes": {
      "populations": {
        "minimum_age": "NA",
        "maximum_age": "NA",
        "country": "",
        "gender": "MALE"
      },
      "interventions": [
        "Placebo Control",
        "genistein combined polysaccharide"
      ],
      "outcomes": []
    }
  },
  {
    "nct_id": "NCT00584545",
    "conditions": [
      "Deglutition Disorders"
    ],
    "pico_attributes": {
      "populations": {
        "minimum_age": "18 Years",
        "maximum_age": "99 Years",
        "country": "United States",
        "gender": "ALL"
      },
      "interventions": [],
      "outcomes": []
    }
  },
  {
    "nct_id": "NCT00584558",
    "conditions": [
      "Cardiac Arrhythmia"
    ],
    "pico_attributes": {
      "populations": {
        "minimum_age": "1 Year",
        "maximum_age": "100 Years",
        "country": "United States",
        "gender": "ALL"
      },
      "interventions": [
        "Ablation"
      ],
      "outcomes": [
        "Ablation",
        "Cardiac Arrhythmia",
        "Cardiac ablation",
        "Complication",
        "Complication of catheter",
        "Destructive procedure (surgical)",
        "In addition to",
        "Number of patients",
        "Recurrence"
      ]
    }
  },
  {
    "nct_id": "NCT00584571",
    "conditions": [
      "Constipation",
      "Emotional hypersensitivity",
      "Irritable Bowel Syndrome",
      "Rectal (intended site)"
    ],
    "pico_attributes": {
      "populations": {
        "minimum_age": "18 Years",
        "maximum_age": "NA",
        "country": "United States",
        "gender": "ALL"
      },
      "interventions": [
        "Sensory Adaptation",
        "Therapeutic procedure",
        "Training",
        "escitalopram"
      ],
      "outcomes": []
    }
  },
  {
    "nct_id": "NCT00584584",
    "conditions": [
      "Allergic Rhinitis, CTCAE"
    ],
    "pico_attributes": {
      "populations": {
        "minimum_age": "18 Years",
        "maximum_age": "55 Years",
        "country": "United Kingdom",
        "gender": "ALL"
      },
      "interventions": [
        "Placebo Control"
      ],
      "outcomes": []
    }
  },
  {
    "nct_id": "NCT00584597",
    "conditions": [
      "Gastrointestinal mucositis",
      "Head and Neck Carcinoma"
    ],
    "pico_attributes": {
      "populations": {
        "minimum_age": "18 Years",
        "maximum_age": "NA",
        "country": "United States",
        "gender": "ALL"
      },
      "interventions": [
        "Saline Solution",
        "Traumeel S"
      ],
      "outcomes": []
    }
  },
  {
    "nct_id": "NCT00584610",
    "conditions": [
      "Blood Coagulation Disorders"
    ],
    "pico_attributes": {
      "populations": {
        "minimum_age": "18 Years",
        "maximum_age": "52 Years",
        "country": "United States",
        "gender": "FEMALE"
      },
      "interventions": [
        "Contain (action)",
        "Copper-containing Intrauterine Device [EPC]",
        "Fetal Death",
        "Mirena",
        "levonorgestrel"
      ],
      "outcomes": []
    }
  },
  {
    "nct_id": "NCT00584623",
    "conditions": [
      "Deglutition Disorders"
    ],
    "pico_attributes": {
      "populations": {
        "minimum_age": "18 Years",
        "maximum_age": "NA",
        "country": "United States",
        "gender": "ALL"
      },
      "interventions": [],
      "outcomes": []
    }
  },
  {
    "nct_id": "NCT00584636",
    "conditions": [
      "Asthma"
    ],
    "pico_attributes": {
      "populations": {
        "minimum_age": "2 Years",
        "maximum_age": "8 Years",
        "country": "United States",
        "gender": "ALL"
      },
      "interventions": [
        "Pulmicort Respules"
      ],
      "outcomes": []
    }
  },
  {
    "nct_id": "NCT00584649",
    "conditions": [
      "Inappropriate Sinus Tachycardia by ECG Finding"
    ],
    "pico_attributes": {
      "populations": {
        "minimum_age": "18 Years",
        "maximum_age": "80 Years",
        "country": "United States",
        "gender": "ALL"
      },
      "interventions": [
        "Radiofrequency Ablation",
        "Study report:Finding:Point in time:Heart:Document:Electrophysiology"
      ],
      "outcomes": []
    }
  },
  {
    "nct_id": "NCT00584662",
    "conditions": [
      "Chronic rhinitis"
    ],
    "pico_attributes": {
      "populations": {
        "minimum_age": "18 Years",
        "maximum_age": "NA",
        "country": "United States",
        "gender": "ALL"
      },
      "interventions": [
        "oxymetazoline hydrochloride"
      ],
      "outcomes": []
    }
  },
  {
    "nct_id": "NCT00584675",
    "conditions": [
      "Gastroesophageal Reflux Disease, CTCAE"
    ],
    "pico_attributes": {
      "populations": {
        "minimum_age": "18 Years",
        "maximum_age": "NA",
        "country": "United States",
        "gender": "ALL"
      },
      "interventions": [
        "Chemical Probe",
        "Device Exposure Domain",
        "Hydrogen ion concentration measurement"
      ],
      "outcomes": []
    }
  },
  {
    "nct_id": "NCT00584688",
    "conditions": [
      "Anorexia Nervosa"
    ],
    "pico_attributes": {
      "populations": {
        "minimum_age": "18 Years",
        "maximum_age": "65 Years",
        "country": "United States",
        "gender": "ALL"
      },
      "interventions": [
        "quetiapine"
      ],
      "outcomes": []
    }
  },
  {
    "nct_id": "NCT00584701",
    "conditions": [
      "Autistic Disorder"
    ],
    "pico_attributes": {
      "populations": {
        "minimum_age": "4 Years",
        "maximum_age": "18 Years",
        "country": "United States",
        "gender": "ALL"
      },
      "interventions": [
        "risperidone"
      ],
      "outcomes": [
        "ADHD hyperactive symptoms mean score:Score:Pt:^Patient:Qn:Calculated",
        "Active Breathing Control",
        "Amount type - Percentage",
        "Blood group antibody I",
        "Change -- procedure",
        "Correlation",
        "Exons",
        "Expression (foundation metadata concept)",
        "Improvement",
        "Irritability, CTCAE",
        "Percent (qualifier value)"
      ]
    }
  },
  {
    "nct_id": "NCT00584714",
    "conditions": [
      "Coronary Arteriosclerosis"
    ],
    "pico_attributes": {
      "populations": {
        "minimum_age": "18 Years",
        "maximum_age": "NA",
        "country": "United States",
        "gender": "ALL"
      },
      "interventions": [],
      "outcomes": []
    }
  },
  {
    "nct_id": "NCT00584727",
    "conditions": [
      "Astigmatism"
    ],
    "pico_attributes": {
      "populations": {
        "minimum_age": "18 Years",
        "maximum_age": "39 Years",
        "country": "",
        "gender": "ALL"
      },
      "interventions": [
        "Contact Lenses",
        "Spherical shape",
        "etafilcon"
      ],
      "outcomes": [
        "Academic degree",
        "CDISC ADAS-Cog - Orientation Summary Score",
        "Comfort",
        "Genus Lens",
        "Medical Product Stability",
        "Patient Preference",
        "Patients",
        "Report (document)",
        "Specialized Stand Alone Plan - Vision"
      ]
    }
  },
  {
    "nct_id": "NCT00584740",
    "conditions": [
      "Crohn Disease"
    ],
    "pico_attributes": {
      "populations": {
        "minimum_age": "18 Years",
        "maximum_age": "75 Years",
        "country": "United States",
        "gender": "ALL"
      },
      "interventions": [
        "AIN 457",
        "Placebo Control"
      ],
      "outcomes": [
        "ADHD hyperactive symptoms mean score:Score:Pt:^Patient:Qn:Calculated",
        "Amount type - Percentage",
        "Area Under Curve",
        "BaseLine dental cement",
        "CDAN1 gene",
        "Cancer Remission",
        "Change -- procedure",
        "Disease Response",
        "Maintenance",
        "Participant",
        "Population Mean"
      ]
    }
  },
  {
    "nct_id": "NCT00584753",
    "conditions": [
      "Breast Carcinoma"
    ],
    "pico_attributes": {
      "populations": {
        "minimum_age": "18 Years",
        "maximum_age": "NA",
        "country": "United States",
        "gender": "FEMALE"
      },
      "interventions": [
        "Positron-Emission Tomography",
        "X-Ray Computed Tomography"
      ],
      "outcomes": []
    }
  },
  {
    "nct_id": "NCT00584766",
    "conditions": [
      "Carcinoma breast stage IV"
    ],
    "pico_attributes": {
      "populations": {
        "minimum_age": "18 Years",
        "maximum_age": "55 Years",
        "country": "United States",
        "gender": "FEMALE"
      },
      "interventions": [
        "High Dose Chemotherapy"
      ],
      "outcomes": []
    }
  },
  {
    "nct_id": "NCT00584779",
    "conditions": [
      "CD44 wt Allele",
      "Has property",
      "Human Study Subject",
      "Pyruvate Kinase",
      "Renal Insufficiency",
      "gabapentin"
    ],
    "pico_attributes": {
      "populations": {
        "minimum_age": "20 Years",
        "maximum_age": "NA",
        "country": "Japan",
        "gender": "ALL"
      },
      "interventions": [
        "gabapentin"
      ],
      "outcomes": []
    }
  },
  {
    "nct_id": "NCT00584792",
    "conditions": [
      "Malignant neoplasm of prostate"
    ],
    "pico_attributes": {
      "populations": {
        "minimum_age": "35 Years",
        "maximum_age": "75 Years",
        "country": "",
        "gender": "MALE"
      },
      "interventions": [],
      "outcomes": []
    }
  },
  {
    "nct_id": "NCT00584805",
    "conditions": [
      "Encephalomyelitis, Eastern Equine"
    ],
    "pico_attributes": {
      "populations": {
        "minimum_age": "18 Years",
        "maximum_age": "65 Years",
        "country": "United States",
        "gender": "ALL"
      },
      "interventions": [
        "Coast And Southern Tsimshian language",
        "Dried Specimen",
        "Encephalomyelitis, Eastern Equine"
      ],
      "outcomes": [
        "35",
        "Adverse Event Domain",
        "Annual",
        "Before",
        "Booster 1",
        "Count of entities",
        "Daily",
        "Experience",
        "Frequency of Responses",
        "Human Study Subject",
        "Local",
        "Monthly (qualifier value)",
        "Post",
        "Post-dose",
        "Systemic",
        "Titer",
        "month"
      ]
    }
  },
  {
    "nct_id": "NCT00584818",
    "conditions": [
      "Coronary Arteriosclerosis",
      "Healthy"
    ],
    "pico_attributes": {
      "populations": {
        "minimum_age": "18 Years",
        "maximum_age": "NA",
        "country": "United States",
        "gender": "ALL"
      },
      "interventions": [
        "Injectable Suspension"
      ],
      "outcomes": []
    }
  },
  {
    "nct_id": "NCT00584831",
    "conditions": [
      "Astigmatism"
    ],
    "pico_attributes": {
      "populations": {
        "minimum_age": "18 Years",
        "maximum_age": "39 Years",
        "country": "United Kingdom",
        "gender": "ALL"
      },
      "interventions": [
        "lotrafilcon B"
      ],
      "outcomes": []
    }
  },
  {
    "nct_id": "NCT00584844",
    "conditions": [
      "Tularemia"
    ],
    "pico_attributes": {
      "populations": {
        "minimum_age": "17 Years",
        "maximum_age": "65 Years",
        "country": "United States",
        "gender": "ALL"
      },
      "interventions": [
        "% live",
        "Fluorides",
        "Vaccines"
      ],
      "outcomes": [
        "Adverse Event Category",
        "Boost",
        "Clinical trial protocol",
        "Compliance behavior",
        "Immunogenicity (package insert)",
        "Post",
        "Primary",
        "Protocol Compliance",
        "Rate",
        "Safety",
        "Titer",
        "Vaccination"
      ]
    }
  },
  {
    "nct_id": "NCT00584857",
    "conditions": [
      "NCI CTEP SDC Uterine Cancer Sub-Category Terminology"
    ],
    "pico_attributes": {
      "populations": {
        "minimum_age": "19 Years",
        "maximum_age": "NA",
        "country": "United States",
        "gender": "FEMALE"
      },
      "interventions": [
        "acetate",
        "carboplatin",
        "paclitaxel"
      ],
      "outcomes": [
        "3+ Answer to Question",
        "Overall Survival",
        "per year"
      ]
    }
  },
  {
    "nct_id": "NCT00584870",
    "conditions": [
      "Low Back Pain"
    ],
    "pico_attributes": {
      "populations": {
        "minimum_age": "18 Years",
        "maximum_age": "90 Years",
        "country": "United States",
        "gender": "ALL"
      },
      "interventions": [
        "PF 04383119",
        "Placebo Control",
        "RN 624",
        "naproxen"
      ],
      "outcomes": [
        "+2",
        "Adangme language",
        "Anti-Drug Antibody",
        "Assessed",
        "BaseLine dental cement",
        "CD44 wt Allele",
        "Change -- procedure",
        "Clinical Trial Discontinuation",
        "Count of entities",
        "DAS - Disease Activity Score",
        "Discontinued",
        "Dorsal",
        "Drug Evaluation",
        "Due to",
        "Duration of Use",
        "Feel Pain",
        "Generalized",
        "Generalized aches and pains",
        "IPSS Risk Category Low",
        "In addition to",
        "Lack of Efficacy",
        "Medications",
        "Montreal Cognitive Assessment Total Score",
        "Pain Measurement",
        "Participant",
        "Quantity",
        "Response level",
        "Roland Morris Disability Questionnaire",
        "Room of building - Study",
        "Taken",
        "Time",
        "Used by",
        "global assessment",
        "week 1"
      ]
    }
  },
  {
    "nct_id": "NCT00584883",
    "conditions": [
      "Brain Neoplasms"
    ],
    "pico_attributes": {
      "populations": {
        "minimum_age": "19 Years",
        "maximum_age": "NA",
        "country": "United States",
        "gender": "ALL"
      },
      "interventions": [
        "ABT-510"
      ],
      "outcomes": []
    }
  },
  {
    "nct_id": "NCT00584896",
    "conditions": [
      "Coronary Arteriosclerosis"
    ],
    "pico_attributes": {
      "populations": {
        "minimum_age": "18 Years",
        "maximum_age": "NA",
        "country": "United States",
        "gender": "ALL"
      },
      "interventions": [
        "Injectable Suspension"
      ],
      "outcomes": []
    }
  },
  {
    "nct_id": "NCT00584909",
    "conditions": [
      "NCI CTEP SDC Uterine Cancer Sub-Category Terminology"
    ],
    "pico_attributes": {
      "populations": {
        "minimum_age": "19 Years",
        "maximum_age": "NA",
        "country": "United States",
        "gender": "FEMALE"
      },
      "interventions": [
        "Combined",
        "carboplatin",
        "paclitaxel"
      ],
      "outcomes": [
        "Disease-Free Survival"
      ]
    }
  },
  {
    "nct_id": "NCT00584922",
    "conditions": [
      "Atrial Fibrillation"
    ],
    "pico_attributes": {
      "populations": {
        "minimum_age": "18 Years",
        "maximum_age": "80 Years",
        "country": "United States",
        "gender": "ALL"
      },
      "interventions": [
        "Endoscopy (procedure)",
        "Group I (alphabetic group)",
        "Patients"
      ],
      "outcomes": [
        "Assessed",
        "Endoscopy (procedure)",
        "Esophageal injury",
        "Incidence"
      ]
    }
  },
  {
    "nct_id": "NCT00584935",
    "conditions": [
      "Ocular Cicatricial Pemphigoid"
    ],
    "pico_attributes": {
      "populations": {
        "minimum_age": "19 Years",
        "maximum_age": "NA",
        "country": "United States",
        "gender": "ALL"
      },
      "interventions": [
        "rituximab"
      ],
      "outcomes": [
        "+2",
        "1+",
        "AT genotype",
        "And",
        "Base - General Qualifier",
        "Bayer Corneal Epitheliopathy Grade 3",
        "Bayer Corneal Epitheliopathy Grade 4",
        "Blood Products Laboratory Testing",
        "CTCb regimen",
        "Cicatrix",
        "Count of entities",
        "Death Related to Adverse Event",
        "Evidence",
        "Experience",
        "Follow-up visit",
        "Fostered",
        "Further",
        "In addition to",
        "Infusion procedures",
        "Medical Product Stability",
        "National Cancer Institute",
        "Participant",
        "Patients",
        "Proportion",
        "Systemic Reaction",
        "Time",
        "Toxic effect",
        "Visual Acuity",
        "With staging",
        "week"
      ]
    }
  },
  {
    "nct_id": "NCT00584948",
    "conditions": [
      "FRAGILE X TREMOR/ATAXIA SYNDROME",
      "Fragility",
      "Genetic Carriers"
    ],
    "pico_attributes": {
      "populations": {
        "minimum_age": "30 Years",
        "maximum_age": "80 Years",
        "country": "United States",
        "gender": "ALL"
      },
      "interventions": [
        "Placebo Control",
        "memantine"
      ],
      "outcomes": [
        "Action Tremor",
        "BaseLine dental cement",
        "Change -- procedure",
        "Measured",
        "Tremor scale"
      ]
    }
  },
  {
    "nct_id": "NCT00584961",
    "conditions": [
      "Bipolar Disorder"
    ],
    "pico_attributes": {
      "populations": {
        "minimum_age": "18 Years",
        "maximum_age": "NA",
        "country": "",
        "gender": "ALL"
      },
      "interventions": [
        "Interventional Study",
        "Negation"
      ],
      "outcomes": []
    }
  },
  {
    "nct_id": "NCT00584974",
    "conditions": [
      "Depressive disorder",
      "Major"
    ],
    "pico_attributes": {
      "populations": {
        "minimum_age": "18 Years",
        "maximum_age": "55 Years",
        "country": "United States",
        "gender": "ALL"
      },
      "interventions": [
        "Placebo Control",
        "SEP 225289",
        "Venlafaxine measurement"
      ],
      "outcomes": []
    }
  },
  {
    "nct_id": "NCT00584987",
    "conditions": [
      "Allergic Rhinitis, CTCAE"
    ],
    "pico_attributes": {
      "populations": {
        "minimum_age": "18 Years",
        "maximum_age": "55 Years",
        "country": "United States",
        "gender": "ALL"
      },
      "interventions": [
        "Placebo Control",
        "fluticasone furoate",
        "oxymetazoline"
      ],
      "outcomes": [
        "2 Weeks",
        "4 Weeks",
        "ADHD hyperactive symptoms mean score:Score:Pt:^Patient:Qn:Calculated",
        "BaseLine dental cement",
        "week"
      ]
    }
  },
  {
    "nct_id": "NCT00585000",
    "conditions": [
      "Melanoma Pathway"
    ],
    "pico_attributes": {
      "populations": {
        "minimum_age": "18 Years",
        "maximum_age": "NA",
        "country": "United States",
        "gender": "ALL"
      },
      "interventions": [
        "CP-675,206"
      ],
      "outcomes": []
    }
  },
  {
    "nct_id": "NCT00585013",
    "conditions": [
      "Congenital heart disease"
    ],
    "pico_attributes": {
      "populations": {
        "minimum_age": "NA",
        "maximum_age": "16 Years",
        "country": "United States",
        "gender": "ALL"
      },
      "interventions": [
        "Nitric Oxide Measurement"
      ],
      "outcomes": [
        "+5",
        "D-lactate measurement",
        "Gene Expression Profiles",
        "Incidence",
        "Inflammation Mediators",
        "Ischemic",
        "Measured",
        "Post",
        "S100 Calcium-Binding Protein B Measurement",
        "Serum",
        "Traumatic AND/OR non-traumatic injury",
        "myocardial injury"
      ]
    }
  },
  {
    "nct_id": "NCT00585026",
    "conditions": [
      "Asthenopia",
      "Eyeglasses",
      "Presbyopia",
      "Refractive Errors"
    ],
    "pico_attributes": {
      "populations": {
        "minimum_age": "40 Years",
        "maximum_age": "NA",
        "country": "United States",
        "gender": "ALL"
      },
      "interventions": [
        "Bifocal glasses (physical object)",
        "Computers",
        "Frame (physical object)",
        "Progressive addition glasses"
      ],
      "outcomes": []
    }
  },
  {
    "nct_id": "NCT00585039",
    "conditions": [
      "Asthma"
    ],
    "pico_attributes": {
      "populations": {
        "minimum_age": "6 Years",
        "maximum_age": "17 Years",
        "country": "United States",
        "gender": "ALL"
      },
      "interventions": [
        "Xopenex"
      ],
      "outcomes": []
    }
  },
  {
    "nct_id": "NCT00585052",
    "conditions": [
      "Carcinoma, Ovarian Epithelial"
    ],
    "pico_attributes": {
      "populations": {
        "minimum_age": "18 Years",
        "maximum_age": "99 Years",
        "country": "United States",
        "gender": "FEMALE"
      },
      "interventions": [
        "lovastatin",
        "paclitaxel"
      ],
      "outcomes": []
    }
  },
  {
    "nct_id": "NCT00585065",
    "conditions": [
      "Chronic heart failure",
      "Pediatric"
    ],
    "pico_attributes": {
      "populations": {
        "minimum_age": "1 Year",
        "maximum_age": "18 Years",
        "country": "United States",
        "gender": "ALL"
      },
      "interventions": [
        "Chemoradiotherapy",
        "Device implant NOS"
      ],
      "outcomes": []
    }
  },
  {
    "nct_id": "NCT00585078",
    "conditions": [
      "Malignant neoplasm of pancreas"
    ],
    "pico_attributes": {
      "populations": {
        "minimum_age": "18 Years",
        "maximum_age": "NA",
        "country": "United States",
        "gender": "ALL"
      },
      "interventions": [
        "capecitabine",
        "oxaliplatin"
      ],
      "outcomes": [
        "Best Overall Response",
        "Frequency of Responses",
        "Overall Survival",
        "Progression-Free Survival"
      ]
    }
  },
  {
    "nct_id": "NCT00585091",
    "conditions": [
      "Congestive heart failure"
    ],
    "pico_attributes": {
      "populations": {
        "minimum_age": "18 Years",
        "maximum_age": "85 Years",
        "country": "United States",
        "gender": "ALL"
      },
      "interventions": [
        "phenylephrine"
      ],
      "outcomes": []
    }
  },
  {
    "nct_id": "NCT00585104",
    "conditions": [
      "Congestive heart failure"
    ],
    "pico_attributes": {
      "populations": {
        "minimum_age": "18 Years",
        "maximum_age": "NA",
        "country": "United States",
        "gender": "ALL"
      },
      "interventions": [
        "levosimendan"
      ],
      "outcomes": []
    }
  },
  {
    "nct_id": "NCT00585117",
    "conditions": [
      "Brain",
      "CNS metastases",
      "Carcinoma of lung",
      "Central Nervous System",
      "Childhood Esophageal Carcinoma",
      "Head and Neck Carcinoma",
      "Malignant neoplasm of prostate",
      "Metastatic malignant neoplasm to brain"
    ],
    "pico_attributes": {
      "populations": {
        "minimum_age": "18 Years",
        "maximum_age": "NA",
        "country": "United States",
        "gender": "ALL"
      },
      "interventions": [
        "Pet Animal",
        "Positron-Emission Tomography"
      ],
      "outcomes": []
    }
  },
  {
    "nct_id": "NCT00585143",
    "conditions": [
      "Dyslipidemias",
      "Kidney Failure"
    ],
    "pico_attributes": {
      "populations": {
        "minimum_age": "18 Years",
        "maximum_age": "75 Years",
        "country": "United States",
        "gender": "ALL"
      },
      "interventions": [
        "ABT 335",
        "rosuvastatin"
      ],
      "outcomes": []
    }
  },
  {
    "nct_id": "NCT00585156",
    "conditions": [
      "Feel Pain",
      "Skeletal bone"
    ],
    "pico_attributes": {
      "populations": {
        "minimum_age": "18 Years",
        "maximum_age": "95 Years",
        "country": "United States",
        "gender": "MALE"
      },
      "interventions": [
        "celecoxib"
      ],
      "outcomes": []
    }
  },
  {
    "nct_id": "NCT00585169",
    "conditions": [
      "Gambling, Pathological"
    ],
    "pico_attributes": {
      "populations": {
        "minimum_age": "21 Years",
        "maximum_age": "75 Years",
        "country": "United States",
        "gender": "ALL"
      },
      "interventions": [
        "memantine hydrochloride"
      ],
      "outcomes": []
    }
  },
  {
    "nct_id": "NCT00585182",
    "conditions": [
      "Anticoagulants",
      "BODY MASS INDEX QUANTITATIVE TRAIT LOCUS 20",
      "Venous Thrombosis"
    ],
    "pico_attributes": {
      "populations": {
        "minimum_age": "18 Years",
        "maximum_age": "NA",
        "country": "United States",
        "gender": "ALL"
      },
      "interventions": [
        "0.5",
        "Once daily",
        "enoxaparin",
        "ug/g"
      ],
      "outcomes": [
        "*Activity (kind of quantity)",
        "CDISC Events Class",
        "Hemorrhage",
        "Heparin, Low-Molecular-Weight",
        "Low Molecular Weight Heparin [EPC]",
        "Peak level",
        "Relevance",
        "activity level"
      ]
    }
  },
  {
    "nct_id": "NCT00585195",
    "conditions": [
      "ALK Positive",
      "Adult Systemic Anaplastic Large Cell Lymphoma",
      "Advanced Malignant Neoplasm",
      "Biological Markers",
      "Childhood Leukemia",
      "Conditional",
      "Fulfill",
      "NCI CTEP SDC Non-Small Cell Lung Cancer Sub-Category Terminology",
      "ROS1 Positive"
    ],
    "pico_attributes": {
      "populations": {
        "minimum_age": "18 Years",
        "maximum_age": "NA",
        "country": "United States",
        "gender": "ALL"
      },
      "interventions": [
        "PF-02341066",
        "itraconazole",
        "rifampin"
      ],
      "outcomes": [
        "0.24",
        "Able to Concentrate Question",
        "Act Relationship Subset - maximum",
        "Arabic numeral 0",
        "Area Under Curve",
        "Area Under the Curve Over Dosing Interval",
        "Cmax",
        "Cohort",
        "Continuance of life",
        "Data Type Interval",
        "Dosage",
        "End",
        "Entity With Role in Clinical Study",
        "Food",
        "GDC Treatment Outcome Terminology",
        "Interaction",
        "Last",
        "Living Alone",
        "Midazolam Measurement",
        "Monthly (qualifier value)",
        "Observed",
        "Plasma",
        "Probability",
        "Sometimes",
        "Taken",
        "Time",
        "Trough",
        "Trough Concentration",
        "crizotinib",
        "itraconazole",
        "plasma concentration",
        "rifampin"
      ]
    }
  },
  {
    "nct_id": "NCT00585208",
    "conditions": [
      "Bipolar Disorder",
      "Insomnia, CTCAE 3.0"
    ],
    "pico_attributes": {
      "populations": {
        "minimum_age": "18 Years",
        "maximum_age": "65 Years",
        "country": "United States",
        "gender": "ALL"
      },
      "interventions": [
        "Placebo Control",
        "ramelteon"
      ],
      "outcomes": []
    }
  },
  {
    "nct_id": "NCT00585221",
    "conditions": [
      "Carcinoma of brain",
      "Gastrointestinal Stromal Tumors",
      "Solid Neoplasm"
    ],
    "pico_attributes": {
      "populations": {
        "minimum_age": "18 Years",
        "maximum_age": "NA",
        "country": "United States",
        "gender": "ALL"
      },
      "interventions": [
        "imatinib"
      ],
      "outcomes": [
        "Decrease",
        "Tumor size"
      ]
    }
  },
  {
    "nct_id": "NCT00585234",
    "conditions": [
      "Thoracic insufficiency syndrome",
      "Three times weekly"
    ],
    "pico_attributes": {
      "populations": {
        "minimum_age": "1 Year",
        "maximum_age": "18 Years",
        "country": "United States",
        "gender": "ALL"
      },
      "interventions": [
        "Digital Photography"
      ],
      "outcomes": []
    }
  },
  {
    "nct_id": "NCT00585247",
    "conditions": [
      "Port-Wine Stain"
    ],
    "pico_attributes": {
      "populations": {
        "minimum_age": "NA",
        "maximum_age": "NA",
        "country": "United States",
        "gender": "ALL"
      },
      "interventions": [
        "Placebo Control",
        "imiquimod"
      ],
      "outcomes": [
        "BaseLine dental cement",
        "Change -- procedure",
        "week"
      ]
    }
  },
  {
    "nct_id": "NCT00585260",
    "conditions": [
      "Asthma"
    ],
    "pico_attributes": {
      "populations": {
        "minimum_age": "18 Years",
        "maximum_age": "80 Years",
        "country": "United States",
        "gender": "ALL"
      },
      "interventions": [
        "Mannitol Measurement"
      ],
      "outcomes": []
    }
  },
  {
    "nct_id": "NCT00585273",
    "conditions": [
      "Bipolar Disorder",
      "Schizophrenia"
    ],
    "pico_attributes": {
      "populations": {
        "minimum_age": "18 Years",
        "maximum_age": "50 Years",
        "country": "United States",
        "gender": "ALL"
      },
      "interventions": [],
      "outcomes": []
    }
  },
  {
    "nct_id": "NCT00585286",
    "conditions": [
      "Acne",
      "Cicatrix"
    ],
    "pico_attributes": {
      "populations": {
        "minimum_age": "18 Years",
        "maximum_age": "75 Years",
        "country": "United States",
        "gender": "ALL"
      },
      "interventions": [
        "10%",
        "600",
        "Carbon Dioxide Lasers",
        "Device system",
        "Fraction of",
        "Neutrophil migration, function"
      ],
      "outcomes": [
        "Academic degree",
        "Acne scar",
        "Atrophic",
        "Average",
        "Improvement",
        "Overall",
        "Pain Threshold",
        "Surface",
        "With texture"
      ]
    }
  },
  {
    "nct_id": "NCT00585299",
    "conditions": [
      "Fatty Liver",
      "Insulin Resistance"
    ],
    "pico_attributes": {
      "populations": {
        "minimum_age": "10 Years",
        "maximum_age": "21 Years",
        "country": "United States",
        "gender": "ALL"
      },
      "interventions": [
        "Basal Diet",
        "Dispense Method - Traditional",
        "Fat-Restricted Diet"
      ],
      "outcomes": []
    }
  },
  {
    "nct_id": "NCT00585312",
    "conditions": [
      "Adenomatous Polyposis Coli"
    ],
    "pico_attributes": {
      "populations": {
        "minimum_age": "10 Years",
        "maximum_age": "17 Years",
        "country": "United States",
        "gender": "ALL"
      },
      "interventions": [
        "Placebo Control",
        "celecoxib"
      ],
      "outcomes": [
        "Burden",
        "Polyp of large intestine",
        "Time to Progression"
      ]
    }
  },
  {
    "nct_id": "NCT00585325",
    "conditions": [
      "Burn Specimen"
    ],
    "pico_attributes": {
      "populations": {
        "minimum_age": "18 Years",
        "maximum_age": "NA",
        "country": "United States",
        "gender": "ALL"
      },
      "interventions": [
        "How Often Felt Normal question",
        "Instill (administration method)",
        "Normal saline",
        "Placebo Control",
        "lidocaine"
      ],
      "outcomes": [
        "Dressing change",
        "Feel Pain"
      ]
    }
  },
  {
    "nct_id": "NCT00585338",
    "conditions": [
      "Adverse Event Associated with Vascular",
      "Lesion"
    ],
    "pico_attributes": {
      "populations": {
        "minimum_age": "18 Years",
        "maximum_age": "NA",
        "country": "United States",
        "gender": "ALL"
      },
      "interventions": [
        "Laser Device",
        "Neutrophil migration, function",
        "TANDEM"
      ],
      "outcomes": []
    }
  },
  {
    "nct_id": "NCT00585351",
    "conditions": [
      "Cerebrovascular accident"
    ],
    "pico_attributes": {
      "populations": {
        "minimum_age": "18 Years",
        "maximum_age": "NA",
        "country": "United States",
        "gender": "ALL"
      },
      "interventions": [
        "Advanced phase",
        "Notification",
        "Placebo Control",
        "ranitidine"
      ],
      "outcomes": [
        "Advanced phase",
        "Benefit",
        "Informed Consent",
        "Notification",
        "Pneumonitis due to fumes AND/OR vapors",
        "Prevention Study",
        "Promotion (action)"
      ]
    }
  },
  {
    "nct_id": "NCT00585364",
    "conditions": [
      "Aspergillosis, Allergic Bronchopulmonary",
      "Cystic Fibrosis"
    ],
    "pico_attributes": {
      "populations": {
        "minimum_age": "6 Years",
        "maximum_age": "NA",
        "country": "United States",
        "gender": "ALL"
      },
      "interventions": [],
      "outcomes": []
    }
  },
  {
    "nct_id": "NCT00585377",
    "conditions": [
      "Cancer Genus"
    ],
    "pico_attributes": {
      "populations": {
        "minimum_age": "18 Years",
        "maximum_age": "NA",
        "country": "United States",
        "gender": "ALL"
      },
      "interventions": [
        "bevacizumab",
        "erlotinib"
      ],
      "outcomes": [
        "Evaluation",
        "Frequency of Responses",
        "Overall Survival",
        "Progression-Free Survival"
      ]
    }
  },
  {
    "nct_id": "NCT00585390",
    "conditions": [
      "Schizophrenia",
      "fatty acid deficiency"
    ],
    "pico_attributes": {
      "populations": {
        "minimum_age": "8 Years",
        "maximum_age": "25 Years",
        "country": "United States",
        "gender": "ALL"
      },
      "interventions": [
        "Concentrate (activity)",
        "Placebo Control",
        "docosahexaenoic acid",
        "epa fish oil",
        "fish oils",
        "olive oil",
        "omega-3 fatty acids"
      ],
      "outcomes": []
    }
  },
  {
    "nct_id": "NCT00585403",
    "conditions": [
      "BODY MASS INDEX QUANTITATIVE TRAIT LOCUS 20",
      "Child Development",
      "Growth",
      "Physical Fitness"
    ],
    "pico_attributes": {
      "populations": {
        "minimum_age": "8 Years",
        "maximum_age": "18 Years",
        "country": "United States",
        "gender": "ALL"
      },
      "interventions": [],
      "outcomes": []
    }
  },
  {
    "nct_id": "NCT00585416",
    "conditions": [
      "Malignant neoplasm of prostate"
    ],
    "pico_attributes": {
      "populations": {
        "minimum_age": "18 Years",
        "maximum_age": "NA",
        "country": "United States",
        "gender": "MALE"
      },
      "interventions": [
        "CGC 11047"
      ],
      "outcomes": []
    }
  },
  {
    "nct_id": "NCT00585429",
    "conditions": [
      "Kidney Diseases",
      "Transplantation of liver"
    ],
    "pico_attributes": {
      "populations": {
        "minimum_age": "18 Years",
        "maximum_age": "NA",
        "country": "United States",
        "gender": "ALL"
      },
      "interventions": [],
      "outcomes": []
    }
  },
  {
    "nct_id": "NCT00585442",
    "conditions": [
      "Hypertension, CTCAE",
      "Vitamin D Deficiency"
    ],
    "pico_attributes": {
      "populations": {
        "minimum_age": "55 Years",
        "maximum_age": "NA",
        "country": "United States",
        "gender": "ALL"
      },
      "interventions": [
        "Calcitriol Drug Class",
        "Placebo Control"
      ],
      "outcomes": []
    }
  }
]