[
  {
    "nct_id": "NCT00314951",
    "conditions": [
      "Clostridium Infections",
      "Diarrhea"
    ],
    "pico_attributes": {
      "populations": {
        "minimum_age": "16 Years",
        "maximum_age": "NA",
        "country": "United States",
        "gender": "ALL"
      },
      "interventions": [
        "MATCHING",
        "Placebo Control",
        "fidaxomicin",
        "vancomycin"
      ],
      "outcomes": [
        "Cure (remedy)",
        "End",
        "Generalized",
        "Rate",
        "Recurrence",
        "Therapeutic procedure"
      ]
    }
  },
  {
    "nct_id": "NCT00314964",
    "conditions": [
      "Bothered by Hot Flashes"
    ],
    "pico_attributes": {
      "populations": {
        "minimum_age": "40 Years",
        "maximum_age": "70 Years",
        "country": "United States",
        "gender": "FEMALE"
      },
      "interventions": [
        "PD-0299685"
      ],
      "outcomes": []
    }
  },
  {
    "nct_id": "NCT00314977",
    "conditions": [
      "Breast Carcinoma"
    ],
    "pico_attributes": {
      "populations": {
        "minimum_age": "18 Years",
        "maximum_age": "70 Years",
        "country": "Netherlands",
        "gender": "FEMALE"
      },
      "interventions": [
        "cyclophosphamide",
        "docetaxel",
        "doxorubicin"
      ],
      "outcomes": []
    }
  },
  {
    "nct_id": "NCT00314990",
    "conditions": [
      "Deep Vein Thrombosis",
      "Pulmonary Embolism"
    ],
    "pico_attributes": {
      "populations": {
        "minimum_age": "20 Years",
        "maximum_age": "80 Years",
        "country": "Netherlands",
        "gender": "ALL"
      },
      "interventions": [
        "+5",
        "0.4",
        "5'-O-(6-O-malonylglucopyranosyl)pyridoxine",
        "50%",
        "Cyanocobalamin Drug Class",
        "MG",
        "folic acid"
      ],
      "outcomes": []
    }
  },
  {
    "nct_id": "NCT00315003",
    "conditions": [
      "Infection - suppurative",
      "Infectious Otitis Media",
      "Purulent"
    ],
    "pico_attributes": {
      "populations": {
        "minimum_age": "6 Months",
        "maximum_age": "6 Years",
        "country": "United States",
        "gender": "ALL"
      },
      "interventions": [
        "azithromycin",
        "telithromycin"
      ],
      "outcomes": []
    }
  },
  {
    "nct_id": "NCT00315016",
    "conditions": [
      "DIANPH gene"
    ],
    "pico_attributes": {
      "populations": {
        "minimum_age": "18 Years",
        "maximum_age": "75 Years",
        "country": "Netherlands",
        "gender": "ALL"
      },
      "interventions": [
        "Placebo Control",
        "eplerenone",
        "fosinopril"
      ],
      "outcomes": []
    }
  },
  {
    "nct_id": "NCT00315029",
    "conditions": [
      "Female infertility",
      "Male infertility",
      "Pregnancy"
    ],
    "pico_attributes": {
      "populations": {
        "minimum_age": "18 Years",
        "maximum_age": "39 Years",
        "country": "Netherlands",
        "gender": "ALL"
      },
      "interventions": [
        "Assisted Reproductive Technologies",
        "Base - General Qualifier",
        "Decision Aids",
        "Evidence",
        "Fourth",
        "Possible",
        "Reimbursement",
        "Sperm Injections, Intracytoplasmic",
        "event cycle"
      ],
      "outcomes": []
    }
  },
  {
    "nct_id": "NCT00315042",
    "conditions": [
      "Pharyngitis",
      "Tonsillitis"
    ],
    "pico_attributes": {
      "populations": {
        "minimum_age": "6 Months",
        "maximum_age": "13 Years",
        "country": "United States",
        "gender": "ALL"
      },
      "interventions": [
        "HMR 3647",
        "penicillins",
        "telithromycin"
      ],
      "outcomes": []
    }
  },
  {
    "nct_id": "NCT00315055",
    "conditions": [
      "Diphtheria",
      "Hepatitis B",
      "Pertussis",
      "Poliomyelitis"
    ],
    "pico_attributes": {
      "populations": {
        "minimum_age": "50 Days",
        "maximum_age": "71 Days",
        "country": "Turkey",
        "gender": "ALL"
      },
      "interventions": [
        "Combined",
        "DTaP-IPV-HB-PRP-T vaccine",
        "Diphtheria and Tetanus Toxoids and Acellular Pertussis Absorbed and Inactivated Poliovirus (DTaP-IPV) Vaccine",
        "Haemophilus influenza type b polysaccharide vaccine-tetanus toxin conjugate",
        "Hepatitis B Vaccines"
      ],
      "outcomes": [
        "Amount type - Percentage",
        "Antibody titer measurement",
        "Count of entities",
        "Diphtheria",
        "Diphtheria and Tetanus Toxoids and Acellular Pertussis Absorbed and Inactivated Poliovirus (DTaP-IPV) Vaccine",
        "Dosage",
        "Either",
        "Engerix-B",
        "Geometric Mean",
        "HIV Seroconversion",
        "Haemophilus influenza type b polysaccharide vaccine-tetanus toxin conjugate",
        "Hemoglobin",
        "Hepatitis B Surface Antigens",
        "Hepatitis B Virus Surface Antibody",
        "Immunization reaction",
        "Immunization series",
        "In addition to",
        "Injection site",
        "KRT83 gene",
        "Participant",
        "Pentaxim",
        "Pertussis",
        "Pertussis vaccination",
        "Poliovirus antigen",
        "Post",
        "Primary",
        "Primary Immunologic Sensitization",
        "Series",
        "Systemic",
        "Systemic Reaction",
        "Tetanus",
        "Vaccination",
        "Vaccines",
        "hepatitis B surface antigen vaccine",
        "polyribitol phosphate"
      ]
    }
  },
  {
    "nct_id": "NCT00315068",
    "conditions": [
      "Atrial Fibrillation"
    ],
    "pico_attributes": {
      "populations": {
        "minimum_age": "18 Years",
        "maximum_age": "80 Years",
        "country": "Switzerland",
        "gender": "ALL"
      },
      "interventions": [],
      "outcomes": []
    }
  },
  {
    "nct_id": "NCT00315081",
    "conditions": [
      "Hyperprolactinemia",
      "Schizophrenia"
    ],
    "pico_attributes": {
      "populations": {
        "minimum_age": "18 Years",
        "maximum_age": "60 Years",
        "country": "Germany",
        "gender": "MALE"
      },
      "interventions": [
        "bromocriptine"
      ],
      "outcomes": []
    }
  },
  {
    "nct_id": "NCT00315094",
    "conditions": [
      "Parenteral Nutrition, Home"
    ],
    "pico_attributes": {
      "populations": {
        "minimum_age": "18 Years",
        "maximum_age": "NA",
        "country": "United States",
        "gender": "ALL"
      },
      "interventions": [
        "CDISC Interventions Class",
        "Support, device"
      ],
      "outcomes": []
    }
  },
  {
    "nct_id": "NCT00315107",
    "conditions": [
      "Acromegaly"
    ],
    "pico_attributes": {
      "populations": {
        "minimum_age": "18 Years",
        "maximum_age": "NA",
        "country": "Canada",
        "gender": "FEMALE"
      },
      "interventions": [
        "Alesse"
      ],
      "outcomes": []
    }
  },
  {
    "nct_id": "NCT00315120",
    "conditions": [
      "Low Back Pain"
    ],
    "pico_attributes": {
      "populations": {
        "minimum_age": "21 Years",
        "maximum_age": "69 Years",
        "country": "United States",
        "gender": "ALL"
      },
      "interventions": [
        "Active",
        "Blood group antigen D",
        "NOAC protocol",
        "UST gene"
      ],
      "outcomes": [
        "Active",
        "Change -- procedure",
        "Feel Pain",
        "Health Surveys",
        "Medical",
        "NOAC protocol",
        "Outcome Studies",
        "Preposition For",
        "Roland Morris Disability Questionnaire",
        "SF-36",
        "Satisfaction",
        "Special back care",
        "UST gene",
        "Visual analog scale score",
        "Weekly",
        "week"
      ]
    }
  },
  {
    "nct_id": "NCT00315133",
    "conditions": [
      "Diabetes Mellitus, Insulin-Dependent"
    ],
    "pico_attributes": {
      "populations": {
        "minimum_age": "12 Years",
        "maximum_age": "35 Years",
        "country": "Brazil",
        "gender": "ALL"
      },
      "interventions": [
        "Decreased Immunologic Activity [PE]",
        "Transplantation of autologous hematopoietic stem cell"
      ],
      "outcomes": []
    }
  },
  {
    "nct_id": "NCT00315146",
    "conditions": [
      "BODY MASS INDEX QUANTITATIVE TRAIT LOCUS 20",
      "Have Weight Loss",
      "Indication of (contextual qualifier)",
      "Overweight"
    ],
    "pico_attributes": {
      "populations": {
        "minimum_age": "65 Years",
        "maximum_age": "79 Years",
        "country": "United States",
        "gender": "ALL"
      },
      "interventions": [
        "Basal Diet",
        "Exercise",
        "Exercise Training",
        "Finding of power of skeletal muscle",
        "GDC Treatment Outcome Terminology",
        "Placebo Control",
        "Resistance",
        "Resistance Training",
        "pioglitazone"
      ],
      "outcomes": [
        "Appendix",
        "Lean Mass",
        "Lean body mass",
        "Negation",
        "Skeletal bone"
      ]
    }
  },
  {
    "nct_id": "NCT00315159",
    "conditions": [
      "CARCINOMA OF VULVA"
    ],
    "pico_attributes": {
      "populations": {
        "minimum_age": "18 Years",
        "maximum_age": "NA",
        "country": "United States",
        "gender": "FEMALE"
      },
      "interventions": [
        "Sentinel Lymph Node Biopsy"
      ],
      "outcomes": []
    }
  },
  {
    "nct_id": "NCT00315172",
    "conditions": [
      "Exercise activity",
      "Negation",
      "Thermogenesis"
    ],
    "pico_attributes": {
      "populations": {
        "minimum_age": "7 Years",
        "maximum_age": "11 Years",
        "country": "United States",
        "gender": "ALL"
      },
      "interventions": [],
      "outcomes": []
    }
  },
  {
    "nct_id": "NCT00315185",
    "conditions": [
      "Carcinoma",
      "Lung",
      "Non-small cell"
    ],
    "pico_attributes": {
      "populations": {
        "minimum_age": "18 Years",
        "maximum_age": "NA",
        "country": "United States",
        "gender": "ALL"
      },
      "interventions": [
        "cetuximab"
      ],
      "outcomes": []
    }
  },
  {
    "nct_id": "NCT00315198",
    "conditions": [
      "Amblyopia"
    ],
    "pico_attributes": {
      "populations": {
        "minimum_age": "3 Years",
        "maximum_age": "6 Years",
        "country": "United States",
        "gender": "ALL"
      },
      "interventions": [
        "1/3 meter (distance vision finding)",
        "Activities",
        "Distance",
        "Eye patch"
      ],
      "outcomes": []
    }
  },
  {
    "nct_id": "NCT00315211",
    "conditions": [
      "Mediastinal Neoplasms"
    ],
    "pico_attributes": {
      "populations": {
        "minimum_age": "18 Years",
        "maximum_age": "NA",
        "country": "United States",
        "gender": "ALL"
      },
      "interventions": [
        "Intravenous",
        "docetaxel",
        "topotecan"
      ],
      "outcomes": []
    }
  },
  {
    "nct_id": "NCT00315224",
    "conditions": [
      "Hypertension, CTCAE"
    ],
    "pico_attributes": {
      "populations": {
        "minimum_age": "61 Years",
        "maximum_age": "NA",
        "country": "Germany",
        "gender": "ALL"
      },
      "interventions": [
        "Control function",
        "Exercise",
        "Program",
        "Weekly",
        "heart rate"
      ],
      "outcomes": []
    }
  },
  {
    "nct_id": "NCT00315237",
    "conditions": [
      "Bladder Cancer Pathway",
      "Bladder Neoplasm",
      "Urothelial Carcinoma"
    ],
    "pico_attributes": {
      "populations": {
        "minimum_age": "18 Years",
        "maximum_age": "NA",
        "country": "Canada",
        "gender": "ALL"
      },
      "interventions": [
        "Supportive Care Study",
        "best (quality)",
        "vinflunine"
      ],
      "outcomes": []
    }
  },
  {
    "nct_id": "NCT00315250",
    "conditions": [
      "Parkinson Disease",
      "Parkinsonian Disorders"
    ],
    "pico_attributes": {
      "populations": {
        "minimum_age": "22 Years",
        "maximum_age": "NA",
        "country": "United States",
        "gender": "ALL"
      },
      "interventions": [
        "Citrulline measurement",
        "iodide ion I-123"
      ],
      "outcomes": []
    }
  },
  {
    "nct_id": "NCT00315263",
    "conditions": [
      "Brain Injuries",
      "Lung diseases",
      "Necrotizing Enterocolitis",
      "Respiratory Failure"
    ],
    "pico_attributes": {
      "populations": {
        "minimum_age": "NA",
        "maximum_age": "NA",
        "country": "United States",
        "gender": "ALL"
      },
      "interventions": [],
      "outcomes": []
    }
  },
  {
    "nct_id": "NCT00315276",
    "conditions": [
      "Attention deficit hyperactivity disorder"
    ],
    "pico_attributes": {
      "populations": {
        "minimum_age": "18 Years",
        "maximum_age": "65 Years",
        "country": "United States",
        "gender": "ALL"
      },
      "interventions": [
        "modafinil"
      ],
      "outcomes": []
    }
  },
  {
    "nct_id": "NCT00315289",
    "conditions": [
      "Nasolacrimal Duct Obstruction"
    ],
    "pico_attributes": {
      "populations": {
        "minimum_age": "6 Months",
        "maximum_age": "47 Months",
        "country": "United States",
        "gender": "ALL"
      },
      "interventions": [
        "Balloon dilatation catheter",
        "Dilate procedure",
        "Dilation of duct",
        "Intubation",
        "Nasolacrimal",
        "Nasolacrimal duct structure",
        "Probing of nasolacrimal duct",
        "Simple"
      ],
      "outcomes": []
    }
  },
  {
    "nct_id": "NCT00315302",
    "conditions": [
      "Amblyopia"
    ],
    "pico_attributes": {
      "populations": {
        "minimum_age": "3 Years",
        "maximum_age": "6 Years",
        "country": "United States",
        "gender": "ALL"
      },
      "interventions": [
        "Atropinum, atropine",
        "Genus Lens"
      ],
      "outcomes": [
        "Amblyopia",
        "Anisometropic",
        "CD44 wt Allele",
        "Change -- procedure",
        "Child, Preschool",
        "Distributing",
        "Etiology",
        "Eye",
        "Participant",
        "Population Mean",
        "Preschool Completion",
        "Randot",
        "Sound - physical agent",
        "Stereoscopic acuity, function (observable entity)",
        "Visual Acuity",
        "Visual changes",
        "acuity",
        "week"
      ]
    }
  },
  {
    "nct_id": "NCT00315315",
    "conditions": [
      "Nasolacrimal Duct Obstruction"
    ],
    "pico_attributes": {
      "populations": {
        "minimum_age": "6 Months",
        "maximum_age": "47 Months",
        "country": "United States",
        "gender": "ALL"
      },
      "interventions": [
        "Balloon Dilatation",
        "Balloon dilatation catheter",
        "Dilate procedure",
        "Intubation",
        "Nasolacrimal",
        "Probing of nasolacrimal duct",
        "catheter device"
      ],
      "outcomes": []
    }
  },
  {
    "nct_id": "NCT00315328",
    "conditions": [
      "Amblyopia"
    ],
    "pico_attributes": {
      "populations": {
        "minimum_age": "7 Years",
        "maximum_age": "12 Years",
        "country": "United States",
        "gender": "ALL"
      },
      "interventions": [
        "1/3 meter (distance vision finding)",
        "Activities",
        "Atropinum, atropine",
        "Patch repair"
      ],
      "outcomes": [
        "% index",
        "A Moderate Amount of Effort",
        "Administration procedure",
        "Adverse effects",
        "Amblyopia",
        "Anisometropic Amblyopia",
        "BaseLine dental cement",
        "Blood Products Laboratory Testing",
        "CD44 wt Allele",
        "Change -- procedure",
        "Child, Preschool",
        "Combined",
        "Compliance behavior",
        "Distributing",
        "Etiology",
        "Eye",
        "Fellow",
        "From",
        "Intellectual scale",
        "Measured",
        "Mechanism (attribute)",
        "Only - dosing instruction fragment",
        "Participant",
        "Population Mean",
        "Randot",
        "Social stigmata",
        "Stereoscopic acuity, function (observable entity)",
        "Strabismus",
        "Visual Acuity",
        "Visual changes",
        "acuity",
        "week"
      ]
    }
  },
  {
    "nct_id": "NCT00315341",
    "conditions": [
      "Disease",
      "Opiates",
      "Related personal status"
    ],
    "pico_attributes": {
      "populations": {
        "minimum_age": "18 Years",
        "maximum_age": "NA",
        "country": "United States",
        "gender": "ALL"
      },
      "interventions": [
        "Buprenorphine / Naloxone",
        "methadone"
      ],
      "outcomes": [
        "Hepatic",
        "Safety"
      ]
    }
  },
  {
    "nct_id": "NCT00315354",
    "conditions": [
      "BODY MASS INDEX QUANTITATIVE TRAIT LOCUS 20",
      "Insulin Resistance"
    ],
    "pico_attributes": {
      "populations": {
        "minimum_age": "18 Years",
        "maximum_age": "40 Years",
        "country": "United States",
        "gender": "ALL"
      },
      "interventions": [
        "Basal Diet",
        "Diet, Carbohydrate-Restricted",
        "Fat-Restricted Diet",
        "Glycemic Index",
        "IPSS Risk Category Low",
        "Very"
      ],
      "outcomes": []
    }
  },
  {
    "nct_id": "NCT00315367",
    "conditions": [
      "Multiple Sclerosis, Relapsing-Remitting"
    ],
    "pico_attributes": {
      "populations": {
        "minimum_age": "18 Years",
        "maximum_age": "65 Years",
        "country": "United States",
        "gender": "ALL"
      },
      "interventions": [
        "Pharmaceutical Preparations",
        "donepezil"
      ],
      "outcomes": []
    }
  },
  {
    "nct_id": "NCT00315380",
    "conditions": [
      "Eosinophilic granulomatosis with polyangiitis"
    ],
    "pico_attributes": {
      "populations": {
        "minimum_age": "NA",
        "maximum_age": "NA",
        "country": "United States",
        "gender": "ALL"
      },
      "interventions": [],
      "outcomes": []
    }
  },
  {
    "nct_id": "NCT00315393",
    "conditions": [
      "Granulomatosis with polyangiitis",
      "Microscopic Polyarteritis"
    ],
    "pico_attributes": {
      "populations": {
        "minimum_age": "NA",
        "maximum_age": "NA",
        "country": "United States",
        "gender": "ALL"
      },
      "interventions": [],
      "outcomes": []
    }
  },
  {
    "nct_id": "NCT00315406",
    "conditions": [
      "Polyarteritis Nodosa"
    ],
    "pico_attributes": {
      "populations": {
        "minimum_age": "NA",
        "maximum_age": "NA",
        "country": "United States",
        "gender": "ALL"
      },
      "interventions": [],
      "outcomes": []
    }
  },
  {
    "nct_id": "NCT00315419",
    "conditions": [
      "5-(carboxyamino)imidazole ribonucleotide mutase activity",
      "Anemia",
      "Aplastic",
      "Bone Marrow Failure Disorders",
      "Childhood Leukemia",
      "Hemoglobinuria",
      "Lymphocyte",
      "MYELODYSPLASTIC SYNDROME",
      "Paroxysmal",
      "Pure Red-Cell Aplasia",
      "Purpura"
    ],
    "pico_attributes": {
      "populations": {
        "minimum_age": "11 Years",
        "maximum_age": "NA",
        "country": "United States",
        "gender": "ALL"
      },
      "interventions": [],
      "outcomes": []
    }
  },
  {
    "nct_id": "NCT00315432",
    "conditions": [
      "Anemia",
      "HIV",
      "Hepatitis C"
    ],
    "pico_attributes": {
      "populations": {
        "minimum_age": "18 Years",
        "maximum_age": "75 Years",
        "country": "",
        "gender": "ALL"
      },
      "interventions": [
        "Interferon",
        "ribavirin"
      ],
      "outcomes": []
    }
  },
  {
    "nct_id": "NCT00315445",
    "conditions": [
      "Back Pain"
    ],
    "pico_attributes": {
      "populations": {
        "minimum_age": "18 Years",
        "maximum_age": "NA",
        "country": "United States",
        "gender": "ALL"
      },
      "interventions": [
        "Acetaminophen / Oxycodone",
        "Acetaminophen Oral Tablet",
        "Buprenorphine measurement (procedure)",
        "Placebo Control",
        "Tablet Dosage Form",
        "Transdermal Patch Dosage Form",
        "acetaminophen",
        "oxycodone",
        "tyramine-deoxysorbitol"
      ],
      "outcomes": [
        "84",
        "Administration procedure",
        "Analgesics",
        "Analysis",
        "Antimicrobial susceptibility",
        "Average Severity of Pain",
        "BaseLine dental cement",
        "Best Observation Carried Forward Imputation Technique",
        "Bodily Pain",
        "Change -- procedure",
        "Clinical Trial Discontinuation",
        "Comparison",
        "Daily",
        "Due to",
        "Emotional",
        "End",
        "From",
        "GDC Treatment Outcome Terminology",
        "General Health:Find:Pt:^Patient:Ord",
        "Generic Role",
        "Human Study Subject",
        "Hybrids",
        "Intellectual scale",
        "Lack of Efficacy",
        "Last Observation Carried Forward Imputation Technique",
        "Maintenance",
        "Medical Outcomes Study Physical Functioning Scale",
        "Pain Right Now",
        "Percent (qualifier value)",
        "Period (temporal qualifier)",
        "Physical",
        "Population Mean",
        "Pre-study",
        "Research Personnel",
        "Response to treatment",
        "SF-36",
        "Satisfaction",
        "Social Adjustment",
        "Time",
        "Vitality",
        "day",
        "mental health"
      ]
    }
  },
  {
    "nct_id": "NCT00315458",
    "conditions": [
      "Degenerative polyarthritis"
    ],
    "pico_attributes": {
      "populations": {
        "minimum_age": "40 Years",
        "maximum_age": "NA",
        "country": "United States",
        "gender": "ALL"
      },
      "interventions": [
        "Buprenorphine measurement (procedure)",
        "Placebo Control",
        "Transdermal Patch Dosage Form"
      ],
      "outcomes": [
        "Adverse Event Domain",
        "Arsenic measurement",
        "Count of entities",
        "Measurement",
        "Participant",
        "Safety",
        "Scanning Auger Spectrometer (device)"
      ]
    }
  },
  {
    "nct_id": "NCT00315471",
    "conditions": [
      "Takayasu Arteritis"
    ],
    "pico_attributes": {
      "populations": {
        "minimum_age": "NA",
        "maximum_age": "NA",
        "country": "United States",
        "gender": "ALL"
      },
      "interventions": [],
      "outcomes": []
    }
  },
  {
    "nct_id": "NCT00315484",
    "conditions": [
      "Anemia",
      "Chemotherapy"
    ],
    "pico_attributes": {
      "populations": {
        "minimum_age": "18 Years",
        "maximum_age": "NA",
        "country": "",
        "gender": "ALL"
      },
      "interventions": [
        "darbepoetin alfa",
        "epoetin alfa"
      ],
      "outcomes": []
    }
  },
  {
    "nct_id": "NCT00315497",
    "conditions": [
      "Temporal Arteritis"
    ],
    "pico_attributes": {
      "populations": {
        "minimum_age": "50 Years",
        "maximum_age": "NA",
        "country": "United States",
        "gender": "ALL"
      },
      "interventions": [],
      "outcomes": []
    }
  },
  {
    "nct_id": "NCT00315510",
    "conditions": [
      "Ischemia"
    ],
    "pico_attributes": {
      "populations": {
        "minimum_age": "18 Years",
        "maximum_age": "50 Years",
        "country": "Netherlands",
        "gender": "MALE"
      },
      "interventions": [
        "rosuvastatin"
      ],
      "outcomes": []
    }
  },
  {
    "nct_id": "NCT00315523",
    "conditions": [
      "Allergic",
      "Rhinitis",
      "Seasonal course"
    ],
    "pico_attributes": {
      "populations": {
        "minimum_age": "18 Years",
        "maximum_age": "NA",
        "country": "Canada",
        "gender": "ALL"
      },
      "interventions": [
        "levocetirizine"
      ],
      "outcomes": []
    }
  },
  {
    "nct_id": "NCT00315536",
    "conditions": [
      "Urological Surgery"
    ],
    "pico_attributes": {
      "populations": {
        "minimum_age": "1 Year",
        "maximum_age": "6 Years",
        "country": "Belgium",
        "gender": "ALL"
      },
      "interventions": [
        "Administration occupational activities",
        "glycopyrrolate",
        "remifentanil"
      ],
      "outcomes": []
    }
  },
  {
    "nct_id": "NCT00315549",
    "conditions": [
      "Pharyngitis",
      "Tonsillitis"
    ],
    "pico_attributes": {
      "populations": {
        "minimum_age": "13 Years",
        "maximum_age": "NA",
        "country": "United States",
        "gender": "ALL"
      },
      "interventions": [
        "penicillins",
        "telithromycin"
      ],
      "outcomes": []
    }
  },
  {
    "nct_id": "NCT00315562",
    "conditions": [
      "Carotid Stenosis",
      "Cerebrovascular accident"
    ],
    "pico_attributes": {
      "populations": {
        "minimum_age": "18 Years",
        "maximum_age": "NA",
        "country": "United States",
        "gender": "ALL"
      },
      "interventions": [
        "Carotid Endarterectomy"
      ],
      "outcomes": []
    }
  },
  {
    "nct_id": "NCT00315575",
    "conditions": [
      "Alzheimer's Disease"
    ],
    "pico_attributes": {
      "populations": {
        "minimum_age": "25 Years",
        "maximum_age": "65 Years",
        "country": "United States",
        "gender": "ALL"
      },
      "interventions": [
        "Chemotherapeutic Perfusion",
        "Nuclear magnetic resonance imaging brain"
      ],
      "outcomes": []
    }
  },
  {
    "nct_id": "NCT00315588",
    "conditions": [
      "Bristol Stool Type 1",
      "Diabetes Mellitus"
    ],
    "pico_attributes": {
      "populations": {
        "minimum_age": "18 Years",
        "maximum_age": "60 Years",
        "country": "United States",
        "gender": "ALL"
      },
      "interventions": [
        "Islets of Langerhans Transplantation"
      ],
      "outcomes": [
        "0.5",
        "Awareness",
        "Borg Category-Ratio 10 Perceived Exertion Score 5",
        "C-Peptide",
        "Decreased metabolic requirement",
        "Greater Than",
        "Hypoglycemia",
        "INS protein, human",
        "Improvement",
        "Independence",
        "Microgram per Liter",
        "Reduced",
        "Stimulation (motivation)"
      ]
    }
  },
  {
    "nct_id": "NCT00315601",
    "conditions": [
      "Healthy"
    ],
    "pico_attributes": {
      "populations": {
        "minimum_age": "18 Years",
        "maximum_age": "55 Years",
        "country": "United States",
        "gender": "ALL"
      },
      "interventions": [
        "Bronchoalveolar Lavage",
        "azithromycin",
        "telithromycin"
      ],
      "outcomes": []
    }
  },
  {
    "nct_id": "NCT00315614",
    "conditions": [
      "Diabetes Mellitus, Insulin-Dependent"
    ],
    "pico_attributes": {
      "populations": {
        "minimum_age": "18 Years",
        "maximum_age": "65 Years",
        "country": "United States",
        "gender": "ALL"
      },
      "interventions": [
        "Bone Marrow",
        "Islets of Langerhans Transplantation"
      ],
      "outcomes": [
        "0.5",
        "Absence (morphologic abnormality)",
        "Achievement",
        "Awareness",
        "Basal",
        "Borg Category-Ratio 10 Perceived Exertion Score 5",
        "C-Peptide",
        "Cessation",
        "Count of entities",
        "Decreased Immunologic Activity [PE]",
        "Deny (action)",
        "Episode of",
        "Following",
        "Function (attribute)",
        "Greater Than",
        "Human Study Subject",
        "Hypoglycemia",
        "Improvement",
        "In addition to",
        "Microgram per Liter",
        "Persistent",
        "Reduced"
      ]
    }
  },
  {
    "nct_id": "NCT00315627",
    "conditions": [
      "Diabetes Mellitus, Insulin-Dependent"
    ],
    "pico_attributes": {
      "populations": {
        "minimum_age": "18 Years",
        "maximum_age": "65 Years",
        "country": "United States",
        "gender": "ALL"
      },
      "interventions": [
        "Islets of Langerhans Transplantation"
      ],
      "outcomes": [
        "6.5",
        "Allograft surgical material",
        "Awareness",
        "Blood glucose measurement",
        "Borg Category-Ratio 10 Perceived Exertion Score 5",
        "Control function",
        "Evidence",
        "Excretory function",
        "Function (attribute)",
        "Glucohemoglobin measurement",
        "Hypoglycemia",
        "Improvement",
        "Metabolic Control",
        "Prevention Study",
        "Transplantation",
        "Type of restoration",
        "per year"
      ]
    }
  },
  {
    "nct_id": "NCT00315640",
    "conditions": [
      "Disorder of eye"
    ],
    "pico_attributes": {
      "populations": {
        "minimum_age": "18 Years",
        "maximum_age": "NA",
        "country": "United States",
        "gender": "ALL"
      },
      "interventions": [
        "30%",
        "60%",
        "Drug vehicle",
        "Extended Release Depot Dosage Form",
        "Infertility",
        "Kilogram per Cubic Meter",
        "Suspension (action)",
        "anecortave acetate"
      ],
      "outcomes": []
    }
  },
  {
    "nct_id": "NCT00315653",
    "conditions": [
      "Bladder Cancer Pathway"
    ],
    "pico_attributes": {
      "populations": {
        "minimum_age": "50 Years",
        "maximum_age": "NA",
        "country": "United States",
        "gender": "ALL"
      },
      "interventions": [],
      "outcomes": []
    }
  },
  {
    "nct_id": "NCT00315666",
    "conditions": [
      "Tension Headache"
    ],
    "pico_attributes": {
      "populations": {
        "minimum_age": "18 Years",
        "maximum_age": "65 Years",
        "country": "Denmark",
        "gender": "ALL"
      },
      "interventions": [
        "memantine"
      ],
      "outcomes": []
    }
  },
  {
    "nct_id": "NCT00315679",
    "conditions": [
      "Recurrent aphthous ulcer"
    ],
    "pico_attributes": {
      "populations": {
        "minimum_age": "16 Years",
        "maximum_age": "65 Years",
        "country": "United Kingdom",
        "gender": "ALL"
      },
      "interventions": [
        "Known",
        "pentoxifylline"
      ],
      "outcomes": []
    }
  },
  {
    "nct_id": "NCT00315692",
    "conditions": [
      "Carcinoma, Ovarian Epithelial"
    ],
    "pico_attributes": {
      "populations": {
        "minimum_age": "18 Years",
        "maximum_age": "NA",
        "country": "United States",
        "gender": "FEMALE"
      },
      "interventions": [
        "Assay",
        "Biological Markers",
        "CA-125 Antigen",
        "WFDC2 gene"
      ],
      "outcomes": []
    }
  },
  {
    "nct_id": "NCT00315705",
    "conditions": [
      "Acute lymphocytic leukemia",
      "Leukemia, Myelocytic, Acute",
      "Recurrent Leukemia"
    ],
    "pico_attributes": {
      "populations": {
        "minimum_age": "1 Year",
        "maximum_age": "21 Years",
        "country": "United States",
        "gender": "ALL"
      },
      "interventions": [
        "clofarabine",
        "cyclophosphamide",
        "etoposide"
      ],
      "outcomes": [
        "Administration procedure",
        "Adverse Event Domain",
        "Amount type - Percentage",
        "Count of entities",
        "Disease Response",
        "Dose-Limiting",
        "Event-Free Survival",
        "First (number)",
        "In addition to",
        "Monthly (qualifier value)",
        "Participant",
        "Phase 1 (qualifier value)",
        "Phase 2",
        "Phase 4 (qualifier value)",
        "Scanning Auger Spectrometer (device)",
        "Summary (document)",
        "Toxic effect",
        "Two",
        "event cycle"
      ]
    }
  },
  {
    "nct_id": "NCT00315718",
    "conditions": [
      "Bristol Stool Type 2",
      "Diabetes Mellitus"
    ],
    "pico_attributes": {
      "populations": {
        "minimum_age": "45 Years",
        "maximum_age": "80 Years",
        "country": "Slovakia",
        "gender": "ALL"
      },
      "interventions": [
        "Hintonia latiflora",
        "adrenal cortex extract"
      ],
      "outcomes": []
    }
  },
  {
    "nct_id": "NCT00315731",
    "conditions": [
      "Adult Lymphoma",
      "Follicle"
    ],
    "pico_attributes": {
      "populations": {
        "minimum_age": "18 Years",
        "maximum_age": "NA",
        "country": "United States",
        "gender": "ALL"
      },
      "interventions": [
        "Lymphoma, Follicular"
      ],
      "outcomes": [
        "0%",
        "Cardiovascular system",
        "Cmax",
        "Comparison",
        "Count of entities",
        "Daily",
        "Day 7",
        "Dosage",
        "Expected",
        "Import into cell",
        "Mean Residence Time",
        "Organ",
        "Overall Survival",
        "Participant",
        "Phase",
        "Population Mean",
        "Progression-Free Survival",
        "Radioactivity",
        "Response Duration",
        "Source",
        "T prime",
        "Target",
        "Terminal Half Life",
        "Values",
        "With distribution"
      ]
    }
  },
  {
    "nct_id": "NCT00315744",
    "conditions": [
      "Asthma"
    ],
    "pico_attributes": {
      "populations": {
        "minimum_age": "4 Years",
        "maximum_age": "16 Years",
        "country": "Germany",
        "gender": "ALL"
      },
      "interventions": [
        "albuterol",
        "fluticasone / salmeterol",
        "fluticasone propionate"
      ],
      "outcomes": []
    }
  },
  {
    "nct_id": "NCT00315757",
    "conditions": [
      "Multiple Myeloma"
    ],
    "pico_attributes": {
      "populations": {
        "minimum_age": "18 Years",
        "maximum_age": "NA",
        "country": "United States",
        "gender": "ALL"
      },
      "interventions": [
        "bortezomib",
        "mapatumumab"
      ],
      "outcomes": []
    }
  },
  {
    "nct_id": "NCT00315770",
    "conditions": [
      "Bone Resorption",
      "Metabolic Syndrome X",
      "Overweight"
    ],
    "pico_attributes": {
      "populations": {
        "minimum_age": "20 Years",
        "maximum_age": "40 Years",
        "country": "",
        "gender": "ALL"
      },
      "interventions": [
        "Reducing diet",
        "Young Adult"
      ],
      "outcomes": []
    }
  },
  {
    "nct_id": "NCT00315783",
    "conditions": [
      "Hypertrophic Cardiomyopathy"
    ],
    "pico_attributes": {
      "populations": {
        "minimum_age": "18 Years",
        "maximum_age": "NA",
        "country": "France",
        "gender": "ALL"
      },
      "interventions": [],
      "outcomes": []
    }
  },
  {
    "nct_id": "NCT00315796",
    "conditions": [
      "Cancer Genus"
    ],
    "pico_attributes": {
      "populations": {
        "minimum_age": "18 Years",
        "maximum_age": "NA",
        "country": "United States",
        "gender": "ALL"
      },
      "interventions": [
        "Nature",
        "Sound - physical agent"
      ],
      "outcomes": []
    }
  },
  {
    "nct_id": "NCT00315809",
    "conditions": [
      "Leprosy"
    ],
    "pico_attributes": {
      "populations": {
        "minimum_age": "18 Years",
        "maximum_age": "NA",
        "country": "Philippines",
        "gender": "ALL"
      },
      "interventions": [],
      "outcomes": []
    }
  },
  {
    "nct_id": "NCT00315822",
    "conditions": [
      "Surgical Wound Infection"
    ],
    "pico_attributes": {
      "populations": {
        "minimum_age": "18 Years",
        "maximum_age": "80 Years",
        "country": "United States",
        "gender": "ALL"
      },
      "interventions": [
        "30%",
        "80%",
        "oxygen"
      ],
      "outcomes": [
        "Collapse (finding)",
        "Complication",
        "Composite",
        "Patients",
        "Proportion"
      ]
    }
  },
  {
    "nct_id": "NCT00315835",
    "conditions": [
      "Pain, Postoperative"
    ],
    "pico_attributes": {
      "populations": {
        "minimum_age": "18 Years",
        "maximum_age": "NA",
        "country": "United States",
        "gender": "ALL"
      },
      "interventions": [
        "Buprenorphine Transdermal System",
        "Childbirth"
      ],
      "outcomes": []
    }
  },
  {
    "nct_id": "NCT00315848",
    "conditions": [
      "Degenerative polyarthritis"
    ],
    "pico_attributes": {
      "populations": {
        "minimum_age": "18 Years",
        "maximum_age": "NA",
        "country": "United States",
        "gender": "ALL"
      },
      "interventions": [
        "Buprenorphine Transdermal System",
        "Childbirth"
      ],
      "outcomes": []
    }
  },
  {
    "nct_id": "NCT00315861",
    "conditions": [
      "Carcinoma of lung",
      "Carcinoma, Ovarian Epithelial",
      "Cervix carcinoma",
      "Endometrial Carcinoma"
    ],
    "pico_attributes": {
      "populations": {
        "minimum_age": "18 Years",
        "maximum_age": "NA",
        "country": "United States",
        "gender": "ALL"
      },
      "interventions": [
        "pemetrexed",
        "topotecan"
      ],
      "outcomes": []
    }
  },
  {
    "nct_id": "NCT00315874",
    "conditions": [
      "Back Pain"
    ],
    "pico_attributes": {
      "populations": {
        "minimum_age": "18 Years",
        "maximum_age": "NA",
        "country": "United States",
        "gender": "ALL"
      },
      "interventions": [
        "Buprenorphine Transdermal System",
        "Childbirth"
      ],
      "outcomes": []
    }
  },
  {
    "nct_id": "NCT00315887",
    "conditions": [
      "Chronic low back pain"
    ],
    "pico_attributes": {
      "populations": {
        "minimum_age": "18 Years",
        "maximum_age": "NA",
        "country": "United States",
        "gender": "ALL"
      },
      "interventions": [
        "Buprenorphine Transdermal System",
        "Childbirth"
      ],
      "outcomes": []
    }
  },
  {
    "nct_id": "NCT00315900",
    "conditions": [
      "Agitation",
      "Dementia"
    ],
    "pico_attributes": {
      "populations": {
        "minimum_age": "55 Years",
        "maximum_age": "NA",
        "country": "United States",
        "gender": "ALL"
      },
      "interventions": [
        "Depakote ER",
        "Seroquel"
      ],
      "outcomes": []
    }
  },
  {
    "nct_id": "NCT00315913",
    "conditions": [
      "Dystocia"
    ],
    "pico_attributes": {
      "populations": {
        "minimum_age": "18 Years",
        "maximum_age": "NA",
        "country": "United States",
        "gender": "FEMALE"
      },
      "interventions": [
        "IV number:ID:Pt:^Patient:Nom",
        "Placebo Control",
        "propranolol"
      ],
      "outcomes": []
    }
  },
  {
    "nct_id": "NCT00315926",
    "conditions": [
      "Aortic Aneurysm"
    ],
    "pico_attributes": {
      "populations": {
        "minimum_age": "18 Years",
        "maximum_age": "80 Years",
        "country": "Denmark",
        "gender": "ALL"
      },
      "interventions": [
        "Placebo Control",
        "Recombinant melatonin"
      ],
      "outcomes": []
    }
  },
  {
    "nct_id": "NCT00315939",
    "conditions": [
      "Bristol Stool Type 1",
      "Diabetes Mellitus"
    ],
    "pico_attributes": {
      "populations": {
        "minimum_age": "18 Years",
        "maximum_age": "NA",
        "country": "United States",
        "gender": "ALL"
      },
      "interventions": [],
      "outcomes": [
        "Borg Category-Ratio 10 Perceived Exertion Score 5",
        "Frequencies (time pattern)",
        "Glucohemoglobin measurement",
        "Hypoglycemia"
      ]
    }
  },
  {
    "nct_id": "NCT00315952",
    "conditions": [
      "Diabetes Mellitus, Insulin-Dependent"
    ],
    "pico_attributes": {
      "populations": {
        "minimum_age": "18 Years",
        "maximum_age": "50 Years",
        "country": "United States",
        "gender": "ALL"
      },
      "interventions": [
        "Exubera"
      ],
      "outcomes": []
    }
  },
  {
    "nct_id": "NCT00315965",
    "conditions": [
      "Pulmonary Diffusing Capacity"
    ],
    "pico_attributes": {
      "populations": {
        "minimum_age": "6 Years",
        "maximum_age": "45 Years",
        "country": "Germany",
        "gender": "ALL"
      },
      "interventions": [
        "Carbon Monoxide Measurement",
        "Nitric Oxide Measurement",
        "helium"
      ],
      "outcomes": []
    }
  },
  {
    "nct_id": "NCT00315978",
    "conditions": [
      "Cardiovascular Diseases"
    ],
    "pico_attributes": {
      "populations": {
        "minimum_age": "35 Years",
        "maximum_age": "75 Years",
        "country": "United States",
        "gender": "ALL"
      },
      "interventions": [
        "Decision Aids",
        "Heart"
      ],
      "outcomes": []
    }
  },
  {
    "nct_id": "NCT00315991",
    "conditions": [
      "Bristol Stool Type 1",
      "Diabetes Mellitus"
    ],
    "pico_attributes": {
      "populations": {
        "minimum_age": "6 Years",
        "maximum_age": "11 Years",
        "country": "United States",
        "gender": "ALL"
      },
      "interventions": [
        "Awareness",
        "Blood Glucose",
        "parent training"
      ],
      "outcomes": []
    }
  },
  {
    "nct_id": "NCT00316004",
    "conditions": [
      "Brain Injuries",
      "Traumatic"
    ],
    "pico_attributes": {
      "populations": {
        "minimum_age": "15 Years",
        "maximum_age": "NA",
        "country": "United States",
        "gender": "ALL"
      },
      "interventions": [],
      "outcomes": [
        "Alive",
        "CDISC SDTM Discharge Disposition Terminology",
        "Continuance of life",
        "Daily",
        "Discharge from hospital",
        "Hospital environment",
        "Injury date",
        "Out-of-Hospital",
        "Presence of infection",
        "Up",
        "day",
        "month"
      ]
    }
  },
  {
    "nct_id": "NCT00316017",
    "conditions": [
      "Shock",
      "Traumatic"
    ],
    "pico_attributes": {
      "populations": {
        "minimum_age": "15 Years",
        "maximum_age": "NA",
        "country": "United States",
        "gender": "ALL"
      },
      "interventions": [
        "How Often Felt Normal question",
        "Normal saline"
      ],
      "outcomes": [
        "1 - 9%",
        "10%",
        "24 Hours",
        "Admission activity",
        "Adult Respiratory Distress Syndrome, CTCAE",
        "Alive",
        "Call (Instruction)",
        "Cessation of life",
        "Continuance of life",
        "Daily",
        "Discharge from hospital",
        "Empty (qualifier)",
        "Endocrine System Findings Domain",
        "Field",
        "First (number)",
        "From",
        "Greater Than",
        "Hospital environment",
        "Hour",
        "Out-of-Hospital",
        "Presence of infection",
        "Respiratory Distress Syndrome, Adult",
        "Time",
        "Unit",
        "Unit per 24 Hours",
        "day"
      ]
    }
  },
  {
    "nct_id": "NCT00316030",
    "conditions": [
      "Acute Myeloid Leukemia Pathway",
      "Leukemia, Myelocytic, Acute"
    ],
    "pico_attributes": {
      "populations": {
        "minimum_age": "18 Years",
        "maximum_age": "NA",
        "country": "United States",
        "gender": "ALL"
      },
      "interventions": [
        "bexarotene"
      ],
      "outcomes": []
    }
  },
  {
    "nct_id": "NCT00316043",
    "conditions": [
      "Recurrent urinary tract infection"
    ],
    "pico_attributes": {
      "populations": {
        "minimum_age": "NA",
        "maximum_age": "12 Years",
        "country": "Netherlands",
        "gender": "ALL"
      },
      "interventions": [
        "Dental Assistants",
        "Distance Learning",
        "Drug Packaging",
        "General Practitioners",
        "HL7PublishingSubSection <practice>",
        "Information",
        "Write - language ability",
        "parent"
      ],
      "outcomes": []
    }
  },
  {
    "nct_id": "NCT00316056",
    "conditions": [
      "Communication",
      "Healthy",
      "Knowledge acquisition"
    ],
    "pico_attributes": {
      "populations": {
        "minimum_age": "18 Years",
        "maximum_age": "40 Years",
        "country": "United States",
        "gender": "ALL"
      },
      "interventions": [],
      "outcomes": []
    }
  },
  {
    "nct_id": "NCT00316069",
    "conditions": [
      "Stem cells"
    ],
    "pico_attributes": {
      "populations": {
        "minimum_age": "18 Years",
        "maximum_age": "NA",
        "country": "United States",
        "gender": "ALL"
      },
      "interventions": [],
      "outcomes": []
    }
  },
  {
    "nct_id": "NCT00316082",
    "conditions": [
      "Diabetes"
    ],
    "pico_attributes": {
      "populations": {
        "minimum_age": "18 Years",
        "maximum_age": "77 Years",
        "country": "United States",
        "gender": "ALL"
      },
      "interventions": [
        "Placebo Control",
        "metformin",
        "saxagliptin"
      ],
      "outcomes": [
        "A1C -- test",
        "Amount type - Percentage",
        "BaseLine dental cement",
        "CD44 wt Allele",
        "Change -- procedure",
        "Hemoglobin A1",
        "Once a day, in the evening",
        "Participant",
        "Weekly",
        "saxagliptin 5 MG"
      ]
    }
  },
  {
    "nct_id": "NCT00316095",
    "conditions": [
      "Dyslipidemias",
      "Hypertension, CTCAE"
    ],
    "pico_attributes": {
      "populations": {
        "minimum_age": "18 Years",
        "maximum_age": "NA",
        "country": "Ukraine",
        "gender": "ALL"
      },
      "interventions": [
        "simvastatin",
        "telmisartan"
      ],
      "outcomes": []
    }
  },
  {
    "nct_id": "NCT00316108",
    "conditions": [
      "Carotid Artery Diseases",
      "Cerebral Arteriosclerosis",
      "Cerebrovascular accident"
    ],
    "pico_attributes": {
      "populations": {
        "minimum_age": "NA",
        "maximum_age": "NA",
        "country": "United States",
        "gender": "ALL"
      },
      "interventions": [
        "Endoprosthesis"
      ],
      "outcomes": []
    }
  },
  {
    "nct_id": "NCT00316121",
    "conditions": [
      "Intervertebral Disc Degeneration"
    ],
    "pico_attributes": {
      "populations": {
        "minimum_age": "18 Years",
        "maximum_age": "70 Years",
        "country": "United States",
        "gender": "ALL"
      },
      "interventions": [
        "Cage device",
        "Healos",
        "Leopard",
        "Transplantation, Autologous"
      ],
      "outcomes": [
        "All",
        "Definable",
        "Fulfill",
        "Human Study Subject",
        "Only - dosing instruction fragment",
        "Success",
        "criteria"
      ]
    }
  },
  {
    "nct_id": "NCT00316134",
    "conditions": [
      "Malignant - descriptor",
      "Pleural Effusion, CTCAE"
    ],
    "pico_attributes": {
      "populations": {
        "minimum_age": "18 Years",
        "maximum_age": "NA",
        "country": "United States",
        "gender": "ALL"
      },
      "interventions": [
        "CDISC SDTM Procedure Terminology",
        "General surgery specialty"
      ],
      "outcomes": []
    }
  },
  {
    "nct_id": "NCT00316147",
    "conditions": [
      "Diphtheria",
      "Haemophilus influenzae type B antigen",
      "Hepatitis B",
      "Poliomyelitis",
      "Tetanus",
      "acellular pertussis vaccine, inactivated"
    ],
    "pico_attributes": {
      "populations": {
        "minimum_age": "6 Weeks",
        "maximum_age": "10 Weeks",
        "country": "India",
        "gender": "ALL"
      },
      "interventions": [
        "DTPa-HBV-IPV combined vaccine",
        "Haemophilus Infections"
      ],
      "outcomes": []
    }
  },
  {
    "nct_id": "NCT00316160",
    "conditions": [
      "Depressive disorder",
      "Major"
    ],
    "pico_attributes": {
      "populations": {
        "minimum_age": "18 Years",
        "maximum_age": "NA",
        "country": "United States",
        "gender": "ALL"
      },
      "interventions": [
        "Extended Release Dosage Form",
        "Venlafaxine measurement",
        "bupropion hydrochloride"
      ],
      "outcomes": []
    }
  },
  {
    "nct_id": "NCT00316173",
    "conditions": [
      "Carcinoma, Ovarian Epithelial",
      "Neoplasms",
      "Ovarian"
    ],
    "pico_attributes": {
      "populations": {
        "minimum_age": "18 Years",
        "maximum_age": "NA",
        "country": "United States",
        "gender": "FEMALE"
      },
      "interventions": [
        "carboplatin",
        "topotecan"
      ],
      "outcomes": [
        "Administration procedure",
        "Beginning",
        "Cessation of life",
        "Clinical Study Follow-up",
        "Count of entities",
        "Disease Response",
        "GDC Treatment Outcome Terminology",
        "Indicated",
        "Participant",
        "Progression-Free Survival",
        "Response Duration",
        "Time to Progression"
      ]
    }
  },
  {
    "nct_id": "NCT00316186",
    "conditions": [
      "CEL gene",
      "Carcinoma of lung",
      "Small"
    ],
    "pico_attributes": {
      "populations": {
        "minimum_age": "18 Years",
        "maximum_age": "NA",
        "country": "United States",
        "gender": "ALL"
      },
      "interventions": [
        "carboplatin",
        "topotecan"
      ],
      "outcomes": [
        "A Moderate Amount of Effort",
        "Administration procedure",
        "Bayer Corneal Epitheliopathy Grade 1",
        "Bayer Corneal Epitheliopathy Grade 2",
        "Bayer Corneal Epitheliopathy Grade 3",
        "Bayer Corneal Epitheliopathy Grade 4",
        "Beginning",
        "Borg Category-Ratio 10 Perceived Exertion Score 5",
        "CTCAE v4 Grade 2",
        "Calculated",
        "Cessation of life",
        "Clinical Study Follow-up",
        "Count of entities",
        "Epidermal cGVHD Score 2",
        "Hematology (discipline)",
        "Human Study Subject",
        "Life Threatening",
        "Life Threatening or Disabling Adverse Event",
        "Overall Survival",
        "Response Duration",
        "Toxic effect"
      ]
    }
  },
  {
    "nct_id": "NCT00316199",
    "conditions": [
      "Carcinoma breast stage IV"
    ],
    "pico_attributes": {
      "populations": {
        "minimum_age": "18 Years",
        "maximum_age": "NA",
        "country": "China",
        "gender": "FEMALE"
      },
      "interventions": [
        "gemcitabine",
        "paclitaxel"
      ],
      "outcomes": [
        "Best Overall Response",
        "Neoplasms",
        "Overall Survival",
        "Probability",
        "Progression-Free Survival",
        "Response Duration"
      ]
    }
  },
  {
    "nct_id": "NCT00316212",
    "conditions": [
      "Coronary Artery Disease"
    ],
    "pico_attributes": {
      "populations": {
        "minimum_age": "18 Years",
        "maximum_age": "75 Years",
        "country": "United States",
        "gender": "ALL"
      },
      "interventions": [
        "INS 50589",
        "Intravenous Drip Route of Administration"
      ],
      "outcomes": []
    }
  },
  {
    "nct_id": "NCT00316225",
    "conditions": [
      "Lung Neoplasms",
      "Malignant mesothelioma",
      "NCI CTEP SDC Non-Small Cell Lung Cancer Sub-Category Terminology"
    ],
    "pico_attributes": {
      "populations": {
        "minimum_age": "18 Years",
        "maximum_age": "NA",
        "country": "United Kingdom",
        "gender": "ALL"
      },
      "interventions": [
        "pemetrexed"
      ],
      "outcomes": [
        "Adverse Event Domain",
        "Bayer Corneal Epitheliopathy Grade 4",
        "Count of entities",
        "Discontinuation (procedure)",
        "Drug Kinetics",
        "Due to",
        "Grade 3 Severe Adverse Event",
        "National Cancer Institute",
        "Neoplasms",
        "Overall Response",
        "Participant",
        "Population Group",
        "Toxic effect",
        "drug distribution volume",
        "overview",
        "pemetrexed"
      ]
    }
  },
  {
    "nct_id": "NCT00316238",
    "conditions": [
      "Schizophrenia"
    ],
    "pico_attributes": {
      "populations": {
        "minimum_age": "20 Years",
        "maximum_age": "65 Years",
        "country": "Japan",
        "gender": "ALL"
      },
      "interventions": [
        "Placebo Control",
        "olanzapine"
      ],
      "outcomes": []
    }
  }
]