[
  {
    "nct_id": "NCT00564057",
    "conditions": [
      "HIV Infections",
      "Hypertension, CTCAE"
    ],
    "pico_attributes": {
      "populations": {
        "minimum_age": "18 Years",
        "maximum_age": "65 Years",
        "country": "Italy",
        "gender": "ALL"
      },
      "interventions": [
        "candesartan",
        "lercanidipine"
      ],
      "outcomes": []
    }
  },
  {
    "nct_id": "NCT00564070",
    "conditions": [
      "Depressed mood",
      "Diabetes Mellitus"
    ],
    "pico_attributes": {
      "populations": {
        "minimum_age": "18 Years",
        "maximum_age": "80 Years",
        "country": "United States",
        "gender": "ALL"
      },
      "interventions": [
        "Administration procedure",
        "Alzheimer disease, familial, type 3",
        "Cognitive Therapy",
        "Enhance (action)",
        "In addition to",
        "Training",
        "Treatment Adherence",
        "Usual"
      ],
      "outcomes": [
        "Adherence (attribute)",
        "Adherence To Medication Regime",
        "Clinical Global Impression Generic Modification Version Questionnaire",
        "Clinical Study Follow-up",
        "Clinician",
        "Depressed mood",
        "During",
        "GLUCOSE CONTROL",
        "Glucose measurement by monitoring device",
        "Medication Event Monitoring System",
        "Montgomery-Asberg Depression Rating Scale Questionnaire",
        "Percent (qualifier value)",
        "Rating (action)",
        "Result",
        "Timepoint",
        "acute",
        "glucose",
        "outcome monitoring"
      ]
    }
  },
  {
    "nct_id": "NCT00564083",
    "conditions": [
      "Uterine Prolapse"
    ],
    "pico_attributes": {
      "populations": {
        "minimum_age": "18 Years",
        "maximum_age": "NA",
        "country": "United States",
        "gender": "FEMALE"
      },
      "interventions": [
        "Bone structure of sacrum",
        "Fixation of vagina"
      ],
      "outcomes": []
    }
  },
  {
    "nct_id": "NCT00564096",
    "conditions": [
      "Schizophrenia"
    ],
    "pico_attributes": {
      "populations": {
        "minimum_age": "18 Years",
        "maximum_age": "60 Years",
        "country": "Israel",
        "gender": "ALL"
      },
      "interventions": [
        "COIL gene",
        "Deep (qualifier value)",
        "H1 genotype"
      ],
      "outcomes": []
    }
  },
  {
    "nct_id": "NCT00564109",
    "conditions": [
      "Patients",
      "Soft Tissue Injuries",
      "defects aspect"
    ],
    "pico_attributes": {
      "populations": {
        "minimum_age": "18 Years",
        "maximum_age": "65 Years",
        "country": "Switzerland",
        "gender": "ALL"
      },
      "interventions": [
        "Clinical Observation",
        "Retrospective"
      ],
      "outcomes": []
    }
  },
  {
    "nct_id": "NCT00564122",
    "conditions": [
      "Congenital heart disease",
      "Heart murmur",
      "Structural disorder of heart"
    ],
    "pico_attributes": {
      "populations": {
        "minimum_age": "NA",
        "maximum_age": "NA",
        "country": "United States",
        "gender": "ALL"
      },
      "interventions": [
        "Intelligence",
        "Physical Exam Domain",
        "Stethoscopes"
      ],
      "outcomes": []
    }
  },
  {
    "nct_id": "NCT00564135",
    "conditions": [
      "Consent Type - Hysterectomy",
      "Recurrent urinary tract infection",
      "Urinary Retention"
    ],
    "pico_attributes": {
      "populations": {
        "minimum_age": "34 Years",
        "maximum_age": "68 Years",
        "country": "",
        "gender": "FEMALE"
      },
      "interventions": [
        "Time"
      ],
      "outcomes": []
    }
  },
  {
    "nct_id": "NCT00564148",
    "conditions": [
      "Retinal Neovascularization"
    ],
    "pico_attributes": {
      "populations": {
        "minimum_age": "20 Years",
        "maximum_age": "NA",
        "country": "Romania",
        "gender": "ALL"
      },
      "interventions": [
        "Avastin"
      ],
      "outcomes": []
    }
  },
  {
    "nct_id": "NCT00564161",
    "conditions": [
      "Damage",
      "Preterm Infant",
      "White matter"
    ],
    "pico_attributes": {
      "populations": {
        "minimum_age": "25 Weeks",
        "maximum_age": "40 Weeks",
        "country": "",
        "gender": "ALL"
      },
      "interventions": [],
      "outcomes": []
    }
  },
  {
    "nct_id": "NCT00564174",
    "conditions": [
      "Antiphospholipid Syndrome",
      "Recurrent pregnancy loss"
    ],
    "pico_attributes": {
      "populations": {
        "minimum_age": "18 Years",
        "maximum_age": "44 Years",
        "country": "Canada",
        "gender": "FEMALE"
      },
      "interventions": [
        "Heparin, Low-Molecular-Weight",
        "Low-Dose Aspirin"
      ],
      "outcomes": []
    }
  },
  {
    "nct_id": "NCT00564187",
    "conditions": [
      "Hypertension, CTCAE"
    ],
    "pico_attributes": {
      "populations": {
        "minimum_age": "18 Years",
        "maximum_age": "NA",
        "country": "Tunisia",
        "gender": "ALL"
      },
      "interventions": [
        "irbesartan"
      ],
      "outcomes": []
    }
  },
  {
    "nct_id": "NCT00564200",
    "conditions": [
      "Multiple Myeloma"
    ],
    "pico_attributes": {
      "populations": {
        "minimum_age": "18 Years",
        "maximum_age": "66 Years",
        "country": "Spain",
        "gender": "ALL"
      },
      "interventions": [
        "bortezomib",
        "dexamethasone",
        "fludarabine",
        "melphalan"
      ],
      "outcomes": []
    }
  },
  {
    "nct_id": "NCT00564213",
    "conditions": [
      "Severe myopia"
    ],
    "pico_attributes": {
      "populations": {
        "minimum_age": "21 Years",
        "maximum_age": "NA",
        "country": "",
        "gender": "ALL"
      },
      "interventions": [
        "0.02",
        "Intraoperative",
        "PLK3 wt Allele",
        "Singular",
        "mitomycin",
        "seconds",
        "topical application"
      ],
      "outcomes": []
    }
  },
  {
    "nct_id": "NCT00564226",
    "conditions": [
      "Overactive Bladder"
    ],
    "pico_attributes": {
      "populations": {
        "minimum_age": "18 Years",
        "maximum_age": "70 Years",
        "country": "United States",
        "gender": "FEMALE"
      },
      "interventions": [
        "Placebo Control",
        "tolterodine"
      ],
      "outcomes": []
    }
  },
  {
    "nct_id": "NCT00564239",
    "conditions": [
      "Anxiety symptoms",
      "Depressive Symptoms",
      "Symptoms"
    ],
    "pico_attributes": {
      "populations": {
        "minimum_age": "8 Years",
        "maximum_age": "12 Years",
        "country": "Germany",
        "gender": "ALL"
      },
      "interventions": [
        "Cognitive Therapy",
        "Group Object"
      ],
      "outcomes": []
    }
  },
  {
    "nct_id": "NCT00564252",
    "conditions": [
      "Idiopathic hirsutism"
    ],
    "pico_attributes": {
      "populations": {
        "minimum_age": "NA",
        "maximum_age": "NA",
        "country": "",
        "gender": "FEMALE"
      },
      "interventions": [
        "Topical surface",
        "finasteride"
      ],
      "outcomes": []
    }
  },
  {
    "nct_id": "NCT00564265",
    "conditions": [
      "Gastrointestinal Stromal Tumors"
    ],
    "pico_attributes": {
      "populations": {
        "minimum_age": "15 Years",
        "maximum_age": "NA",
        "country": "Chile",
        "gender": "ALL"
      },
      "interventions": [
        "Clinical Observation"
      ],
      "outcomes": [
        "Number of patients",
        "survive"
      ]
    }
  },
  {
    "nct_id": "NCT00564278",
    "conditions": [
      "Depressed mood"
    ],
    "pico_attributes": {
      "populations": {
        "minimum_age": "18 Years",
        "maximum_age": "79 Years",
        "country": "United States",
        "gender": "ALL"
      },
      "interventions": [],
      "outcomes": [
        "36",
        "Antiandrogen therapy",
        "Clinical Item",
        "Clinical Study Follow-up",
        "Count of entities",
        "Depression Scale (BASC-2)",
        "Depressive Symptoms",
        "Disability",
        "Impaired",
        "Perceived quality of life",
        "Perception",
        "Population Mean",
        "Proportion",
        "Quality Of Life Enjoyment And Satisfaction Questionnaire",
        "Retention (Psychology)",
        "Sheehan disability scale",
        "Symptoms",
        "Use of",
        "Version",
        "Weekly",
        "adherent",
        "day"
      ]
    }
  },
  {
    "nct_id": "NCT00564291",
    "conditions": [
      "Copy Number Polymorphism",
      "Macular retinal edema"
    ],
    "pico_attributes": {
      "populations": {
        "minimum_age": "18 Years",
        "maximum_age": "100 Years",
        "country": "Switzerland",
        "gender": "ALL"
      },
      "interventions": [
        "Devices",
        "Examination",
        "October"
      ],
      "outcomes": []
    }
  },
  {
    "nct_id": "NCT00564304",
    "conditions": [
      "Cystic Fibrosis"
    ],
    "pico_attributes": {
      "populations": {
        "minimum_age": "1 Day",
        "maximum_age": "6 Years",
        "country": "",
        "gender": "ALL"
      },
      "interventions": [],
      "outcomes": []
    }
  },
  {
    "nct_id": "NCT00564317",
    "conditions": [
      "Post-Traumatic Stress Disorder"
    ],
    "pico_attributes": {
      "populations": {
        "minimum_age": "11 Years",
        "maximum_age": "15 Years",
        "country": "Sri Lanka",
        "gender": "ALL"
      },
      "interventions": [
        "Meditation Therapy",
        "Relaxation"
      ],
      "outcomes": []
    }
  },
  {
    "nct_id": "NCT00564330",
    "conditions": [
      "Tooth Erosion"
    ],
    "pico_attributes": {
      "populations": {
        "minimum_age": "18 Years",
        "maximum_age": "NA",
        "country": "Switzerland",
        "gender": "ALL"
      },
      "interventions": [
        "Placebo Control",
        "esomeprazole"
      ],
      "outcomes": []
    }
  },
  {
    "nct_id": "NCT00564343",
    "conditions": [
      "Chronic cerebrovascular accident",
      "Patients"
    ],
    "pico_attributes": {
      "populations": {
        "minimum_age": "65 Years",
        "maximum_age": "80 Years",
        "country": "Israel",
        "gender": "ALL"
      },
      "interventions": [
        "Ability to balance",
        "Base - General Qualifier",
        "Drinking Water",
        "GDC Treatment Outcome Terminology",
        "Program",
        "Training"
      ],
      "outcomes": []
    }
  },
  {
    "nct_id": "NCT00564356",
    "conditions": [
      "Complication",
      "Effectiveness"
    ],
    "pico_attributes": {
      "populations": {
        "minimum_age": "NA",
        "maximum_age": "NA",
        "country": "Israel",
        "gender": "ALL"
      },
      "interventions": [
        "Aspiration of cataract by phacoemulsification",
        "Cataract Extraction"
      ],
      "outcomes": []
    }
  },
  {
    "nct_id": "NCT00564369",
    "conditions": [
      "HIV Infections"
    ],
    "pico_attributes": {
      "populations": {
        "minimum_age": "18 Years",
        "maximum_age": "64 Years",
        "country": "United States",
        "gender": "ALL"
      },
      "interventions": [
        "Centers for Disease Control and Prevention (U.S.)",
        "HIV screen",
        "Recommendation"
      ],
      "outcomes": []
    }
  },
  {
    "nct_id": "NCT00564382",
    "conditions": [
      "Infarction",
      "Ischemia",
      "Magnetic Resonance Imaging"
    ],
    "pico_attributes": {
      "populations": {
        "minimum_age": "18 Years",
        "maximum_age": "NA",
        "country": "Canada",
        "gender": "ALL"
      },
      "interventions": [
        "Cardiac - anatomy qualifier",
        "Magnetic Resonance Imaging"
      ],
      "outcomes": []
    }
  },
  {
    "nct_id": "NCT00564395",
    "conditions": [
      "Diabetes Mellitus, Insulin-Dependent"
    ],
    "pico_attributes": {
      "populations": {
        "minimum_age": "10 Years",
        "maximum_age": "25 Years",
        "country": "United States",
        "gender": "ALL"
      },
      "interventions": [
        "Injection",
        "Mixed (qualifier value)",
        "RNH1 wt Allele",
        "insulin detemir"
      ],
      "outcomes": []
    }
  },
  {
    "nct_id": "NCT00564408",
    "conditions": [
      "Headache"
    ],
    "pico_attributes": {
      "populations": {
        "minimum_age": "18 Years",
        "maximum_age": "50 Years",
        "country": "Denmark",
        "gender": "ALL"
      },
      "interventions": [
        "carbachol"
      ],
      "outcomes": []
    }
  },
  {
    "nct_id": "NCT00564421",
    "conditions": [
      "Hay fever"
    ],
    "pico_attributes": {
      "populations": {
        "minimum_age": "12 Years",
        "maximum_age": "NA",
        "country": "United States",
        "gender": "ALL"
      },
      "interventions": [
        "% volume (qualifier value)",
        "Able to Concentrate Question",
        "Abnormally high",
        "High dose",
        "IPSS Risk Category Low",
        "Low dose",
        "Nasal Spray",
        "Placebo Control",
        "epinastine"
      ],
      "outcomes": []
    }
  },
  {
    "nct_id": "NCT00564434",
    "conditions": [
      "Delirium"
    ],
    "pico_attributes": {
      "populations": {
        "minimum_age": "65 Years",
        "maximum_age": "NA",
        "country": "Norway",
        "gender": "ALL"
      },
      "interventions": [],
      "outcomes": []
    }
  },
  {
    "nct_id": "NCT00564447",
    "conditions": [
      "Bacterial Infections",
      "Eye Infection"
    ],
    "pico_attributes": {
      "populations": {
        "minimum_age": "18 Years",
        "maximum_age": "NA",
        "country": "United States",
        "gender": "ALL"
      },
      "interventions": [
        "azithromycin",
        "moxifloxacin"
      ],
      "outcomes": [
        "Assessed",
        "Pharmacokinetic Parameters Domain"
      ]
    }
  },
  {
    "nct_id": "NCT00564460",
    "conditions": [
      "Benign Prostatic Hyperplasia"
    ],
    "pico_attributes": {
      "populations": {
        "minimum_age": "18 Years",
        "maximum_age": "NA",
        "country": "Canada",
        "gender": "MALE"
      },
      "interventions": [
        "Placebo Control",
        "finasteride"
      ],
      "outcomes": []
    }
  },
  {
    "nct_id": "NCT00564473",
    "conditions": [
      "Herb-Drug Interactions"
    ],
    "pico_attributes": {
      "populations": {
        "minimum_age": "18 Years",
        "maximum_age": "NA",
        "country": "Israel",
        "gender": "ALL"
      },
      "interventions": [
        "Questionnaires"
      ],
      "outcomes": []
    }
  },
  {
    "nct_id": "NCT00564486",
    "conditions": [
      "Feel Pain"
    ],
    "pico_attributes": {
      "populations": {
        "minimum_age": "18 Years",
        "maximum_age": "80 Years",
        "country": "United States",
        "gender": "ALL"
      },
      "interventions": [
        "Acetaminophen [EPC]",
        "IV number:ID:Pt:^Patient:Nom",
        "Placebo Control"
      ],
      "outcomes": [
        "+2",
        "+5",
        "1+",
        "10%",
        "20%",
        "24 Hours",
        "3+ Answer to Question",
        "650",
        "Acetaminophen [EPC]",
        "BaseLine dental cement",
        "Count of entities",
        "Delta (difference)",
        "Feel Pain",
        "Gram per Deciliter",
        "Human Study Subject",
        "IV number:ID:Pt:^Patient:Nom",
        "Intensity change",
        "MG",
        "Measured",
        "Pain Distress Question",
        "Pain intensity (observable entity)",
        "Placebo Control",
        "Pulsatility index, arterial velocity waveform",
        "Reporting",
        "Serious",
        "Sum",
        "T0 stage",
        "Timepoint",
        "Treatment-Emergent Adverse Event"
      ]
    }
  },
  {
    "nct_id": "NCT00564499",
    "conditions": [
      "ARCN1 gene"
    ],
    "pico_attributes": {
      "populations": {
        "minimum_age": "18 Years",
        "maximum_age": "NA",
        "country": "",
        "gender": "ALL"
      },
      "interventions": [],
      "outcomes": []
    }
  },
  {
    "nct_id": "NCT00564512",
    "conditions": [
      "Childhood Leukemia"
    ],
    "pico_attributes": {
      "populations": {
        "minimum_age": "18 Years",
        "maximum_age": "65 Years",
        "country": "France",
        "gender": "ALL"
      },
      "interventions": [
        "Campath",
        "cyclophosphamide",
        "fludarabine",
        "rituximab"
      ],
      "outcomes": []
    }
  },
  {
    "nct_id": "NCT00564525",
    "conditions": [
      "Functional Gastrointestinal Disorders"
    ],
    "pico_attributes": {
      "populations": {
        "minimum_age": "8 Years",
        "maximum_age": "17 Years",
        "country": "United States",
        "gender": "ALL"
      },
      "interventions": [
        "Placebo Control",
        "amitriptyline"
      ],
      "outcomes": []
    }
  },
  {
    "nct_id": "NCT00564538",
    "conditions": [
      "Decreased Immunologic Activity [PE]",
      "Hepatobiliary Disorder",
      "Transplantation of liver"
    ],
    "pico_attributes": {
      "populations": {
        "minimum_age": "19 Years",
        "maximum_age": "NA",
        "country": "United States",
        "gender": "ALL"
      },
      "interventions": [
        "Rabbits",
        "lymphocyte immune globulin, anti-thymocyte globulin",
        "tacrolimus"
      ],
      "outcomes": []
    }
  },
  {
    "nct_id": "NCT00564551",
    "conditions": [
      "Diabetes Mellitus, Non-Insulin-Dependent",
      "Glucose Intolerance (disease)",
      "Metabolic Syndrome X"
    ],
    "pico_attributes": {
      "populations": {
        "minimum_age": "20 Years",
        "maximum_age": "65 Years",
        "country": "Canada",
        "gender": "ALL"
      },
      "interventions": [
        "Abnormally high",
        "Calcium intake",
        "Intake",
        "Produces milk for human food",
        "Usual"
      ],
      "outcomes": []
    }
  },
  {
    "nct_id": "NCT00564564",
    "conditions": [
      "Obsessive compulsive disorder drugs"
    ],
    "pico_attributes": {
      "populations": {
        "minimum_age": "18 Years",
        "maximum_age": "65 Years",
        "country": "Brazil",
        "gender": "ALL"
      },
      "interventions": [
        "clomipramine",
        "quetiapine"
      ],
      "outcomes": []
    }
  },
  {
    "nct_id": "NCT00564577",
    "conditions": [
      "Traveler's diarrhea"
    ],
    "pico_attributes": {
      "populations": {
        "minimum_age": "15 Years",
        "maximum_age": "45 Years",
        "country": "United States",
        "gender": "ALL"
      },
      "interventions": [
        "Blood group antibody I",
        "Carnegie stage 17",
        "Challenge",
        "Emotional Strain"
      ],
      "outcomes": []
    }
  },
  {
    "nct_id": "NCT00564590",
    "conditions": [
      "Gastroesophageal Reflux Disease, CTCAE"
    ],
    "pico_attributes": {
      "populations": {
        "minimum_age": "18 Years",
        "maximum_age": "75 Years",
        "country": "Israel",
        "gender": "ALL"
      },
      "interventions": [
        "Placebo Control",
        "Recombinant melatonin",
        "omeprazole"
      ],
      "outcomes": []
    }
  },
  {
    "nct_id": "NCT00564603",
    "conditions": [
      "Abdominal Surgical Procedure",
      "Pain, Postoperative",
      "Patient-Controlled Analgesia",
      "postoperative analgesia"
    ],
    "pico_attributes": {
      "populations": {
        "minimum_age": "19 Years",
        "maximum_age": "64 Years",
        "country": "China",
        "gender": "FEMALE"
      },
      "interventions": [
        "Dexamethasone Sodium Phosphate Injection",
        "Normal saline"
      ],
      "outcomes": []
    }
  },
  {
    "nct_id": "NCT00564616",
    "conditions": [
      "Cardiac Arrest"
    ],
    "pico_attributes": {
      "populations": {
        "minimum_age": "16 Years",
        "maximum_age": "NA",
        "country": "",
        "gender": "ALL"
      },
      "interventions": [
        "Cellular Phone",
        "Video Media"
      ],
      "outcomes": []
    }
  },
  {
    "nct_id": "NCT00564629",
    "conditions": [
      "Fever"
    ],
    "pico_attributes": {
      "populations": {
        "minimum_age": "18 Years",
        "maximum_age": "75 Years",
        "country": "United States",
        "gender": "MALE"
      },
      "interventions": [
        "Acetaminophen [EPC]",
        "IV number:ID:Pt:^Patient:Nom",
        "In addition to",
        "Intravenous",
        "Oral",
        "Placebo Control"
      ],
      "outcomes": [
        "2 Hours",
        "Act Relationship Subset - maximum",
        "Amount type - Percentage",
        "Antipyretic Effect",
        "Body Temperature",
        "Body weight measure",
        "Drug Evaluation",
        "During",
        "Hour",
        "Human Study Subject",
        "Minute (diminutive)",
        "Observed",
        "Rapid onset",
        "Sum",
        "T0 stage",
        "TEMPERATURE DECREASE",
        "Temperature Difference",
        "Time",
        "Timepoint",
        "global assessment"
      ]
    }
  },
  {
    "nct_id": "NCT00564642",
    "conditions": [
      "Hepatitis",
      "Tuberculosis"
    ],
    "pico_attributes": {
      "populations": {
        "minimum_age": "60 Years",
        "maximum_age": "90 Years",
        "country": "Iran, Islamic Republic of",
        "gender": "ALL"
      },
      "interventions": [
        "acetylcysteine"
      ],
      "outcomes": []
    }
  },
  {
    "nct_id": "NCT00564655",
    "conditions": [
      "Anesthesia procedures",
      "Enteral Feeding"
    ],
    "pico_attributes": {
      "populations": {
        "minimum_age": "1 Year",
        "maximum_age": "10 Years",
        "country": "Canada",
        "gender": "ALL"
      },
      "interventions": [
        "Airplanes",
        "Bupivacaine / Epinephrine",
        "Middle",
        "Structure of transversus abdominis muscle",
        "Upper abdomen (surface region)"
      ],
      "outcomes": []
    }
  },
  {
    "nct_id": "NCT00564668",
    "conditions": [
      "Bristol Stool Type 2",
      "Diabetes",
      "Diabetes Mellitus"
    ],
    "pico_attributes": {
      "populations": {
        "minimum_age": "18 Years",
        "maximum_age": "NA",
        "country": "Japan",
        "gender": "ALL"
      },
      "interventions": [
        "Biphasic",
        "Biphasic Insulins",
        "Insulin Aspart",
        "insulin aspart, human"
      ],
      "outcomes": []
    }
  },
  {
    "nct_id": "NCT00564681",
    "conditions": [
      "Spasmodic torticollis"
    ],
    "pico_attributes": {
      "populations": {
        "minimum_age": "18 Years",
        "maximum_age": "75 Years",
        "country": "United States",
        "gender": "ALL"
      },
      "interventions": [
        "Drug Formulation Process",
        "Normal saline",
        "botulinum toxin type A"
      ],
      "outcomes": [
        "% of total",
        "ADHD hyperactive symptoms mean score:Score:Pt:^Patient:Qn:Calculated",
        "AT genotype",
        "Administration procedure",
        "Assessed",
        "BSA Involvement Score 1",
        "BaseLine dental cement",
        "Change -- procedure",
        "Disease Response",
        "Duration of treatment",
        "Effect",
        "Evaluation",
        "Feel Pain",
        "GDC Treatment Outcome Terminology",
        "Global Response",
        "Observed",
        "Physician Global Assessment of Disease Activity",
        "SLC33A1 gene",
        "Spasmodic torticollis",
        "Weekly",
        "West (direction)",
        "event cycle",
        "global assessment",
        "rating scale",
        "week 1"
      ]
    }
  },
  {
    "nct_id": "NCT00564694",
    "conditions": [
      "Colorectal Cancer Pathway"
    ],
    "pico_attributes": {
      "populations": {
        "minimum_age": "18 Years",
        "maximum_age": "NA",
        "country": "United Kingdom",
        "gender": "ALL"
      },
      "interventions": [
        "Assessment of quality of life",
        "Psychosocial assessment (procedure)",
        "care activity"
      ],
      "outcomes": []
    }
  },
  {
    "nct_id": "NCT00564707",
    "conditions": [
      "Constipation",
      "Feel Pain",
      "Levator syndrome",
      "Symptoms"
    ],
    "pico_attributes": {
      "populations": {
        "minimum_age": "18 Years",
        "maximum_age": "NA",
        "country": "United States",
        "gender": "FEMALE"
      },
      "interventions": [
        "Biofeedback",
        "Botulinum Toxin Type A Injection"
      ],
      "outcomes": []
    }
  },
  {
    "nct_id": "NCT00564720",
    "conditions": [
      "Malignant neoplasm of pancreas"
    ],
    "pico_attributes": {
      "populations": {
        "minimum_age": "18 Years",
        "maximum_age": "75 Years",
        "country": "Greece",
        "gender": "ALL"
      },
      "interventions": [
        "erlotinib",
        "gemcitabine",
        "oxaliplatin"
      ],
      "outcomes": []
    }
  },
  {
    "nct_id": "NCT00564733",
    "conditions": [
      "IV number:ID:Pt:^Patient:Nom",
      "NCI CTEP SDC Non-Small Cell Lung Cancer Sub-Category Terminology",
      "Pathologic Stage IIIB Gastric Cancer AJCC v8",
      "Phase",
      "Pleural Effusion, Malignant"
    ],
    "pico_attributes": {
      "populations": {
        "minimum_age": "18 Years",
        "maximum_age": "NA",
        "country": "United States",
        "gender": "ALL"
      },
      "interventions": [
        "Imaging Biomarker Analysis",
        "Positron-Emission Tomography",
        "X-Ray Computed Tomography",
        "carboplatin",
        "docetaxel",
        "fluorodeoxyglucose F18",
        "gemcitabine hydrochloride",
        "paclitaxel"
      ],
      "outcomes": [
        "CALB2 protein, human",
        "Frequency of Responses",
        "GDC Progression or Recurrence Terminology",
        "Overall",
        "Overall Response",
        "Patients",
        "Rate"
      ]
    }
  },
  {
    "nct_id": "NCT00564746",
    "conditions": [
      "Lung diseases",
      "Obstructed",
      "chronic"
    ],
    "pico_attributes": {
      "populations": {
        "minimum_age": "30 Years",
        "maximum_age": "60 Years",
        "country": "United Kingdom",
        "gender": "MALE"
      },
      "interventions": [
        "10%",
        "50%",
        "Dosage",
        "Oral",
        "SB-681323",
        "Singular",
        "milligram",
        "uCi"
      ],
      "outcomes": []
    }
  },
  {
    "nct_id": "NCT00564759",
    "conditions": [
      "Granulomatous disorder",
      "chronic"
    ],
    "pico_attributes": {
      "populations": {
        "minimum_age": "18 Years",
        "maximum_age": "NA",
        "country": "Germany",
        "gender": "MALE"
      },
      "interventions": [
        "CYBB gene",
        "Cell positive for CD34 antigen",
        "Retroviridae"
      ],
      "outcomes": []
    }
  },
  {
    "nct_id": "NCT00564772",
    "conditions": [
      "Healthy"
    ],
    "pico_attributes": {
      "populations": {
        "minimum_age": "18 Years",
        "maximum_age": "60 Years",
        "country": "United States",
        "gender": "ALL"
      },
      "interventions": [
        "lopinavir",
        "raltegravir",
        "ritonavir"
      ],
      "outcomes": []
    }
  },
  {
    "nct_id": "NCT00564785",
    "conditions": [
      "Associated with",
      "Clinical act of insertion",
      "Epidural needle",
      "Feel Pain"
    ],
    "pico_attributes": {
      "populations": {
        "minimum_age": "18 Years",
        "maximum_age": "NA",
        "country": "United States",
        "gender": "FEMALE"
      },
      "interventions": [
        "Body tissue patch material",
        "Female-to-Male Transsexual, Self-Report",
        "Placebo Control",
        "Synera"
      ],
      "outcomes": []
    }
  },
  {
    "nct_id": "NCT00564798",
    "conditions": [
      "BODY MASS INDEX QUANTITATIVE TRAIT LOCUS 20"
    ],
    "pico_attributes": {
      "populations": {
        "minimum_age": "6 Years",
        "maximum_age": "18 Years",
        "country": "Canada",
        "gender": "ALL"
      },
      "interventions": [],
      "outcomes": []
    }
  },
  {
    "nct_id": "NCT00564811",
    "conditions": [
      "Hepatitis",
      "Hepatitis C",
      "Homo sapiens",
      "Nutritional status",
      "Viral"
    ],
    "pico_attributes": {
      "populations": {
        "minimum_age": "24 Years",
        "maximum_age": "70 Years",
        "country": "Brazil",
        "gender": "ALL"
      },
      "interventions": [
        "Agaricales",
        "Agaricus blazei",
        "BLOOD GROUP, Ss",
        "Sundanese language"
      ],
      "outcomes": []
    }
  },
  {
    "nct_id": "NCT00564824",
    "conditions": [
      "Coronary Artery Disease"
    ],
    "pico_attributes": {
      "populations": {
        "minimum_age": "18 Years",
        "maximum_age": "75 Years",
        "country": "Israel",
        "gender": "ALL"
      },
      "interventions": [
        "Caffeine related disorders",
        "Placebo Control"
      ],
      "outcomes": []
    }
  },
  {
    "nct_id": "NCT00564837",
    "conditions": [
      "ACLY gene",
      "Optical Image Reconstruction"
    ],
    "pico_attributes": {
      "populations": {
        "minimum_age": "16 Years",
        "maximum_age": "NA",
        "country": "Canada",
        "gender": "ALL"
      },
      "interventions": [
        "Base - General Qualifier",
        "Home environment",
        "Physical therapy",
        "Rehabilitation therapy"
      ],
      "outcomes": []
    }
  },
  {
    "nct_id": "NCT00564850",
    "conditions": [
      "Precocious Puberty"
    ],
    "pico_attributes": {
      "populations": {
        "minimum_age": "NA",
        "maximum_age": "NA",
        "country": "France",
        "gender": "ALL"
      },
      "interventions": [
        "Decapeptyl",
        "Final Statistical Report",
        "triptorelin pamoate"
      ],
      "outcomes": [
        "20%",
        "3+ Answer to Question",
        "ADHD hyperactive symptoms mean score:Score:Pt:^Patient:Qn:Calculated",
        "Age",
        "Aspects of disease screening",
        "Basal",
        "Blood group antibody I",
        "Bone maturation age",
        "Change -- procedure",
        "Count of entities",
        "Delta (difference)",
        "Disease Response",
        "Disease classification level",
        "Estradiol measurement",
        "Female child",
        "Follicle stimulating hormone level result",
        "Height",
        "Inhibin B Measurement",
        "International Unit per Liter",
        "Intravenous",
        "Lahu Chinese",
        "Level 3",
        "Levels (qualifier value)",
        "Methods",
        "Monthly (qualifier value)",
        "Nanogram per Liter",
        "Participant",
        "Protocol Deviation",
        "Pubertal stage",
        "Sheehan Disability Scale Questionnaire",
        "Skeletal bone",
        "Standard deviation",
        "Stimulation (motivation)",
        "Tanner",
        "Testosterone level result",
        "Z-score",
        "age differences",
        "gonadorelin"
      ]
    }
  },
  {
    "nct_id": "NCT00564863",
    "conditions": [
      "Traveler's diarrhea"
    ],
    "pico_attributes": {
      "populations": {
        "minimum_age": "18 Years",
        "maximum_age": "45 Years",
        "country": "United States",
        "gender": "ALL"
      },
      "interventions": [
        "Carnegie stage 19",
        "Emotional Strain",
        "Enterotoxigenic Escherichia coli"
      ],
      "outcomes": []
    }
  },
  {
    "nct_id": "NCT00564876",
    "conditions": [
      "Carcinoma",
      "Lung",
      "Non-small cell"
    ],
    "pico_attributes": {
      "populations": {
        "minimum_age": "18 Years",
        "maximum_age": "NA",
        "country": "United States",
        "gender": "ALL"
      },
      "interventions": [
        "dasatinib"
      ],
      "outcomes": [
        "Activation action",
        "Adjuvant",
        "Biochemical Pathway",
        "Frequency of Responses",
        "Gene Expression Profiles",
        "Neoadjuvant Therapy",
        "Proto-Oncogene Tyrosine-Protein Kinase Src, human",
        "Safety",
        "Tolerability Study",
        "dasatinib"
      ]
    }
  },
  {
    "nct_id": "NCT00564889",
    "conditions": [
      "Multiple Myeloma",
      "Plasma Cell Neoplasm"
    ],
    "pico_attributes": {
      "populations": {
        "minimum_age": "18 Years",
        "maximum_age": "NA",
        "country": "United States",
        "gender": "ALL"
      },
      "interventions": [
        "cyclophosphamide",
        "dexamethasone",
        "lenalidomide"
      ],
      "outcomes": [
        "Count of entities",
        "Disease Response",
        "Grade 3 Severe Adverse Event",
        "Number of patients",
        "Organ",
        "Participant"
      ]
    }
  },
  {
    "nct_id": "NCT00564902",
    "conditions": [
      "Age related macular degeneration",
      "Cognition Disorders"
    ],
    "pico_attributes": {
      "populations": {
        "minimum_age": "45 Years",
        "maximum_age": "90 Years",
        "country": "United States",
        "gender": "ALL"
      },
      "interventions": [
        "lutein",
        "zeaxanthin"
      ],
      "outcomes": [
        "100%",
        "6.5",
        "Academic degree",
        "Color Vision",
        "Contrast Sensitivity",
        "Diabetic Retinopathy",
        "Discrimination",
        "Distance",
        "Distance visual acuity",
        "Early",
        "Field",
        "Function (attribute)",
        "Glare - Optical Phenomena",
        "Kinetics",
        "Macular Pigment",
        "Optical density function",
        "Qualitative form",
        "Recovery - action",
        "Threshold",
        "Treatment Study"
      ]
    }
  },
  {
    "nct_id": "NCT00564915",
    "conditions": [
      "Epilepsy"
    ],
    "pico_attributes": {
      "populations": {
        "minimum_age": "2 Years",
        "maximum_age": "16 Years",
        "country": "United Kingdom",
        "gender": "ALL"
      },
      "interventions": [
        "Ketogenic Diet"
      ],
      "outcomes": []
    }
  },
  {
    "nct_id": "NCT00564928",
    "conditions": [
      "Malignant neoplasm of prostate",
      "Prostatic Neoplasms"
    ],
    "pico_attributes": {
      "populations": {
        "minimum_age": "18 Years",
        "maximum_age": "NA",
        "country": "United States",
        "gender": "MALE"
      },
      "interventions": [
        "IPI 504"
      ],
      "outcomes": []
    }
  },
  {
    "nct_id": "NCT00564941",
    "conditions": [
      "Beta plus thalassemia",
      "MYELODYSPLASTIC SYNDROME"
    ],
    "pico_attributes": {
      "populations": {
        "minimum_age": "18 Years",
        "maximum_age": "80 Years",
        "country": "Hungary",
        "gender": "ALL"
      },
      "interventions": [
        "deferasirox"
      ],
      "outcomes": []
    }
  },
  {
    "nct_id": "NCT00564954",
    "conditions": [
      "Attention deficit hyperactivity disorder"
    ],
    "pico_attributes": {
      "populations": {
        "minimum_age": "6 Years",
        "maximum_age": "12 Years",
        "country": "United States",
        "gender": "ALL"
      },
      "interventions": [
        "Extended Release Dosage Form",
        "Focalin XR",
        "Placebo Control",
        "dextromethorphan",
        "methylphenidate hydrochloride"
      ],
      "outcomes": [
        "+2",
        "/hour",
        "0%",
        "0.5",
        "1+",
        "8 Hours",
        "ADHD hyperactive symptoms mean score:Score:Pt:^Patient:Qn:Calculated",
        "Attention",
        "Before",
        "CD44 wt Allele",
        "Change -- procedure",
        "Classroom",
        "Combined",
        "Daily",
        "Dose Modification",
        "Exclude",
        "Hour",
        "Laboratory",
        "M NOS ANTIBODY",
        "Pre-dose",
        "Time",
        "Timepoint",
        "rating scale"
      ]
    }
  },
  {
    "nct_id": "NCT00564967",
    "conditions": [
      "Phobia, Social"
    ],
    "pico_attributes": {
      "populations": {
        "minimum_age": "16 Years",
        "maximum_age": "NA",
        "country": "Sweden",
        "gender": "ALL"
      },
      "interventions": [
        "Cognitive Therapy",
        "Group Psychotherapy",
        "Internet"
      ],
      "outcomes": []
    }
  },
  {
    "nct_id": "NCT00564980",
    "conditions": [
      "Arthropathy"
    ],
    "pico_attributes": {
      "populations": {
        "minimum_age": "16 Years",
        "maximum_age": "NA",
        "country": "Canada",
        "gender": "ALL"
      },
      "interventions": [
        "CDISC SDTM Procedure Terminology",
        "Oral Wafer",
        "Osteotomy",
        "Ulnar shortening"
      ],
      "outcomes": []
    }
  },
  {
    "nct_id": "NCT00564993",
    "conditions": [
      "Tetralogy of Fallot"
    ],
    "pico_attributes": {
      "populations": {
        "minimum_age": "14 Years",
        "maximum_age": "NA",
        "country": "Germany",
        "gender": "ALL"
      },
      "interventions": [
        "dobutamine"
      ],
      "outcomes": []
    }
  },
  {
    "nct_id": "NCT00565006",
    "conditions": [
      "blood pressure ambulatory"
    ],
    "pico_attributes": {
      "populations": {
        "minimum_age": "45 Years",
        "maximum_age": "75 Years",
        "country": "",
        "gender": "ALL"
      },
      "interventions": [
        "MK 0859"
      ],
      "outcomes": []
    }
  },
  {
    "nct_id": "NCT00565019",
    "conditions": [
      "Dupuytren Contracture"
    ],
    "pico_attributes": {
      "populations": {
        "minimum_age": "18 Years",
        "maximum_age": "NA",
        "country": "Canada",
        "gender": "ALL"
      },
      "interventions": [
        "triamcinolone acetonide"
      ],
      "outcomes": []
    }
  },
  {
    "nct_id": "NCT00565032",
    "conditions": [
      "Depression, Postpartum"
    ],
    "pico_attributes": {
      "populations": {
        "minimum_age": "18 Years",
        "maximum_age": "50 Years",
        "country": "United States",
        "gender": "FEMALE"
      },
      "interventions": [],
      "outcomes": []
    }
  },
  {
    "nct_id": "NCT00565045",
    "conditions": [
      "Cerebrovascular accident",
      "Hemiparesis",
      "Hemiplegia",
      "acute"
    ],
    "pico_attributes": {
      "populations": {
        "minimum_age": "18 Years",
        "maximum_age": "80 Years",
        "country": "United States",
        "gender": "ALL"
      },
      "interventions": [
        "Electrical (qualifier value)",
        "Neuromuscular",
        "electrostimulators",
        "neuromuscular stimulator"
      ],
      "outcomes": [
        "ADHD hyperactive symptoms mean score:Score:Pt:^Patient:Qn:Calculated",
        "AKR1A1 wt Allele",
        "Act Reason - Error",
        "Act Relationship Subset - maximum",
        "Angular",
        "Assessed",
        "Block Specimens",
        "Blood Products Laboratory Testing",
        "Box",
        "Extension",
        "Fingers",
        "Impaired",
        "Measure of hand",
        "Tracking",
        "Upper Extremity",
        "Voluntary",
        "motor ability"
      ]
    }
  },
  {
    "nct_id": "NCT00565058",
    "conditions": [
      "Acute Myeloid Leukemia Pathway"
    ],
    "pico_attributes": {
      "populations": {
        "minimum_age": "18 Years",
        "maximum_age": "60 Years",
        "country": "United States",
        "gender": "ALL"
      },
      "interventions": [
        "GTI2040"
      ],
      "outcomes": [
        "Combined",
        "Frequency of Responses",
        "GTI2040",
        "Leukemia, Myelocytic, Acute",
        "Overall",
        "Overall Response",
        "Rate",
        "Relapsing course",
        "Summary (document)",
        "Treatment-Emergent Adverse Event",
        "Unresponsive to Treatment"
      ]
    }
  },
  {
    "nct_id": "NCT00565071",
    "conditions": [
      "Fever",
      "Malaria"
    ],
    "pico_attributes": {
      "populations": {
        "minimum_age": "3 Months",
        "maximum_age": "NA",
        "country": "Uganda",
        "gender": "ALL"
      },
      "interventions": [
        "Cisplatin/Fluorouracil Regimen",
        "Field",
        "Microscopy"
      ],
      "outcomes": []
    }
  },
  {
    "nct_id": "NCT00565084",
    "conditions": [
      "Degenerative polyarthritis",
      "Knee"
    ],
    "pico_attributes": {
      "populations": {
        "minimum_age": "45 Years",
        "maximum_age": "NA",
        "country": "",
        "gender": "ALL"
      },
      "interventions": [
        "Placebo Control",
        "ibuprofen"
      ],
      "outcomes": [
        "3+ Answer to Question",
        "Average",
        "BaseLine dental cement",
        "Does walk",
        "Feel Pain",
        "Intensity change",
        "Measured from",
        "Pretreatment",
        "Walking (activity)",
        "post treatment"
      ]
    }
  },
  {
    "nct_id": "NCT00565097",
    "conditions": [
      "Autosomal dominant inheritance",
      "Hepatomegaly",
      "Liver diseases",
      "Polycystic Kidney - body part",
      "Polycystic liver disease"
    ],
    "pico_attributes": {
      "populations": {
        "minimum_age": "18 Years",
        "maximum_age": "88 Years",
        "country": "Netherlands",
        "gender": "ALL"
      },
      "interventions": [
        "Placebo Control",
        "lanreotide"
      ],
      "outcomes": []
    }
  },
  {
    "nct_id": "NCT00565110",
    "conditions": [
      "Dysthymic Disorder",
      "Major Depressive Disorder"
    ],
    "pico_attributes": {
      "populations": {
        "minimum_age": "18 Years",
        "maximum_age": "NA",
        "country": "United States",
        "gender": "ALL"
      },
      "interventions": [
        "Adapt (substance)",
        "Intervention regimes"
      ],
      "outcomes": [
        "Depressive Symptoms",
        "Reduced"
      ]
    }
  },
  {
    "nct_id": "NCT00565123",
    "conditions": [
      "Bacterial conjunctivitis"
    ],
    "pico_attributes": {
      "populations": {
        "minimum_age": "18 Years",
        "maximum_age": "70 Years",
        "country": "Poland",
        "gender": "ALL"
      },
      "interventions": [
        "0.5",
        "Eye Drops",
        "levofloxacin"
      ],
      "outcomes": []
    }
  },
  {
    "nct_id": "NCT00565136",
    "conditions": [
      "Fecal Incontinence"
    ],
    "pico_attributes": {
      "populations": {
        "minimum_age": "21 Years",
        "maximum_age": "NA",
        "country": "United States",
        "gender": "FEMALE"
      },
      "interventions": [],
      "outcomes": [
        "% volume (qualifier value)",
        "24 Months",
        "50%",
        "ADHD hyperactive symptoms mean score:Score:Pt:^Patient:Qn:Calculated",
        "Act Relationship Subset - maximum",
        "Administration via Implantation",
        "Amount type - Percentage",
        "Assessment of quality of life",
        "Barotrauma of descent",
        "BaseLine dental cement",
        "CD44 wt Allele",
        "Complication",
        "Device Motor",
        "During values",
        "End-stage",
        "Episode of",
        "Equal",
        "Fecal Incontinence",
        "First (number)",
        "Flexibility Index",
        "Follow-Up Period",
        "Greater Than",
        "Human Study Subject",
        "In addition to",
        "Incidence",
        "Incidence Rate",
        "Intellectual scale",
        "Interphase Cell",
        "Latent",
        "Length of Stay",
        "Length of procedure",
        "Measured",
        "Monthly (qualifier value)",
        "Observation parameter",
        "Operative Surgical Procedures",
        "Pain Distress Question",
        "Pain scale",
        "Perceived quality of life",
        "Percent (qualifier value)",
        "Pressure (finding)",
        "Pretreatment",
        "Procedure estimated blood loss",
        "Rectal sensation",
        "Reduced",
        "Severity of symptoms:Finding:Point in time:^Patient:Ordinal",
        "Structure of pudendal nerve",
        "Surrounding (qualifier value)",
        "Symptoms",
        "Tolerable",
        "With intensity",
        "anal manometry",
        "post treatment"
      ]
    }
  },
  {
    "nct_id": "NCT00565149",
    "conditions": [
      "BODY MASS INDEX QUANTITATIVE TRAIT LOCUS 20"
    ],
    "pico_attributes": {
      "populations": {
        "minimum_age": "18 Years",
        "maximum_age": "35 Years",
        "country": "United States",
        "gender": "ALL"
      },
      "interventions": [
        "% proof"
      ],
      "outcomes": []
    }
  },
  {
    "nct_id": "NCT00565162",
    "conditions": [
      "Diabetes Mellitus"
    ],
    "pico_attributes": {
      "populations": {
        "minimum_age": "18 Years",
        "maximum_age": "NA",
        "country": "United Kingdom",
        "gender": "ALL"
      },
      "interventions": [
        "insulin glargine"
      ],
      "outcomes": []
    }
  },
  {
    "nct_id": "NCT00565175",
    "conditions": [
      "Schizophrenia"
    ],
    "pico_attributes": {
      "populations": {
        "minimum_age": "18 Years",
        "maximum_age": "65 Years",
        "country": "Finland",
        "gender": "ALL"
      },
      "interventions": [
        "Placebo Control",
        "cellulose",
        "famotidine"
      ],
      "outcomes": []
    }
  },
  {
    "nct_id": "NCT00565188",
    "conditions": [
      "Cancer Genus",
      "Continuance of life",
      "Hospice and Palliative Care Nursing",
      "Perceived quality of life"
    ],
    "pico_attributes": {
      "populations": {
        "minimum_age": "18 Years",
        "maximum_age": "NA",
        "country": "Netherlands",
        "gender": "ALL"
      },
      "interventions": [
        "adenosine triphosphate"
      ],
      "outcomes": []
    }
  },
  {
    "nct_id": "NCT00565201",
    "conditions": [
      "Cerebrovascular accident"
    ],
    "pico_attributes": {
      "populations": {
        "minimum_age": "18 Years",
        "maximum_age": "70 Years",
        "country": "United States",
        "gender": "ALL"
      },
      "interventions": [
        "Botox",
        "Placebo Control",
        "Rehabilitation therapy"
      ],
      "outcomes": []
    }
  },
  {
    "nct_id": "NCT00565214",
    "conditions": [],
    "pico_attributes": {
      "populations": {
        "minimum_age": "18 Years",
        "maximum_age": "70 Years",
        "country": "United States",
        "gender": "ALL"
      },
      "interventions": [
        "Arm or Leg Response Group 1",
        "Arm or Leg Response Group 2"
      ],
      "outcomes": []
    }
  },
  {
    "nct_id": "NCT00565227",
    "conditions": [
      "Bladder Cancer Pathway",
      "Carcinoma, Transitional Cell",
      "Malignant neoplasm of prostate",
      "Non-Small Cell Lung Carcinoma"
    ],
    "pico_attributes": {
      "populations": {
        "minimum_age": "18 Years",
        "maximum_age": "NA",
        "country": "United States",
        "gender": "ALL"
      },
      "interventions": [
        "docetaxel",
        "vorinostat"
      ],
      "outcomes": []
    }
  },
  {
    "nct_id": "NCT00565240",
    "conditions": [
      "Ovarian Follicle"
    ],
    "pico_attributes": {
      "populations": {
        "minimum_age": "18 Years",
        "maximum_age": "35 Years",
        "country": "Canada",
        "gender": "FEMALE"
      },
      "interventions": [
        "Marvelon",
        "NuvaRing",
        "letrozole"
      ],
      "outcomes": []
    }
  },
  {
    "nct_id": "NCT00565253",
    "conditions": [
      "Pulmonary Embolism"
    ],
    "pico_attributes": {
      "populations": {
        "minimum_age": "18 Years",
        "maximum_age": "NA",
        "country": "Austria",
        "gender": "ALL"
      },
      "interventions": [],
      "outcomes": []
    }
  },
  {
    "nct_id": "NCT00565266",
    "conditions": [
      "Asthma"
    ],
    "pico_attributes": {
      "populations": {
        "minimum_age": "18 Years",
        "maximum_age": "NA",
        "country": "United States",
        "gender": "ALL"
      },
      "interventions": [
        "beclomethasone dipropionate",
        "salmeterol xinafoate",
        "tiotropium bromide"
      ],
      "outcomes": [
        "0%",
        "1 (finding)",
        "Asthma",
        "Asthma Control Questionnaire score",
        "Asthma Quality of Life Questionnaire",
        "BSA Involvement Score 0",
        "Change -- procedure",
        "Control function",
        "Daily",
        "Days of the week",
        "FEV1, CTCAE",
        "Forced expiratory volume function",
        "Precision - second",
        "Proportion",
        "Puff unit dose",
        "Symptoms",
        "Weekly",
        "albuterol"
      ]
    }
  },
  {
    "nct_id": "NCT00565279",
    "conditions": [
      "Seborrheic dermatitis"
    ],
    "pico_attributes": {
      "populations": {
        "minimum_age": "18 Years",
        "maximum_age": "NA",
        "country": "Denmark",
        "gender": "ALL"
      },
      "interventions": [],
      "outcomes": []
    }
  },
  {
    "nct_id": "NCT00565292",
    "conditions": [
      "Hypercholesterolemia",
      "Hyperlipidemia"
    ],
    "pico_attributes": {
      "populations": {
        "minimum_age": "18 Years",
        "maximum_age": "75 Years",
        "country": "",
        "gender": "ALL"
      },
      "interventions": [
        "MK 0859"
      ],
      "outcomes": []
    }
  },
  {
    "nct_id": "NCT00565305",
    "conditions": [
      "Breast Carcinoma"
    ],
    "pico_attributes": {
      "populations": {
        "minimum_age": "18 Years",
        "maximum_age": "95 Years",
        "country": "United States",
        "gender": "ALL"
      },
      "interventions": [
        "Standard Treatment",
        "Therapeutic tactile stimulation"
      ],
      "outcomes": []
    }
  },
  {
    "nct_id": "NCT00565318",
    "conditions": [
      "DIANPH gene"
    ],
    "pico_attributes": {
      "populations": {
        "minimum_age": "40 Years",
        "maximum_age": "75 Years",
        "country": "Netherlands",
        "gender": "ALL"
      },
      "interventions": [
        "Placebo Control",
        "benphothiamine"
      ],
      "outcomes": []
    }
  },
  {
    "nct_id": "NCT00565331",
    "conditions": [
      "Kidney Transplantation"
    ],
    "pico_attributes": {
      "populations": {
        "minimum_age": "18 Years",
        "maximum_age": "NA",
        "country": "Netherlands",
        "gender": "ALL"
      },
      "interventions": [
        "Placebo Control",
        "rituximab"
      ],
      "outcomes": []
    }
  },
  {
    "nct_id": "NCT00565344",
    "conditions": [
      "Coding system - Medicaid",
      "Enrollment",
      "Status"
    ],
    "pico_attributes": {
      "populations": {
        "minimum_age": "NA",
        "maximum_age": "NA",
        "country": "",
        "gender": "ALL"
      },
      "interventions": [],
      "outcomes": []
    }
  }
]