[
  {
    "nct_id": "NCT00560105",
    "conditions": [
      "ARCN1 gene"
    ],
    "pico_attributes": {
      "populations": {
        "minimum_age": "40 Years",
        "maximum_age": "NA",
        "country": "United States",
        "gender": "ALL"
      },
      "interventions": [
        "Lung"
      ],
      "outcomes": [
        "/hour",
        "ADHD hyperactive symptoms mean score:Score:Pt:^Patient:Qn:Calculated",
        "ARCN1 gene",
        "Administration procedure",
        "Adult",
        "BaseLine dental cement",
        "Change -- procedure",
        "Comparison",
        "Daily",
        "Devices",
        "Diary",
        "Dry body weight (observable entity)",
        "Effectiveness",
        "FEV1, CTCAE",
        "Lung",
        "Perceived quality of life",
        "Questionnaires",
        "Safety",
        "Sputum",
        "Twenty Four"
      ]
    }
  },
  {
    "nct_id": "NCT00560118",
    "conditions": [
      "Melanoma Pathway",
      "Skin"
    ],
    "pico_attributes": {
      "populations": {
        "minimum_age": "18 Years",
        "maximum_age": "NA",
        "country": "France",
        "gender": "ALL"
      },
      "interventions": [
        "Gene Expression Analysis",
        "Polymerase Chain Reaction",
        "fotemustine"
      ],
      "outcomes": []
    }
  },
  {
    "nct_id": "NCT00560131",
    "conditions": [
      "Complex Regional Pain Syndromes"
    ],
    "pico_attributes": {
      "populations": {
        "minimum_age": "18 Years",
        "maximum_age": "NA",
        "country": "Denmark",
        "gender": "ALL"
      },
      "interventions": [],
      "outcomes": []
    }
  },
  {
    "nct_id": "NCT00560144",
    "conditions": [
      "Neoplasms"
    ],
    "pico_attributes": {
      "populations": {
        "minimum_age": "2 Years",
        "maximum_age": "17 Years",
        "country": "United States",
        "gender": "ALL"
      },
      "interventions": [
        "RG 1507"
      ],
      "outcomes": []
    }
  },
  {
    "nct_id": "NCT00560157",
    "conditions": [
      "Abdomen",
      "Lung diseases",
      "Pancreatitis, Acute",
      "major surgery",
      "nervous system disorder"
    ],
    "pico_attributes": {
      "populations": {
        "minimum_age": "18 Years",
        "maximum_age": "89 Years",
        "country": "France",
        "gender": "ALL"
      },
      "interventions": [
        "Tube feeding of patient"
      ],
      "outcomes": []
    }
  },
  {
    "nct_id": "NCT00560170",
    "conditions": [
      "Arteriosclerosis"
    ],
    "pico_attributes": {
      "populations": {
        "minimum_age": "40 Years",
        "maximum_age": "80 Years",
        "country": "Taiwan",
        "gender": "ALL"
      },
      "interventions": [
        "Vytorin",
        "Zocor",
        "ezetimibe / Simvastatin",
        "simvastatin"
      ],
      "outcomes": []
    }
  },
  {
    "nct_id": "NCT00560183",
    "conditions": [
      "Pain, Postoperative"
    ],
    "pico_attributes": {
      "populations": {
        "minimum_age": "18 Years",
        "maximum_age": "NA",
        "country": "United States",
        "gender": "ALL"
      },
      "interventions": [
        "Placebo Control",
        "Q8003",
        "morphine sulfate",
        "oxycodone hydrochloride"
      ],
      "outcomes": []
    }
  },
  {
    "nct_id": "NCT00560196",
    "conditions": [
      "Anxiety",
      "Depressed mood",
      "Feel Pain"
    ],
    "pico_attributes": {
      "populations": {
        "minimum_age": "18 Years",
        "maximum_age": "75 Years",
        "country": "Denmark",
        "gender": "FEMALE"
      },
      "interventions": [
        "Clinical Observation"
      ],
      "outcomes": []
    }
  },
  {
    "nct_id": "NCT00560209",
    "conditions": [
      "Coronary Arteriosclerosis"
    ],
    "pico_attributes": {
      "populations": {
        "minimum_age": "20 Years",
        "maximum_age": "NA",
        "country": "Japan",
        "gender": "ALL"
      },
      "interventions": [
        "ONO 1101"
      ],
      "outcomes": []
    }
  },
  {
    "nct_id": "NCT00560222",
    "conditions": [
      "Diarrhea",
      "Malnutrition"
    ],
    "pico_attributes": {
      "populations": {
        "minimum_age": "12 Months",
        "maximum_age": "18 Months",
        "country": "Peru",
        "gender": "ALL"
      },
      "interventions": [
        "Placebo Control",
        "lactoferrin, bovine",
        "maltodextrin"
      ],
      "outcomes": []
    }
  },
  {
    "nct_id": "NCT00560235",
    "conditions": [
      "Ewing Sarcoma/Peripheral Primitive Neuroectodermal Tumor"
    ],
    "pico_attributes": {
      "populations": {
        "minimum_age": "10 Years",
        "maximum_age": "NA",
        "country": "United States",
        "gender": "ALL"
      },
      "interventions": [
        "CP 751871"
      ],
      "outcomes": [
        "Able to Concentrate Question",
        "Act Relationship Subset - maximum",
        "ActRelationshipSubset - minimum",
        "Adangme language",
        "Anti-Drug Antibody",
        "Arabic numeral 0",
        "Area Under Curve",
        "Area Under the Curve Over Dosing Interval",
        "BRAF Gene Rearrangement",
        "Cmax",
        "Cmin",
        "Count of entities",
        "Data Type Interval",
        "Dosage",
        "End",
        "GDC Treatment Outcome Terminology",
        "Infusion procedures",
        "Last",
        "Observed",
        "Participant",
        "Plasma",
        "Time",
        "Titer",
        "Transfusion of plasma",
        "Trough",
        "Trough Concentration",
        "plasma concentration"
      ]
    }
  },
  {
    "nct_id": "NCT00560248",
    "conditions": [
      "Chest Pain"
    ],
    "pico_attributes": {
      "populations": {
        "minimum_age": "18 Years",
        "maximum_age": "NA",
        "country": "United States",
        "gender": "ALL"
      },
      "interventions": [],
      "outcomes": []
    }
  },
  {
    "nct_id": "NCT00560261",
    "conditions": [
      "Anemia, Sickle Cell"
    ],
    "pico_attributes": {
      "populations": {
        "minimum_age": "6 Years",
        "maximum_age": "18 Years",
        "country": "France",
        "gender": "ALL"
      },
      "interventions": [
        "Colombia",
        "Expiration",
        "Inhalation Dosing Unit",
        "Negation"
      ],
      "outcomes": []
    }
  },
  {
    "nct_id": "NCT00560274",
    "conditions": [
      "Anemia"
    ],
    "pico_attributes": {
      "populations": {
        "minimum_age": "18 Years",
        "maximum_age": "NA",
        "country": "France",
        "gender": "ALL"
      },
      "interventions": [
        "Pegasys",
        "Recormon",
        "epoetin beta",
        "ribavirin"
      ],
      "outcomes": []
    }
  },
  {
    "nct_id": "NCT00560287",
    "conditions": [
      "Amyotrophic Lateral Sclerosis",
      "Chronic respiratory failure"
    ],
    "pico_attributes": {
      "populations": {
        "minimum_age": "20 Years",
        "maximum_age": "80 Years",
        "country": "Italy",
        "gender": "ALL"
      },
      "interventions": [
        "1 (finding)",
        "CDISC SEND Study Design Terminology",
        "Entity Name Part Type - given",
        "Home care aspects",
        "Household ventilator",
        "Nipah Virus",
        "Noninvasive Ventilation",
        "Patients",
        "Provider",
        "Transfer Technique"
      ],
      "outcomes": []
    }
  },
  {
    "nct_id": "NCT00560300",
    "conditions": [
      "Hyperparathyroidism, Secondary",
      "Renal Osteodystrophy"
    ],
    "pico_attributes": {
      "populations": {
        "minimum_age": "2 Years",
        "maximum_age": "21 Years",
        "country": "",
        "gender": "ALL"
      },
      "interventions": [
        "1+",
        "Alpha",
        "DIO2 gene",
        "calcium carbonate",
        "dihydroxy-vitamin D3",
        "sevelamer hydrochloride"
      ],
      "outcomes": []
    }
  },
  {
    "nct_id": "NCT00560313",
    "conditions": [
      "Meningococcal Infections"
    ],
    "pico_attributes": {
      "populations": {
        "minimum_age": "18 Years",
        "maximum_age": "50 Years",
        "country": "Italy",
        "gender": "ALL"
      },
      "interventions": [
        "CRM chromium picolinate",
        "Male population group"
      ],
      "outcomes": [
        "AT genotype",
        "Against",
        "Amount type - Percentage",
        "Bactericidal activity",
        "Count of entities",
        "Different",
        "First (number)",
        "Geometric Mean",
        "Human Study Subject",
        "In addition to",
        "Local",
        "Meningococcal vaccine",
        "Microbiology subtype strains",
        "One month",
        "Participant",
        "Post",
        "Precision - second",
        "Report (document)",
        "Serum",
        "Systemic Reaction",
        "Third",
        "Titer",
        "Vaccination",
        "Vaccines",
        "meningococcal group B vaccine"
      ]
    }
  },
  {
    "nct_id": "NCT00560326",
    "conditions": [
      "Atopy",
      "Dermatitis"
    ],
    "pico_attributes": {
      "populations": {
        "minimum_age": "6 Months",
        "maximum_age": "30 Months",
        "country": "United Kingdom",
        "gender": "ALL"
      },
      "interventions": [
        "0.03",
        "Tacrolimus Topical Ointment"
      ],
      "outcomes": []
    }
  },
  {
    "nct_id": "NCT00560339",
    "conditions": [
      "Congestive heart failure"
    ],
    "pico_attributes": {
      "populations": {
        "minimum_age": "18 Years",
        "maximum_age": "NA",
        "country": "United States",
        "gender": "ALL"
      },
      "interventions": [],
      "outcomes": []
    }
  },
  {
    "nct_id": "NCT00560352",
    "conditions": [
      "Multiple Myeloma"
    ],
    "pico_attributes": {
      "populations": {
        "minimum_age": "18 Years",
        "maximum_age": "NA",
        "country": "United States",
        "gender": "ALL"
      },
      "interventions": [
        "bortezomib",
        "dasatinib",
        "dexamethasone"
      ],
      "outcomes": [
        "CD44 wt Allele",
        "Combined",
        "MT1E gene",
        "Progression-Free Survival",
        "Recommendation",
        "Response Duration",
        "bortezomib",
        "dasatinib",
        "dexamethasone"
      ]
    }
  },
  {
    "nct_id": "NCT00560365",
    "conditions": [
      "Colorectal Cancer Pathway"
    ],
    "pico_attributes": {
      "populations": {
        "minimum_age": "50 Years",
        "maximum_age": "NA",
        "country": "United Kingdom",
        "gender": "ALL"
      },
      "interventions": [
        "Assessment of quality of life",
        "Laboratory Biomarker Analysis",
        "Magnetic Resonance Imaging",
        "X-Ray Computed Tomography"
      ],
      "outcomes": []
    }
  },
  {
    "nct_id": "NCT00560378",
    "conditions": [
      "Atopy",
      "Dermatitis",
      "Eczema"
    ],
    "pico_attributes": {
      "populations": {
        "minimum_age": "2 Years",
        "maximum_age": "NA",
        "country": "United Kingdom",
        "gender": "ALL"
      },
      "interventions": [
        "0.1",
        "Tacrolimus Topical Ointment"
      ],
      "outcomes": []
    }
  },
  {
    "nct_id": "NCT00560391",
    "conditions": [
      "Multiple Myeloma"
    ],
    "pico_attributes": {
      "populations": {
        "minimum_age": "18 Years",
        "maximum_age": "NA",
        "country": "United States",
        "gender": "ALL"
      },
      "interventions": [
        "/40",
        "100%",
        "20%",
        "70%",
        "MG",
        "dasatinib",
        "dexamethasone",
        "lenalidomide"
      ],
      "outcomes": [
        "Anemia",
        "BaseLine dental cement",
        "Combined",
        "Congenital Abnormality",
        "Count of entities",
        "Decreased platelet count",
        "Dosage",
        "Global Complete Response",
        "Global Partial Response",
        "Grade",
        "Hematological abnormality",
        "IMWG Minimal Response",
        "IMWG Very Good Partial Response",
        "Leukopenia",
        "Neutropenia",
        "Participant",
        "Recommendation",
        "Room of building - Study",
        "Serum Chemistry Measurement",
        "Stage level 2",
        "White blood cell count decreased",
        "Worst",
        "ca increase",
        "calcium low",
        "dasatinib",
        "dexamethasone",
        "lenalidomide",
        "mg reduced",
        "phosphorus low"
      ]
    }
  },
  {
    "nct_id": "NCT00560404",
    "conditions": [
      "Anemia"
    ],
    "pico_attributes": {
      "populations": {
        "minimum_age": "18 Years",
        "maximum_age": "NA",
        "country": "Brazil",
        "gender": "ALL"
      },
      "interventions": [
        "Mircera",
        "epoetin alfa",
        "methoxy polyethylene glycol-epoetin beta"
      ],
      "outcomes": [
        "/40",
        "10%",
        "12.5",
        "36",
        "Able to Concentrate Question",
        "Abnormal",
        "Abnormal vital signs",
        "Adverse Event Domain",
        "Albumins",
        "Alkaline Phosphatase",
        "Amount type - Percentage",
        "Analytical Procedure Range",
        "And",
        "Aspartate Transaminase",
        "BaseLine dental cement",
        "Bibliographic Reference",
        "Blood Platelets",
        "Change -- procedure",
        "Changed status",
        "Count",
        "Count of entities",
        "Creatinine, CTCAE",
        "Dietary Iron",
        "Dipstick assessment of hemoglobin concentration",
        "Dose Adjustment",
        "Electrocardiographic changes",
        "Erythrocyte Mean Corpuscular Volume Measurement",
        "Evaluation",
        "Ferritin",
        "From",
        "Gram per Deciliter",
        "Hematocrit level",
        "Hemoglobin",
        "In addition to",
        "Individual",
        "Intermediate",
        "Iron binding capacity total measurement",
        "Leukocytes",
        "Maintenance",
        "Observation parameter",
        "Parathyroid Hormone [EPC]",
        "Participant",
        "Period (temporal qualifier)",
        "Phosphates",
        "Population Mean",
        "Potassium Drug Class",
        "Receive",
        "Red Blood Cell Transfusion",
        "Requirement",
        "Serious Adverse Event",
        "Serotransferrin, human",
        "Target",
        "Time",
        "Titration Method",
        "Transferrin saturation measurement",
        "Values",
        "Weekly",
        "Without",
        "spending"
      ]
    }
  },
  {
    "nct_id": "NCT00560417",
    "conditions": [
      "Bristol Stool Type 2",
      "Diabetes Mellitus"
    ],
    "pico_attributes": {
      "populations": {
        "minimum_age": "18 Years",
        "maximum_age": "74 Years",
        "country": "United States",
        "gender": "ALL"
      },
      "interventions": [
        "Suspension (action)",
        "insulin glargine",
        "insulin lispro protamine, human"
      ],
      "outcomes": [
        "0.7",
        "Actual",
        "Adjustment Action",
        "Amount type - Percentage",
        "BaseLine dental cement",
        "Baseline weight",
        "Blood Glucose",
        "Body Weight",
        "Borg Category-Ratio 10 Perceived Exertion Score 5",
        "CD44 wt Allele",
        "Change -- procedure",
        "End Point",
        "Episode of",
        "Equal",
        "FUT3 gene",
        "Glucohemoglobin measurement",
        "Hypoglycaemic episode",
        "Hypoglycemic Agents",
        "In addition to",
        "Incidence",
        "Last Observation Carried Forward Imputation Technique",
        "Negation",
        "Night time",
        "One year",
        "Participant",
        "Patient Self-Report",
        "Rate",
        "Variability",
        "week"
      ]
    }
  },
  {
    "nct_id": "NCT00560430",
    "conditions": [
      "Hypertension, CTCAE",
      "Hypertriglyceridemia",
      "Metabolic Syndrome X"
    ],
    "pico_attributes": {
      "populations": {
        "minimum_age": "19 Years",
        "maximum_age": "60 Years",
        "country": "Germany",
        "gender": "ALL"
      },
      "interventions": [
        "Placebo Control",
        "telmisartan"
      ],
      "outcomes": []
    }
  },
  {
    "nct_id": "NCT00560443",
    "conditions": [
      "Feel Pain",
      "Fracture"
    ],
    "pico_attributes": {
      "populations": {
        "minimum_age": "4 Years",
        "maximum_age": "17 Years",
        "country": "Italy",
        "gender": "ALL"
      },
      "interventions": [
        "Tramadol measurement (procedure)",
        "ketorolac"
      ],
      "outcomes": []
    }
  },
  {
    "nct_id": "NCT00560456",
    "conditions": [
      "Sleep Deprivation"
    ],
    "pico_attributes": {
      "populations": {
        "minimum_age": "20 Years",
        "maximum_age": "55 Years",
        "country": "France",
        "gender": "MALE"
      },
      "interventions": [
        "Ability to Drive",
        "Restricted",
        "Simulators",
        "Sleep",
        "chronic"
      ],
      "outcomes": []
    }
  },
  {
    "nct_id": "NCT00560469",
    "conditions": [
      "Insulin Resistance",
      "fat cell differentiation"
    ],
    "pico_attributes": {
      "populations": {
        "minimum_age": "40 Years",
        "maximum_age": "65 Years",
        "country": "United States",
        "gender": "ALL"
      },
      "interventions": [
        "70%",
        "Water Treatment"
      ],
      "outcomes": []
    }
  },
  {
    "nct_id": "NCT00560482",
    "conditions": [
      "Malignant neoplasm of prostate"
    ],
    "pico_attributes": {
      "populations": {
        "minimum_age": "18 Years",
        "maximum_age": "NA",
        "country": "United States",
        "gender": "MALE"
      },
      "interventions": [
        "ABR-215050",
        "Placebo Control",
        "tasquinimod"
      ],
      "outcomes": []
    }
  },
  {
    "nct_id": "NCT00560495",
    "conditions": [
      "Carcinoma of lung"
    ],
    "pico_attributes": {
      "populations": {
        "minimum_age": "18 Years",
        "maximum_age": "120 Years",
        "country": "United States",
        "gender": "ALL"
      },
      "interventions": [
        "Immunoenzyme Techniques",
        "Laboratory Biomarker Analysis",
        "Therapeutic radiology procedure",
        "ammonium tetrathiomolybdate",
        "technetium Tc 99m sestamibi"
      ],
      "outcomes": []
    }
  },
  {
    "nct_id": "NCT00560508",
    "conditions": [
      "Parkinson Disease"
    ],
    "pico_attributes": {
      "populations": {
        "minimum_age": "1 Year",
        "maximum_age": "NA",
        "country": "Japan",
        "gender": "ALL"
      },
      "interventions": [
        "Extended Release Dosage Form",
        "Immediate Release Dosage Form",
        "pramipexole"
      ],
      "outcomes": [
        "ADHD hyperactive symptoms mean score:Score:Pt:^Patient:Qn:Calculated",
        "AT genotype",
        "Administration procedure",
        "Adverse Event Domain",
        "Adverse Event Emergency Room Visit",
        "Amount type - Percentage",
        "BaseLine dental cement",
        "Belarus",
        "Blood group antibody I",
        "CD44 wt Allele",
        "Change -- procedure",
        "Daily Dose",
        "Dose Adjustment",
        "Dose Proportionality Study",
        "Double-Blind Method",
        "Dyskinetic syndrome",
        "End",
        "Experience",
        "From",
        "HLA Class II Histocompatibility Antigen Gamma Chain, human",
        "III (suffix)",
        "IV number:ID:Pt:^Patient:Nom",
        "In addition to",
        "Maintenance stage",
        "Montreal Cognitive Assessment Total Score",
        "Negation",
        "On (qualifier value)",
        "Open Label Study",
        "Oroqen Chinese",
        "Part",
        "Participant",
        "Patient Outcome - Worsening",
        "Patients",
        "Period (temporal qualifier)",
        "Phase",
        "Plasma",
        "Steady-State",
        "Time",
        "Trough",
        "Trough Concentration",
        "Unified Parkinson's Disease Rating Scale",
        "Weekly",
        "levodopa",
        "part of",
        "plasma concentration",
        "pramipexole"
      ]
    }
  },
  {
    "nct_id": "NCT00560521",
    "conditions": [
      "Pleural Effusion, CTCAE",
      "Tuberculosis"
    ],
    "pico_attributes": {
      "populations": {
        "minimum_age": "18 Years",
        "maximum_age": "NA",
        "country": "Brazil",
        "gender": "ALL"
      },
      "interventions": [
        "C-Pap"
      ],
      "outcomes": []
    }
  },
  {
    "nct_id": "NCT00560534",
    "conditions": [
      "Arteriosclerosis",
      "Intermittent Claudication"
    ],
    "pico_attributes": {
      "populations": {
        "minimum_age": "18 Years",
        "maximum_age": "NA",
        "country": "Denmark",
        "gender": "ALL"
      },
      "interventions": [
        "Entire body as a whole",
        "MRI-Based Angiogram"
      ],
      "outcomes": []
    }
  },
  {
    "nct_id": "NCT00560547",
    "conditions": [
      "Anemia"
    ],
    "pico_attributes": {
      "populations": {
        "minimum_age": "18 Years",
        "maximum_age": "NA",
        "country": "Denmark",
        "gender": "ALL"
      },
      "interventions": [
        "methoxy polyethylene glycol-epoetin beta"
      ],
      "outcomes": []
    }
  },
  {
    "nct_id": "NCT00560560",
    "conditions": [
      "Colorectal Neoplasms"
    ],
    "pico_attributes": {
      "populations": {
        "minimum_age": "18 Years",
        "maximum_age": "NA",
        "country": "United States",
        "gender": "ALL"
      },
      "interventions": [
        "Clipperton Island"
      ],
      "outcomes": [
        "% of total",
        "Able to Concentrate Question",
        "Adangme language",
        "Amount type - Percentage",
        "Anti-Drug Antibody",
        "BRAF Gene Rearrangement",
        "CTCb regimen",
        "Circulating Tumor Cell Count",
        "Clinical Trial Objective",
        "Continuance of life",
        "Description",
        "Disease Response",
        "Estimated",
        "Monthly (qualifier value)",
        "Overall Survival",
        "Participant",
        "Probability",
        "Reporting",
        "Summary (document)",
        "Time",
        "figitumumab"
      ]
    }
  },
  {
    "nct_id": "NCT00560573",
    "conditions": [
      "Carcinoma",
      "Lung",
      "Non-small cell"
    ],
    "pico_attributes": {
      "populations": {
        "minimum_age": "18 Years",
        "maximum_age": "NA",
        "country": "Spain",
        "gender": "ALL"
      },
      "interventions": [
        "CP 751871",
        "cisplatin",
        "gemcitabine",
        "pemetrexed"
      ],
      "outcomes": [
        "Able to Concentrate Question",
        "Act Relationship Subset - maximum",
        "ActRelationshipSubset - minimum",
        "Adangme language",
        "Amount type - Percentage",
        "Anti-Drug Antibody",
        "Arabic numeral 0",
        "Area Under Curve",
        "Blood",
        "Circulating",
        "Clinical Trial Objective",
        "Cmax",
        "Cmin",
        "Disease Response",
        "End",
        "Entity Determiner - specific",
        "GDC Treatment Outcome Terminology",
        "IGF1 gene",
        "Infusion procedures",
        "Last",
        "Levels (qualifier value)",
        "Observed",
        "Participant",
        "Plasma",
        "Prolonged",
        "Serum.total",
        "Somatomedins",
        "Stabilization",
        "Time",
        "Trough",
        "Trough Concentration",
        "cisplatin",
        "figitumumab",
        "gemcitabine",
        "pemetrexed",
        "plasma concentration"
      ]
    }
  },
  {
    "nct_id": "NCT00560586",
    "conditions": [
      "Sleep Apnea, Obstructive"
    ],
    "pico_attributes": {
      "populations": {
        "minimum_age": "6 Years",
        "maximum_age": "12 Years",
        "country": "United States",
        "gender": "ALL"
      },
      "interventions": [
        "Placebo Control",
        "budesonide"
      ],
      "outcomes": []
    }
  },
  {
    "nct_id": "NCT00560599",
    "conditions": [
      "MRSA - Methicillin resistant Staphylococcus aureus infection",
      "Skin"
    ],
    "pico_attributes": {
      "populations": {
        "minimum_age": "1 Month",
        "maximum_age": "NA",
        "country": "United States",
        "gender": "ALL"
      },
      "interventions": [
        "Cleaning (activity)",
        "Disinfection",
        "Households",
        "chlorhexidine",
        "mupirocin"
      ],
      "outcomes": []
    }
  },
  {
    "nct_id": "NCT00560612",
    "conditions": [
      "Post",
      "Stress Disorders, Traumatic",
      "Traumatic"
    ],
    "pico_attributes": {
      "populations": {
        "minimum_age": "18 Years",
        "maximum_age": "55 Years",
        "country": "United States",
        "gender": "ALL"
      },
      "interventions": [
        "Paroxetine measurement",
        "Placebo Control"
      ],
      "outcomes": [
        "Change -- procedure",
        "Hospital Anxiety and Depression Scale Questionnaire",
        "Intellectual scale",
        "Interview",
        "Post-Traumatic Stress Disorder",
        "Rating (action)",
        "Score",
        "Short"
      ]
    }
  },
  {
    "nct_id": "NCT00560625",
    "conditions": [
      "Adrenal cortical hypofunction"
    ],
    "pico_attributes": {
      "populations": {
        "minimum_age": "18 Years",
        "maximum_age": "75 Years",
        "country": "Israel",
        "gender": "ALL"
      },
      "interventions": [],
      "outcomes": []
    }
  },
  {
    "nct_id": "NCT00560638",
    "conditions": [
      "Dry Eye Syndromes"
    ],
    "pico_attributes": {
      "populations": {
        "minimum_age": "18 Years",
        "maximum_age": "NA",
        "country": "United States",
        "gender": "ALL"
      },
      "interventions": [
        "0.5",
        "Drug vehicle",
        "loteprednol etabonate",
        "loteprednol etabonate Ophthalmic Suspension"
      ],
      "outcomes": []
    }
  },
  {
    "nct_id": "NCT00560651",
    "conditions": [
      "Keratoconus"
    ],
    "pico_attributes": {
      "populations": {
        "minimum_age": "NA",
        "maximum_age": "NA",
        "country": "Germany",
        "gender": "ALL"
      },
      "interventions": [
        "(R)-citramalyl-CoA lyase activity",
        "Cornea",
        "Cross-linking"
      ],
      "outcomes": []
    }
  },
  {
    "nct_id": "NCT00560664",
    "conditions": [
      "Chondral",
      "Defect",
      "Knee",
      "Osteochondral"
    ],
    "pico_attributes": {
      "populations": {
        "minimum_age": "18 Years",
        "maximum_age": "50 Years",
        "country": "France",
        "gender": "ALL"
      },
      "interventions": [
        "Chondrocyte",
        "Transplantation",
        "Transplantation, Autologous",
        "chondrocytes, autologous"
      ],
      "outcomes": []
    }
  },
  {
    "nct_id": "NCT00560677",
    "conditions": [
      "Post-Traumatic Stress Disorder",
      "Schizophrenia"
    ],
    "pico_attributes": {
      "populations": {
        "minimum_age": "18 Years",
        "maximum_age": "72 Years",
        "country": "United States",
        "gender": "ALL"
      },
      "interventions": [],
      "outcomes": []
    }
  },
  {
    "nct_id": "NCT00560690",
    "conditions": [
      "Hepatitis C"
    ],
    "pico_attributes": {
      "populations": {
        "minimum_age": "15 Years",
        "maximum_age": "65 Years",
        "country": "Iran, Islamic Republic of",
        "gender": "ALL"
      },
      "interventions": [
        "Interferon",
        "metformin",
        "ribavirin"
      ],
      "outcomes": []
    }
  },
  {
    "nct_id": "NCT00560703",
    "conditions": [
      "Blepharitis",
      "Dry Eye Syndromes",
      "Meibomianitis"
    ],
    "pico_attributes": {
      "populations": {
        "minimum_age": "18 Years",
        "maximum_age": "NA",
        "country": "United States",
        "gender": "ALL"
      },
      "interventions": [
        "Colombia",
        "Placebo Control",
        "USP Compendial Nomenclature",
        "capsule (pharmacologic)",
        "doxycycline"
      ],
      "outcomes": [
        "Change -- procedure",
        "Conjunctival hyperemia",
        "anatomical bulb"
      ]
    }
  },
  {
    "nct_id": "NCT00560716",
    "conditions": [
      "Solid Neoplasm"
    ],
    "pico_attributes": {
      "populations": {
        "minimum_age": "18 Years",
        "maximum_age": "NA",
        "country": "United States",
        "gender": "ALL"
      },
      "interventions": [
        "CYC116"
      ],
      "outcomes": []
    }
  },
  {
    "nct_id": "NCT00560729",
    "conditions": [],
    "pico_attributes": {
      "populations": {
        "minimum_age": "70 Years",
        "maximum_age": "NA",
        "country": "France",
        "gender": "ALL"
      },
      "interventions": [
        "500"
      ],
      "outcomes": []
    }
  },
  {
    "nct_id": "NCT00560742",
    "conditions": [
      "Bone Marrow Cells",
      "Myocardial Infarction"
    ],
    "pico_attributes": {
      "populations": {
        "minimum_age": "18 Years",
        "maximum_age": "NA",
        "country": "United Kingdom",
        "gender": "ALL"
      },
      "interventions": [
        "Administration occupational activities",
        "Cell of bone",
        "Control function",
        "Intracoronary Route of Drug Administration",
        "Intramuscular",
        "Marrow"
      ],
      "outcomes": []
    }
  },
  {
    "nct_id": "NCT00560755",
    "conditions": [
      "Chickenpox",
      "Measles",
      "Mumps",
      "Rubella"
    ],
    "pico_attributes": {
      "populations": {
        "minimum_age": "12 Months",
        "maximum_age": "22 Months",
        "country": "Sweden",
        "gender": "ALL"
      },
      "interventions": [
        "ProQuad"
      ],
      "outcomes": [
        "0.1",
        "0.38",
        "1+",
        "AE 1 (Immunologic Factor)",
        "AE synonym fragment",
        "Amount type - Percentage",
        "Body temperature:Temperature:Point in time:Rectum:Quantitative",
        "Dosage",
        "Eruptions",
        "Experience",
        "GPR162 gene",
        "Illness (finding)",
        "Injection",
        "Injection site",
        "Interested",
        "Like",
        "Mumps",
        "Negation",
        "Participant",
        "ProQuad",
        "Reading (activity)",
        "Related personal status",
        "SUMO activating enzyme complex",
        "Serious",
        "Site of",
        "Systemic",
        "Vaccines"
      ]
    }
  },
  {
    "nct_id": "NCT00560768",
    "conditions": [
      "Sudden Cardiac Death"
    ],
    "pico_attributes": {
      "populations": {
        "minimum_age": "NA",
        "maximum_age": "NA",
        "country": "United States",
        "gender": "ALL"
      },
      "interventions": [
        "VR - Veterans Rand Health Survey"
      ],
      "outcomes": []
    }
  },
  {
    "nct_id": "NCT00560781",
    "conditions": [
      "Post",
      "Stress Disorders, Traumatic",
      "Traumatic"
    ],
    "pico_attributes": {
      "populations": {
        "minimum_age": "18 Years",
        "maximum_age": "65 Years",
        "country": "United States",
        "gender": "ALL"
      },
      "interventions": [
        "Placebo Control",
        "pregnenolone"
      ],
      "outcomes": []
    }
  },
  {
    "nct_id": "NCT00560794",
    "conditions": [
      "Acute lymphocytic leukemia"
    ],
    "pico_attributes": {
      "populations": {
        "minimum_age": "18 Years",
        "maximum_age": "NA",
        "country": "Germany",
        "gender": "ALL"
      },
      "interventions": [
        "Treasure County, MT",
        "blinatumomab"
      ],
      "outcomes": [
        "Administration procedure",
        "Adverse Event Domain",
        "Amount type - Percentage",
        "Arabic numeral 0",
        "Area Under Curve",
        "Aspects of disease screening",
        "B lymphocyte count procedure",
        "CD44 wt Allele",
        "Change -- procedure",
        "Clearance",
        "Count of entities",
        "From",
        "Global Relapse",
        "Hematology (discipline)",
        "In addition to",
        "Infinity",
        "Minimal Residual Disease Relapse",
        "Minimal Residual Disease Response",
        "Neoplasm, Residual",
        "Numerical value",
        "Participant",
        "Serum, Peak Level",
        "Steady-State",
        "T lymphocyte count",
        "Terminal Half Life",
        "Time",
        "Time to Progression",
        "apparent",
        "blinatumomab",
        "cytokine",
        "drug concentration",
        "drug distribution volume",
        "event cycle",
        "serum concentration"
      ]
    }
  },
  {
    "nct_id": "NCT00560807",
    "conditions": [
      "Whiplash Injuries"
    ],
    "pico_attributes": {
      "populations": {
        "minimum_age": "21 Years",
        "maximum_age": "60 Years",
        "country": "Canada",
        "gender": "ALL"
      },
      "interventions": [
        "Mobilization Clinical Trial Setting"
      ],
      "outcomes": []
    }
  },
  {
    "nct_id": "NCT00560820",
    "conditions": [
      "Blood Transfusion",
      "Iron Overload",
      "Thalassemia"
    ],
    "pico_attributes": {
      "populations": {
        "minimum_age": "18 Years",
        "maximum_age": "NA",
        "country": "Italy",
        "gender": "ALL"
      },
      "interventions": [
        "deferasirox"
      ],
      "outcomes": []
    }
  },
  {
    "nct_id": "NCT00560833",
    "conditions": [
      "Menopause",
      "vasomotor symptom"
    ],
    "pico_attributes": {
      "populations": {
        "minimum_age": "40 Years",
        "maximum_age": "65 Years",
        "country": "United States",
        "gender": "FEMALE"
      },
      "interventions": [
        "Esmirtazapine",
        "Placebo Control"
      ],
      "outcomes": [
        "A Moderate Amount of Effort",
        "ADHD hyperactive symptoms mean score:Score:Pt:^Patient:Qn:Calculated",
        "Average",
        "BaseLine dental cement",
        "CD44 wt Allele",
        "Change -- procedure",
        "Daily",
        "Frequencies (time pattern)",
        "Severity of symptoms:Finding:Point in time:^Patient:Ordinal",
        "Severity score",
        "Symptom frequency",
        "Vasomotor",
        "Weekly"
      ]
    }
  },
  {
    "nct_id": "NCT00560846",
    "conditions": [
      "Esophageal Neoplasms",
      "Stomach Neoplasms"
    ],
    "pico_attributes": {
      "populations": {
        "minimum_age": "18 Years",
        "maximum_age": "NA",
        "country": "Switzerland",
        "gender": "ALL"
      },
      "interventions": [
        "IMPACT gene",
        "Load - Remote control command",
        "glucose"
      ],
      "outcomes": []
    }
  },
  {
    "nct_id": "NCT00560859",
    "conditions": [
      "Sleep Apnea, Obstructive",
      "Snoring"
    ],
    "pico_attributes": {
      "populations": {
        "minimum_age": "5 Years",
        "maximum_age": "9 Years",
        "country": "United States",
        "gender": "ALL"
      },
      "interventions": [
        "Patient observation"
      ],
      "outcomes": [
        "% index",
        "ADHD hyperactive symptoms mean score:Score:Pt:^Patient:Qn:Calculated",
        "Attention",
        "BaseLine dental cement",
        "Breathing-related sleep disorder",
        "Change -- procedure",
        "Concept model domain",
        "Developmental Neuropsychological Assessment",
        "From",
        "Improvement",
        "Infant scale",
        "Pediatric",
        "PedsQL-4 Scale Score",
        "Questionnaires",
        "executives",
        "month"
      ]
    }
  },
  {
    "nct_id": "NCT00560872",
    "conditions": [
      "Atrial Flutter"
    ],
    "pico_attributes": {
      "populations": {
        "minimum_age": "18 Years",
        "maximum_age": "NA",
        "country": "Germany",
        "gender": "ALL"
      },
      "interventions": [
        "Ablation",
        "Distant",
        "Isthmus",
        "Magnetism",
        "Navigation",
        "catheter device"
      ],
      "outcomes": []
    }
  },
  {
    "nct_id": "NCT00560885",
    "conditions": [
      "Atrial Fibrillation"
    ],
    "pico_attributes": {
      "populations": {
        "minimum_age": "18 Years",
        "maximum_age": "NA",
        "country": "United States",
        "gender": "ALL"
      },
      "interventions": [
        "Bipolar",
        "Device system"
      ],
      "outcomes": [
        "30 days",
        "Adverse event",
        "And",
        "Anti-Arrhythmia Agents",
        "Atrial Fibrillation by ECG Finding",
        "Canadian Cardiovascular Society Grading Scale Class I",
        "Cardiac depressant drug, NOS",
        "Composite",
        "Determined by",
        "Discharge from hospital",
        "Empty (qualifier)",
        "Holter Electrocardiography",
        "III (suffix)",
        "Major",
        "Monthly (qualifier value)",
        "Patients",
        "Percent (qualifier value)",
        "Post-Procedure",
        "Rate",
        "Status",
        "acute",
        "month"
      ]
    }
  },
  {
    "nct_id": "NCT00560898",
    "conditions": [
      "Contact Lens Solutions"
    ],
    "pico_attributes": {
      "populations": {
        "minimum_age": "18 Years",
        "maximum_age": "80 Years",
        "country": "United States",
        "gender": "ALL"
      },
      "interventions": [
        "Advance",
        "Lens material",
        "Pharmaceutical Solutions",
        "Soaking Procedure"
      ],
      "outcomes": []
    }
  },
  {
    "nct_id": "NCT00560911",
    "conditions": [
      "Long-term",
      "Oral",
      "Patients"
    ],
    "pico_attributes": {
      "populations": {
        "minimum_age": "60 Years",
        "maximum_age": "NA",
        "country": "Germany",
        "gender": "ALL"
      },
      "interventions": [
        "1 Hour",
        "Cardiac Lead Procedure",
        "Control function",
        "Educational Status",
        "Physician:Identifier:Point in time:^Patient:Nominal",
        "Self management:Finding:Point in time:^Patient:Ordinal",
        "educational programs"
      ],
      "outcomes": []
    }
  },
  {
    "nct_id": "NCT00560924",
    "conditions": [
      "Menopause",
      "Urinary tract infection"
    ],
    "pico_attributes": {
      "populations": {
        "minimum_age": "NA",
        "maximum_age": "NA",
        "country": "Sweden",
        "gender": "FEMALE"
      },
      "interventions": [
        "Therapeutic Estradiol",
        "microgram"
      ],
      "outcomes": []
    }
  },
  {
    "nct_id": "NCT00560937",
    "conditions": [
      "Schizophrenia"
    ],
    "pico_attributes": {
      "populations": {
        "minimum_age": "18 Years",
        "maximum_age": "65 Years",
        "country": "United States",
        "gender": "ALL"
      },
      "interventions": [
        "Placebo Control",
        "pregnenolone"
      ],
      "outcomes": [
        "0%",
        "Assessment scales",
        "Blood group antibody I",
        "Clinical Global Impression Generic Modification Version Questionnaire",
        "Clinical impression",
        "Generalized",
        "Intellectual scale",
        "Mean score",
        "Negative",
        "P Blood group antibodies",
        "Population Mean",
        "Symptoms",
        "Symptoms score",
        "USH1G gene"
      ]
    }
  },
  {
    "nct_id": "NCT00560950",
    "conditions": [
      "Pneumococcal Infections"
    ],
    "pico_attributes": {
      "populations": {
        "minimum_age": "59 Years",
        "maximum_age": "NA",
        "country": "",
        "gender": "ALL"
      },
      "interventions": [
        "Polyvalent pneumococcal vaccine"
      ],
      "outcomes": [
        "1 Day",
        "30%",
        "Able to Concentrate Question",
        "Complete",
        "Daily",
        "Extension",
        "Extensive Stage",
        "Geometric Mean",
        "Human Study Subject",
        "Serotype"
      ]
    }
  },
  {
    "nct_id": "NCT00560963",
    "conditions": [
      "Advanced phase",
      "Metastatic Pancreatic Adenocarcinoma"
    ],
    "pico_attributes": {
      "populations": {
        "minimum_age": "18 Years",
        "maximum_age": "NA",
        "country": "Germany",
        "gender": "ALL"
      },
      "interventions": [
        "everolimus"
      ],
      "outcomes": []
    }
  },
  {
    "nct_id": "NCT00560976",
    "conditions": [
      "Drug Administration via Hemodialysis",
      "Kidney Failure",
      "chronic"
    ],
    "pico_attributes": {
      "populations": {
        "minimum_age": "18 Years",
        "maximum_age": "88 Years",
        "country": "Israel",
        "gender": "ALL"
      },
      "interventions": [
        "Venofer",
        "iron sucrose"
      ],
      "outcomes": []
    }
  },
  {
    "nct_id": "NCT00560989",
    "conditions": [
      "Berylliosis",
      "SARCOIDOSIS, SUSCEPTIBILITY TO, 1 (finding)"
    ],
    "pico_attributes": {
      "populations": {
        "minimum_age": "18 Years",
        "maximum_age": "80 Years",
        "country": "United States",
        "gender": "ALL"
      },
      "interventions": [],
      "outcomes": []
    }
  },
  {
    "nct_id": "NCT00561002",
    "conditions": [
      "Influenza"
    ],
    "pico_attributes": {
      "populations": {
        "minimum_age": "6 Months",
        "maximum_age": "35 Months",
        "country": "United States",
        "gender": "ALL"
      },
      "interventions": [
        "Influenza virus vaccine"
      ],
      "outcomes": [
        "/40",
        "Amount type - Percentage",
        "Antibody titer measurement",
        "Antigens",
        "Count of entities",
        "Drug Formulation Process",
        "Fluzone",
        "HIV Seroconversion",
        "Immunization reaction",
        "Influenza",
        "Injection site",
        "Participant",
        "Post",
        "Rate",
        "Systemic",
        "Vaccination",
        "serum Haemagglutination inhibition"
      ]
    }
  },
  {
    "nct_id": "NCT00561015",
    "conditions": [
      "Hepatitis C",
      "chronic"
    ],
    "pico_attributes": {
      "populations": {
        "minimum_age": "18 Years",
        "maximum_age": "65 Years",
        "country": "United Kingdom",
        "gender": "ALL"
      },
      "interventions": [
        "Placebo Control",
        "Standard Treatment",
        "peginterferon alfa-2a",
        "ribavirin",
        "telaprevir"
      ],
      "outcomes": [
        "1 Day",
        "10%",
        "Act Relationship Subset - maximum",
        "ActRelationshipSubset - minimum",
        "Amount type - Percentage",
        "Area Under Curve",
        "Area Under the Curve Over Dosing Interval",
        "Cmax",
        "Cmin",
        "Daily",
        "Data Type Interval",
        "Disease classification level",
        "Dosage",
        "During",
        "Global Relapse",
        "Hepatitis C",
        "IU/mL",
        "Median (qualifier value)",
        "Participant",
        "Plasma",
        "Preposition For",
        "RNA",
        "Reaction Time",
        "Time",
        "Viral Breakthrough",
        "Virologic Response",
        "plasma concentration",
        "telaprevir",
        "virologic"
      ]
    }
  },
  {
    "nct_id": "NCT00561028",
    "conditions": [
      "Arteriosclerosis",
      "Chlamydia Infections",
      "Coronary Arteriosclerosis",
      "Mycoplasma Infections"
    ],
    "pico_attributes": {
      "populations": {
        "minimum_age": "18 Years",
        "maximum_age": "NA",
        "country": "",
        "gender": "ALL"
      },
      "interventions": [
        "Analysis",
        "Biospecimen",
        "Blood",
        "Blood specimen",
        "Chlamydia species antibody (substance)",
        "Hematologic Tests",
        "Mycoplasma",
        "Sample analysis"
      ],
      "outcomes": []
    }
  },
  {
    "nct_id": "NCT00561041",
    "conditions": [
      "Alcohol Use Disorder"
    ],
    "pico_attributes": {
      "populations": {
        "minimum_age": "13 Years",
        "maximum_age": "18 Years",
        "country": "United States",
        "gender": "ALL"
      },
      "interventions": [
        "Aftercare",
        "Individual psychotherapy",
        "Telephone",
        "brief intervention"
      ],
      "outcomes": []
    }
  },
  {
    "nct_id": "NCT00561054",
    "conditions": [
      "Carcinoma",
      "Lung",
      "Non-small cell"
    ],
    "pico_attributes": {
      "populations": {
        "minimum_age": "18 Years",
        "maximum_age": "NA",
        "country": "Portugal",
        "gender": "ALL"
      },
      "interventions": [
        "cetuximab"
      ],
      "outcomes": []
    }
  },
  {
    "nct_id": "NCT00561067",
    "conditions": [
      "Spinal Cord Injuries"
    ],
    "pico_attributes": {
      "populations": {
        "minimum_age": "18 Years",
        "maximum_age": "65 Years",
        "country": "Italy",
        "gender": "ALL"
      },
      "interventions": [
        "EPO protein, human",
        "methylprednisolone"
      ],
      "outcomes": []
    }
  },
  {
    "nct_id": "NCT00561080",
    "conditions": [
      "Herpes zoster disease",
      "Prevention Study"
    ],
    "pico_attributes": {
      "populations": {
        "minimum_age": "70 Years",
        "maximum_age": "NA",
        "country": "Spain",
        "gender": "ALL"
      },
      "interventions": [
        "Zostavax"
      ],
      "outcomes": [
        "12 Months",
        "Adverse event",
        "Amount type - Percentage",
        "Antibody titer measurement",
        "Chickenpox",
        "Eruptions",
        "Geometric Mean",
        "Herpes zoster disease",
        "Injection Site Reaction",
        "Participant",
        "Post-dose",
        "Related personal status",
        "Report (document)",
        "Serious",
        "Serious Adverse Event",
        "Study Terminated",
        "Systemic",
        "Titer",
        "Vaccination adverse event",
        "Vaccines",
        "Varicella-zoster virus antibody",
        "herpesvirus 3, human"
      ]
    }
  },
  {
    "nct_id": "NCT00561093",
    "conditions": [
      "Hypoalbuminemia",
      "Inflammation",
      "Oxidative Stress",
      "Protein-Energy Malnutrition"
    ],
    "pico_attributes": {
      "populations": {
        "minimum_age": "18 Years",
        "maximum_age": "85 Years",
        "country": "United States",
        "gender": "ALL"
      },
      "interventions": [
        "Anti-Inflammatory Agents",
        "Contraceptives, Oral",
        "GDC Treatment Outcome Terminology",
        "Module",
        "NEPRO",
        "OXEPA",
        "Placebo Control",
        "Similarity",
        "pentoxifylline"
      ],
      "outcomes": []
    }
  },
  {
    "nct_id": "NCT00561106",
    "conditions": [
      "Bell Palsy"
    ],
    "pico_attributes": {
      "populations": {
        "minimum_age": "14 Years",
        "maximum_age": "82 Years",
        "country": "Uruguay",
        "gender": "ALL"
      },
      "interventions": [
        "Placebo Control",
        "prednisone",
        "valacyclovir"
      ],
      "outcomes": []
    }
  },
  {
    "nct_id": "NCT00561119",
    "conditions": [
      "Advanced Breast Carcinoma"
    ],
    "pico_attributes": {
      "populations": {
        "minimum_age": "18 Years",
        "maximum_age": "NA",
        "country": "Korea, Republic of",
        "gender": "FEMALE"
      },
      "interventions": [
        "gemcitabine",
        "paclitaxel"
      ],
      "outcomes": []
    }
  },
  {
    "nct_id": "NCT00561132",
    "conditions": [
      "Prediabetes syndrome"
    ],
    "pico_attributes": {
      "populations": {
        "minimum_age": "40 Years",
        "maximum_age": "50 Years",
        "country": "Mexico",
        "gender": "ALL"
      },
      "interventions": [
        "magnesium oxide",
        "vanadyl sulfate"
      ],
      "outcomes": []
    }
  },
  {
    "nct_id": "NCT00561145",
    "conditions": [
      "Aging",
      "Anorexia"
    ],
    "pico_attributes": {
      "populations": {
        "minimum_age": "20 Years",
        "maximum_age": "85 Years",
        "country": "Netherlands",
        "gender": "MALE"
      },
      "interventions": [
        "Energy",
        "Period (temporal qualifier)",
        "Restricted"
      ],
      "outcomes": [
        "Appetite Quality Question",
        "Body Composition",
        "Body Weight",
        "Compensation as a Defense Mechanism",
        "Energy Intake",
        "Energy Metabolism",
        "Gene Expression",
        "Hormones",
        "Interphase Cell",
        "Involvement with",
        "Questionnaire Domain",
        "Satiation",
        "gastrointestinal function"
      ]
    }
  },
  {
    "nct_id": "NCT00561158",
    "conditions": [
      "Diabetes",
      "How to Prevent Diabetes"
    ],
    "pico_attributes": {
      "populations": {
        "minimum_age": "25 Years",
        "maximum_age": "55 Years",
        "country": "",
        "gender": "FEMALE"
      },
      "interventions": [
        "% live",
        "Eating",
        "Good",
        "Nutrition function",
        "Program"
      ],
      "outcomes": []
    }
  },
  {
    "nct_id": "NCT00561171",
    "conditions": [
      "Diabetes Mellitus, Non-Insulin-Dependent",
      "Hypertension, CTCAE"
    ],
    "pico_attributes": {
      "populations": {
        "minimum_age": "18 Years",
        "maximum_age": "75 Years",
        "country": "Ireland",
        "gender": "ALL"
      },
      "interventions": [],
      "outcomes": []
    }
  },
  {
    "nct_id": "NCT00561184",
    "conditions": [
      "Influenza in Birds"
    ],
    "pico_attributes": {
      "populations": {
        "minimum_age": "18 Years",
        "maximum_age": "60 Years",
        "country": "Italy",
        "gender": "ALL"
      },
      "interventions": [
        "H5N1 Human Influenza"
      ],
      "outcomes": []
    }
  },
  {
    "nct_id": "NCT00561197",
    "conditions": [
      "Advanced phase",
      "Cancer Genus",
      "ELANE wt Allele",
      "Esophageal",
      "Junction Device",
      "Locally"
    ],
    "pico_attributes": {
      "populations": {
        "minimum_age": "18 Years",
        "maximum_age": "NA",
        "country": "United States",
        "gender": "ALL"
      },
      "interventions": [],
      "outcomes": []
    }
  },
  {
    "nct_id": "NCT00561210",
    "conditions": [
      "Borg Category-Ratio 10 Perceived Exertion Score 5",
      "Burn Specimen",
      "Infection",
      "Patients"
    ],
    "pico_attributes": {
      "populations": {
        "minimum_age": "15 Years",
        "maximum_age": "70 Years",
        "country": "France",
        "gender": "ALL"
      },
      "interventions": [],
      "outcomes": []
    }
  },
  {
    "nct_id": "NCT00561223",
    "conditions": [
      "Chronic Obstructive Airway Disease",
      "Pulmonary Hypertension"
    ],
    "pico_attributes": {
      "populations": {
        "minimum_age": "18 Years",
        "maximum_age": "80 Years",
        "country": "United States",
        "gender": "ALL"
      },
      "interventions": [
        "Inhalation Dosing Unit",
        "iloprost"
      ],
      "outcomes": []
    }
  },
  {
    "nct_id": "NCT00561236",
    "conditions": [
      "Hypocortisolism secondary to another disorder"
    ],
    "pico_attributes": {
      "populations": {
        "minimum_age": "18 Years",
        "maximum_age": "75 Years",
        "country": "Israel",
        "gender": "ALL"
      },
      "interventions": [],
      "outcomes": []
    }
  },
  {
    "nct_id": "NCT00561249",
    "conditions": [
      "Assisted Reproductive Technologies",
      "Sperm Injections, Intracytoplasmic"
    ],
    "pico_attributes": {
      "populations": {
        "minimum_age": "18 Years",
        "maximum_age": "NA",
        "country": "Belgium",
        "gender": "FEMALE"
      },
      "interventions": [
        "Assisted (qualifier value)",
        "Laser Device",
        "hatching"
      ],
      "outcomes": []
    }
  },
  {
    "nct_id": "NCT00561262",
    "conditions": [
      "Malignant neoplasm of prostate"
    ],
    "pico_attributes": {
      "populations": {
        "minimum_age": "NA",
        "maximum_age": "79 Years",
        "country": "United Kingdom",
        "gender": "MALE"
      },
      "interventions": [
        "Assessment of quality of life",
        "High-Intensity Focused Ultrasound Ablation",
        "Questionnaire Administration"
      ],
      "outcomes": []
    }
  },
  {
    "nct_id": "NCT00561275",
    "conditions": [
      "Childhood Esophageal Carcinoma"
    ],
    "pico_attributes": {
      "populations": {
        "minimum_age": "20 Years",
        "maximum_age": "75 Years",
        "country": "Japan",
        "gender": "ALL"
      },
      "interventions": [
        "FLT1 protein, human",
        "KDR gene",
        "LY6K gene"
      ],
      "outcomes": []
    }
  },
  {
    "nct_id": "NCT00561288",
    "conditions": [
      "Emotional",
      "Feel Pain"
    ],
    "pico_attributes": {
      "populations": {
        "minimum_age": "17 Years",
        "maximum_age": "NA",
        "country": "Canada",
        "gender": "ALL"
      },
      "interventions": [
        "Acetaminophen [EPC]",
        "corn starch"
      ],
      "outcomes": []
    }
  },
  {
    "nct_id": "NCT00561301",
    "conditions": [
      "Adult Lymphoma"
    ],
    "pico_attributes": {
      "populations": {
        "minimum_age": "15 Years",
        "maximum_age": "65 Years",
        "country": "Korea, Republic of",
        "gender": "ALL"
      },
      "interventions": [],
      "outcomes": []
    }
  },
  {
    "nct_id": "NCT00561314",
    "conditions": [
      "Malignant neoplasm of prostate",
      "Sexual Dysfunction",
      "Urinary Incontinence"
    ],
    "pico_attributes": {
      "populations": {
        "minimum_age": "45 Years",
        "maximum_age": "80 Years",
        "country": "United Kingdom",
        "gender": "MALE"
      },
      "interventions": [
        "Assessment of quality of life",
        "Biopsy",
        "High-Intensity Focused Ultrasound Ablation",
        "Magnetic Resonance Imaging",
        "Questionnaire Administration"
      ],
      "outcomes": []
    }
  },
  {
    "nct_id": "NCT00561327",
    "conditions": [
      "Hypertension, CTCAE"
    ],
    "pico_attributes": {
      "populations": {
        "minimum_age": "19 Years",
        "maximum_age": "80 Years",
        "country": "Germany",
        "gender": "ALL"
      },
      "interventions": [
        "losartan"
      ],
      "outcomes": []
    }
  },
  {
    "nct_id": "NCT00561340",
    "conditions": [
      "Attention deficit hyperactivity disorder"
    ],
    "pico_attributes": {
      "populations": {
        "minimum_age": "5 Years",
        "maximum_age": "9 Years",
        "country": "United States",
        "gender": "ALL"
      },
      "interventions": [
        "Diet education",
        "PEDIASURE"
      ],
      "outcomes": [
        "Change -- procedure",
        "Height"
      ]
    }
  },
  {
    "nct_id": "NCT00561353",
    "conditions": [
      "Hepatitis C",
      "chronic"
    ],
    "pico_attributes": {
      "populations": {
        "minimum_age": "18 Years",
        "maximum_age": "70 Years",
        "country": "United Kingdom",
        "gender": "ALL"
      },
      "interventions": [
        "PEGINTERFERON",
        "Placebo Control",
        "TMC 435",
        "ribavirin"
      ],
      "outcomes": []
    }
  },
  {
    "nct_id": "NCT00561366",
    "conditions": [
      "Amyotrophic Lateral Sclerosis"
    ],
    "pico_attributes": {
      "populations": {
        "minimum_age": "18 Years",
        "maximum_age": "NA",
        "country": "United States",
        "gender": "ALL"
      },
      "interventions": [
        "Placebo Control",
        "arimoclomol"
      ],
      "outcomes": []
    }
  },
  {
    "nct_id": "NCT00561379",
    "conditions": [
      "Adult Lymphoma",
      "Diffuse",
      "Neoplastic Large Cell"
    ],
    "pico_attributes": {
      "populations": {
        "minimum_age": "18 Years",
        "maximum_age": "60 Years",
        "country": "France",
        "gender": "ALL"
      },
      "interventions": [
        "Chop (action)",
        "rituximab"
      ],
      "outcomes": []
    }
  },
  {
    "nct_id": "NCT00561392",
    "conditions": [
      "Alzheimer's Disease"
    ],
    "pico_attributes": {
      "populations": {
        "minimum_age": "50 Years",
        "maximum_age": "NA",
        "country": "Germany",
        "gender": "ALL"
      },
      "interventions": [
        "10%",
        "Body tissue patch material",
        "rivastigmine"
      ],
      "outcomes": [
        "10%",
        "ADHD hyperactive symptoms mean score:Score:Pt:^Patient:Qn:Calculated",
        "Activities of Daily Living (activity)",
        "Alzheimer's Disease",
        "Alzheimer's Disease Cooperative Study Activities of Daily Living Inventory Questionnaire",
        "Amount type - Percentage",
        "BaseLine dental cement",
        "Body tissue patch material",
        "CD44 wt Allele",
        "Change -- procedure",
        "Complete",
        "Compliance behavior",
        "Equipment and supply inventories",
        "Mini",
        "Part",
        "Participant",
        "Population Mean",
        "Regardless",
        "Room of building - Study",
        "Trail Making Test",
        "Treating",
        "Weekly",
        "caregiver burden",
        "cooperative study",
        "rivastigmine",
        "week"
      ]
    }
  }
]