[
  {
    "nct_id": "NCT00256165",
    "conditions": [
      "Aortic Valve Stenosis"
    ],
    "pico_attributes": {
      "populations": {
        "minimum_age": "18 Years",
        "maximum_age": "NA",
        "country": "Germany",
        "gender": "ALL"
      },
      "interventions": [
        "Body tissue",
        "Control Valve Device"
      ],
      "outcomes": []
    }
  },
  {
    "nct_id": "NCT00256178",
    "conditions": [
      "Hypercholesterolemia"
    ],
    "pico_attributes": {
      "populations": {
        "minimum_age": "18 Years",
        "maximum_age": "NA",
        "country": "United Kingdom",
        "gender": "ALL"
      },
      "interventions": [
        "Lapaquistat Acetate",
        "simvastatin"
      ],
      "outcomes": []
    }
  },
  {
    "nct_id": "NCT00256191",
    "conditions": [
      "Hodgkin Disease",
      "Lymphoma, Non-Hodgkin",
      "Neoplasms"
    ],
    "pico_attributes": {
      "populations": {
        "minimum_age": "18 Years",
        "maximum_age": "85 Years",
        "country": "United States",
        "gender": "ALL"
      },
      "interventions": [
        "Injection",
        "TPI-287"
      ],
      "outcomes": []
    }
  },
  {
    "nct_id": "NCT00256204",
    "conditions": [
      "Parkinson Disease"
    ],
    "pico_attributes": {
      "populations": {
        "minimum_age": "30 Years",
        "maximum_age": "80 Years",
        "country": "United States",
        "gender": "ALL"
      },
      "interventions": [
        "Placebo Control",
        "rasagiline mesylate"
      ],
      "outcomes": []
    }
  },
  {
    "nct_id": "NCT00256217",
    "conditions": [
      "Noninfiltrating Intraductal Carcinoma"
    ],
    "pico_attributes": {
      "populations": {
        "minimum_age": "18 Years",
        "maximum_age": "NA",
        "country": "United States",
        "gender": "FEMALE"
      },
      "interventions": [
        "anastrozole"
      ],
      "outcomes": [
        "Change -- procedure",
        "Count of entities",
        "Disease Response",
        "Disease classification level",
        "Histopathological aspects",
        "In addition to",
        "Ki67 Measurement",
        "Participant"
      ]
    }
  },
  {
    "nct_id": "NCT00256230",
    "conditions": [
      "IV number:ID:Pt:^Patient:Nom",
      "stage, melanoma"
    ],
    "pico_attributes": {
      "populations": {
        "minimum_age": "18 Years",
        "maximum_age": "80 Years",
        "country": "United States",
        "gender": "ALL"
      },
      "interventions": [],
      "outcomes": []
    }
  },
  {
    "nct_id": "NCT00256243",
    "conditions": [
      "Breast Carcinoma"
    ],
    "pico_attributes": {
      "populations": {
        "minimum_age": "18 Years",
        "maximum_age": "NA",
        "country": "United States",
        "gender": "FEMALE"
      },
      "interventions": [
        "Granulocyte-Macrophage Colony-Stimulating Factor",
        "carboplatin",
        "cyclophosphamide",
        "doxorubicin",
        "paclitaxel",
        "trastuzumab"
      ],
      "outcomes": [
        "Clinical",
        "Clinical Response",
        "Frequency of Responses",
        "Microscopic",
        "Pathologic",
        "Rate"
      ]
    }
  },
  {
    "nct_id": "NCT00256256",
    "conditions": [
      "Cerebrovascular accident",
      "Diabetes Mellitus, Non-Insulin-Dependent",
      "Electrocardiogram: myocardial infarction (finding)"
    ],
    "pico_attributes": {
      "populations": {
        "minimum_age": "20 Years",
        "maximum_age": "50 Years",
        "country": "Denmark",
        "gender": "MALE"
      },
      "interventions": [
        "GCG gene"
      ],
      "outcomes": []
    }
  },
  {
    "nct_id": "NCT00256269",
    "conditions": [
      "Childhood Esophageal Carcinoma",
      "Gastrooesophageal cancer"
    ],
    "pico_attributes": {
      "populations": {
        "minimum_age": "18 Years",
        "maximum_age": "NA",
        "country": "United States",
        "gender": "ALL"
      },
      "interventions": [
        "irinotecan",
        "oxaliplatin"
      ],
      "outcomes": []
    }
  },
  {
    "nct_id": "NCT00256282",
    "conditions": [
      "Metastatic melanoma"
    ],
    "pico_attributes": {
      "populations": {
        "minimum_age": "18 Years",
        "maximum_age": "NA",
        "country": "United States",
        "gender": "ALL"
      },
      "interventions": [
        "CSF2 gene",
        "docetaxel",
        "vinorelbine"
      ],
      "outcomes": [
        "Alive",
        "Amount type - Percentage",
        "One year",
        "Patients"
      ]
    }
  },
  {
    "nct_id": "NCT00256295",
    "conditions": [
      "Malignant Head and Neck Neoplasm"
    ],
    "pico_attributes": {
      "populations": {
        "minimum_age": "18 Years",
        "maximum_age": "NA",
        "country": "United States",
        "gender": "ALL"
      },
      "interventions": [
        "gemcitabine",
        "oxaliplatin"
      ],
      "outcomes": [
        "Compleat Liquid Nutrition",
        "Failure",
        "Frequencies (time pattern)",
        "Frequency of Responses",
        "Global Partial Response",
        "Overall",
        "Overall Response",
        "Overall Survival",
        "Rate",
        "Severities",
        "Time-to-Treatment",
        "Toxic effect"
      ]
    }
  },
  {
    "nct_id": "NCT00256308",
    "conditions": [
      "Head and Neck Carcinoma"
    ],
    "pico_attributes": {
      "populations": {
        "minimum_age": "18 Years",
        "maximum_age": "NA",
        "country": "United States",
        "gender": "ALL"
      },
      "interventions": [
        "Electromagnetic Radiation",
        "oxaliplatin"
      ],
      "outcomes": [
        "Control function",
        "Disease-Free Survival",
        "Frequencies (time pattern)",
        "Global Relapse",
        "Local-Regional anatomy",
        "Rate",
        "Severities",
        "Site of",
        "Survival Rate",
        "Toxic effect"
      ]
    }
  },
  {
    "nct_id": "NCT00256321",
    "conditions": [
      "Carcinoma",
      "Esophagogastric Junction",
      "Stomach Carcinoma"
    ],
    "pico_attributes": {
      "populations": {
        "minimum_age": "18 Years",
        "maximum_age": "80 Years",
        "country": "United States",
        "gender": "ALL"
      },
      "interventions": [
        "capecitabine",
        "celecoxib",
        "oxaliplatin"
      ],
      "outcomes": []
    }
  },
  {
    "nct_id": "NCT00256334",
    "conditions": [
      "Cancer Genus",
      "Colon Carcinoma"
    ],
    "pico_attributes": {
      "populations": {
        "minimum_age": "18 Years",
        "maximum_age": "NA",
        "country": "United States",
        "gender": "ALL"
      },
      "interventions": [
        "resveratrol"
      ],
      "outcomes": []
    }
  },
  {
    "nct_id": "NCT00256347",
    "conditions": [
      "Healthy Volunteers"
    ],
    "pico_attributes": {
      "populations": {
        "minimum_age": "21 Years",
        "maximum_age": "50 Years",
        "country": "United States",
        "gender": "ALL"
      },
      "interventions": [
        "Intramuscular injection",
        "morphine"
      ],
      "outcomes": []
    }
  },
  {
    "nct_id": "NCT00256360",
    "conditions": [
      "Breast Carcinoma"
    ],
    "pico_attributes": {
      "populations": {
        "minimum_age": "18 Years",
        "maximum_age": "70 Years",
        "country": "Belgium",
        "gender": "FEMALE"
      },
      "interventions": [
        "Dense",
        "Dosage",
        "Neulasta"
      ],
      "outcomes": []
    }
  },
  {
    "nct_id": "NCT00256373",
    "conditions": [
      "Chronic low back pain"
    ],
    "pico_attributes": {
      "populations": {
        "minimum_age": "18 Years",
        "maximum_age": "60 Years",
        "country": "Denmark",
        "gender": "ALL"
      },
      "interventions": [
        "Diabetes Mellitus, Non-Insulin-Dependent",
        "Dynamic",
        "Function (attribute)",
        "Skeletal muscle structure of back",
        "Type of restoration"
      ],
      "outcomes": []
    }
  },
  {
    "nct_id": "NCT00256386",
    "conditions": [
      "Safety"
    ],
    "pico_attributes": {
      "populations": {
        "minimum_age": "18 Years",
        "maximum_age": "NA",
        "country": "United States",
        "gender": "ALL"
      },
      "interventions": [
        "Clinical Study Follow-up",
        "Letter:Find:Pt:{Setting}:Doc:Team",
        "Pharmaceutical Services",
        "Phone Call"
      ],
      "outcomes": []
    }
  },
  {
    "nct_id": "NCT00256399",
    "conditions": [
      "Benign Prostatic Hyperplasia",
      "Erectile Dysfunction, CTCAE"
    ],
    "pico_attributes": {
      "populations": {
        "minimum_age": "45 Years",
        "maximum_age": "75 Years",
        "country": "United States",
        "gender": "MALE"
      },
      "interventions": [
        "10%",
        "MG",
        "alfuzosin"
      ],
      "outcomes": []
    }
  },
  {
    "nct_id": "NCT00256412",
    "conditions": [
      "Major Depressive Disorder"
    ],
    "pico_attributes": {
      "populations": {
        "minimum_age": "18 Years",
        "maximum_age": "55 Years",
        "country": "United States",
        "gender": "ALL"
      },
      "interventions": [
        "Placebo Control"
      ],
      "outcomes": []
    }
  },
  {
    "nct_id": "NCT00256425",
    "conditions": [
      "Cognition Disorders",
      "Glioblastoma Multiforme Pathway"
    ],
    "pico_attributes": {
      "populations": {
        "minimum_age": "18 Years",
        "maximum_age": "70 Years",
        "country": "Netherlands",
        "gender": "ALL"
      },
      "interventions": [
        "cognitive rehabilitation"
      ],
      "outcomes": []
    }
  },
  {
    "nct_id": "NCT00256438",
    "conditions": [
      "Depressed mood"
    ],
    "pico_attributes": {
      "populations": {
        "minimum_age": "18 Years",
        "maximum_age": "65 Years",
        "country": "Australia",
        "gender": "ALL"
      },
      "interventions": [
        "Transcranial Direct Current Stimulation"
      ],
      "outcomes": []
    }
  },
  {
    "nct_id": "NCT00256451",
    "conditions": [
      "Healthy"
    ],
    "pico_attributes": {
      "populations": {
        "minimum_age": "21 Years",
        "maximum_age": "NA",
        "country": "United States",
        "gender": "ALL"
      },
      "interventions": [
        "Alcohols",
        "NOAC protocol",
        "Placebo Control",
        "naltrexone"
      ],
      "outcomes": [
        "Abnormally high",
        "Alcohols",
        "Biphasic",
        "Fatigue",
        "How True Feel Vigorous Right Now",
        "Intellectual scale",
        "Profile of mood states",
        "Sedated state",
        "Stimulation (motivation)",
        "Subjective observation (qualifier value)",
        "alcohol effect"
      ]
    }
  },
  {
    "nct_id": "NCT00256464",
    "conditions": [
      "Depressed mood",
      "Post-Traumatic Stress Disorder"
    ],
    "pico_attributes": {
      "populations": {
        "minimum_age": "50 Years",
        "maximum_age": "70 Years",
        "country": "",
        "gender": "MALE"
      },
      "interventions": [
        "Component (part)",
        "Intervention regimes",
        "Numerous",
        "Yoga"
      ],
      "outcomes": []
    }
  },
  {
    "nct_id": "NCT00256477",
    "conditions": [
      "Post-Traumatic Stress Disorder"
    ],
    "pico_attributes": {
      "populations": {
        "minimum_age": "50 Years",
        "maximum_age": "70 Years",
        "country": "",
        "gender": "MALE"
      },
      "interventions": [
        "Inhalation technique"
      ],
      "outcomes": []
    }
  },
  {
    "nct_id": "NCT00256490",
    "conditions": [
      "Adult Lymphoma",
      "Neoplastic Large Cell"
    ],
    "pico_attributes": {
      "populations": {
        "minimum_age": "18 Years",
        "maximum_age": "70 Years",
        "country": "Canada",
        "gender": "ALL"
      },
      "interventions": [
        "20%",
        "Chemotherapy cycle",
        "First (number)",
        "PET/CT scan",
        "day"
      ],
      "outcomes": []
    }
  },
  {
    "nct_id": "NCT00256503",
    "conditions": [
      "Primary Insomnia"
    ],
    "pico_attributes": {
      "populations": {
        "minimum_age": "25 Years",
        "maximum_age": "55 Years",
        "country": "United States",
        "gender": "ALL"
      },
      "interventions": [
        "Cognitive Behavioral Therapy for Insomnia"
      ],
      "outcomes": []
    }
  },
  {
    "nct_id": "NCT00256516",
    "conditions": [
      "Cardiovascular Diseases",
      "Hypercholesterolemia"
    ],
    "pico_attributes": {
      "populations": {
        "minimum_age": "21 Years",
        "maximum_age": "70 Years",
        "country": "Canada",
        "gender": "ALL"
      },
      "interventions": [
        "Abnormally high",
        "Atkins Diet",
        "Basal Diet",
        "Endocrine-Cerebroosteodysplasia",
        "FAT1 wt Allele",
        "Plant Proteins, Dietary",
        "Vegetables"
      ],
      "outcomes": []
    }
  },
  {
    "nct_id": "NCT00256529",
    "conditions": [
      "Esophagitis"
    ],
    "pico_attributes": {
      "populations": {
        "minimum_age": "18 Years",
        "maximum_age": "90 Years",
        "country": "United States",
        "gender": "ALL"
      },
      "interventions": [
        "Biopsy",
        "Esophagogastroduodenoscopy"
      ],
      "outcomes": []
    }
  },
  {
    "nct_id": "NCT00256542",
    "conditions": [
      "Chronic interstitial cystitis",
      "Pelvic Pain",
      "Urinary Bladder Diseases"
    ],
    "pico_attributes": {
      "populations": {
        "minimum_age": "18 Years",
        "maximum_age": "NA",
        "country": "United States",
        "gender": "ALL"
      },
      "interventions": [
        "heparin",
        "lidocaine"
      ],
      "outcomes": []
    }
  },
  {
    "nct_id": "NCT00256555",
    "conditions": [
      "Cystic Fibrosis"
    ],
    "pico_attributes": {
      "populations": {
        "minimum_age": "5 Years",
        "maximum_age": "12 Years",
        "country": "",
        "gender": "ALL"
      },
      "interventions": [
        "Autism Spectrum Quotient",
        "Nutropin"
      ],
      "outcomes": []
    }
  },
  {
    "nct_id": "NCT00256568",
    "conditions": [
      "Medication Error"
    ],
    "pico_attributes": {
      "populations": {
        "minimum_age": "18 Years",
        "maximum_age": "NA",
        "country": "United States",
        "gender": "ALL"
      },
      "interventions": [
        "Device system",
        "Reporting"
      ],
      "outcomes": []
    }
  },
  {
    "nct_id": "NCT00256581",
    "conditions": [
      "Chest Pain",
      "Coronary Arteriosclerosis"
    ],
    "pico_attributes": {
      "populations": {
        "minimum_age": "18 Years",
        "maximum_age": "NA",
        "country": "United States",
        "gender": "ALL"
      },
      "interventions": [
        "Additional",
        "Camera <invertebrate>",
        "Image",
        "New",
        "Rest",
        "Set (Psychology)",
        "Stress"
      ],
      "outcomes": []
    }
  },
  {
    "nct_id": "NCT00256594",
    "conditions": [
      "Medication Error"
    ],
    "pico_attributes": {
      "populations": {
        "minimum_age": "21 Years",
        "maximum_age": "NA",
        "country": "United States",
        "gender": "ALL"
      },
      "interventions": [
        "Form:Finding:Point in time:{Setting}:Document:{Role}",
        "Prescription procedure"
      ],
      "outcomes": []
    }
  },
  {
    "nct_id": "NCT00256607",
    "conditions": [
      "Diabetes Mellitus, Non-Insulin-Dependent"
    ],
    "pico_attributes": {
      "populations": {
        "minimum_age": "40 Years",
        "maximum_age": "NA",
        "country": "United States",
        "gender": "ALL"
      },
      "interventions": [],
      "outcomes": []
    }
  },
  {
    "nct_id": "NCT00256620",
    "conditions": [
      "Coronary Artery Bypass Surgery",
      "Patients"
    ],
    "pico_attributes": {
      "populations": {
        "minimum_age": "35 Years",
        "maximum_age": "89 Years",
        "country": "United States",
        "gender": "ALL"
      },
      "interventions": [
        "80%",
        "Cardiopulmonary Bypass",
        "Customize",
        "Mean blood pressure",
        "mmHg"
      ],
      "outcomes": []
    }
  },
  {
    "nct_id": "NCT00256633",
    "conditions": [
      "Diabetes Mellitus, Non-Insulin-Dependent"
    ],
    "pico_attributes": {
      "populations": {
        "minimum_age": "40 Years",
        "maximum_age": "NA",
        "country": "United States",
        "gender": "ALL"
      },
      "interventions": [],
      "outcomes": []
    }
  },
  {
    "nct_id": "NCT00256646",
    "conditions": [
      "Diabetes Mellitus, Non-Insulin-Dependent"
    ],
    "pico_attributes": {
      "populations": {
        "minimum_age": "40 Years",
        "maximum_age": "NA",
        "country": "United States",
        "gender": "ALL"
      },
      "interventions": [
        "rosiglitazone"
      ],
      "outcomes": []
    }
  },
  {
    "nct_id": "NCT00256659",
    "conditions": [
      "Hospital patient (finding)",
      "Malaise",
      "Medical",
      "Moderate",
      "New York (geographic location)",
      "Presbyterian Church"
    ],
    "pico_attributes": {
      "populations": {
        "minimum_age": "18 Years",
        "maximum_age": "NA",
        "country": "United States",
        "gender": "ALL"
      },
      "interventions": [
        "Ancillary",
        "Assessed",
        "Early",
        "Referral to service (procedure)",
        "Standard (document)",
        "care activity"
      ],
      "outcomes": []
    }
  },
  {
    "nct_id": "NCT00256672",
    "conditions": [
      "Acquired scoliosis"
    ],
    "pico_attributes": {
      "populations": {
        "minimum_age": "5 Years",
        "maximum_age": "16 Years",
        "country": "United States",
        "gender": "ALL"
      },
      "interventions": [],
      "outcomes": []
    }
  },
  {
    "nct_id": "NCT00256685",
    "conditions": [
      "Bothered by Hot Flashes",
      "Menopause",
      "Sleep Disorders"
    ],
    "pico_attributes": {
      "populations": {
        "minimum_age": "0 Years",
        "maximum_age": "NA",
        "country": "",
        "gender": "FEMALE"
      },
      "interventions": [
        "Final Statistical Report"
      ],
      "outcomes": []
    }
  },
  {
    "nct_id": "NCT00256698",
    "conditions": [
      "Breast Carcinoma"
    ],
    "pico_attributes": {
      "populations": {
        "minimum_age": "NA",
        "maximum_age": "NA",
        "country": "Turkey",
        "gender": "FEMALE"
      },
      "interventions": [
        "anastrozole",
        "fulvestrant"
      ],
      "outcomes": []
    }
  },
  {
    "nct_id": "NCT00256711",
    "conditions": [
      "Non-Small Cell Lung Carcinoma"
    ],
    "pico_attributes": {
      "populations": {
        "minimum_age": "70 Years",
        "maximum_age": "NA",
        "country": "United Kingdom",
        "gender": "ALL"
      },
      "interventions": [
        "gefitinib",
        "vinorelbine"
      ],
      "outcomes": []
    }
  },
  {
    "nct_id": "NCT00256724",
    "conditions": [
      "Hypotension"
    ],
    "pico_attributes": {
      "populations": {
        "minimum_age": "18 Years",
        "maximum_age": "85 Years",
        "country": "United States",
        "gender": "ALL"
      },
      "interventions": [
        "Devices",
        "Intralobular part of terminal lactiferous duct",
        "NOAC protocol",
        "Quantitative impedance",
        "Threshold"
      ],
      "outcomes": [
        "/10 min",
        "BaseLine dental cement",
        "Comparison",
        "Data Type - Quantity",
        "During",
        "Encouragement of fluid volume compliance",
        "First (number)",
        "Increase in blood pressure",
        "Systole",
        "Use of"
      ]
    }
  },
  {
    "nct_id": "NCT00256737",
    "conditions": [
      "Gastroesophageal reflux disease"
    ],
    "pico_attributes": {
      "populations": {
        "minimum_age": "18 Years",
        "maximum_age": "NA",
        "country": "Sweden",
        "gender": "ALL"
      },
      "interventions": [
        "omeprazole"
      ],
      "outcomes": []
    }
  },
  {
    "nct_id": "NCT00256750",
    "conditions": [
      "Kidney Failure, Chronic",
      "Kidney Transplantation"
    ],
    "pico_attributes": {
      "populations": {
        "minimum_age": "18 Years",
        "maximum_age": "NA",
        "country": "United States",
        "gender": "ALL"
      },
      "interventions": [
        "Act Mood - intent",
        "Cyclosporins",
        "Less Than",
        "Li Chinese",
        "More",
        "Motivational Interviewing",
        "belatacept"
      ],
      "outcomes": [
        "1 (finding)",
        "36",
        "84",
        "AT genotype",
        "Abnormality of metabolism/homeostasis",
        "Acute Rejection",
        "Adverse Event Domain",
        "Anticipated",
        "Antihypertensive Agents",
        "BRAF Gene Rearrangement",
        "BaseLine dental cement",
        "Cessation of life",
        "Change -- procedure",
        "Changed status",
        "Clinical Trial Discontinuation",
        "Component object",
        "Composite",
        "Control function",
        "Count of entities",
        "Daily Living",
        "Delayed Graft Function",
        "Deny (action)",
        "Diabetes Mellitus",
        "Diastolic blood pressure",
        "Disease classification level",
        "Donor person",
        "Due to",
        "Dyslipidemias",
        "Eight",
        "End Point",
        "GDC Treatment Outcome Terminology",
        "Graft material",
        "Has development",
        "Hypertension, CTCAE",
        "Hypolipidemic Agents",
        "In addition to",
        "Incidence",
        "Intravascular mean:Pressure:Point in time:Arterial system:Quantitative",
        "Intravascular systolic:Pressure:Point in time:Arterial system:Quantitative",
        "Lipids",
        "Lymphocytotoxic Antibodies",
        "Marked",
        "Mean score",
        "Medications",
        "Meetings",
        "Monthly (qualifier value)",
        "Negation",
        "New",
        "Numerical value",
        "Onset of (contextual qualifier)",
        "Parameter Value",
        "Participant",
        "Percent (qualifier value)",
        "Physical",
        "Polyclonality",
        "Population Mean",
        "Post",
        "Preparation",
        "Prevalence aspects",
        "Psyche structure",
        "Quality of life score",
        "Questionnaires",
        "Renal Insufficiency",
        "SF-36",
        "Serious Adverse Event",
        "Special Event of Interest Document",
        "Subclinical",
        "Systole",
        "Transplant",
        "Transplantation",
        "Use of",
        "Value Domain",
        "With intensity",
        "criteria",
        "graft loss",
        "hypertension controlled",
        "month",
        "new onset",
        "survive"
      ]
    }
  },
  {
    "nct_id": "NCT00256776",
    "conditions": [
      "Multiple Myeloma"
    ],
    "pico_attributes": {
      "populations": {
        "minimum_age": "18 Years",
        "maximum_age": "NA",
        "country": "United Kingdom",
        "gender": "ALL"
      },
      "interventions": [
        "Velcade",
        "bortezomib",
        "dexamethasone",
        "thalidomide"
      ],
      "outcomes": [
        "Cause of Death",
        "Compleat Liquid Nutrition",
        "Data Type Interval",
        "Date Fruit",
        "Frequency of Responses",
        "Human Study Subject",
        "IMWG Minimal Response",
        "Overall Survival",
        "Partial",
        "Progression-Free Survival",
        "Proportion",
        "Randomization"
      ]
    }
  },
  {
    "nct_id": "NCT00256789",
    "conditions": [
      "Carcinoma",
      "Lung",
      "Non-small cell"
    ],
    "pico_attributes": {
      "populations": {
        "minimum_age": "NA",
        "maximum_age": "NA",
        "country": "United States",
        "gender": "ALL"
      },
      "interventions": [
        "Chemotherapy",
        "Electromagnetic Radiation"
      ],
      "outcomes": []
    }
  },
  {
    "nct_id": "NCT00256802",
    "conditions": [
      "GTN",
      "Headache",
      "Healthy Volunteers",
      "MRC1 gene",
      "Migraine Disorders",
      "Structure of middle cerebral artery",
      "angiogram"
    ],
    "pico_attributes": {
      "populations": {
        "minimum_age": "18 Years",
        "maximum_age": "40 Years",
        "country": "",
        "gender": "ALL"
      },
      "interventions": [
        "GTN",
        "MRC1 gene",
        "angiogram"
      ],
      "outcomes": []
    }
  },
  {
    "nct_id": "NCT00256815",
    "conditions": [
      "Carcinoma",
      "Lung",
      "Non-small cell"
    ],
    "pico_attributes": {
      "populations": {
        "minimum_age": "NA",
        "maximum_age": "NA",
        "country": "United States",
        "gender": "ALL"
      },
      "interventions": [
        "Chemotherapy",
        "Electromagnetic Radiation"
      ],
      "outcomes": []
    }
  },
  {
    "nct_id": "NCT00256828",
    "conditions": [
      "HIV Infections"
    ],
    "pico_attributes": {
      "populations": {
        "minimum_age": "18 Years",
        "maximum_age": "NA",
        "country": "Spain",
        "gender": "ALL"
      },
      "interventions": [
        "didanosine",
        "efavirenz",
        "lamivudine"
      ],
      "outcomes": []
    }
  },
  {
    "nct_id": "NCT00256841",
    "conditions": [
      "Carcinoma",
      "Lung",
      "Non-small cell"
    ],
    "pico_attributes": {
      "populations": {
        "minimum_age": "NA",
        "maximum_age": "NA",
        "country": "United States",
        "gender": "ALL"
      },
      "interventions": [
        "Chemotherapy",
        "Therapeutic radiology procedure"
      ],
      "outcomes": []
    }
  },
  {
    "nct_id": "NCT00256854",
    "conditions": [
      "Restless Legs Syndrome"
    ],
    "pico_attributes": {
      "populations": {
        "minimum_age": "18 Years",
        "maximum_age": "79 Years",
        "country": "United States",
        "gender": "ALL"
      },
      "interventions": [
        "CALB2 protein, human",
        "INSR protein, human",
        "Placebo Control",
        "ropinirole 1 MG",
        "ropinirole 2 MG",
        "ropinirole 3 MG"
      ],
      "outcomes": [
        "1 Week",
        "Adverse Event Domain",
        "Androgen Binding Protein",
        "Before",
        "CALB2 protein, human",
        "CD44 wt Allele",
        "Change -- procedure",
        "Conversions",
        "Count of entities",
        "Diastole",
        "Discontinue - dosing instruction imperative",
        "Due to",
        "From",
        "GC, vitamin D binding protein, human",
        "GDC Treatment Outcome Terminology",
        "INSR protein, human",
        "Participant",
        "Period (temporal qualifier)",
        "Pharmaceutical Preparations",
        "Post",
        "Pulse Rate",
        "Restless Legs Syndrome",
        "SUMO activating enzyme complex",
        "Scanning Auger Spectrometer (device)",
        "Severities",
        "Standing position",
        "Systole",
        "blood pressure ambulatory",
        "ropinirole"
      ]
    }
  },
  {
    "nct_id": "NCT00256867",
    "conditions": [
      "Bristol Stool Type 2",
      "Diabetes Mellitus"
    ],
    "pico_attributes": {
      "populations": {
        "minimum_age": "18 Years",
        "maximum_age": "75 Years",
        "country": "United States",
        "gender": "ALL"
      },
      "interventions": [],
      "outcomes": [
        "+2",
        "0%",
        "0.7",
        "1.67",
        "100%",
        "30%",
        "59",
        "BaseLine dental cement",
        "Body Weight",
        "CMD1B gene",
        "Change -- procedure",
        "Clinical",
        "Clinical Laboratory",
        "Concern",
        "Count of entities",
        "Detected (finding)",
        "Diastole",
        "Diastolic blood pressure",
        "Entity With Role in Clinical Study",
        "Evaluation",
        "Evaluation procedure",
        "GDC Treatment Outcome Terminology",
        "Glycosylated hemoglobin Reduction",
        "In Urine",
        "In addition to",
        "Including (qualifier)",
        "Intravascular systolic:Pressure:Point in time:Arterial system:Quantitative",
        "LDL 6",
        "Laboratory",
        "Median (qualifier value)",
        "Millimole per Liter",
        "On (qualifier value)",
        "Participant",
        "Percent Change From Baseline",
        "Population Mean",
        "Post",
        "Potential",
        "Radiological Exposure Device",
        "Range",
        "Reduced",
        "Sign or Symptom",
        "Single Agent Therapy",
        "Specific qualifier value",
        "Systole",
        "Taking vital signs",
        "Therapeutic procedure",
        "Time",
        "Vital (qualifier value)",
        "Vital signs",
        "Weekly",
        "White Blood Cell Count procedure",
        "heart rate",
        "mg/dL"
      ]
    }
  },
  {
    "nct_id": "NCT00256880",
    "conditions": [
      "Carcinoma",
      "Epithelial cell of renal tubule"
    ],
    "pico_attributes": {
      "populations": {
        "minimum_age": "21 Years",
        "maximum_age": "NA",
        "country": "United States",
        "gender": "ALL"
      },
      "interventions": [
        "GW786034"
      ],
      "outcomes": []
    }
  },
  {
    "nct_id": "NCT00256893",
    "conditions": [
      "Fibromyalgia",
      "Primary"
    ],
    "pico_attributes": {
      "populations": {
        "minimum_age": "18 Years",
        "maximum_age": "NA",
        "country": "United Kingdom",
        "gender": "ALL"
      },
      "interventions": [
        "ropinirole"
      ],
      "outcomes": []
    }
  },
  {
    "nct_id": "NCT00256906",
    "conditions": [
      "Fetal development of the mammalian embryo or fetus"
    ],
    "pico_attributes": {
      "populations": {
        "minimum_age": "1 Year",
        "maximum_age": "10 Years",
        "country": "Israel",
        "gender": "ALL"
      },
      "interventions": [],
      "outcomes": []
    }
  },
  {
    "nct_id": "NCT00256919",
    "conditions": [
      "Arthritis"
    ],
    "pico_attributes": {
      "populations": {
        "minimum_age": "18 Years",
        "maximum_age": "NA",
        "country": "Ukraine",
        "gender": "ALL"
      },
      "interventions": [
        "GW856553"
      ],
      "outcomes": []
    }
  },
  {
    "nct_id": "NCT00256932",
    "conditions": [
      "Bowel dysfunction",
      "Constipation"
    ],
    "pico_attributes": {
      "populations": {
        "minimum_age": "18 Years",
        "maximum_age": "NA",
        "country": "United States",
        "gender": "ALL"
      },
      "interventions": [
        "Placebo Control",
        "alvimopan"
      ],
      "outcomes": []
    }
  },
  {
    "nct_id": "NCT00256945",
    "conditions": [
      "Antibiotics",
      "Intake",
      "diabetic"
    ],
    "pico_attributes": {
      "populations": {
        "minimum_age": "18 Years",
        "maximum_age": "NA",
        "country": "Israel",
        "gender": "ALL"
      },
      "interventions": [
        "Dental restorative material",
        "Preparation",
        "Surface"
      ],
      "outcomes": []
    }
  },
  {
    "nct_id": "NCT00256958",
    "conditions": [
      "Degenerative polyarthritis",
      "Knee Replacement Arthroplasty (procedure)"
    ],
    "pico_attributes": {
      "populations": {
        "minimum_age": "50 Years",
        "maximum_age": "90 Years",
        "country": "Israel",
        "gender": "ALL"
      },
      "interventions": [
        "Knee Replacement Arthroplasty (procedure)"
      ],
      "outcomes": []
    }
  },
  {
    "nct_id": "NCT00256971",
    "conditions": [
      "Tear of meniscus of knee"
    ],
    "pico_attributes": {
      "populations": {
        "minimum_age": "18 Years",
        "maximum_age": "40 Years",
        "country": "Israel",
        "gender": "ALL"
      },
      "interventions": [
        "Meniscectomy"
      ],
      "outcomes": []
    }
  },
  {
    "nct_id": "NCT00256984",
    "conditions": [
      "Chronic constipation",
      "Intussusception",
      "Obstructive defecation syndrome",
      "Rectocele"
    ],
    "pico_attributes": {
      "populations": {
        "minimum_age": "21 Years",
        "maximum_age": "80 Years",
        "country": "United States",
        "gender": "FEMALE"
      },
      "interventions": [],
      "outcomes": [
        "0%",
        "12 Months",
        "ADHD hyperactive symptoms mean score:Score:Pt:^Patient:Qn:Calculated",
        "AT genotype",
        "Act Relationship Subset - maximum",
        "Amount type - Percentage",
        "Atrial Premature Complex by ECG Finding",
        "BSA Involvement Score 1",
        "BaseLine dental cement",
        "CD44 wt Allele",
        "Change -- procedure",
        "Component (part)",
        "Composite",
        "Composite Score",
        "Constipation",
        "Evaluation Report",
        "Frequencies (time pattern)",
        "Human Study Subject",
        "Monthly (qualifier value)",
        "One year",
        "Overall",
        "Perceived quality of life",
        "Physical",
        "Post-Procedure",
        "Psyche structure",
        "Reduced",
        "SF-12",
        "SYMPK gene",
        "Severities",
        "Severity of symptoms:Finding:Point in time:^Patient:Ordinal",
        "Symptom modification",
        "Symptom:Find:Pt:^Patient:Nom",
        "Symptoms score",
        "Total symptom score",
        "Worst",
        "best (quality)",
        "month",
        "patient assessment"
      ]
    }
  },
  {
    "nct_id": "NCT00256997",
    "conditions": [
      "Schizophrenia"
    ],
    "pico_attributes": {
      "populations": {
        "minimum_age": "18 Years",
        "maximum_age": "65 Years",
        "country": "Uruguay",
        "gender": "ALL"
      },
      "interventions": [
        "Atypical Antipsychotic [EPC]",
        "Oral"
      ],
      "outcomes": [
        "Amount type - Percentage",
        "BaseLine dental cement",
        "CHGA gene",
        "Cancer Remission",
        "Change -- procedure",
        "Clinical",
        "Clinical Global Impression Generic Modification Version Questionnaire",
        "Clinical impression",
        "Count of entities",
        "Exacerbation",
        "Experience",
        "First (number)",
        "Generalized",
        "Global Change",
        "Impression",
        "Intellectual scale",
        "Monthly (qualifier value)",
        "Montreal Cognitive Assessment Total Score",
        "Participant",
        "Performance",
        "Personal Attribute",
        "Post",
        "Randomization",
        "Social",
        "Symptomatic",
        "Symptoms",
        "Time"
      ]
    }
  },
  {
    "nct_id": "NCT00257010",
    "conditions": [
      "Migraine Disorders"
    ],
    "pico_attributes": {
      "populations": {
        "minimum_age": "12 Years",
        "maximum_age": "17 Years",
        "country": "United States",
        "gender": "ALL"
      },
      "interventions": [
        "almotriptan malate"
      ],
      "outcomes": [
        "24 Hours",
        "Bothered by Nausea",
        "Bothered by Vomiting",
        "Count of entities",
        "Headache",
        "Pain relief",
        "Pain-Free",
        "Phonophobia",
        "Photophobia",
        "Post-dose"
      ]
    }
  },
  {
    "nct_id": "NCT00257023",
    "conditions": [
      "Schizophrenia"
    ],
    "pico_attributes": {
      "populations": {
        "minimum_age": "20 Years",
        "maximum_age": "64 Years",
        "country": "Japan",
        "gender": "ALL"
      },
      "interventions": [
        "paliperidone"
      ],
      "outcomes": []
    }
  },
  {
    "nct_id": "NCT00257036",
    "conditions": [
      "Cellulitis",
      "Communicable Diseases",
      "Dermatologic disorders"
    ],
    "pico_attributes": {
      "populations": {
        "minimum_age": "18 Years",
        "maximum_age": "NA",
        "country": "",
        "gender": "ALL"
      },
      "interventions": [
        "levofloxacin"
      ],
      "outcomes": []
    }
  },
  {
    "nct_id": "NCT00257049",
    "conditions": [
      "Pneumonia"
    ],
    "pico_attributes": {
      "populations": {
        "minimum_age": "18 Years",
        "maximum_age": "NA",
        "country": "",
        "gender": "ALL"
      },
      "interventions": [
        "levofloxacin"
      ],
      "outcomes": []
    }
  },
  {
    "nct_id": "NCT00257062",
    "conditions": [
      "Communicable Diseases",
      "Dermatologic disorders"
    ],
    "pico_attributes": {
      "populations": {
        "minimum_age": "18 Years",
        "maximum_age": "NA",
        "country": "",
        "gender": "ALL"
      },
      "interventions": [
        "levofloxacin"
      ],
      "outcomes": []
    }
  },
  {
    "nct_id": "NCT00257075",
    "conditions": [
      "Bipolar Disorder",
      "manic episode"
    ],
    "pico_attributes": {
      "populations": {
        "minimum_age": "18 Years",
        "maximum_age": "NA",
        "country": "",
        "gender": "ALL"
      },
      "interventions": [
        "Oral Tablet",
        "risperidone"
      ],
      "outcomes": []
    }
  },
  {
    "nct_id": "NCT00257088",
    "conditions": [
      "Academic Failure",
      "Alcohol Abuse Scale (BASC-2)",
      "Drug abuse",
      "Encounter due to high-risk sexual behavior",
      "Event Qualification - Dependency",
      "Prevention Study",
      "Smoking tobacco"
    ],
    "pico_attributes": {
      "populations": {
        "minimum_age": "NA",
        "maximum_age": "NA",
        "country": "United States",
        "gender": "ALL"
      },
      "interventions": [
        "Daily",
        "First (number)",
        "Grade",
        "Program",
        "Whole"
      ],
      "outcomes": []
    }
  },
  {
    "nct_id": "NCT00257101",
    "conditions": [
      "Cardiovascular Diseases",
      "Heart Diseases",
      "Hypertension, CTCAE"
    ],
    "pico_attributes": {
      "populations": {
        "minimum_age": "18 Years",
        "maximum_age": "80 Years",
        "country": "",
        "gender": "ALL"
      },
      "interventions": [
        "Drug Monitoring",
        "Medications",
        "Monitoring - action",
        "Self",
        "Self Medication",
        "Self Monitoring"
      ],
      "outcomes": []
    }
  },
  {
    "nct_id": "NCT00257114",
    "conditions": [
      "Multiple Myeloma"
    ],
    "pico_attributes": {
      "populations": {
        "minimum_age": "18 Years",
        "maximum_age": "NA",
        "country": "United States",
        "gender": "ALL"
      },
      "interventions": [
        "bortezomib"
      ],
      "outcomes": []
    }
  },
  {
    "nct_id": "NCT00257127",
    "conditions": [
      "HIV Infections"
    ],
    "pico_attributes": {
      "populations": {
        "minimum_age": "6 Years",
        "maximum_age": "23 Years",
        "country": "United States",
        "gender": "ALL"
      },
      "interventions": [
        "% live",
        "Hepatitis B Vaccines",
        "Measles",
        "Mumps",
        "Pneumococcal 7-valent conjugate vaccine",
        "Polyvalent pneumococcal vaccine",
        "Rubella virus vaccine"
      ],
      "outcomes": []
    }
  },
  {
    "nct_id": "NCT00257140",
    "conditions": [
      "Bronchitis",
      "chronic"
    ],
    "pico_attributes": {
      "populations": {
        "minimum_age": "18 Years",
        "maximum_age": "NA",
        "country": "",
        "gender": "ALL"
      },
      "interventions": [
        "levofloxacin"
      ],
      "outcomes": []
    }
  },
  {
    "nct_id": "NCT00257153",
    "conditions": [
      "Acute Myocardial Infarction by ECG Finding"
    ],
    "pico_attributes": {
      "populations": {
        "minimum_age": "NA",
        "maximum_age": "80 Years",
        "country": "Italy",
        "gender": "ALL"
      },
      "interventions": [
        "Actual Aspiration",
        "Blood Clot",
        "Cardiac Catheters"
      ],
      "outcomes": []
    }
  },
  {
    "nct_id": "NCT00257166",
    "conditions": [
      "Bipolar Disorder"
    ],
    "pico_attributes": {
      "populations": {
        "minimum_age": "10 Years",
        "maximum_age": "17 Years",
        "country": "United States",
        "gender": "ALL"
      },
      "interventions": [
        "Oral Capsule",
        "Placebo Control",
        "ziprasidone Oral Capsule"
      ],
      "outcomes": []
    }
  },
  {
    "nct_id": "NCT00257179",
    "conditions": [
      "Carcinoma of lung"
    ],
    "pico_attributes": {
      "populations": {
        "minimum_age": "16 Years",
        "maximum_age": "NA",
        "country": "Taiwan",
        "gender": "ALL"
      },
      "interventions": [],
      "outcomes": []
    }
  },
  {
    "nct_id": "NCT00257192",
    "conditions": [
      "Schizophrenia"
    ],
    "pico_attributes": {
      "populations": {
        "minimum_age": "13 Years",
        "maximum_age": "17 Years",
        "country": "United States",
        "gender": "ALL"
      },
      "interventions": [
        "Placebo Control",
        "ziprasidone Oral Capsule"
      ],
      "outcomes": [
        "% index",
        "Academic Performance",
        "BRAF Gene Rearrangement",
        "BaseLine dental cement",
        "Battery (assault)",
        "Blood Products Laboratory Testing",
        "Central Nervous System",
        "Change -- procedure",
        "Clinical Item",
        "Clinical act of insertion",
        "Cognitive",
        "Count of entities",
        "Follow",
        "Human Study Subject",
        "Include (action)",
        "Integumentary scale",
        "Movement Disorders",
        "Negative",
        "Neurocognitive",
        "Overall",
        "Positive and Negative Syndrome Scale Clinical Classification",
        "Questionnaire response",
        "SARS coronavirus",
        "School",
        "School attendance",
        "Sedated state",
        "Taking vital signs",
        "Weekly",
        "rating scale"
      ]
    }
  },
  {
    "nct_id": "NCT00257205",
    "conditions": [
      "Melanoma Pathway"
    ],
    "pico_attributes": {
      "populations": {
        "minimum_age": "18 Years",
        "maximum_age": "NA",
        "country": "United States",
        "gender": "ALL"
      },
      "interventions": [
        "CP-675,206",
        "dacarbazine",
        "temozolomide"
      ],
      "outcomes": []
    }
  },
  {
    "nct_id": "NCT00257218",
    "conditions": [
      "Diabetes Mellitus"
    ],
    "pico_attributes": {
      "populations": {
        "minimum_age": "40 Years",
        "maximum_age": "60 Years",
        "country": "Taiwan",
        "gender": "ALL"
      },
      "interventions": [
        "Lifestyle change therapy"
      ],
      "outcomes": []
    }
  },
  {
    "nct_id": "NCT00257231",
    "conditions": [
      "Burn injury",
      "Multiple Organ Failure",
      "Trauma"
    ],
    "pico_attributes": {
      "populations": {
        "minimum_age": "16 Years",
        "maximum_age": "NA",
        "country": "United States",
        "gender": "ALL"
      },
      "interventions": [],
      "outcomes": []
    }
  },
  {
    "nct_id": "NCT00257244",
    "conditions": [
      "Burn injury",
      "Multiple Organ Failure",
      "Trauma"
    ],
    "pico_attributes": {
      "populations": {
        "minimum_age": "NA",
        "maximum_age": "NA",
        "country": "United States",
        "gender": "ALL"
      },
      "interventions": [],
      "outcomes": []
    }
  },
  {
    "nct_id": "NCT00257257",
    "conditions": [
      "Diabetes Mellitus, Non-Insulin-Dependent"
    ],
    "pico_attributes": {
      "populations": {
        "minimum_age": "18 Years",
        "maximum_age": "NA",
        "country": "United States",
        "gender": "ALL"
      },
      "interventions": [
        "Rimonabant",
        "SR141716"
      ],
      "outcomes": []
    }
  },
  {
    "nct_id": "NCT00257270",
    "conditions": [
      "Tinnitus"
    ],
    "pico_attributes": {
      "populations": {
        "minimum_age": "18 Years",
        "maximum_age": "75 Years",
        "country": "",
        "gender": "ALL"
      },
      "interventions": [
        "gabapentin"
      ],
      "outcomes": []
    }
  },
  {
    "nct_id": "NCT00257283",
    "conditions": [
      "Kidney Failure",
      "chronic"
    ],
    "pico_attributes": {
      "populations": {
        "minimum_age": "18 Years",
        "maximum_age": "NA",
        "country": "Denmark",
        "gender": "ALL"
      },
      "interventions": [
        "90%",
        "omega-3 acid ethyl esters (USP)"
      ],
      "outcomes": []
    }
  },
  {
    "nct_id": "NCT00257296",
    "conditions": [
      "Domestic Violence"
    ],
    "pico_attributes": {
      "populations": {
        "minimum_age": "18 Years",
        "maximum_age": "45 Years",
        "country": "",
        "gender": "FEMALE"
      },
      "interventions": [
        "Aspects of disease screening",
        "Intervention regimes",
        "Usual",
        "care activity"
      ],
      "outcomes": []
    }
  },
  {
    "nct_id": "NCT00257309",
    "conditions": [
      "Acute Myocardial Infarction by ECG Finding"
    ],
    "pico_attributes": {
      "populations": {
        "minimum_age": "75 Years",
        "maximum_age": "NA",
        "country": "Spain",
        "gender": "ALL"
      },
      "interventions": [
        "97",
        "Angioplasty",
        "Primary",
        "clopidogrel",
        "tenecteplase"
      ],
      "outcomes": [
        "30 days",
        "Cerebrovascular accident",
        "Cessation of life",
        "Incidence"
      ]
    }
  },
  {
    "nct_id": "NCT00257322",
    "conditions": [
      "Childhood Rectal Carcinoma",
      "Colon Carcinoma"
    ],
    "pico_attributes": {
      "populations": {
        "minimum_age": "18 Years",
        "maximum_age": "NA",
        "country": "United States",
        "gender": "ALL"
      },
      "interventions": [
        "Granulocyte-Macrophage Colony-Stimulating Factor"
      ],
      "outcomes": [
        "Exhibits as Topic",
        "Frequency of Responses",
        "Immune response",
        "Overall Survival",
        "Participant"
      ]
    }
  },
  {
    "nct_id": "NCT00257335",
    "conditions": [
      "Head and Neck Carcinoma"
    ],
    "pico_attributes": {
      "populations": {
        "minimum_age": "18 Years",
        "maximum_age": "NA",
        "country": "United States",
        "gender": "ALL"
      },
      "interventions": [
        "Radiotherapy, Intensity-Modulated"
      ],
      "outcomes": []
    }
  },
  {
    "nct_id": "NCT00257348",
    "conditions": [
      "Cervix carcinoma"
    ],
    "pico_attributes": {
      "populations": {
        "minimum_age": "18 Years",
        "maximum_age": "NA",
        "country": "United States",
        "gender": "FEMALE"
      },
      "interventions": [
        "capecitabine",
        "docetaxel"
      ],
      "outcomes": []
    }
  },
  {
    "nct_id": "NCT00257361",
    "conditions": [
      "Obsessive compulsive disorder drugs"
    ],
    "pico_attributes": {
      "populations": {
        "minimum_age": "18 Years",
        "maximum_age": "65 Years",
        "country": "United States",
        "gender": "ALL"
      },
      "interventions": [
        "cycloserine"
      ],
      "outcomes": []
    }
  },
  {
    "nct_id": "NCT00257374",
    "conditions": [
      "Gastroenteritis"
    ],
    "pico_attributes": {
      "populations": {
        "minimum_age": "19 Years",
        "maximum_age": "80 Years",
        "country": "India",
        "gender": "ALL"
      },
      "interventions": [
        "New",
        "Pharmaceutical Solutions",
        "gatorade",
        "pedialyte"
      ],
      "outcomes": []
    }
  },
  {
    "nct_id": "NCT00257387",
    "conditions": [
      "Kidney Transplantation"
    ],
    "pico_attributes": {
      "populations": {
        "minimum_age": "18 Years",
        "maximum_age": "NA",
        "country": "",
        "gender": "ALL"
      },
      "interventions": [
        "Cyclosporins"
      ],
      "outcomes": []
    }
  },
  {
    "nct_id": "NCT00257400",
    "conditions": [
      "Depressed mood"
    ],
    "pico_attributes": {
      "populations": {
        "minimum_age": "18 Years",
        "maximum_age": "NA",
        "country": "United States",
        "gender": "FEMALE"
      },
      "interventions": [
        "Individual psychotherapy",
        "Interpersonal Psychotherapy",
        "TRIT1 gene"
      ],
      "outcomes": []
    }
  },
  {
    "nct_id": "NCT00257413",
    "conditions": [
      "Idiopathic pulmonary arterial hypertension"
    ],
    "pico_attributes": {
      "populations": {
        "minimum_age": "18 Years",
        "maximum_age": "60 Years",
        "country": "China",
        "gender": "ALL"
      },
      "interventions": [
        "Endothelium",
        "Transplantation of autologous progenitor cell"
      ],
      "outcomes": []
    }
  },
  {
    "nct_id": "NCT00257426",
    "conditions": [
      "Adult Liver Carcinoma"
    ],
    "pico_attributes": {
      "populations": {
        "minimum_age": "18 Years",
        "maximum_age": "NA",
        "country": "United States",
        "gender": "ALL"
      },
      "interventions": [
        "octreotide acetate"
      ],
      "outcomes": []
    }
  },
  {
    "nct_id": "NCT00257439",
    "conditions": [
      "Kidney Failure"
    ],
    "pico_attributes": {
      "populations": {
        "minimum_age": "18 Years",
        "maximum_age": "NA",
        "country": "Denmark",
        "gender": "ALL"
      },
      "interventions": [],
      "outcomes": []
    }
  },
  {
    "nct_id": "NCT00257452",
    "conditions": [
      "Healthy"
    ],
    "pico_attributes": {
      "populations": {
        "minimum_age": "21 Years",
        "maximum_age": "50 Years",
        "country": "Germany",
        "gender": "ALL"
      },
      "interventions": [
        "200",
        "54",
        "Daily",
        "MATCHING",
        "MG",
        "Placebo Control",
        "microgram",
        "moxifloxacin",
        "tiotropium"
      ],
      "outcomes": []
    }
  },
  {
    "nct_id": "NCT00257465",
    "conditions": [
      "Melanoma Pathway"
    ],
    "pico_attributes": {
      "populations": {
        "minimum_age": "18 Years",
        "maximum_age": "NA",
        "country": "United States",
        "gender": "ALL"
      },
      "interventions": [
        "2,4-Dinitrophenol",
        "Autologous (qualifier value)",
        "Changing",
        "Melanoma vaccine",
        "Vaccines"
      ],
      "outcomes": []
    }
  }
]