[
  {
    "nct_id": "NCT00003705",
    "conditions": [
      "Adult Solid Neoplasm",
      "Clinical trial protocol",
      "Entity Determiner - specific",
      "External cause codes: Unspecified"
    ],
    "pico_attributes": {
      "populations": {
        "minimum_age": "18 Years",
        "maximum_age": "NA",
        "country": "United States",
        "gender": "ALL"
      },
      "interventions": [
        "BMS-184476"
      ],
      "outcomes": []
    }
  },
  {
    "nct_id": "NCT00003706",
    "conditions": [
      "Adult Solid Neoplasm",
      "Clinical trial protocol",
      "Entity Determiner - specific",
      "External cause codes: Unspecified"
    ],
    "pico_attributes": {
      "populations": {
        "minimum_age": "18 Years",
        "maximum_age": "NA",
        "country": "United States",
        "gender": "ALL"
      },
      "interventions": [
        "pemetrexed disodium"
      ],
      "outcomes": []
    }
  },
  {
    "nct_id": "NCT00003707",
    "conditions": [
      "Adult Solid Neoplasm",
      "Clinical trial protocol",
      "Entity Determiner - specific",
      "External cause codes: Unspecified"
    ],
    "pico_attributes": {
      "populations": {
        "minimum_age": "18 Years",
        "maximum_age": "NA",
        "country": "United States",
        "gender": "ALL"
      },
      "interventions": [
        "gemcitabine hydrochloride",
        "tipifarnib"
      ],
      "outcomes": []
    }
  },
  {
    "nct_id": "NCT00003708",
    "conditions": [
      "Adult Solid Neoplasm",
      "Clinical trial protocol",
      "Entity Determiner - specific",
      "External cause codes: Unspecified"
    ],
    "pico_attributes": {
      "populations": {
        "minimum_age": "18 Years",
        "maximum_age": "NA",
        "country": "United States",
        "gender": "ALL"
      },
      "interventions": [
        "temozolomide"
      ],
      "outcomes": []
    }
  },
  {
    "nct_id": "NCT00003709",
    "conditions": [
      "Adult Solid Neoplasm",
      "Clinical trial protocol",
      "Entity Determiner - specific",
      "External cause codes: Unspecified"
    ],
    "pico_attributes": {
      "populations": {
        "minimum_age": "18 Years",
        "maximum_age": "NA",
        "country": "United States",
        "gender": "ALL"
      },
      "interventions": [
        "mecarzole"
      ],
      "outcomes": []
    }
  },
  {
    "nct_id": "NCT00003710",
    "conditions": [
      "Adult Solid Neoplasm",
      "Clinical trial protocol",
      "Entity Determiner - specific",
      "External cause codes: Unspecified"
    ],
    "pico_attributes": {
      "populations": {
        "minimum_age": "18 Years",
        "maximum_age": "NA",
        "country": "United States",
        "gender": "ALL"
      },
      "interventions": [
        "irinotecan hydrochloride",
        "mitomycin"
      ],
      "outcomes": []
    }
  },
  {
    "nct_id": "NCT00003711",
    "conditions": [
      "Adult Solid Neoplasm",
      "Clinical trial protocol",
      "Entity Determiner - specific",
      "External cause codes: Unspecified"
    ],
    "pico_attributes": {
      "populations": {
        "minimum_age": "18 Years",
        "maximum_age": "NA",
        "country": "United States",
        "gender": "ALL"
      },
      "interventions": [
        "irinotecan hydrochloride",
        "pemetrexed disodium"
      ],
      "outcomes": []
    }
  },
  {
    "nct_id": "NCT00003712",
    "conditions": [
      "Adult Solid Neoplasm",
      "Brain",
      "Central Nervous System Neoplasms",
      "Clinical trial protocol",
      "Disseminated Malignant Neoplasm",
      "Entity Determiner - specific",
      "External cause codes: Unspecified"
    ],
    "pico_attributes": {
      "populations": {
        "minimum_age": "18 Years",
        "maximum_age": "NA",
        "country": "United States",
        "gender": "ALL"
      },
      "interventions": [
        "temsirolimus"
      ],
      "outcomes": []
    }
  },
  {
    "nct_id": "NCT00003713",
    "conditions": [
      "Adult Solid Neoplasm",
      "Clinical trial protocol",
      "Entity Determiner - specific",
      "External cause codes: Unspecified"
    ],
    "pico_attributes": {
      "populations": {
        "minimum_age": "18 Years",
        "maximum_age": "120 Years",
        "country": "United States",
        "gender": "ALL"
      },
      "interventions": [
        "intoplicine"
      ],
      "outcomes": []
    }
  },
  {
    "nct_id": "NCT00003714",
    "conditions": [
      "Adult Liver Carcinoma",
      "Disseminated Malignant Neoplasm"
    ],
    "pico_attributes": {
      "populations": {
        "minimum_age": "NA",
        "maximum_age": "NA",
        "country": "",
        "gender": "ALL"
      },
      "interventions": [
        "Pyrazoloacridine"
      ],
      "outcomes": []
    }
  },
  {
    "nct_id": "NCT00003715",
    "conditions": [
      "Melanoma Pathway",
      "Skin"
    ],
    "pico_attributes": {
      "populations": {
        "minimum_age": "18 Years",
        "maximum_age": "120 Years",
        "country": "United States",
        "gender": "ALL"
      },
      "interventions": [
        "Autologous Tumor Cell Vaccine",
        "BCG Vaccine",
        "Chemotherapy",
        "Recombinant Interferon Alfa",
        "cyclophosphamide"
      ],
      "outcomes": []
    }
  },
  {
    "nct_id": "NCT00003716",
    "conditions": [
      "Adult Lymphoma"
    ],
    "pico_attributes": {
      "populations": {
        "minimum_age": "3 Years",
        "maximum_age": "70 Years",
        "country": "United States",
        "gender": "ALL"
      },
      "interventions": [
        "rituximab"
      ],
      "outcomes": []
    }
  },
  {
    "nct_id": "NCT00003717",
    "conditions": [
      "Malignant neoplasm of prostate"
    ],
    "pico_attributes": {
      "populations": {
        "minimum_age": "NA",
        "maximum_age": "NA",
        "country": "United States",
        "gender": "MALE"
      },
      "interventions": [
        "estramustine phosphate sodium",
        "paclitaxel"
      ],
      "outcomes": []
    }
  },
  {
    "nct_id": "NCT00003718",
    "conditions": [
      "Carcinoma, Ovarian Epithelial",
      "Endometrial Carcinoma",
      "Malignant neoplasm of soft tissue"
    ],
    "pico_attributes": {
      "populations": {
        "minimum_age": "18 Years",
        "maximum_age": "NA",
        "country": "United States",
        "gender": "ALL"
      },
      "interventions": [
        "temozolomide"
      ],
      "outcomes": []
    }
  },
  {
    "nct_id": "NCT00003719",
    "conditions": [
      "Malignant neoplasm of soft tissue"
    ],
    "pico_attributes": {
      "populations": {
        "minimum_age": "18 Years",
        "maximum_age": "NA",
        "country": "United States",
        "gender": "ALL"
      },
      "interventions": [
        "irinotecan hydrochloride"
      ],
      "outcomes": []
    }
  },
  {
    "nct_id": "NCT00003720",
    "conditions": [
      "Malignant neoplasm of soft tissue"
    ],
    "pico_attributes": {
      "populations": {
        "minimum_age": "18 Years",
        "maximum_age": "NA",
        "country": "United States",
        "gender": "ALL"
      },
      "interventions": [
        "Semaxinib"
      ],
      "outcomes": []
    }
  },
  {
    "nct_id": "NCT00003721",
    "conditions": [
      "Adult Solid Neoplasm",
      "Clinical trial protocol",
      "Entity Determiner - specific",
      "External cause codes: Unspecified"
    ],
    "pico_attributes": {
      "populations": {
        "minimum_age": "18 Years",
        "maximum_age": "NA",
        "country": "United States",
        "gender": "ALL"
      },
      "interventions": [
        "Incyclinide"
      ],
      "outcomes": []
    }
  },
  {
    "nct_id": "NCT00003723",
    "conditions": [
      "Malignant mesothelioma"
    ],
    "pico_attributes": {
      "populations": {
        "minimum_age": "18 Years",
        "maximum_age": "NA",
        "country": "United States",
        "gender": "ALL"
      },
      "interventions": [
        "gemcitabine hydrochloride"
      ],
      "outcomes": []
    }
  },
  {
    "nct_id": "NCT00003724",
    "conditions": [
      "Disseminated Malignant Neoplasm"
    ],
    "pico_attributes": {
      "populations": {
        "minimum_age": "18 Years",
        "maximum_age": "NA",
        "country": "United States",
        "gender": "ALL"
      },
      "interventions": [
        "Operative Surgical Procedures"
      ],
      "outcomes": []
    }
  },
  {
    "nct_id": "NCT00003725",
    "conditions": [
      "Bladder Cancer Pathway"
    ],
    "pico_attributes": {
      "populations": {
        "minimum_age": "18 Years",
        "maximum_age": "NA",
        "country": "United States",
        "gender": "ALL"
      },
      "interventions": [
        "Conventional Surgery",
        "valrubicin"
      ],
      "outcomes": []
    }
  },
  {
    "nct_id": "NCT00003726",
    "conditions": [
      "Carcinoma of lung"
    ],
    "pico_attributes": {
      "populations": {
        "minimum_age": "18 Years",
        "maximum_age": "120 Years",
        "country": "United States",
        "gender": "ALL"
      },
      "interventions": [
        "lepirudin"
      ],
      "outcomes": [
        "Administration procedure",
        "Antitumor",
        "Antitumor Response",
        "Dosage",
        "Extensive",
        "Frequency of Responses",
        "Patients",
        "Rate",
        "Recurrent Lung Small Cell Carcinoma",
        "Safety",
        "Treating",
        "lepirudin"
      ]
    }
  },
  {
    "nct_id": "NCT00003727",
    "conditions": [
      "Childhood Leukemia"
    ],
    "pico_attributes": {
      "populations": {
        "minimum_age": "NA",
        "maximum_age": "120 Years",
        "country": "United States",
        "gender": "ALL"
      },
      "interventions": [
        "Bone Marrow Ablation with Stem Cell Support",
        "CSF2 gene",
        "CSF3 gene",
        "In Vitro-Treated Peripheral Blood Stem Cell Transplantation",
        "Recombinant Interferon Alfa",
        "carmustine",
        "cyclophosphamide",
        "etoposide",
        "gemcitabine hydrochloride",
        "melphalan",
        "therapeutic autologous lymphocytes"
      ],
      "outcomes": []
    }
  },
  {
    "nct_id": "NCT00003728",
    "conditions": [
      "Adult Lymphoma",
      "Childhood Leukemia"
    ],
    "pico_attributes": {
      "populations": {
        "minimum_age": "NA",
        "maximum_age": "17 Years",
        "country": "Portugal",
        "gender": "ALL"
      },
      "interventions": [
        "ASPG gene",
        "Allogeneic bone marrow transplantation",
        "Peripheral Stem Cell Transplantation",
        "cyclophosphamide",
        "cytarabine",
        "daunorubicin hydrochloride",
        "dexamethasone",
        "doxorubicin hydrochloride",
        "etoposide",
        "hydrocortisone",
        "leucovorin calcium",
        "mercaptopurine",
        "methotrexate",
        "methylprednisolone",
        "mitoxantrone hydrochloride",
        "prednisolone",
        "thioguanine",
        "vincristine sulfate",
        "vindesine"
      ],
      "outcomes": []
    }
  },
  {
    "nct_id": "NCT00003729",
    "conditions": [
      "Childhood Leukemia"
    ],
    "pico_attributes": {
      "populations": {
        "minimum_age": "NA",
        "maximum_age": "17 Years",
        "country": "Portugal",
        "gender": "ALL"
      },
      "interventions": [
        "cytarabine",
        "fludarabine phosphate",
        "idarubicin"
      ],
      "outcomes": []
    }
  },
  {
    "nct_id": "NCT00003730",
    "conditions": [
      "Breast Carcinoma"
    ],
    "pico_attributes": {
      "populations": {
        "minimum_age": "NA",
        "maximum_age": "NA",
        "country": "Italy",
        "gender": "FEMALE"
      },
      "interventions": [
        "fluorouracil",
        "vinorelbine tartrate"
      ],
      "outcomes": []
    }
  },
  {
    "nct_id": "NCT00003731",
    "conditions": [
      "Brain",
      "Central Nervous System Neoplasms"
    ],
    "pico_attributes": {
      "populations": {
        "minimum_age": "18 Years",
        "maximum_age": "70 Years",
        "country": "United Kingdom",
        "gender": "ALL"
      },
      "interventions": [
        "temozolomide"
      ],
      "outcomes": []
    }
  },
  {
    "nct_id": "NCT00003732",
    "conditions": [
      "Carcinoma, Ovarian Epithelial"
    ],
    "pico_attributes": {
      "populations": {
        "minimum_age": "18 Years",
        "maximum_age": "NA",
        "country": "Denmark",
        "gender": "FEMALE"
      },
      "interventions": [
        "carboplatin",
        "paclitaxel",
        "topotecan hydrochloride"
      ],
      "outcomes": []
    }
  },
  {
    "nct_id": "NCT00003733",
    "conditions": [
      "Carcinoma, Ovarian Epithelial"
    ],
    "pico_attributes": {
      "populations": {
        "minimum_age": "18 Years",
        "maximum_age": "NA",
        "country": "United Kingdom",
        "gender": "FEMALE"
      },
      "interventions": [
        "carboplatin",
        "paclitaxel",
        "topotecan hydrochloride"
      ],
      "outcomes": []
    }
  },
  {
    "nct_id": "NCT00003734",
    "conditions": [
      "Malignant neoplasm of prostate"
    ],
    "pico_attributes": {
      "populations": {
        "minimum_age": "18 Years",
        "maximum_age": "120 Years",
        "country": "United Kingdom",
        "gender": "MALE"
      },
      "interventions": [
        "Therapeutic radiology procedure",
        "flutamide",
        "triptorelin"
      ],
      "outcomes": []
    }
  },
  {
    "nct_id": "NCT00003735",
    "conditions": [
      "Childhood Leukemia"
    ],
    "pico_attributes": {
      "populations": {
        "minimum_age": "NA",
        "maximum_age": "21 Years",
        "country": "United States",
        "gender": "ALL"
      },
      "interventions": [
        "topotecan hydrochloride"
      ],
      "outcomes": []
    }
  },
  {
    "nct_id": "NCT00003736",
    "conditions": [
      "Breast Carcinoma"
    ],
    "pico_attributes": {
      "populations": {
        "minimum_age": "25 Years",
        "maximum_age": "120 Years",
        "country": "United States",
        "gender": "FEMALE"
      },
      "interventions": [
        "Biopsy",
        "Breast Imaging Study",
        "Comparison of Screening Methods",
        "Magnetic Resonance Imaging",
        "Study of High Risk Factors",
        "motexafin gadolinium"
      ],
      "outcomes": []
    }
  },
  {
    "nct_id": "NCT00003737",
    "conditions": [
      "Central neuroblastoma"
    ],
    "pico_attributes": {
      "populations": {
        "minimum_age": "NA",
        "maximum_age": "18 Years",
        "country": "United States",
        "gender": "ALL"
      },
      "interventions": [
        "becatecarin"
      ],
      "outcomes": []
    }
  },
  {
    "nct_id": "NCT00003739",
    "conditions": [
      "Bothered by Hot Flashes",
      "Childhood Solid Neoplasm",
      "Clinical trial protocol",
      "Entity Determiner - specific",
      "External cause codes: Unspecified",
      "Fever",
      "Have Sweats",
      "Leukopenia"
    ],
    "pico_attributes": {
      "populations": {
        "minimum_age": "NA",
        "maximum_age": "21 Years",
        "country": "United States",
        "gender": "ALL"
      },
      "interventions": [
        "CSF3 gene"
      ],
      "outcomes": []
    }
  },
  {
    "nct_id": "NCT00003740",
    "conditions": [
      "Malignant neoplasm of prostate"
    ],
    "pico_attributes": {
      "populations": {
        "minimum_age": "18 Years",
        "maximum_age": "NA",
        "country": "United States",
        "gender": "MALE"
      },
      "interventions": [
        "trastuzumab"
      ],
      "outcomes": []
    }
  },
  {
    "nct_id": "NCT00003741",
    "conditions": [
      "Adult Lymphoma"
    ],
    "pico_attributes": {
      "populations": {
        "minimum_age": "18 Years",
        "maximum_age": "NA",
        "country": "United States",
        "gender": "ALL"
      },
      "interventions": [
        "Monoclonal Antibody HeFi-1"
      ],
      "outcomes": []
    }
  },
  {
    "nct_id": "NCT00003742",
    "conditions": [
      "Adult Solid Neoplasm",
      "Clinical trial protocol",
      "Entity Determiner - specific",
      "External cause codes: Unspecified"
    ],
    "pico_attributes": {
      "populations": {
        "minimum_age": "18 Years",
        "maximum_age": "NA",
        "country": "United States",
        "gender": "ALL"
      },
      "interventions": [
        "cisplatin",
        "irinotecan hydrochloride",
        "paclitaxel"
      ],
      "outcomes": []
    }
  },
  {
    "nct_id": "NCT00003743",
    "conditions": [
      "Central neuroblastoma"
    ],
    "pico_attributes": {
      "populations": {
        "minimum_age": "1 Year",
        "maximum_age": "21 Years",
        "country": "Austria",
        "gender": "ALL"
      },
      "interventions": [
        "aldesleukin"
      ],
      "outcomes": []
    }
  },
  {
    "nct_id": "NCT00003744",
    "conditions": [
      "Head and Neck Carcinoma"
    ],
    "pico_attributes": {
      "populations": {
        "minimum_age": "18 Years",
        "maximum_age": "NA",
        "country": "United States",
        "gender": "ALL"
      },
      "interventions": [
        "gemcitabine"
      ],
      "outcomes": []
    }
  },
  {
    "nct_id": "NCT00003745",
    "conditions": [
      "Malignant neoplasm of soft tissue"
    ],
    "pico_attributes": {
      "populations": {
        "minimum_age": "NA",
        "maximum_age": "21 Years",
        "country": "United States",
        "gender": "ALL"
      },
      "interventions": [
        "topotecan hydrochloride"
      ],
      "outcomes": []
    }
  },
  {
    "nct_id": "NCT00003746",
    "conditions": [
      "Childhood Leukemia"
    ],
    "pico_attributes": {
      "populations": {
        "minimum_age": "18 Years",
        "maximum_age": "NA",
        "country": "Switzerland",
        "gender": "ALL"
      },
      "interventions": [
        "Weekly",
        "cladribine"
      ],
      "outcomes": []
    }
  },
  {
    "nct_id": "NCT00003747",
    "conditions": [
      "Melanoma Pathway",
      "Skin"
    ],
    "pico_attributes": {
      "populations": {
        "minimum_age": "18 Years",
        "maximum_age": "NA",
        "country": "United Kingdom",
        "gender": "ALL"
      },
      "interventions": [
        "carboplatin",
        "temozolomide"
      ],
      "outcomes": []
    }
  },
  {
    "nct_id": "NCT00003748",
    "conditions": [
      "Childhood Esophageal Carcinoma",
      "Malignant neoplasm of stomach"
    ],
    "pico_attributes": {
      "populations": {
        "minimum_age": "18 Years",
        "maximum_age": "NA",
        "country": "United States",
        "gender": "ALL"
      },
      "interventions": [
        "irinotecan hydrochloride"
      ],
      "outcomes": []
    }
  },
  {
    "nct_id": "NCT00003749",
    "conditions": [
      "Endometrial Carcinoma"
    ],
    "pico_attributes": {
      "populations": {
        "minimum_age": "NA",
        "maximum_age": "NA",
        "country": "United Kingdom",
        "gender": "FEMALE"
      },
      "interventions": [
        "Adjuvant Therapy",
        "Brachytherapy",
        "Conventional Surgery",
        "Therapeutic radiology procedure"
      ],
      "outcomes": []
    }
  },
  {
    "nct_id": "NCT00003750",
    "conditions": [
      "Central neuroblastoma",
      "Childhood Solid Neoplasm",
      "Clinical trial protocol",
      "Entity Determiner - specific",
      "External cause codes: Unspecified",
      "Malignant neoplasm of soft tissue",
      "Melanoma Pathway",
      "Skin"
    ],
    "pico_attributes": {
      "populations": {
        "minimum_age": "NA",
        "maximum_age": "21 Years",
        "country": "United States",
        "gender": "ALL"
      },
      "interventions": [
        "HU14.18-IL2"
      ],
      "outcomes": []
    }
  },
  {
    "nct_id": "NCT00003751",
    "conditions": [
      "Brain",
      "Central Nervous System Neoplasms"
    ],
    "pico_attributes": {
      "populations": {
        "minimum_age": "18 Years",
        "maximum_age": "NA",
        "country": "United States",
        "gender": "ALL"
      },
      "interventions": [
        "Penicillamine Drug Class",
        "Therapeutic radiology procedure"
      ],
      "outcomes": []
    }
  },
  {
    "nct_id": "NCT00003752",
    "conditions": [
      "Breast Carcinoma"
    ],
    "pico_attributes": {
      "populations": {
        "minimum_age": "18 Years",
        "maximum_age": "NA",
        "country": "United States",
        "gender": "ALL"
      },
      "interventions": [
        "bexarotene"
      ],
      "outcomes": []
    }
  },
  {
    "nct_id": "NCT00003753",
    "conditions": [
      "Colorectal Cancer Pathway",
      "Disseminated Malignant Neoplasm"
    ],
    "pico_attributes": {
      "populations": {
        "minimum_age": "18 Years",
        "maximum_age": "NA",
        "country": "United States",
        "gender": "ALL"
      },
      "interventions": [
        "Adjuvant Therapy",
        "Conventional Surgery",
        "dexamethasone",
        "floxuridine",
        "irinotecan hydrochloride"
      ],
      "outcomes": []
    }
  },
  {
    "nct_id": "NCT00003754",
    "conditions": [
      "Childhood Solid Neoplasm",
      "Clinical trial protocol",
      "Entity Determiner - specific",
      "External cause codes: Unspecified"
    ],
    "pico_attributes": {
      "populations": {
        "minimum_age": "NA",
        "maximum_age": "NA",
        "country": "United States",
        "gender": "ALL"
      },
      "interventions": [
        "cyclophosphamide",
        "thalidomide"
      ],
      "outcomes": []
    }
  },
  {
    "nct_id": "NCT00003755",
    "conditions": [
      "Adult Solid Neoplasm",
      "Clinical trial protocol",
      "Entity Determiner - specific",
      "External cause codes: Unspecified"
    ],
    "pico_attributes": {
      "populations": {
        "minimum_age": "18 Years",
        "maximum_age": "NA",
        "country": "United States",
        "gender": "ALL"
      },
      "interventions": [
        "MKC-1"
      ],
      "outcomes": []
    }
  },
  {
    "nct_id": "NCT00003757",
    "conditions": [
      "Childhood Leukemia"
    ],
    "pico_attributes": {
      "populations": {
        "minimum_age": "18 Years",
        "maximum_age": "NA",
        "country": "Switzerland",
        "gender": "ALL"
      },
      "interventions": [
        "rituximab"
      ],
      "outcomes": []
    }
  },
  {
    "nct_id": "NCT00003758",
    "conditions": [
      "Childhood Leukemia"
    ],
    "pico_attributes": {
      "populations": {
        "minimum_age": "15 Years",
        "maximum_age": "60 Years",
        "country": "Turkey",
        "gender": "ALL"
      },
      "interventions": [
        "Allogeneic bone marrow transplantation",
        "Peripheral Stem Cell Transplantation",
        "cytarabine",
        "idarubicin"
      ],
      "outcomes": []
    }
  },
  {
    "nct_id": "NCT00003759",
    "conditions": [
      "Bladder Cancer Pathway"
    ],
    "pico_attributes": {
      "populations": {
        "minimum_age": "18 Years",
        "maximum_age": "NA",
        "country": "United States",
        "gender": "ALL"
      },
      "interventions": [
        "BCG Vaccine",
        "Conventional Surgery",
        "valrubicin"
      ],
      "outcomes": []
    }
  },
  {
    "nct_id": "NCT00003760",
    "conditions": [
      "Malignant neoplasm of pancreas"
    ],
    "pico_attributes": {
      "populations": {
        "minimum_age": "18 Years",
        "maximum_age": "NA",
        "country": "United States",
        "gender": "ALL"
      },
      "interventions": [
        "irofulven"
      ],
      "outcomes": []
    }
  },
  {
    "nct_id": "NCT00003761",
    "conditions": [
      "Breast Carcinoma"
    ],
    "pico_attributes": {
      "populations": {
        "minimum_age": "18 Years",
        "maximum_age": "NA",
        "country": "United States",
        "gender": "ALL"
      },
      "interventions": [
        "Recombinant Vaccinia DF3/MUC1 Vaccine"
      ],
      "outcomes": []
    }
  },
  {
    "nct_id": "NCT00003762",
    "conditions": [
      "Carcinoma of lung"
    ],
    "pico_attributes": {
      "populations": {
        "minimum_age": "18 Years",
        "maximum_age": "NA",
        "country": "United States",
        "gender": "ALL"
      },
      "interventions": [
        "docetaxel",
        "gemcitabine hydrochloride"
      ],
      "outcomes": []
    }
  },
  {
    "nct_id": "NCT00003763",
    "conditions": [
      "Carcinoma, Ovarian Epithelial"
    ],
    "pico_attributes": {
      "populations": {
        "minimum_age": "18 Years",
        "maximum_age": "120 Years",
        "country": "United States",
        "gender": "FEMALE"
      },
      "interventions": [
        "Aspects of radionuclide imaging",
        "In 111 Folic Acid"
      ],
      "outcomes": []
    }
  },
  {
    "nct_id": "NCT00003764",
    "conditions": [
      "Childhood Leukemia"
    ],
    "pico_attributes": {
      "populations": {
        "minimum_age": "18 Years",
        "maximum_age": "120 Years",
        "country": "United States",
        "gender": "ALL"
      },
      "interventions": [
        "cyclophosphamide",
        "fludarabine phosphate"
      ],
      "outcomes": []
    }
  },
  {
    "nct_id": "NCT00003765",
    "conditions": [
      "Brain",
      "Central Nervous System Neoplasms"
    ],
    "pico_attributes": {
      "populations": {
        "minimum_age": "NA",
        "maximum_age": "21 Years",
        "country": "United States",
        "gender": "ALL"
      },
      "interventions": [
        "O(6)-benzylguanine",
        "carmustine"
      ],
      "outcomes": []
    }
  },
  {
    "nct_id": "NCT00003766",
    "conditions": [
      "Adult Solid Neoplasm",
      "Clinical trial protocol",
      "Entity Determiner - specific",
      "External cause codes: Unspecified"
    ],
    "pico_attributes": {
      "populations": {
        "minimum_age": "NA",
        "maximum_age": "NA",
        "country": "United States",
        "gender": "ALL"
      },
      "interventions": [
        "O(6)-benzylguanine"
      ],
      "outcomes": []
    }
  },
  {
    "nct_id": "NCT00003768",
    "conditions": [
      "Adult Solid Neoplasm",
      "Clinical trial protocol",
      "Entity Determiner - specific",
      "External cause codes: Unspecified"
    ],
    "pico_attributes": {
      "populations": {
        "minimum_age": "18 Years",
        "maximum_age": "NA",
        "country": "United States",
        "gender": "ALL"
      },
      "interventions": [
        "fosbretabulin"
      ],
      "outcomes": []
    }
  },
  {
    "nct_id": "NCT00003769",
    "conditions": [
      "Malignant neoplasm of pancreas"
    ],
    "pico_attributes": {
      "populations": {
        "minimum_age": "18 Years",
        "maximum_age": "NA",
        "country": "United States",
        "gender": "ALL"
      },
      "interventions": [
        "Operative Surgical Procedures",
        "perillyl alcohol"
      ],
      "outcomes": []
    }
  },
  {
    "nct_id": "NCT00003771",
    "conditions": [
      "Breast Carcinoma",
      "Menopausal symptom"
    ],
    "pico_attributes": {
      "populations": {
        "minimum_age": "NA",
        "maximum_age": "NA",
        "country": "Switzerland",
        "gender": "FEMALE"
      },
      "interventions": [
        "Therapeutic Estradiol",
        "norethindrone acetate"
      ],
      "outcomes": []
    }
  },
  {
    "nct_id": "NCT00003772",
    "conditions": [
      "Carcinoma, Ovarian Epithelial"
    ],
    "pico_attributes": {
      "populations": {
        "minimum_age": "18 Years",
        "maximum_age": "NA",
        "country": "United Kingdom",
        "gender": "FEMALE"
      },
      "interventions": [
        "Assessment of quality of life"
      ],
      "outcomes": []
    }
  },
  {
    "nct_id": "NCT00003773",
    "conditions": [
      "Carcinoma, Ovarian Epithelial"
    ],
    "pico_attributes": {
      "populations": {
        "minimum_age": "18 Years",
        "maximum_age": "NA",
        "country": "United States",
        "gender": "FEMALE"
      },
      "interventions": [
        "alpha-glutamyltryptophan"
      ],
      "outcomes": []
    }
  },
  {
    "nct_id": "NCT00003775",
    "conditions": [
      "Brain",
      "Central Nervous System Neoplasms"
    ],
    "pico_attributes": {
      "populations": {
        "minimum_age": "18 Years",
        "maximum_age": "NA",
        "country": "United States",
        "gender": "ALL"
      },
      "interventions": [
        "leflunomide"
      ],
      "outcomes": []
    }
  },
  {
    "nct_id": "NCT00003776",
    "conditions": [
      "Malignant neoplasm of soft tissue"
    ],
    "pico_attributes": {
      "populations": {
        "minimum_age": "NA",
        "maximum_age": "30 Years",
        "country": "United States",
        "gender": "ALL"
      },
      "interventions": [
        "CSF3 gene",
        "Operative Surgical Procedures",
        "cisplatin",
        "doxorubicin hydrochloride",
        "ifosfamide",
        "leucovorin calcium",
        "methotrexate",
        "trimetrexate glucuronate"
      ],
      "outcomes": []
    }
  },
  {
    "nct_id": "NCT00003777",
    "conditions": [
      "Head and Neck Carcinoma"
    ],
    "pico_attributes": {
      "populations": {
        "minimum_age": "18 Years",
        "maximum_age": "120 Years",
        "country": "United States",
        "gender": "ALL"
      },
      "interventions": [
        "Amifostine Trihydrate",
        "Operative Surgical Procedures",
        "Therapeutic radiology procedure",
        "cisplatin",
        "fluorouracil"
      ],
      "outcomes": []
    }
  },
  {
    "nct_id": "NCT00003778",
    "conditions": [
      "Carcinoma, Ovarian Epithelial",
      "Malignant neoplasm of soft tissue"
    ],
    "pico_attributes": {
      "populations": {
        "minimum_age": "18 Years",
        "maximum_age": "NA",
        "country": "United States",
        "gender": "ALL"
      },
      "interventions": [
        "dolastatin 10"
      ],
      "outcomes": []
    }
  },
  {
    "nct_id": "NCT00003779",
    "conditions": [
      "Bladder Cancer Pathway"
    ],
    "pico_attributes": {
      "populations": {
        "minimum_age": "18 Years",
        "maximum_age": "90 Years",
        "country": "Switzerland",
        "gender": "ALL"
      },
      "interventions": [
        "Connaught"
      ],
      "outcomes": []
    }
  },
  {
    "nct_id": "NCT00003780",
    "conditions": [
      "Malignant neoplasm of pancreas"
    ],
    "pico_attributes": {
      "populations": {
        "minimum_age": "18 Years",
        "maximum_age": "NA",
        "country": "United States",
        "gender": "ALL"
      },
      "interventions": [
        "Therapeutic Tumor Infiltrating Lymphocytes",
        "gemcitabine hydrochloride"
      ],
      "outcomes": []
    }
  },
  {
    "nct_id": "NCT00003781",
    "conditions": [
      "Feel Pain",
      "Malignant neoplasm of prostate"
    ],
    "pico_attributes": {
      "populations": {
        "minimum_age": "18 Years",
        "maximum_age": "120 Years",
        "country": "United States",
        "gender": "MALE"
      },
      "interventions": [
        "Assessment of quality of life",
        "Pain management",
        "docetaxel"
      ],
      "outcomes": []
    }
  },
  {
    "nct_id": "NCT00003782",
    "conditions": [
      "Breast Carcinoma"
    ],
    "pico_attributes": {
      "populations": {
        "minimum_age": "18 Years",
        "maximum_age": "120 Years",
        "country": "United States",
        "gender": "FEMALE"
      },
      "interventions": [
        "cyclophosphamide",
        "docetaxel",
        "doxorubicin"
      ],
      "outcomes": [
        "Breast Carcinoma",
        "Disease-Free Survival",
        "Overall Survival",
        "Patients",
        "Perceived quality of life",
        "Premenopausal amenorrhea",
        "Woman"
      ]
    }
  },
  {
    "nct_id": "NCT00003783",
    "conditions": [
      "Childhood Leukemia"
    ],
    "pico_attributes": {
      "populations": {
        "minimum_age": "NA",
        "maximum_age": "17 Years",
        "country": "United States",
        "gender": "ALL"
      },
      "interventions": [
        "ASPG gene",
        "CSF3 gene",
        "Therapeutic radiology procedure",
        "cyclophosphamide",
        "cytarabine",
        "daunorubicin hydrochloride",
        "dexamethasone",
        "etoposide",
        "idarubicin",
        "leucovorin calcium",
        "mercaptopurine",
        "methotrexate",
        "prednisone",
        "vincristine sulfate"
      ],
      "outcomes": []
    }
  },
  {
    "nct_id": "NCT00003784",
    "conditions": [
      "Adult Lymphoma"
    ],
    "pico_attributes": {
      "populations": {
        "minimum_age": "18 Years",
        "maximum_age": "NA",
        "country": "United States",
        "gender": "ALL"
      },
      "interventions": [
        "CHOP protocol-cyclophosphamide/doxorubicin/prednisone/vincristine",
        "Tositumomab and Iodine I 131 Tositumomab Therapy",
        "cyclophosphamide",
        "doxorubicin hydrochloride",
        "iodine-131-tositumomab",
        "prednisone",
        "vincristine sulfate"
      ],
      "outcomes": []
    }
  },
  {
    "nct_id": "NCT00003786",
    "conditions": [
      "Colorectal Cancer Pathway"
    ],
    "pico_attributes": {
      "populations": {
        "minimum_age": "18 Years",
        "maximum_age": "NA",
        "country": "United States",
        "gender": "ALL"
      },
      "interventions": [
        "irofulven"
      ],
      "outcomes": []
    }
  },
  {
    "nct_id": "NCT00003787",
    "conditions": [
      "Breast Carcinoma"
    ],
    "pico_attributes": {
      "populations": {
        "minimum_age": "18 Years",
        "maximum_age": "70 Years",
        "country": "United States",
        "gender": "FEMALE"
      },
      "interventions": [
        "Counsel - legal",
        "Educational Counseling",
        "Educational Intervention",
        "Intervention regimes",
        "Therapeutic Dietary Intervention"
      ],
      "outcomes": []
    }
  },
  {
    "nct_id": "NCT00003788",
    "conditions": [
      "Brain",
      "Central Nervous System Neoplasms"
    ],
    "pico_attributes": {
      "populations": {
        "minimum_age": "18 Years",
        "maximum_age": "NA",
        "country": "United States",
        "gender": "ALL"
      },
      "interventions": [
        "Neoadjuvant Therapy",
        "Operative Surgical Procedures",
        "Therapeutic radiology procedure",
        "carmustine",
        "lomustine",
        "porfimer sodium",
        "procarbazine hydrochloride"
      ],
      "outcomes": []
    }
  },
  {
    "nct_id": "NCT00003789",
    "conditions": [
      "Recurrent Cutaneous Melanoma",
      "Stage III Cutaneous Melanoma AJCC v6"
    ],
    "pico_attributes": {
      "populations": {
        "minimum_age": "18 Years",
        "maximum_age": "NA",
        "country": "United States",
        "gender": "ALL"
      },
      "interventions": [
        "Isolated limb perfusion",
        "Laboratory Biomarker Analysis",
        "Pharmacological Study",
        "Recombinant Tumor Necrosis Factor Family Protein",
        "melphalan"
      ],
      "outcomes": []
    }
  },
  {
    "nct_id": "NCT00003790",
    "conditions": [
      "Childhood Leukemia",
      "MYELODYSPLASTIC SYNDROME"
    ],
    "pico_attributes": {
      "populations": {
        "minimum_age": "NA",
        "maximum_age": "21 Years",
        "country": "United States",
        "gender": "ALL"
      },
      "interventions": [
        "Flow Cytometry",
        "Polymerase Chain Reaction"
      ],
      "outcomes": []
    }
  },
  {
    "nct_id": "NCT00003792",
    "conditions": [
      "Melanoma Pathway",
      "Skin"
    ],
    "pico_attributes": {
      "populations": {
        "minimum_age": "18 Years",
        "maximum_age": "80 Years",
        "country": "United States",
        "gender": "ALL"
      },
      "interventions": [
        "CSF3 gene",
        "Flu Matrix Peptide p58-66",
        "In Vitro-Treated Peripheral Blood Stem Cell Transplantation",
        "MART-1 Antigen",
        "Recombinant MAGE-3.1 Antigen",
        "gp100 Antigen",
        "tyrosinase peptide"
      ],
      "outcomes": []
    }
  },
  {
    "nct_id": "NCT00003793",
    "conditions": [
      "Childhood Leukemia",
      "MYELODYSPLASTIC SYNDROME",
      "Malignant neoplasm of soft tissue"
    ],
    "pico_attributes": {
      "populations": {
        "minimum_age": "NA",
        "maximum_age": "17 Years",
        "country": "United States",
        "gender": "ALL"
      },
      "interventions": [
        "Clonality Analysis",
        "Genetic Variation Analysis",
        "Microsatellite Instability Analysis"
      ],
      "outcomes": []
    }
  },
  {
    "nct_id": "NCT00003794",
    "conditions": [
      "Carcinoma, Ovarian Epithelial"
    ],
    "pico_attributes": {
      "populations": {
        "minimum_age": "18 Years",
        "maximum_age": "NA",
        "country": "United States",
        "gender": "FEMALE"
      },
      "interventions": [
        "Assessment of quality of life",
        "Psychosocial assessment (procedure)",
        "care activity"
      ],
      "outcomes": []
    }
  },
  {
    "nct_id": "NCT00003795",
    "conditions": [
      "Carcinoma, Ovarian Epithelial",
      "Endometrial Carcinoma"
    ],
    "pico_attributes": {
      "populations": {
        "minimum_age": "NA",
        "maximum_age": "NA",
        "country": "United States",
        "gender": "FEMALE"
      },
      "interventions": [
        "Assessment of quality of life"
      ],
      "outcomes": []
    }
  },
  {
    "nct_id": "NCT00003796",
    "conditions": [
      "Breast Carcinoma"
    ],
    "pico_attributes": {
      "populations": {
        "minimum_age": "NA",
        "maximum_age": "NA",
        "country": "United States",
        "gender": "ALL"
      },
      "interventions": [
        "irofulven"
      ],
      "outcomes": []
    }
  },
  {
    "nct_id": "NCT00003797",
    "conditions": [
      "Malignant neoplasm of pancreas"
    ],
    "pico_attributes": {
      "populations": {
        "minimum_age": "18 Years",
        "maximum_age": "NA",
        "country": "United States",
        "gender": "ALL"
      },
      "interventions": [
        "gemcitabine hydrochloride",
        "trastuzumab"
      ],
      "outcomes": []
    }
  },
  {
    "nct_id": "NCT00003798",
    "conditions": [
      "Malignant neoplasm of pancreas"
    ],
    "pico_attributes": {
      "populations": {
        "minimum_age": "18 Years",
        "maximum_age": "NA",
        "country": "United States",
        "gender": "ALL"
      },
      "interventions": [
        "Therapeutic radiology procedure",
        "motexafin gadolinium"
      ],
      "outcomes": []
    }
  },
  {
    "nct_id": "NCT00003799",
    "conditions": [
      "Adenocarcinoma of rectum",
      "Childhood Rectal Carcinoma",
      "Pathologic Stage IIIB Gastric Cancer AJCC v8",
      "Phase",
      "Rectal Mucinous Adenocarcinoma",
      "Rectal Signet Ring Cell Adenocarcinoma",
      "Stage IIA Rectal Cancer AJCC v7",
      "Stage IIB Prostate Cancer AJCC v8",
      "Stage IIB Rectal Cancer AJCC v7",
      "Stage IIIA Rectal Cancer AJCC v7",
      "Stage IIIC Rectal Cancer AJCC v7"
    ],
    "pico_attributes": {
      "populations": {
        "minimum_age": "18 Years",
        "maximum_age": "NA",
        "country": "United States",
        "gender": "ALL"
      },
      "interventions": [
        "Therapeutic Conventional Surgery",
        "Therapeutic radiology procedure",
        "fluorouracil",
        "leucovorin calcium",
        "oxaliplatin"
      ],
      "outcomes": []
    }
  },
  {
    "nct_id": "NCT00003800",
    "conditions": [
      "Childhood Testicular Germ Cell Tumor"
    ],
    "pico_attributes": {
      "populations": {
        "minimum_age": "15 Years",
        "maximum_age": "120 Years",
        "country": "United States",
        "gender": "MALE"
      },
      "interventions": [
        "Aspects of radionuclide imaging",
        "Immunohistochemistry",
        "Laboratory Biomarker Analysis"
      ],
      "outcomes": []
    }
  },
  {
    "nct_id": "NCT00003801",
    "conditions": [
      "Cancer Therapeutic Procedure",
      "Child",
      "Longterm Effects",
      "Malignant neoplasm of soft tissue",
      "Secondary to"
    ],
    "pico_attributes": {
      "populations": {
        "minimum_age": "5 Years",
        "maximum_age": "NA",
        "country": "",
        "gender": "ALL"
      },
      "interventions": [
        "Assessment of quality of life",
        "Management of Therapy Complications"
      ],
      "outcomes": []
    }
  },
  {
    "nct_id": "NCT00003802",
    "conditions": [
      "Melanoma Pathway",
      "Skin",
      "Uveal melanoma"
    ],
    "pico_attributes": {
      "populations": {
        "minimum_age": "18 Years",
        "maximum_age": "NA",
        "country": "United States",
        "gender": "ALL"
      },
      "interventions": [
        "Pyrazoloacridine"
      ],
      "outcomes": []
    }
  },
  {
    "nct_id": "NCT00003803",
    "conditions": [
      "Carcinoma of lung"
    ],
    "pico_attributes": {
      "populations": {
        "minimum_age": "18 Years",
        "maximum_age": "NA",
        "country": "United Kingdom",
        "gender": "ALL"
      },
      "interventions": [
        "Therapeutic radiology procedure",
        "cisplatin",
        "gemcitabine hydrochloride"
      ],
      "outcomes": []
    }
  },
  {
    "nct_id": "NCT00003804",
    "conditions": [
      "Malignant neoplasm of kidney"
    ],
    "pico_attributes": {
      "populations": {
        "minimum_age": "NA",
        "maximum_age": "17 Years",
        "country": "United Arab Emirates",
        "gender": "ALL"
      },
      "interventions": [
        "Conventional Surgery",
        "dactinomycin",
        "vincristine sulfate"
      ],
      "outcomes": []
    }
  },
  {
    "nct_id": "NCT00003805",
    "conditions": [
      "Adult Lymphoma",
      "Adult Solid Neoplasm",
      "Bone Marrow Suppression",
      "Bothered by Hot Flashes",
      "Childhood Leukemia",
      "Childhood Solid Neoplasm",
      "Clinical trial protocol",
      "Communicable Diseases",
      "Entity Determiner - specific",
      "External cause codes: Unspecified",
      "Fever",
      "Have Sweats",
      "MYELODYSPLASTIC SYNDROME",
      "Multiple Myeloma",
      "Plasma Cell Neoplasm"
    ],
    "pico_attributes": {
      "populations": {
        "minimum_age": "2 Years",
        "maximum_age": "NA",
        "country": "United States",
        "gender": "ALL"
      },
      "interventions": [
        "piperacillin sodium",
        "piperacillin-tazobactam combination",
        "tazobactam sodium",
        "vancomycin"
      ],
      "outcomes": []
    }
  },
  {
    "nct_id": "NCT00003808",
    "conditions": [
      "Childhood Leukemia"
    ],
    "pico_attributes": {
      "populations": {
        "minimum_age": "18 Years",
        "maximum_age": "120 Years",
        "country": "United States",
        "gender": "ALL"
      },
      "interventions": [
        "theophylline"
      ],
      "outcomes": []
    }
  },
  {
    "nct_id": "NCT00003809",
    "conditions": [
      "Head and Neck Carcinoma"
    ],
    "pico_attributes": {
      "populations": {
        "minimum_age": "18 Years",
        "maximum_age": "120 Years",
        "country": "United States",
        "gender": "ALL"
      },
      "interventions": [
        "cetuximab",
        "cisplatin"
      ],
      "outcomes": []
    }
  },
  {
    "nct_id": "NCT00003810",
    "conditions": [
      "Malignant neoplasm of pancreas"
    ],
    "pico_attributes": {
      "populations": {
        "minimum_age": "18 Years",
        "maximum_age": "120 Years",
        "country": "United States",
        "gender": "ALL"
      },
      "interventions": [
        "docetaxel",
        "gemcitabine hydrochloride"
      ],
      "outcomes": []
    }
  },
  {
    "nct_id": "NCT00003811",
    "conditions": [
      "Carcinoma, Ovarian Epithelial",
      "Childhood Germ Cell Tumor",
      "Drug toxicity",
      "Extragonadal Germ Cell Tumor"
    ],
    "pico_attributes": {
      "populations": {
        "minimum_age": "NA",
        "maximum_age": "14 Years",
        "country": "United States",
        "gender": "ALL"
      },
      "interventions": [
        "Amifostine Trihydrate",
        "Conventional Surgery",
        "bleomycin sulfate",
        "cisplatin",
        "etoposide"
      ],
      "outcomes": []
    }
  },
  {
    "nct_id": "NCT00003812",
    "conditions": [
      "Carcinoma of lung"
    ],
    "pico_attributes": {
      "populations": {
        "minimum_age": "18 Years",
        "maximum_age": "NA",
        "country": "United States",
        "gender": "ALL"
      },
      "interventions": [
        "CSF3 gene",
        "Therapeutic radiology procedure",
        "carboplatin",
        "etoposide",
        "paclitaxel",
        "topotecan hydrochloride"
      ],
      "outcomes": []
    }
  },
  {
    "nct_id": "NCT00003814",
    "conditions": [
      "Bladder Cancer Pathway"
    ],
    "pico_attributes": {
      "populations": {
        "minimum_age": "18 Years",
        "maximum_age": "NA",
        "country": "United States",
        "gender": "ALL"
      },
      "interventions": [
        "eflornithine"
      ],
      "outcomes": []
    }
  },
  {
    "nct_id": "NCT00003815",
    "conditions": [
      "Adult Lymphoma"
    ],
    "pico_attributes": {
      "populations": {
        "minimum_age": "15 Years",
        "maximum_age": "65 Years",
        "country": "United Kingdom",
        "gender": "ALL"
      },
      "interventions": [
        "Therapeutic radiology procedure",
        "bleomycin sulfate",
        "carmustine",
        "cyclophosphamide",
        "cytarabine",
        "doxorubicin hydrochloride",
        "etoposide",
        "melphalan",
        "prednisolone",
        "vincristine sulfate"
      ],
      "outcomes": []
    }
  }
]