[
  {
    "nct_id": "NCT00001246",
    "conditions": [
      "Attention deficit hyperactivity disorder",
      "Schizophrenia"
    ],
    "pico_attributes": {
      "populations": {
        "minimum_age": "3 Years",
        "maximum_age": "NA",
        "country": "United States",
        "gender": "ALL"
      },
      "interventions": [],
      "outcomes": []
    }
  },
  {
    "nct_id": "NCT00001247",
    "conditions": [
      "Schizophrenia"
    ],
    "pico_attributes": {
      "populations": {
        "minimum_age": "18 Years",
        "maximum_age": "120 Years",
        "country": "United States",
        "gender": "ALL"
      },
      "interventions": [],
      "outcomes": []
    }
  },
  {
    "nct_id": "NCT00001248",
    "conditions": [
      "MS gene"
    ],
    "pico_attributes": {
      "populations": {
        "minimum_age": "18 Years",
        "maximum_age": "120 Years",
        "country": "United States",
        "gender": "ALL"
      },
      "interventions": [],
      "outcomes": []
    }
  },
  {
    "nct_id": "NCT00001249",
    "conditions": [
      "Adult Lymphoma",
      "Childhood Leukemia",
      "Cutaneous",
      "T-Lymphocyte"
    ],
    "pico_attributes": {
      "populations": {
        "minimum_age": "NA",
        "maximum_age": "NA",
        "country": "United States",
        "gender": "ALL"
      },
      "interventions": [
        "Antibodies",
        "Antibodies, Anti-Idiotypic",
        "Radiolabeled",
        "TAC",
        "Yttrium-90",
        "daclizumab"
      ],
      "outcomes": []
    }
  },
  {
    "nct_id": "NCT00001250",
    "conditions": [
      "Mammary Neoplasms",
      "Neoplasm Metastasis"
    ],
    "pico_attributes": {
      "populations": {
        "minimum_age": "NA",
        "maximum_age": "NA",
        "country": "United States",
        "gender": "FEMALE"
      },
      "interventions": [
        "Cyclophosphamide/Doxorubicin/Fluorouracil/Leucovorin Calcium",
        "Dosage",
        "Granulocyte Colony-Stimulating Factor",
        "Pre-operative chemotherapy",
        "With intensity"
      ],
      "outcomes": []
    }
  },
  {
    "nct_id": "NCT00001251",
    "conditions": [
      "Adult Lymphoma",
      "Childhood Leukemia",
      "Meningeal Neoplasms"
    ],
    "pico_attributes": {
      "populations": {
        "minimum_age": "NA",
        "maximum_age": "NA",
        "country": "United States",
        "gender": "ALL"
      },
      "interventions": [
        "mafosfamide"
      ],
      "outcomes": []
    }
  },
  {
    "nct_id": "NCT00001252",
    "conditions": [
      "Movement Disorders"
    ],
    "pico_attributes": {
      "populations": {
        "minimum_age": "1 Month",
        "maximum_age": "110 Years",
        "country": "United States",
        "gender": "ALL"
      },
      "interventions": [],
      "outcomes": []
    }
  },
  {
    "nct_id": "NCT00001253",
    "conditions": [
      "Gonadal Dysgenesis",
      "Turner Syndrome"
    ],
    "pico_attributes": {
      "populations": {
        "minimum_age": "NA",
        "maximum_age": "NA",
        "country": "United States",
        "gender": "ALL"
      },
      "interventions": [
        "Cognitive",
        "Integumentary scale",
        "Laboratory Procedures"
      ],
      "outcomes": []
    }
  },
  {
    "nct_id": "NCT00001254",
    "conditions": [
      "Zollinger-Ellison syndrome"
    ],
    "pico_attributes": {
      "populations": {
        "minimum_age": "18 Years",
        "maximum_age": "100 Years",
        "country": "United States",
        "gender": "ALL"
      },
      "interventions": [],
      "outcomes": []
    }
  },
  {
    "nct_id": "NCT00001255",
    "conditions": [
      "Severe Combined Immunodeficiency"
    ],
    "pico_attributes": {
      "populations": {
        "minimum_age": "NA",
        "maximum_age": "NA",
        "country": "United States",
        "gender": "ALL"
      },
      "interventions": [
        "Adangme language",
        "Cell Count",
        "Lymphocyte",
        "Peripheral Blood Stem Cells",
        "Umbilical Cord Blood"
      ],
      "outcomes": []
    }
  },
  {
    "nct_id": "NCT00001256",
    "conditions": [
      "Granulomatosis with polyangiitis",
      "Inflammation",
      "Vasculitis"
    ],
    "pico_attributes": {
      "populations": {
        "minimum_age": "NA",
        "maximum_age": "NA",
        "country": "United States",
        "gender": "ALL"
      },
      "interventions": [
        "methotrexate",
        "prednisone"
      ],
      "outcomes": []
    }
  },
  {
    "nct_id": "NCT00001257",
    "conditions": [
      "Abnormal",
      "Function (attribute)",
      "Healthy Volunteers",
      "Phagocytes"
    ],
    "pico_attributes": {
      "populations": {
        "minimum_age": "6 Years",
        "maximum_age": "65 Years",
        "country": "United States",
        "gender": "ALL"
      },
      "interventions": [],
      "outcomes": []
    }
  },
  {
    "nct_id": "NCT00001258",
    "conditions": [
      "Healthy Volunteers",
      "Parkinson Disease",
      "Schizophrenia"
    ],
    "pico_attributes": {
      "populations": {
        "minimum_age": "18 Years",
        "maximum_age": "90 Years",
        "country": "United States",
        "gender": "ALL"
      },
      "interventions": [
        "Drinking Water",
        "Oxygen-15"
      ],
      "outcomes": []
    }
  },
  {
    "nct_id": "NCT00001259",
    "conditions": [
      "Menstruation Disturbances",
      "Premenstrual syndrome"
    ],
    "pico_attributes": {
      "populations": {
        "minimum_age": "18 Years",
        "maximum_age": "45 Years",
        "country": "United States",
        "gender": "FEMALE"
      },
      "interventions": [
        "Body tissue patch material",
        "Injection",
        "Patch Dosage Form",
        "Pessaries",
        "Placebo Control",
        "Progesterone [EPC]",
        "Therapeutic Estradiol",
        "leuprolide"
      ],
      "outcomes": [
        "Beck depression inventory score",
        "Population Mean"
      ]
    }
  },
  {
    "nct_id": "NCT00001260",
    "conditions": [
      "Anxiety Disorders",
      "Bipolar Disorder",
      "Brain Diseases",
      "Depressed mood",
      "Gilles de la Tourette syndrome",
      "Schizophrenia"
    ],
    "pico_attributes": {
      "populations": {
        "minimum_age": "NA",
        "maximum_age": "NA",
        "country": "United States",
        "gender": "ALL"
      },
      "interventions": [],
      "outcomes": []
    }
  },
  {
    "nct_id": "NCT00001261",
    "conditions": [
      "Adult type dermatomyositis",
      "Inclusion Body Myositis (disorder)",
      "Polymyositis"
    ],
    "pico_attributes": {
      "populations": {
        "minimum_age": "NA",
        "maximum_age": "NA",
        "country": "United States",
        "gender": "ALL"
      },
      "interventions": [
        "Gamma globulin"
      ],
      "outcomes": []
    }
  },
  {
    "nct_id": "NCT00001262",
    "conditions": [
      "Menkes Kinky Hair Syndrome"
    ],
    "pico_attributes": {
      "populations": {
        "minimum_age": "NA",
        "maximum_age": "NA",
        "country": "United States",
        "gender": "ALL"
      },
      "interventions": [
        "copper histidine"
      ],
      "outcomes": [
        "36",
        "Age",
        "Age at death",
        "Age at death:Time:Point in time:^Patient:Quantitative",
        "Age-Years",
        "Body weight percentile",
        "Cessation of life",
        "Diploid Cell",
        "Fine - adjective",
        "Gross (qualifier value)",
        "Growth Chart Percentile",
        "Head circumference",
        "Language Development",
        "Length",
        "Medical Outcomes Study Physical Functioning Scale",
        "Motor Development",
        "Oroqen Chinese",
        "Percentile",
        "Personal Attribute",
        "Social Development",
        "adaptive"
      ]
    }
  },
  {
    "nct_id": "NCT00001265",
    "conditions": [
      "Adult type dermatomyositis",
      "Polymyositis"
    ],
    "pico_attributes": {
      "populations": {
        "minimum_age": "16 Years",
        "maximum_age": "NA",
        "country": "United States",
        "gender": "ALL"
      },
      "interventions": [],
      "outcomes": []
    }
  },
  {
    "nct_id": "NCT00001266",
    "conditions": [
      "Prostatic Neoplasms"
    ],
    "pico_attributes": {
      "populations": {
        "minimum_age": "NA",
        "maximum_age": "NA",
        "country": "United States",
        "gender": "MALE"
      },
      "interventions": [
        "suramin"
      ],
      "outcomes": []
    }
  },
  {
    "nct_id": "NCT00001267",
    "conditions": [
      "AIDS related complex",
      "Acquired Immunodeficiency Syndrome"
    ],
    "pico_attributes": {
      "populations": {
        "minimum_age": "NA",
        "maximum_age": "NA",
        "country": "United States",
        "gender": "ALL"
      },
      "interventions": [
        "+2",
        "3+ Answer to Question",
        "didanosine",
        "zidovudine"
      ],
      "outcomes": []
    }
  },
  {
    "nct_id": "NCT00001269",
    "conditions": [
      "Mammary Neoplasms",
      "Neoplasm Metastasis"
    ],
    "pico_attributes": {
      "populations": {
        "minimum_age": "NA",
        "maximum_age": "NA",
        "country": "United States",
        "gender": "ALL"
      },
      "interventions": [
        "IL3 gene"
      ],
      "outcomes": []
    }
  },
  {
    "nct_id": "NCT00001270",
    "conditions": [
      "Adult Lymphoma",
      "Mammary Neoplasms",
      "Neoplasm Metastasis",
      "Testicular Neoplasms"
    ],
    "pico_attributes": {
      "populations": {
        "minimum_age": "NA",
        "maximum_age": "NA",
        "country": "United States",
        "gender": "ALL"
      },
      "interventions": [
        "Interleukin-1"
      ],
      "outcomes": []
    }
  },
  {
    "nct_id": "NCT00001271",
    "conditions": [
      "B-Cell Lymphomas"
    ],
    "pico_attributes": {
      "populations": {
        "minimum_age": "NA",
        "maximum_age": "NA",
        "country": "United States",
        "gender": "ALL"
      },
      "interventions": [
        "IgG-RFB4-SMPT-dgA Immunotoxin"
      ],
      "outcomes": []
    }
  },
  {
    "nct_id": "NCT00001272",
    "conditions": [
      "ovarian neoplasm"
    ],
    "pico_attributes": {
      "populations": {
        "minimum_age": "NA",
        "maximum_age": "NA",
        "country": "United States",
        "gender": "FEMALE"
      },
      "interventions": [
        "Taxol"
      ],
      "outcomes": []
    }
  },
  {
    "nct_id": "NCT00001275",
    "conditions": [
      "Amenorrhea",
      "Decreased circulating aldosterone level",
      "Hypogonadism",
      "Infertility",
      "Ovarian Failure, Premature"
    ],
    "pico_attributes": {
      "populations": {
        "minimum_age": "18 Years",
        "maximum_age": "42 Years",
        "country": "United States",
        "gender": "FEMALE"
      },
      "interventions": [],
      "outcomes": []
    }
  },
  {
    "nct_id": "NCT00001276",
    "conditions": [
      "Hypoglycemia",
      "insulinoma"
    ],
    "pico_attributes": {
      "populations": {
        "minimum_age": "18 Years",
        "maximum_age": "120 Years",
        "country": "United States",
        "gender": "ALL"
      },
      "interventions": [],
      "outcomes": []
    }
  },
  {
    "nct_id": "NCT00001277",
    "conditions": [
      "Hypercalcemia",
      "Hyperparathyroidism",
      "MEN1 wt Allele",
      "Multiple Endocrine Neoplasia",
      "Parathyroid Neoplasms"
    ],
    "pico_attributes": {
      "populations": {
        "minimum_age": "2 Months",
        "maximum_age": "NA",
        "country": "United States",
        "gender": "ALL"
      },
      "interventions": [
        "dotatate gallium ga-68",
        "fluorodopa F 18"
      ],
      "outcomes": [
        "Container status - Identified",
        "Lesion",
        "Number of lesions",
        "Organ"
      ]
    }
  },
  {
    "nct_id": "NCT00001278",
    "conditions": [
      "SARCOIDOSIS, SUSCEPTIBILITY TO, 1 (finding)"
    ],
    "pico_attributes": {
      "populations": {
        "minimum_age": "NA",
        "maximum_age": "NA",
        "country": "United States",
        "gender": "ALL"
      },
      "interventions": [],
      "outcomes": []
    }
  },
  {
    "nct_id": "NCT00001280",
    "conditions": [
      "Mycoses"
    ],
    "pico_attributes": {
      "populations": {
        "minimum_age": "NA",
        "maximum_age": "NA",
        "country": "United States",
        "gender": "ALL"
      },
      "interventions": [
        "itraconazole"
      ],
      "outcomes": []
    }
  },
  {
    "nct_id": "NCT00001281",
    "conditions": [
      "Communicable Diseases",
      "HIV",
      "Immunologic Deficiency Syndromes"
    ],
    "pico_attributes": {
      "populations": {
        "minimum_age": "18 Years",
        "maximum_age": "120 Years",
        "country": "United States",
        "gender": "ALL"
      },
      "interventions": [],
      "outcomes": []
    }
  },
  {
    "nct_id": "NCT00001282",
    "conditions": [
      "HIV Infections"
    ],
    "pico_attributes": {
      "populations": {
        "minimum_age": "NA",
        "maximum_age": "NA",
        "country": "United States",
        "gender": "ALL"
      },
      "interventions": [],
      "outcomes": []
    }
  },
  {
    "nct_id": "NCT00001284",
    "conditions": [
      "Biological Markers",
      "Brain Diseases",
      "Brain Mapping",
      "Gene Frequency",
      "Genotype",
      "fMRI"
    ],
    "pico_attributes": {
      "populations": {
        "minimum_age": "18 Years",
        "maximum_age": "NA",
        "country": "United States",
        "gender": "ALL"
      },
      "interventions": [],
      "outcomes": []
    }
  },
  {
    "nct_id": "NCT00001285",
    "conditions": [
      "Bipolar Disorder",
      "Circadian Rhythm Pathway KEGG",
      "Depressive disorder"
    ],
    "pico_attributes": {
      "populations": {
        "minimum_age": "NA",
        "maximum_age": "NA",
        "country": "United States",
        "gender": "FEMALE"
      },
      "interventions": [],
      "outcomes": []
    }
  },
  {
    "nct_id": "NCT00001287",
    "conditions": [
      "Demyelinating Diseases",
      "Paraproteinemias"
    ],
    "pico_attributes": {
      "populations": {
        "minimum_age": "NA",
        "maximum_age": "NA",
        "country": "United States",
        "gender": "ALL"
      },
      "interventions": [],
      "outcomes": []
    }
  },
  {
    "nct_id": "NCT00001288",
    "conditions": [
      "Cerebrovascular Disorders",
      "Epilepsy"
    ],
    "pico_attributes": {
      "populations": {
        "minimum_age": "NA",
        "maximum_age": "NA",
        "country": "United States",
        "gender": "ALL"
      },
      "interventions": [
        "Drinking Water",
        "Oxygen-15",
        "SMUG1 gene"
      ],
      "outcomes": []
    }
  },
  {
    "nct_id": "NCT00001289",
    "conditions": [
      "Gaucher Disease"
    ],
    "pico_attributes": {
      "populations": {
        "minimum_age": "NA",
        "maximum_age": "NA",
        "country": "United States",
        "gender": "ALL"
      },
      "interventions": [],
      "outcomes": []
    }
  },
  {
    "nct_id": "NCT00001291",
    "conditions": [
      "Arthritis",
      "Arthropathy",
      "Autoimmune Diseases",
      "Degenerative polyarthritis",
      "Rheumatoid Arthritis"
    ],
    "pico_attributes": {
      "populations": {
        "minimum_age": "NA",
        "maximum_age": "NA",
        "country": "United States",
        "gender": "ALL"
      },
      "interventions": [],
      "outcomes": []
    }
  },
  {
    "nct_id": "NCT00001292",
    "conditions": [
      "Congenital Nonbullous Ichthyosiform Erythroderma",
      "Keratosis Follicularis",
      "Skin Diseases, Genetic"
    ],
    "pico_attributes": {
      "populations": {
        "minimum_age": "NA",
        "maximum_age": "NA",
        "country": "United States",
        "gender": "ALL"
      },
      "interventions": [],
      "outcomes": []
    }
  },
  {
    "nct_id": "NCT00001294",
    "conditions": [
      "Alcoholic Intoxication, Chronic",
      "HIV Infections",
      "Homosexuality",
      "Kaposi Sarcoma"
    ],
    "pico_attributes": {
      "populations": {
        "minimum_age": "NA",
        "maximum_age": "NA",
        "country": "United States",
        "gender": "ALL"
      },
      "interventions": [],
      "outcomes": []
    }
  },
  {
    "nct_id": "NCT00001295",
    "conditions": [
      "Cancer Genus",
      "HIV"
    ],
    "pico_attributes": {
      "populations": {
        "minimum_age": "NA",
        "maximum_age": "99 Years",
        "country": "United States",
        "gender": "ALL"
      },
      "interventions": [],
      "outcomes": []
    }
  },
  {
    "nct_id": "NCT00001296",
    "conditions": [
      "Melanoma Pathway"
    ],
    "pico_attributes": {
      "populations": {
        "minimum_age": "NA",
        "maximum_age": "NA",
        "country": "United States",
        "gender": "ALL"
      },
      "interventions": [
        "Fever",
        "IFNG gene",
        "Isolated limb perfusion",
        "Tumor Necrosis Factor-alpha",
        "melphalan"
      ],
      "outcomes": []
    }
  },
  {
    "nct_id": "NCT00001298",
    "conditions": [
      "Kidney Diseases"
    ],
    "pico_attributes": {
      "populations": {
        "minimum_age": "NA",
        "maximum_age": "NA",
        "country": "United States",
        "gender": "ALL"
      },
      "interventions": [
        "glucarpidase"
      ],
      "outcomes": []
    }
  },
  {
    "nct_id": "NCT00001300",
    "conditions": [
      "Malignant neoplasm of soft tissue"
    ],
    "pico_attributes": {
      "populations": {
        "minimum_age": "NA",
        "maximum_age": "NA",
        "country": "United States",
        "gender": "ALL"
      },
      "interventions": [
        "doxorubicin",
        "ifosfamide",
        "mesna"
      ],
      "outcomes": []
    }
  },
  {
    "nct_id": "NCT00001301",
    "conditions": [
      "Adult Lymphoma",
      "Lymphoma, Non-Hodgkin"
    ],
    "pico_attributes": {
      "populations": {
        "minimum_age": "NA",
        "maximum_age": "NA",
        "country": "United States",
        "gender": "ALL"
      },
      "interventions": [],
      "outcomes": []
    }
  },
  {
    "nct_id": "NCT00001302",
    "conditions": [
      "Adult Lymphoma",
      "Breast Carcinoma",
      "Carcinoma, Ovarian Epithelial",
      "Childhood Kidney Neoplasm",
      "Neoplasm Metastasis"
    ],
    "pico_attributes": {
      "populations": {
        "minimum_age": "NA",
        "maximum_age": "NA",
        "country": "United States",
        "gender": "ALL"
      },
      "interventions": [
        "SDZ PSC 833"
      ],
      "outcomes": []
    }
  },
  {
    "nct_id": "NCT00001303",
    "conditions": [
      "Healthy",
      "Lung diseases",
      "Sepsis",
      "Septic Shock"
    ],
    "pico_attributes": {
      "populations": {
        "minimum_age": "18 Years",
        "maximum_age": "45 Years",
        "country": "United States",
        "gender": "ALL"
      },
      "interventions": [
        "Bibliographic Reference",
        "Endotoxins",
        "Inspiration function",
        "Nitric Oxide Measurement"
      ],
      "outcomes": []
    }
  },
  {
    "nct_id": "NCT00001304",
    "conditions": [
      "HPT gene"
    ],
    "pico_attributes": {
      "populations": {
        "minimum_age": "17 Years",
        "maximum_age": "69 Years",
        "country": "United States",
        "gender": "ALL"
      },
      "interventions": [
        "CALCIUM SUPPLEMENTS",
        "Calcitriol Drug Class",
        "Homo sapiens",
        "PTH gene",
        "Synthesis"
      ],
      "outcomes": [
        "25-hydroxyvitamin D",
        "Disease classification level",
        "Magnesium measurement",
        "Serum",
        "Serum Calcium Level",
        "Serum magnesium finding",
        "serum phosphorus measurement"
      ]
    }
  },
  {
    "nct_id": "NCT00001305",
    "conditions": [
      "Osteogenesis Imperfecta"
    ],
    "pico_attributes": {
      "populations": {
        "minimum_age": "3 Years",
        "maximum_age": "16 Years",
        "country": "United States",
        "gender": "ALL"
      },
      "interventions": [
        "Humatrope"
      ],
      "outcomes": [
        "BaseLine dental cement",
        "Fulfill",
        "GROWTH RATE INCREASE",
        "Human Study Subject",
        "Proportion",
        "criteria"
      ]
    }
  },
  {
    "nct_id": "NCT00001306",
    "conditions": [
      "Autoimmune Diseases",
      "Infertility",
      "Ovarian Failure, Premature"
    ],
    "pico_attributes": {
      "populations": {
        "minimum_age": "18 Years",
        "maximum_age": "39 Years",
        "country": "United States",
        "gender": "FEMALE"
      },
      "interventions": [],
      "outcomes": []
    }
  },
  {
    "nct_id": "NCT00001307",
    "conditions": [
      "Feel Pain",
      "Healthy",
      "Hyperalgesia",
      "Peripheral Nervous System Diseases"
    ],
    "pico_attributes": {
      "populations": {
        "minimum_age": "NA",
        "maximum_age": "NA",
        "country": "United States",
        "gender": "ALL"
      },
      "interventions": [
        "Drinking Water",
        "Oxygen-15",
        "capsaicin"
      ],
      "outcomes": []
    }
  },
  {
    "nct_id": "NCT00001308",
    "conditions": [
      "Communication impairment",
      "Gilles de la Tourette syndrome",
      "Healthy",
      "Stuttering",
      "Voice Disorders"
    ],
    "pico_attributes": {
      "populations": {
        "minimum_age": "18 Years",
        "maximum_age": "85 Years",
        "country": "United States",
        "gender": "ALL"
      },
      "interventions": [],
      "outcomes": []
    }
  },
  {
    "nct_id": "NCT00001309",
    "conditions": [
      "Healthy Volunteers"
    ],
    "pico_attributes": {
      "populations": {
        "minimum_age": "18 Years",
        "maximum_age": "35 Years",
        "country": "United States",
        "gender": "ALL"
      },
      "interventions": [
        "Vitamin C Drug Class"
      ],
      "outcomes": []
    }
  },
  {
    "nct_id": "NCT00001310",
    "conditions": [
      "Age related macular degeneration",
      "Corneal Diseases",
      "Diabetic Retinopathy",
      "Retinal Diseases",
      "Uveitis"
    ],
    "pico_attributes": {
      "populations": {
        "minimum_age": "NA",
        "maximum_age": "NA",
        "country": "United States",
        "gender": "ALL"
      },
      "interventions": [],
      "outcomes": []
    }
  },
  {
    "nct_id": "NCT00001311",
    "conditions": [
      "Bilateral cataracts (disorder)"
    ],
    "pico_attributes": {
      "populations": {
        "minimum_age": "NA",
        "maximum_age": "NA",
        "country": "United States",
        "gender": "ALL"
      },
      "interventions": [
        "Artificial lens, device",
        "Changing",
        "Surface",
        "heparin"
      ],
      "outcomes": []
    }
  },
  {
    "nct_id": "NCT00001313",
    "conditions": [
      "Cardiomyopathy, Dilated",
      "Congestive heart failure",
      "Coronary Artery Disease",
      "Diabetes",
      "Peripheral Arterial Diseases",
      "Pulmonary Hypertension",
      "Renal Artery Stenosis"
    ],
    "pico_attributes": {
      "populations": {
        "minimum_age": "NA",
        "maximum_age": "NA",
        "country": "United States",
        "gender": "ALL"
      },
      "interventions": [],
      "outcomes": []
    }
  },
  {
    "nct_id": "NCT00001314",
    "conditions": [
      "Aortic Valve Insufficiency",
      "Mitral Valve Insufficiency"
    ],
    "pico_attributes": {
      "populations": {
        "minimum_age": "NA",
        "maximum_age": "NA",
        "country": "United States",
        "gender": "ALL"
      },
      "interventions": [],
      "outcomes": []
    }
  },
  {
    "nct_id": "NCT00001316",
    "conditions": [
      "HIV"
    ],
    "pico_attributes": {
      "populations": {
        "minimum_age": "18 Years",
        "maximum_age": "NA",
        "country": "United States",
        "gender": "ALL"
      },
      "interventions": [],
      "outcomes": []
    }
  },
  {
    "nct_id": "NCT00001317",
    "conditions": [
      "Chronic granulomatous disease"
    ],
    "pico_attributes": {
      "populations": {
        "minimum_age": "NA",
        "maximum_age": "NA",
        "country": "United States",
        "gender": "ALL"
      },
      "interventions": [
        "IFNG gene"
      ],
      "outcomes": []
    }
  },
  {
    "nct_id": "NCT00001318",
    "conditions": [
      "Atypical",
      "Healthy",
      "Mycobacterium Infections"
    ],
    "pico_attributes": {
      "populations": {
        "minimum_age": "NA",
        "maximum_age": "NA",
        "country": "United States",
        "gender": "ALL"
      },
      "interventions": [
        "IFNG gene"
      ],
      "outcomes": []
    }
  },
  {
    "nct_id": "NCT00001319",
    "conditions": [
      "CD4 Expressing Cell Count",
      "Lymphocyte count decreased",
      "T-Lymphocytopenia, Idiopathic CD4-Positive"
    ],
    "pico_attributes": {
      "populations": {
        "minimum_age": "NA",
        "maximum_age": "NA",
        "country": "United States",
        "gender": "ALL"
      },
      "interventions": [],
      "outcomes": []
    }
  },
  {
    "nct_id": "NCT00001320",
    "conditions": [
      "Healthy",
      "Schizophrenia"
    ],
    "pico_attributes": {
      "populations": {
        "minimum_age": "NA",
        "maximum_age": "NA",
        "country": "United States",
        "gender": "ALL"
      },
      "interventions": [],
      "outcomes": []
    }
  },
  {
    "nct_id": "NCT00001322",
    "conditions": [
      "Healthy Volunteers"
    ],
    "pico_attributes": {
      "populations": {
        "minimum_age": "18 Years",
        "maximum_age": "50 Years",
        "country": "United States",
        "gender": "FEMALE"
      },
      "interventions": [
        "75",
        "Body tissue patch material",
        "Pessaries",
        "Placebo Control",
        "Progesterone [EPC]",
        "Therapeutic Estradiol",
        "leuprolide acetate"
      ],
      "outcomes": [
        "Beck depression inventory score",
        "Population Mean"
      ]
    }
  },
  {
    "nct_id": "NCT00001323",
    "conditions": [
      "Brain Injuries",
      "Dementia",
      "Healthy",
      "Mental disorders",
      "Schizophrenia"
    ],
    "pico_attributes": {
      "populations": {
        "minimum_age": "NA",
        "maximum_age": "NA",
        "country": "United States",
        "gender": "ALL"
      },
      "interventions": [],
      "outcomes": []
    }
  },
  {
    "nct_id": "NCT00001324",
    "conditions": [
      "Ataxia",
      "Cerebrovascular accident",
      "Healthy",
      "Movement Disorders",
      "Tremor"
    ],
    "pico_attributes": {
      "populations": {
        "minimum_age": "NA",
        "maximum_age": "NA",
        "country": "United States",
        "gender": "ALL"
      },
      "interventions": [],
      "outcomes": []
    }
  },
  {
    "nct_id": "NCT00001325",
    "conditions": [
      "Epilepsies, Partial",
      "Epilepsy, Generalized",
      "Infantile Spasm",
      "Metabolic Diseases",
      "Seizures"
    ],
    "pico_attributes": {
      "populations": {
        "minimum_age": "NA",
        "maximum_age": "NA",
        "country": "United States",
        "gender": "ALL"
      },
      "interventions": [
        "fluorodeoxyglucose F18"
      ],
      "outcomes": []
    }
  },
  {
    "nct_id": "NCT00001327",
    "conditions": [
      "Arnold Chiari Malformation",
      "Hydrocephalus",
      "Syringomyelia"
    ],
    "pico_attributes": {
      "populations": {
        "minimum_age": "18 Years",
        "maximum_age": "NA",
        "country": "United States",
        "gender": "ALL"
      },
      "interventions": [],
      "outcomes": []
    }
  },
  {
    "nct_id": "NCT00001328",
    "conditions": [
      "Adult Brain Neoplasm",
      "Neoplasm Metastasis"
    ],
    "pico_attributes": {
      "populations": {
        "minimum_age": "19 Years",
        "maximum_age": "NA",
        "country": "United States",
        "gender": "ALL"
      },
      "interventions": [
        "Cultured Cell Line",
        "Cytovene",
        "Producer",
        "ganciclovir sodium"
      ],
      "outcomes": []
    }
  },
  {
    "nct_id": "NCT00001329",
    "conditions": [
      "Autonomic nervous system disorders",
      "Healthy",
      "Hypertension, CTCAE"
    ],
    "pico_attributes": {
      "populations": {
        "minimum_age": "NA",
        "maximum_age": "NA",
        "country": "United States",
        "gender": "ALL"
      },
      "interventions": [],
      "outcomes": []
    }
  },
  {
    "nct_id": "NCT00001330",
    "conditions": [
      "Autoimmune Diseases",
      "Circumscribe (action)",
      "Connective Tissue Diseases",
      "Scleroderma",
      "Systemic"
    ],
    "pico_attributes": {
      "populations": {
        "minimum_age": "NA",
        "maximum_age": "NA",
        "country": "United States",
        "gender": "ALL"
      },
      "interventions": [],
      "outcomes": []
    }
  },
  {
    "nct_id": "NCT00001331",
    "conditions": [
      "Adult type dermatomyositis",
      "GAA gene",
      "Glycogen Storage Disease Type VII",
      "Myositis",
      "Polymyositis"
    ],
    "pico_attributes": {
      "populations": {
        "minimum_age": "NA",
        "maximum_age": "NA",
        "country": "United States",
        "gender": "ALL"
      },
      "interventions": [],
      "outcomes": []
    }
  },
  {
    "nct_id": "NCT00001332",
    "conditions": [
      "Peritoneal Neoplasms",
      "Stomach Neoplasms"
    ],
    "pico_attributes": {
      "populations": {
        "minimum_age": "NA",
        "maximum_age": "NA",
        "country": "United States",
        "gender": "ALL"
      },
      "interventions": [
        "Continuous Chemotherapeutic Hyperthermic Peritoneal Perfusion",
        "cisplatin"
      ],
      "outcomes": []
    }
  },
  {
    "nct_id": "NCT00001333",
    "conditions": [
      "Adult Lymphoma",
      "Childhood Leukemia",
      "Meningeal Neoplasms"
    ],
    "pico_attributes": {
      "populations": {
        "minimum_age": "NA",
        "maximum_age": "NA",
        "country": "United States",
        "gender": "ALL"
      },
      "interventions": [
        "topotecan"
      ],
      "outcomes": []
    }
  },
  {
    "nct_id": "NCT00001335",
    "conditions": [
      "Adult Rhabdomyosarcoma",
      "Central neuroblastoma",
      "Ewings sarcoma"
    ],
    "pico_attributes": {
      "populations": {
        "minimum_age": "NA",
        "maximum_age": "NA",
        "country": "United States",
        "gender": "ALL"
      },
      "interventions": [
        "ADR-529",
        "Granulocyte Colony-Stimulating Factor",
        "topotecan"
      ],
      "outcomes": []
    }
  },
  {
    "nct_id": "NCT00001336",
    "conditions": [
      "Adult Lymphoma",
      "CDISC SEND Tumor Findings Results Terminology",
      "Childhood Leukemia",
      "Immunologic Deficiency Syndromes"
    ],
    "pico_attributes": {
      "populations": {
        "minimum_age": "NA",
        "maximum_age": "NA",
        "country": "United States",
        "gender": "ALL"
      },
      "interventions": [],
      "outcomes": []
    }
  },
  {
    "nct_id": "NCT00001337",
    "conditions": [
      "Adult Anaplastic Large Cell Lymphoma",
      "Adult Burkitt Lymphoma",
      "B-cell lymphoma unclassifiable with features intermediate between classical Hodgkin lymphoma and diffuse large B-cell lymphoma",
      "Mediastinal (Thymic) Large B-Cell Lymphoma"
    ],
    "pico_attributes": {
      "populations": {
        "minimum_age": "12 Years",
        "maximum_age": "NA",
        "country": "United States",
        "gender": "ALL"
      },
      "interventions": [
        "Clinical Trial Epoch",
        "rituximab"
      ],
      "outcomes": []
    }
  },
  {
    "nct_id": "NCT00001338",
    "conditions": [
      "Fever",
      "Hematological Disease",
      "Leukopenia",
      "Mammary Neoplasms",
      "Sepsis"
    ],
    "pico_attributes": {
      "populations": {
        "minimum_age": "NA",
        "maximum_age": "NA",
        "country": "United States",
        "gender": "ALL"
      },
      "interventions": [
        "Chemotherapy",
        "Cyclophosphamide/Doxorubicin/Fluorouracil/Leucovorin Calcium",
        "Granulocyte-Macrophage Colony-Stimulating Factor"
      ],
      "outcomes": []
    }
  },
  {
    "nct_id": "NCT00001339",
    "conditions": [
      "Adrenocortical carcinoma"
    ],
    "pico_attributes": {
      "populations": {
        "minimum_age": "NA",
        "maximum_age": "NA",
        "country": "United States",
        "gender": "ALL"
      },
      "interventions": [
        "doxorubicin",
        "etoposide",
        "mitotane",
        "vincristine"
      ],
      "outcomes": []
    }
  },
  {
    "nct_id": "NCT00001341",
    "conditions": [
      "CDISC SEND Tumor Findings Results Terminology"
    ],
    "pico_attributes": {
      "populations": {
        "minimum_age": "NA",
        "maximum_age": "NA",
        "country": "United States",
        "gender": "ALL"
      },
      "interventions": [
        "Tomudex",
        "ZD 1694"
      ],
      "outcomes": []
    }
  },
  {
    "nct_id": "NCT00001342",
    "conditions": [
      "Glycogen Storage Disease"
    ],
    "pico_attributes": {
      "populations": {
        "minimum_age": "NA",
        "maximum_age": "NA",
        "country": "United States",
        "gender": "ALL"
      },
      "interventions": [],
      "outcomes": []
    }
  },
  {
    "nct_id": "NCT00001343",
    "conditions": [
      "Dwarfism",
      "Turner Syndrome"
    ],
    "pico_attributes": {
      "populations": {
        "minimum_age": "10 Years",
        "maximum_age": "14 Years",
        "country": "United States",
        "gender": "FEMALE"
      },
      "interventions": [
        "Humatrope",
        "oxandrolone"
      ],
      "outcomes": []
    }
  },
  {
    "nct_id": "NCT00001344",
    "conditions": [
      "Diabetic Neuropathies",
      "Herpes zoster disease",
      "Neuralgia"
    ],
    "pico_attributes": {
      "populations": {
        "minimum_age": "NA",
        "maximum_age": "NA",
        "country": "United States",
        "gender": "ALL"
      },
      "interventions": [
        "dextromethorphan"
      ],
      "outcomes": []
    }
  },
  {
    "nct_id": "NCT00001345",
    "conditions": [
      "Multiple Endocrine Neoplasia"
    ],
    "pico_attributes": {
      "populations": {
        "minimum_age": "4 Years",
        "maximum_age": "NA",
        "country": "United States",
        "gender": "ALL"
      },
      "interventions": [],
      "outcomes": []
    }
  },
  {
    "nct_id": "NCT00001346",
    "conditions": [
      "Age related macular degeneration",
      "Diabetic Retinopathy",
      "Specialized Stand Alone Plan - Vision"
    ],
    "pico_attributes": {
      "populations": {
        "minimum_age": "NA",
        "maximum_age": "NA",
        "country": "United States",
        "gender": "ALL"
      },
      "interventions": [],
      "outcomes": []
    }
  },
  {
    "nct_id": "NCT00001347",
    "conditions": [
      "Retinitis Pigmentosa"
    ],
    "pico_attributes": {
      "populations": {
        "minimum_age": "NA",
        "maximum_age": "NA",
        "country": "United States",
        "gender": "ALL"
      },
      "interventions": [],
      "outcomes": []
    }
  },
  {
    "nct_id": "NCT00001349",
    "conditions": [
      "Leukapheresis",
      "Plasmapheresis"
    ],
    "pico_attributes": {
      "populations": {
        "minimum_age": "8 Years",
        "maximum_age": "NA",
        "country": "United States",
        "gender": "ALL"
      },
      "interventions": [],
      "outcomes": []
    }
  },
  {
    "nct_id": "NCT00001350",
    "conditions": [
      "Benign Lymphoproliferative Disorder"
    ],
    "pico_attributes": {
      "populations": {
        "minimum_age": "NA",
        "maximum_age": "99 Years",
        "country": "United States",
        "gender": "ALL"
      },
      "interventions": [],
      "outcomes": []
    }
  },
  {
    "nct_id": "NCT00001351",
    "conditions": [
      "Inflammation"
    ],
    "pico_attributes": {
      "populations": {
        "minimum_age": "2 Years",
        "maximum_age": "NA",
        "country": "United States",
        "gender": "ALL"
      },
      "interventions": [],
      "outcomes": []
    }
  },
  {
    "nct_id": "NCT00001352",
    "conditions": [
      "Cryptococcus infections",
      "Infection by Cryptococcus neoformans",
      "Meningitis, Cryptococcal",
      "Pulmonary cryptococcosis"
    ],
    "pico_attributes": {
      "populations": {
        "minimum_age": "18 Years",
        "maximum_age": "99 Years",
        "country": "United States",
        "gender": "ALL"
      },
      "interventions": [],
      "outcomes": []
    }
  },
  {
    "nct_id": "NCT00001353",
    "conditions": [
      "Acquired Immunodeficiency Syndrome",
      "HIV Infections"
    ],
    "pico_attributes": {
      "populations": {
        "minimum_age": "NA",
        "maximum_age": "NA",
        "country": "United States",
        "gender": "ALL"
      },
      "interventions": [
        "Marked",
        "Syngeneic",
        "T lymphocyte count"
      ],
      "outcomes": []
    }
  },
  {
    "nct_id": "NCT00001354",
    "conditions": [
      "Acquired Immunodeficiency Syndrome",
      "HIV Infections"
    ],
    "pico_attributes": {
      "populations": {
        "minimum_age": "NA",
        "maximum_age": "NA",
        "country": "United States",
        "gender": "ALL"
      },
      "interventions": [
        "Interleukin-2/Zidovudine",
        "zidovudine"
      ],
      "outcomes": []
    }
  },
  {
    "nct_id": "NCT00001355",
    "conditions": [
      "Immune defect"
    ],
    "pico_attributes": {
      "populations": {
        "minimum_age": "1 Month",
        "maximum_age": "100 Years",
        "country": "United States",
        "gender": "ALL"
      },
      "interventions": [],
      "outcomes": []
    }
  },
  {
    "nct_id": "NCT00001356",
    "conditions": [
      "Mastocytosis"
    ],
    "pico_attributes": {
      "populations": {
        "minimum_age": "NA",
        "maximum_age": "NA",
        "country": "United States",
        "gender": "ALL"
      },
      "interventions": [],
      "outcomes": []
    }
  },
  {
    "nct_id": "NCT00001357",
    "conditions": [
      "HIV Infections"
    ],
    "pico_attributes": {
      "populations": {
        "minimum_age": "NA",
        "maximum_age": "NA",
        "country": "United States",
        "gender": "ALL"
      },
      "interventions": [
        "IL2 gene"
      ],
      "outcomes": []
    }
  },
  {
    "nct_id": "NCT00001359",
    "conditions": [
      "Childhood",
      "Diagnosis",
      "Mental disorders",
      "Obsessive compulsive disorder drugs",
      "Streptococcal Infections",
      "Tic disorder"
    ],
    "pico_attributes": {
      "populations": {
        "minimum_age": "NA",
        "maximum_age": "NA",
        "country": "United States",
        "gender": "ALL"
      },
      "interventions": [
        "Placebo Control",
        "penicillins"
      ],
      "outcomes": []
    }
  },
  {
    "nct_id": "NCT00001360",
    "conditions": [
      "Healthy Volunteers"
    ],
    "pico_attributes": {
      "populations": {
        "minimum_age": "18 Years",
        "maximum_age": "65 Years",
        "country": "United States",
        "gender": "ALL"
      },
      "interventions": [
        "0.15",
        "Drinking Water"
      ],
      "outcomes": []
    }
  },
  {
    "nct_id": "NCT00001361",
    "conditions": [
      "Cerebrovascular Disorders",
      "Healthy",
      "Movement Disorders",
      "Spinal Cord Injuries",
      "nervous system disorder"
    ],
    "pico_attributes": {
      "populations": {
        "minimum_age": "NA",
        "maximum_age": "NA",
        "country": "United States",
        "gender": "ALL"
      },
      "interventions": [],
      "outcomes": []
    }
  },
  {
    "nct_id": "NCT00001362",
    "conditions": [
      "Amnesia",
      "Dementia",
      "Healthy",
      "nervous system disorder"
    ],
    "pico_attributes": {
      "populations": {
        "minimum_age": "NA",
        "maximum_age": "NA",
        "country": "United States",
        "gender": "ALL"
      },
      "interventions": [],
      "outcomes": []
    }
  },
  {
    "nct_id": "NCT00001363",
    "conditions": [
      "Cognition Disorders"
    ],
    "pico_attributes": {
      "populations": {
        "minimum_age": "NA",
        "maximum_age": "NA",
        "country": "United States",
        "gender": "ALL"
      },
      "interventions": [],
      "outcomes": []
    }
  },
  {
    "nct_id": "NCT00001364",
    "conditions": [
      "Arteriovenous fistula",
      "Arteriovenous hemangioma",
      "Spinal Cord Diseases"
    ],
    "pico_attributes": {
      "populations": {
        "minimum_age": "4 Years",
        "maximum_age": "NA",
        "country": "United States",
        "gender": "ALL"
      },
      "interventions": [],
      "outcomes": []
    }
  },
  {
    "nct_id": "NCT00001365",
    "conditions": [
      "Neuro-degenerative disease",
      "Parkinson Disease"
    ],
    "pico_attributes": {
      "populations": {
        "minimum_age": "NA",
        "maximum_age": "NA",
        "country": "United States",
        "gender": "ALL"
      },
      "interventions": [
        "dextromethorphan"
      ],
      "outcomes": []
    }
  }
]