[
  {
    "nct_id": "NCT00484380",
    "conditions": [
      "Coronary Stenosis",
      "Valvular disease"
    ],
    "pico_attributes": {
      "populations": {
        "minimum_age": "18 Years",
        "maximum_age": "NA",
        "country": "France",
        "gender": "ALL"
      },
      "interventions": [
        "Heart",
        "Scanner Device"
      ],
      "outcomes": []
    }
  },
  {
    "nct_id": "NCT00484393",
    "conditions": [
      "Feel Pain"
    ],
    "pico_attributes": {
      "populations": {
        "minimum_age": "1 Month",
        "maximum_age": "2 Years",
        "country": "Canada",
        "gender": "ALL"
      },
      "interventions": [
        "Gel",
        "Placebo Control",
        "tetracaine"
      ],
      "outcomes": []
    }
  },
  {
    "nct_id": "NCT00484406",
    "conditions": [
      "Angina, Unstable"
    ],
    "pico_attributes": {
      "populations": {
        "minimum_age": "18 Years",
        "maximum_age": "NA",
        "country": "Italy",
        "gender": "ALL"
      },
      "interventions": [],
      "outcomes": []
    }
  },
  {
    "nct_id": "NCT00484419",
    "conditions": [
      "Diabetes Mellitus, Non-Insulin-Dependent",
      "Hyperlipidemia"
    ],
    "pico_attributes": {
      "populations": {
        "minimum_age": "18 Years",
        "maximum_age": "80 Years",
        "country": "United States",
        "gender": "ALL"
      },
      "interventions": [
        "colesevelam hydrochloride",
        "rosiglitazone maleate",
        "sitagliptin phosphate"
      ],
      "outcomes": [
        "0%",
        "Amount type - Percentage",
        "BaseLine dental cement",
        "CD44 wt Allele",
        "Change -- procedure",
        "End Point",
        "Fasting",
        "Glucose^post meal",
        "Hemoglobin, Glycosylated",
        "INS protein, human",
        "Insulin^post meal",
        "Least-Squares Analysis",
        "Levels (qualifier value)",
        "Low-Density Lipoproteins",
        "Population Mean",
        "Weekly"
      ]
    }
  },
  {
    "nct_id": "NCT00484432",
    "conditions": [
      "Carcinoma, Ovarian Epithelial",
      "Metastatic/Recurrent"
    ],
    "pico_attributes": {
      "populations": {
        "minimum_age": "18 Years",
        "maximum_age": "NA",
        "country": "Italy",
        "gender": "FEMALE"
      },
      "interventions": [
        "doxorubicin",
        "tumor necrosis factor-alpha, CNGRC fusion protein, human"
      ],
      "outcomes": []
    }
  },
  {
    "nct_id": "NCT00484445",
    "conditions": [
      "Critical Illness",
      "Health care facility",
      "Transfer Ability"
    ],
    "pico_attributes": {
      "populations": {
        "minimum_age": "18 Years",
        "maximum_age": "NA",
        "country": "United States",
        "gender": "ALL"
      },
      "interventions": [],
      "outcomes": []
    }
  },
  {
    "nct_id": "NCT00484458",
    "conditions": [
      "Low Back Pain"
    ],
    "pico_attributes": {
      "populations": {
        "minimum_age": "18 Years",
        "maximum_age": "60 Years",
        "country": "United States",
        "gender": "ALL"
      },
      "interventions": [
        "Device system",
        "Dynamic",
        "Human Cells, Tissues, and Cellular and Tissue-Based Products Processing",
        "Stabilization",
        "Total Disc Replacement"
      ],
      "outcomes": []
    }
  },
  {
    "nct_id": "NCT00484471",
    "conditions": [
      "Bipolar Disorder"
    ],
    "pico_attributes": {
      "populations": {
        "minimum_age": "18 Years",
        "maximum_age": "65 Years",
        "country": "Thailand",
        "gender": "ALL"
      },
      "interventions": [
        "Placebo Control",
        "aripiprazole",
        "valproate"
      ],
      "outcomes": []
    }
  },
  {
    "nct_id": "NCT00484484",
    "conditions": [
      "Feel Pain"
    ],
    "pico_attributes": {
      "populations": {
        "minimum_age": "18 Years",
        "maximum_age": "NA",
        "country": "France",
        "gender": "ALL"
      },
      "interventions": [
        "ketamine"
      ],
      "outcomes": []
    }
  },
  {
    "nct_id": "NCT00484497",
    "conditions": [
      "Insomnia, CTCAE 3.0"
    ],
    "pico_attributes": {
      "populations": {
        "minimum_age": "25 Years",
        "maximum_age": "65 Years",
        "country": "France",
        "gender": "ALL"
      },
      "interventions": [],
      "outcomes": []
    }
  },
  {
    "nct_id": "NCT00484510",
    "conditions": [
      "*Type - Kind of quantity",
      "Charcot-Marie-Tooth Disease",
      "Ia <mammal>"
    ],
    "pico_attributes": {
      "populations": {
        "minimum_age": "13 Years",
        "maximum_age": "70 Years",
        "country": "United States",
        "gender": "ALL"
      },
      "interventions": [
        "Placebo Control",
        "Vitamin C Drug Class",
        "ascorbic acid"
      ],
      "outcomes": []
    }
  },
  {
    "nct_id": "NCT00484523",
    "conditions": [
      "Healthy"
    ],
    "pico_attributes": {
      "populations": {
        "minimum_age": "20 Years",
        "maximum_age": "80 Years",
        "country": "France",
        "gender": "ALL"
      },
      "interventions": [
        "CYREN gene",
        "Pet Animal",
        "Tomography, Emission-Computed, Single-Photon"
      ],
      "outcomes": []
    }
  },
  {
    "nct_id": "NCT00484536",
    "conditions": [
      "MS gene"
    ],
    "pico_attributes": {
      "populations": {
        "minimum_age": "18 Years",
        "maximum_age": "55 Years",
        "country": "United States",
        "gender": "ALL"
      },
      "interventions": [
        "CDP323",
        "Placebo Control"
      ],
      "outcomes": []
    }
  },
  {
    "nct_id": "NCT00484549",
    "conditions": [
      "Ischemic stroke",
      "Patient in hospital"
    ],
    "pico_attributes": {
      "populations": {
        "minimum_age": "28 Days",
        "maximum_age": "55 Years",
        "country": "France",
        "gender": "MALE"
      },
      "interventions": [
        "Blood specimen"
      ],
      "outcomes": []
    }
  },
  {
    "nct_id": "NCT00484562",
    "conditions": [
      "ARCN1 gene"
    ],
    "pico_attributes": {
      "populations": {
        "minimum_age": "NA",
        "maximum_age": "NA",
        "country": "United States",
        "gender": "ALL"
      },
      "interventions": [
        "Device system",
        "IKZF2 gene",
        "Standard (document)",
        "oxygen",
        "oxygen delivery system"
      ],
      "outcomes": []
    }
  },
  {
    "nct_id": "NCT00484575",
    "conditions": [
      "Atrial Fibrillation",
      "Myocardial Reperfusion Injury"
    ],
    "pico_attributes": {
      "populations": {
        "minimum_age": "NA",
        "maximum_age": "NA",
        "country": "Sweden",
        "gender": "ALL"
      },
      "interventions": [
        "propofol",
        "sevoflurane"
      ],
      "outcomes": []
    }
  },
  {
    "nct_id": "NCT00484588",
    "conditions": [
      "Pneumonia, Ventilator-Associated"
    ],
    "pico_attributes": {
      "populations": {
        "minimum_age": "NA",
        "maximum_age": "NA",
        "country": "",
        "gender": "ALL"
      },
      "interventions": [],
      "outcomes": []
    }
  },
  {
    "nct_id": "NCT00484601",
    "conditions": [
      "Refractory Nasopharyngeal Carcinoma"
    ],
    "pico_attributes": {
      "populations": {
        "minimum_age": "18 Years",
        "maximum_age": "NA",
        "country": "Singapore",
        "gender": "ALL"
      },
      "interventions": [
        "doxorubicin",
        "ifosfamide"
      ],
      "outcomes": []
    }
  },
  {
    "nct_id": "NCT00484614",
    "conditions": [
      "Breast Carcinoma"
    ],
    "pico_attributes": {
      "populations": {
        "minimum_age": "25 Years",
        "maximum_age": "NA",
        "country": "United States",
        "gender": "FEMALE"
      },
      "interventions": [
        "Magnetic Resonance Imaging",
        "Positron Emission Mammography"
      ],
      "outcomes": []
    }
  },
  {
    "nct_id": "NCT00484627",
    "conditions": [
      "HIV Infections"
    ],
    "pico_attributes": {
      "populations": {
        "minimum_age": "18 Years",
        "maximum_age": "65 Years",
        "country": "United States",
        "gender": "ALL"
      },
      "interventions": [
        "Dietary Supplement Marketing Category",
        "Exercise",
        "Exercise Training",
        "Progressive",
        "Resistance",
        "Resistance Training",
        "Use of",
        "creatine monohydrate"
      ],
      "outcomes": []
    }
  },
  {
    "nct_id": "NCT00484640",
    "conditions": [
      "Atrial Fibrillation",
      "Deep Vein Thrombosis",
      "Heart valve replacement (procedure)",
      "Pulmonary Embolism"
    ],
    "pico_attributes": {
      "populations": {
        "minimum_age": "40 Years",
        "maximum_age": "NA",
        "country": "United States",
        "gender": "ALL"
      },
      "interventions": [
        "Coumadin"
      ],
      "outcomes": []
    }
  },
  {
    "nct_id": "NCT00484653",
    "conditions": [
      "Bacterial",
      "VAGINOSIS"
    ],
    "pico_attributes": {
      "populations": {
        "minimum_age": "18 Years",
        "maximum_age": "NA",
        "country": "France",
        "gender": "FEMALE"
      },
      "interventions": [
        "Pap smear"
      ],
      "outcomes": []
    }
  },
  {
    "nct_id": "NCT00484666",
    "conditions": [
      "Carcinoma, Ovarian Epithelial"
    ],
    "pico_attributes": {
      "populations": {
        "minimum_age": "18 Years",
        "maximum_age": "NA",
        "country": "United States",
        "gender": "FEMALE"
      },
      "interventions": [],
      "outcomes": []
    }
  },
  {
    "nct_id": "NCT00484679",
    "conditions": [
      "Alopecia"
    ],
    "pico_attributes": {
      "populations": {
        "minimum_age": "18 Years",
        "maximum_age": "NA",
        "country": "United States",
        "gender": "ALL"
      },
      "interventions": [
        "Triamcinolone Acetonide 10 MG/ML",
        "kenalog-10"
      ],
      "outcomes": [
        "BaseLine dental cement",
        "Change -- procedure",
        "Cortisol level",
        "From",
        "Population Mean",
        "Weekly"
      ]
    }
  },
  {
    "nct_id": "NCT00484692",
    "conditions": [
      "Nicotine Dependence",
      "Substance Dependence",
      "Substance abuse problem",
      "Tobacco Dependence"
    ],
    "pico_attributes": {
      "populations": {
        "minimum_age": "18 Years",
        "maximum_age": "65 Years",
        "country": "Austria",
        "gender": "ALL"
      },
      "interventions": [
        "Disease model",
        "R prime",
        "Sustained Release Dosage Form",
        "Zyban",
        "bupropion",
        "psychodynamics"
      ],
      "outcomes": []
    }
  },
  {
    "nct_id": "NCT00484705",
    "conditions": [
      "Polycystic Ovary Syndrome"
    ],
    "pico_attributes": {
      "populations": {
        "minimum_age": "18 Years",
        "maximum_age": "37 Years",
        "country": "Sweden",
        "gender": "FEMALE"
      },
      "interventions": [
        "Control function",
        "Did not receive therapy or drug for",
        "Electroacupuncture",
        "Exercise"
      ],
      "outcomes": []
    }
  },
  {
    "nct_id": "NCT00484718",
    "conditions": [
      "Degenerative polyarthritis"
    ],
    "pico_attributes": {
      "populations": {
        "minimum_age": "40 Years",
        "maximum_age": "70 Years",
        "country": "United States",
        "gender": "ALL"
      },
      "interventions": [
        "Placebo Control",
        "celecoxib",
        "oxycodone"
      ],
      "outcomes": [
        "% of total",
        "Adduction",
        "BaseLine dental cement",
        "CD44 wt Allele",
        "Change -- procedure",
        "Force",
        "Inhibition",
        "Knee",
        "Length",
        "Peak level",
        "Reaction",
        "Removal by grinding",
        "Structure of quadriceps femoris muscle",
        "Walking Speed",
        "Weekly"
      ]
    }
  },
  {
    "nct_id": "NCT00484731",
    "conditions": [
      "Chronic pain"
    ],
    "pico_attributes": {
      "populations": {
        "minimum_age": "18 Years",
        "maximum_age": "NA",
        "country": "Switzerland",
        "gender": "ALL"
      },
      "interventions": [
        "Cellular infiltrate",
        "Saline Solution",
        "bupivacaine"
      ],
      "outcomes": []
    }
  },
  {
    "nct_id": "NCT00484744",
    "conditions": [
      "Feel Pain",
      "Orthodontic"
    ],
    "pico_attributes": {
      "populations": {
        "minimum_age": "9 Years",
        "maximum_age": "17 Years",
        "country": "United States",
        "gender": "ALL"
      },
      "interventions": [
        "Acetaminophen [EPC]",
        "Avicel",
        "Placebo Control",
        "ibuprofen"
      ],
      "outcomes": []
    }
  },
  {
    "nct_id": "NCT00484757",
    "conditions": [
      "Narcolepsy"
    ],
    "pico_attributes": {
      "populations": {
        "minimum_age": "18 Years",
        "maximum_age": "NA",
        "country": "Germany",
        "gender": "ALL"
      },
      "interventions": [],
      "outcomes": []
    }
  },
  {
    "nct_id": "NCT00484770",
    "conditions": [
      "Congestive heart failure"
    ],
    "pico_attributes": {
      "populations": {
        "minimum_age": "18 Years",
        "maximum_age": "NA",
        "country": "",
        "gender": "ALL"
      },
      "interventions": [
        "Brain natriuretic peptide measurement",
        "Clinical assessment",
        "Diagnostic tests"
      ],
      "outcomes": []
    }
  },
  {
    "nct_id": "NCT00484783",
    "conditions": [
      "Ant-thrush (organism)",
      "Disease",
      "Disorder of abdomen",
      "Disorder of small intestine",
      "Foreign body in esophagus",
      "Foreign body in stomach",
      "Prostatic Diseases"
    ],
    "pico_attributes": {
      "populations": {
        "minimum_age": "18 Years",
        "maximum_age": "75 Years",
        "country": "United States",
        "gender": "ALL"
      },
      "interventions": [],
      "outcomes": []
    }
  },
  {
    "nct_id": "NCT00484796",
    "conditions": [
      "carotid surgery"
    ],
    "pico_attributes": {
      "populations": {
        "minimum_age": "18 Years",
        "maximum_age": "NA",
        "country": "Germany",
        "gender": "ALL"
      },
      "interventions": [
        "COMP wt Allele",
        "MMEL1 gene",
        "Neuropsychological Tests",
        "temptation and restraint inventory (TRI)"
      ],
      "outcomes": []
    }
  },
  {
    "nct_id": "NCT00484809",
    "conditions": [
      "Rheumatoid Arthritis"
    ],
    "pico_attributes": {
      "populations": {
        "minimum_age": "4 Years",
        "maximum_age": "NA",
        "country": "",
        "gender": "ALL"
      },
      "interventions": [
        "Enbrel",
        "etanercept"
      ],
      "outcomes": []
    }
  },
  {
    "nct_id": "NCT00484822",
    "conditions": [
      "Anticoagulant therapy",
      "Long-term",
      "Oral",
      "Therapeutic procedure",
      "oral anticoagulants"
    ],
    "pico_attributes": {
      "populations": {
        "minimum_age": "18 Years",
        "maximum_age": "NA",
        "country": "Spain",
        "gender": "ALL"
      },
      "interventions": [
        "heparin"
      ],
      "outcomes": []
    }
  },
  {
    "nct_id": "NCT00484835",
    "conditions": [
      "Total abdominal hysterectomy"
    ],
    "pico_attributes": {
      "populations": {
        "minimum_age": "NA",
        "maximum_age": "NA",
        "country": "Australia",
        "gender": "FEMALE"
      },
      "interventions": [
        "Abdominal hysterectomy",
        "Diathermy",
        "Forceps",
        "Perform",
        "Use of"
      ],
      "outcomes": []
    }
  },
  {
    "nct_id": "NCT00484848",
    "conditions": [
      "Hematological Disease"
    ],
    "pico_attributes": {
      "populations": {
        "minimum_age": "18 Years",
        "maximum_age": "NA",
        "country": "Belgium",
        "gender": "ALL"
      },
      "interventions": [
        "Data Port",
        "Vortex"
      ],
      "outcomes": []
    }
  },
  {
    "nct_id": "NCT00484861",
    "conditions": [
      "Cardiovascular Diseases",
      "INS protein, human",
      "Inflammation",
      "Triglycerides",
      "Vascular Diseases"
    ],
    "pico_attributes": {
      "populations": {
        "minimum_age": "18 Years",
        "maximum_age": "65 Years",
        "country": "United States",
        "gender": "FEMALE"
      },
      "interventions": [],
      "outcomes": []
    }
  },
  {
    "nct_id": "NCT00484874",
    "conditions": [
      "Hodgkin Disease"
    ],
    "pico_attributes": {
      "populations": {
        "minimum_age": "18 Years",
        "maximum_age": "NA",
        "country": "United States",
        "gender": "ALL"
      },
      "interventions": [
        "Therapeutic regimen",
        "iodine-131-tositumomab"
      ],
      "outcomes": [
        "Compleat Liquid Nutrition",
        "Diagnostic Imaging",
        "Entity Name Part Type - given",
        "Following",
        "Frequencies (time pattern)",
        "Frequency of Responses",
        "Global Complete Response",
        "Graphics Visualization",
        "Hodgkin Disease",
        "Maximum Tolerated Dose",
        "Median (qualifier value)",
        "Negation",
        "Neoplasms",
        "Overall",
        "Patients",
        "Rate",
        "Refractory Hodgkin Lymphoma",
        "Relapsing course",
        "Therapeutic procedure",
        "Time to Progression",
        "iodine-131-tositumomab",
        "radiation absorbed dose"
      ]
    }
  },
  {
    "nct_id": "NCT00484887",
    "conditions": [
      "Aspects of signs",
      "Hernia",
      "Pathologic Processes",
      "Symptoms"
    ],
    "pico_attributes": {
      "populations": {
        "minimum_age": "18 Years",
        "maximum_age": "NA",
        "country": "United States",
        "gender": "ALL"
      },
      "interventions": [],
      "outcomes": []
    }
  },
  {
    "nct_id": "NCT00484900",
    "conditions": [
      "Malaria, Falciparum"
    ],
    "pico_attributes": {
      "populations": {
        "minimum_age": "6 Months",
        "maximum_age": "NA",
        "country": "Sudan",
        "gender": "ALL"
      },
      "interventions": [
        "CMD1B gene",
        "Coartem",
        "Colombia"
      ],
      "outcomes": []
    }
  },
  {
    "nct_id": "NCT00484913",
    "conditions": [
      "Healthy"
    ],
    "pico_attributes": {
      "populations": {
        "minimum_age": "18 Years",
        "maximum_age": "45 Years",
        "country": "Germany",
        "gender": "ALL"
      },
      "interventions": [
        "Abdomen",
        "Compress (Compression Algorithm)",
        "Hot Temperature"
      ],
      "outcomes": []
    }
  },
  {
    "nct_id": "NCT00484926",
    "conditions": [
      "Coronary Arteriosclerosis"
    ],
    "pico_attributes": {
      "populations": {
        "minimum_age": "18 Years",
        "maximum_age": "NA",
        "country": "Korea, Republic of",
        "gender": "ALL"
      },
      "interventions": [
        "Single Agent Therapy",
        "aspirin",
        "clopidogrel"
      ],
      "outcomes": []
    }
  },
  {
    "nct_id": "NCT00484939",
    "conditions": [
      "Colorectal Cancer Pathway"
    ],
    "pico_attributes": {
      "populations": {
        "minimum_age": "70 Years",
        "maximum_age": "NA",
        "country": "United Kingdom",
        "gender": "ALL"
      },
      "interventions": [
        "bevacizumab",
        "capecitabine"
      ],
      "outcomes": [
        "Additional",
        "Amount type - Percentage",
        "Cancer Therapeutic Procedure",
        "Clinical Study Follow-up",
        "Duration",
        "Laboratory",
        "Observation parameter",
        "Overall Survival",
        "Participant",
        "Progression-Free Survival",
        "Response Duration",
        "Scanning Auger Spectrometer (device)",
        "Taking vital signs"
      ]
    }
  },
  {
    "nct_id": "NCT00484952",
    "conditions": [
      "Rotavirus Infections"
    ],
    "pico_attributes": {
      "populations": {
        "minimum_age": "1 Month",
        "maximum_age": "5 Years",
        "country": "Israel",
        "gender": "ALL"
      },
      "interventions": [],
      "outcomes": []
    }
  },
  {
    "nct_id": "NCT00484965",
    "conditions": [
      "Acute-Phase Reaction",
      "Arteriosclerosis"
    ],
    "pico_attributes": {
      "populations": {
        "minimum_age": "20 Years",
        "maximum_age": "NA",
        "country": "Italy",
        "gender": "ALL"
      },
      "interventions": [
        "Coronary artery stent"
      ],
      "outcomes": []
    }
  },
  {
    "nct_id": "NCT00484978",
    "conditions": [
      "Brain Neoplasms"
    ],
    "pico_attributes": {
      "populations": {
        "minimum_age": "18 Years",
        "maximum_age": "NA",
        "country": "Israel",
        "gender": "ALL"
      },
      "interventions": [
        "Radiosurgery"
      ],
      "outcomes": []
    }
  },
  {
    "nct_id": "NCT00484991",
    "conditions": [
      "Classical phenylketonuria"
    ],
    "pico_attributes": {
      "populations": {
        "minimum_age": "9 Years",
        "maximum_age": "NA",
        "country": "United States",
        "gender": "ALL"
      },
      "interventions": [
        "sapropterin dihydrochloride"
      ],
      "outcomes": []
    }
  },
  {
    "nct_id": "NCT00485004",
    "conditions": [
      "In Stent Restenosis"
    ],
    "pico_attributes": {
      "populations": {
        "minimum_age": "18 Years",
        "maximum_age": "NA",
        "country": "Korea, Republic of",
        "gender": "ALL"
      },
      "interventions": [
        "Balloon Aircraft",
        "Cutting - functional concept",
        "Stent, device",
        "sirolimus"
      ],
      "outcomes": []
    }
  },
  {
    "nct_id": "NCT00485017",
    "conditions": [
      "BODY MASS INDEX QUANTITATIVE TRAIT LOCUS 20"
    ],
    "pico_attributes": {
      "populations": {
        "minimum_age": "30 Years",
        "maximum_age": "60 Years",
        "country": "Sweden",
        "gender": "ALL"
      },
      "interventions": [
        "Placebo Control",
        "Threonine measurement"
      ],
      "outcomes": []
    }
  },
  {
    "nct_id": "NCT00485030",
    "conditions": [
      "In Stent Restenosis"
    ],
    "pico_attributes": {
      "populations": {
        "minimum_age": "18 Years",
        "maximum_age": "NA",
        "country": "Korea, Republic of",
        "gender": "ALL"
      },
      "interventions": [
        "LDB3 gene"
      ],
      "outcomes": []
    }
  },
  {
    "nct_id": "NCT00485043",
    "conditions": [
      "Degenerative polyarthritis"
    ],
    "pico_attributes": {
      "populations": {
        "minimum_age": "60 Years",
        "maximum_age": "NA",
        "country": "",
        "gender": "ALL"
      },
      "interventions": [
        "Arthritis",
        "Changing",
        "Tai Ji"
      ],
      "outcomes": []
    }
  },
  {
    "nct_id": "NCT00485056",
    "conditions": [
      "Diabetes"
    ],
    "pico_attributes": {
      "populations": {
        "minimum_age": "NA",
        "maximum_age": "NA",
        "country": "United Kingdom",
        "gender": "ALL"
      },
      "interventions": [
        "pioglitazone"
      ],
      "outcomes": []
    }
  },
  {
    "nct_id": "NCT00485069",
    "conditions": [
      "Parkinson Disease"
    ],
    "pico_attributes": {
      "populations": {
        "minimum_age": "20 Years",
        "maximum_age": "NA",
        "country": "Japan",
        "gender": "ALL"
      },
      "interventions": [
        "Immature Retinopathy of Prematurity",
        "levodopa"
      ],
      "outcomes": [
        "% of total",
        "/hour",
        "0%",
        "ADHD hyperactive symptoms mean score:Score:Pt:^Patient:Qn:Calculated",
        "AT genotype",
        "Activities of Daily Living Scale (BASC-2)",
        "Activities of daily living score",
        "Amount type - Percentage",
        "Awake",
        "BaseLine dental cement",
        "Belarus",
        "Blood group antibody I",
        "CD44 wt Allele",
        "CEL gene",
        "Change -- procedure",
        "Clinician",
        "Count of entities",
        "Dopa",
        "England",
        "Exclude",
        "Geographic state",
        "Group L",
        "Group Object",
        "HLA Class II Histocompatibility Antigen Gamma Chain, human",
        "Hour",
        "III (suffix)",
        "IV number:ID:Pt:^Patient:Nom",
        "Immature Retinopathy of Prematurity",
        "Indicated",
        "Intellectual scale",
        "Japanese language",
        "Mean score",
        "Montreal Cognitive Assessment Total Score",
        "On (qualifier value)",
        "Part",
        "Participant",
        "Percent Change From Baseline",
        "Population Mean",
        "Remaining",
        "Room of building - Study",
        "Time",
        "Unified Parkinson's Disease Rating Scale",
        "Weekly",
        "day",
        "levodopa",
        "stages of change"
      ]
    }
  },
  {
    "nct_id": "NCT00485082",
    "conditions": [
      "Cystic Fibrosis"
    ],
    "pico_attributes": {
      "populations": {
        "minimum_age": "21 Years",
        "maximum_age": "35 Years",
        "country": "United States",
        "gender": "ALL"
      },
      "interventions": [],
      "outcomes": []
    }
  },
  {
    "nct_id": "NCT00485095",
    "conditions": [
      "Hypercholesterolemia"
    ],
    "pico_attributes": {
      "populations": {
        "minimum_age": "18 Years",
        "maximum_age": "80 Years",
        "country": "Norway",
        "gender": "ALL"
      },
      "interventions": [
        "Intake",
        "phytosterols"
      ],
      "outcomes": []
    }
  },
  {
    "nct_id": "NCT00485108",
    "conditions": [
      "Exfoliation Syndrome",
      "Glaucoma, Primary Open Angle"
    ],
    "pico_attributes": {
      "populations": {
        "minimum_age": "18 Years",
        "maximum_age": "NA",
        "country": "Canada",
        "gender": "ALL"
      },
      "interventions": [
        "0.5",
        "Artificial Tears",
        "Drop Dosing Unit",
        "ketorolac",
        "methylcellulose",
        "prednisolone"
      ],
      "outcomes": []
    }
  },
  {
    "nct_id": "NCT00485121",
    "conditions": [
      "BODY MASS INDEX QUANTITATIVE TRAIT LOCUS 20",
      "Coronary Arteriosclerosis",
      "Metabolic Syndrome X"
    ],
    "pico_attributes": {
      "populations": {
        "minimum_age": "40 Years",
        "maximum_age": "80 Years",
        "country": "Canada",
        "gender": "ALL"
      },
      "interventions": [
        "ezetimibe"
      ],
      "outcomes": []
    }
  },
  {
    "nct_id": "NCT00485134",
    "conditions": [
      "Shigella Infections"
    ],
    "pico_attributes": {
      "populations": {
        "minimum_age": "18 Years",
        "maximum_age": "45 Years",
        "country": "United States",
        "gender": "ALL"
      },
      "interventions": [
        "480",
        "50%",
        "Challenge",
        "Emotional Strain",
        "Shigella",
        "Shigella Vaccines",
        "Shigella flexneri, serovar 2a",
        "Vaccines"
      ],
      "outcomes": [
        "50%",
        "Adverse Event Domain",
        "Biospecimen",
        "Blood in stool",
        "Challenge",
        "Clinical",
        "Count of entities",
        "DIAPH3 wt Allele",
        "Diarrhea",
        "Duration (temporal concept)",
        "Exhibits as Topic",
        "Fever",
        "Group Object",
        "Human Study Subject",
        "IRF6 wt Allele",
        "Immune response",
        "Loose",
        "Loose stool",
        "Negation",
        "Occurrence",
        "Outcome Studies",
        "Panel Study",
        "Post",
        "Post volume challenge",
        "Related personal status",
        "Room of building - Study",
        "S prime",
        "Sample Study Population",
        "Specimen Type - Stool = Fecal"
      ]
    }
  },
  {
    "nct_id": "NCT00485147",
    "conditions": [
      "Peripheral Arterial Diseases"
    ],
    "pico_attributes": {
      "populations": {
        "minimum_age": "18 Years",
        "maximum_age": "NA",
        "country": "France",
        "gender": "ALL"
      },
      "interventions": [
        "During",
        "Empty (qualifier)",
        "Gray Platelet Syndrome",
        "Public park",
        "Record - QueryRequestLimit",
        "Walk-in, not otherwise specified"
      ],
      "outcomes": []
    }
  },
  {
    "nct_id": "NCT00485160",
    "conditions": [
      "Patent ductus arteriosus"
    ],
    "pico_attributes": {
      "populations": {
        "minimum_age": "36 Hours",
        "maximum_age": "3 Weeks",
        "country": "Israel",
        "gender": "ALL"
      },
      "interventions": [
        "Continuous",
        "ibuprofen",
        "indomethacin"
      ],
      "outcomes": []
    }
  },
  {
    "nct_id": "NCT00485173",
    "conditions": [
      "Intervertebral Disc Degeneration"
    ],
    "pico_attributes": {
      "populations": {
        "minimum_age": "18 Years",
        "maximum_age": "NA",
        "country": "United States",
        "gender": "ALL"
      },
      "interventions": [
        "Anterior cervical spine approach",
        "Bone Transplantation",
        "Bone plates",
        "Device Plate",
        "Graft material",
        "Infuse",
        "polyetheretherketone",
        "spacer device"
      ],
      "outcomes": [
        "% index",
        "ADHD hyperactive symptoms mean score:Score:Pt:^Patient:Qn:Calculated",
        "AKR1A1 wt Allele",
        "Actual blood loss",
        "Arm Pain",
        "Disease classification level",
        "Fused structure",
        "Health Status",
        "Hospital Stay",
        "Mechanical Circulatory Support",
        "Neck",
        "Neck Disability Index",
        "Neck Pain",
        "Neck disability index score",
        "Neoplasm Metastasis",
        "Neurological status",
        "Number of patients",
        "Operative Surgical Procedures",
        "Operative Time",
        "Ossification Abnormality",
        "Overall",
        "PREMATURE CHROMATID SEPARATION TRAIT",
        "Pain score",
        "Rate",
        "SF-36",
        "Sequencing Target Region",
        "Success"
      ]
    }
  },
  {
    "nct_id": "NCT00485186",
    "conditions": [
      "Adrenal cortical hypofunction",
      "Congenital adrenal hyperplasia",
      "Congenital hypoplasia of adrenal gland",
      "Disorders of Sex Development",
      "Hermaphroditism",
      "Hypoaldosteronism"
    ],
    "pico_attributes": {
      "populations": {
        "minimum_age": "NA",
        "maximum_age": "NA",
        "country": "Germany",
        "gender": "ALL"
      },
      "interventions": [],
      "outcomes": []
    }
  },
  {
    "nct_id": "NCT00485199",
    "conditions": [
      "Retinal Detachment"
    ],
    "pico_attributes": {
      "populations": {
        "minimum_age": "18 Years",
        "maximum_age": "90 Years",
        "country": "China",
        "gender": "ALL"
      },
      "interventions": [
        "Gases",
        "Pneumatic retinopexy",
        "Vitrectomy"
      ],
      "outcomes": []
    }
  },
  {
    "nct_id": "NCT00485212",
    "conditions": [
      "Knee Replacement Arthroplasty (procedure)"
    ],
    "pico_attributes": {
      "populations": {
        "minimum_age": "NA",
        "maximum_age": "NA",
        "country": "Denmark",
        "gender": "ALL"
      },
      "interventions": [
        "Compression Bandages"
      ],
      "outcomes": []
    }
  },
  {
    "nct_id": "NCT00485225",
    "conditions": [
      "Chronic pain",
      "Non-Malignant"
    ],
    "pico_attributes": {
      "populations": {
        "minimum_age": "18 Years",
        "maximum_age": "65 Years",
        "country": "United States",
        "gender": "ALL"
      },
      "interventions": [],
      "outcomes": []
    }
  },
  {
    "nct_id": "NCT00485238",
    "conditions": [
      "Glaucoma"
    ],
    "pico_attributes": {
      "populations": {
        "minimum_age": "21 Years",
        "maximum_age": "80 Years",
        "country": "Singapore",
        "gender": "ALL"
      },
      "interventions": [
        "Argon <invertebrate>",
        "Argon Ion Lasers",
        "Intravenous",
        "Laser iridoplasty",
        "Repair of iris",
        "acetazolamide"
      ],
      "outcomes": []
    }
  },
  {
    "nct_id": "NCT00485251",
    "conditions": [
      "Continuance of life",
      "Operative Time",
      "Pain score",
      "Recurrence"
    ],
    "pico_attributes": {
      "populations": {
        "minimum_age": "18 Years",
        "maximum_age": "NA",
        "country": "Hong Kong",
        "gender": "ALL"
      },
      "interventions": [
        "% of total",
        "Assisted (qualifier value)",
        "Hand",
        "Hand assisted laparoscopic right colectomy",
        "Hemicolectomy",
        "Laparoscopic-assisted right colectomy",
        "Right colectomy",
        "Structure of right hand"
      ],
      "outcomes": []
    }
  },
  {
    "nct_id": "NCT00485264",
    "conditions": [
      "HIV Infections"
    ],
    "pico_attributes": {
      "populations": {
        "minimum_age": "30 Days",
        "maximum_age": "18 Years",
        "country": "United States",
        "gender": "ALL"
      },
      "interventions": [
        "20%",
        "Film-coated tablet",
        "Kilogram per Cubic Meter",
        "poloxamer",
        "raltegravir",
        "raltegravir Chewable Tablet",
        "raltegravir Granules for Oral Suspension"
      ],
      "outcomes": [
        "/12h",
        "4+ Answer to question",
        "400",
        "Able to Concentrate Question",
        "Act Relationship Subset - maximum",
        "Adverse Event Domain",
        "Amount type - Percentage",
        "BaseLine dental cement",
        "Bayer Corneal Epitheliopathy Grade 3",
        "CD4 Count determination procedure",
        "CD4 Expressing Cell Count",
        "CD5 gene",
        "Cessation of life",
        "Change -- procedure",
        "Cmax",
        "Count of entities",
        "Drop (unit of presentation)",
        "Half",
        "Human Immunodeficiency Virus RNA",
        "In addition to",
        "Parameter Value",
        "Participant",
        "Percent (qualifier value)",
        "Plasma",
        "Post-dose",
        "Pyruvate Kinase",
        "Scanning Auger Spectrometer (device)",
        "Tmax",
        "cpy/mL",
        "log10",
        "plasma concentration"
      ]
    }
  },
  {
    "nct_id": "NCT00485277",
    "conditions": [
      "Breast Carcinoma"
    ],
    "pico_attributes": {
      "populations": {
        "minimum_age": "18 Years",
        "maximum_age": "NA",
        "country": "United States",
        "gender": "FEMALE"
      },
      "interventions": [
        "Modified Vaccinia Ankara (Bavarian Nordic)-HER2 Vaccine"
      ],
      "outcomes": []
    }
  },
  {
    "nct_id": "NCT00485290",
    "conditions": [
      "Cirrhosis",
      "Esophageal Varices"
    ],
    "pico_attributes": {
      "populations": {
        "minimum_age": "18 Years",
        "maximum_age": "75 Years",
        "country": "Denmark",
        "gender": "ALL"
      },
      "interventions": [
        "Eating",
        "Meal (occasion for eating)"
      ],
      "outcomes": []
    }
  },
  {
    "nct_id": "NCT00485303",
    "conditions": [
      "Malignant neoplasm of prostate",
      "Prostatic Neoplasms"
    ],
    "pico_attributes": {
      "populations": {
        "minimum_age": "18 Years",
        "maximum_age": "NA",
        "country": "United States",
        "gender": "MALE"
      },
      "interventions": [
        "abiraterone acetate",
        "prednisone"
      ],
      "outcomes": [
        "Amount type - Percentage",
        "Base - General Qualifier",
        "Clinical Benefit",
        "Clinical Trial Objective",
        "Disease Response",
        "KLK3 gene",
        "PROS1 wt Allele",
        "Participant",
        "Progression-Free Survival",
        "Radiographic",
        "kallikrein-related peptidase 3, human"
      ]
    }
  },
  {
    "nct_id": "NCT00485316",
    "conditions": [
      "Colorectal Carcinoma"
    ],
    "pico_attributes": {
      "populations": {
        "minimum_age": "NA",
        "maximum_age": "NA",
        "country": "China",
        "gender": "ALL"
      },
      "interventions": [
        "Colorectal Carcinoma",
        "Surgical Procedures, Laparoscopic"
      ],
      "outcomes": []
    }
  },
  {
    "nct_id": "NCT00485329",
    "conditions": [
      "LOWER EXTREMITY Stasis Ulcers",
      "chronic"
    ],
    "pico_attributes": {
      "populations": {
        "minimum_age": "18 Years",
        "maximum_age": "85 Years",
        "country": "Israel",
        "gender": "ALL"
      },
      "interventions": [
        "papain"
      ],
      "outcomes": []
    }
  },
  {
    "nct_id": "NCT00485342",
    "conditions": [
      "Hepatitis C, Chronic"
    ],
    "pico_attributes": {
      "populations": {
        "minimum_age": "18 Years",
        "maximum_age": "65 Years",
        "country": "France",
        "gender": "ALL"
      },
      "interventions": [
        "Acclimatization",
        "Dosage",
        "peginterferon alfa-2a",
        "ribavirin"
      ],
      "outcomes": []
    }
  },
  {
    "nct_id": "NCT00485355",
    "conditions": [
      "Endometriosis",
      "Menorrhagia",
      "Uterine Fibroids"
    ],
    "pico_attributes": {
      "populations": {
        "minimum_age": "18 Years",
        "maximum_age": "NA",
        "country": "United States",
        "gender": "FEMALE"
      },
      "interventions": [
        "Conventional",
        "Laparoscopic hysterectomy",
        "Robotic assisted."
      ],
      "outcomes": []
    }
  },
  {
    "nct_id": "NCT00485368",
    "conditions": [
      "FBN1 gene"
    ],
    "pico_attributes": {
      "populations": {
        "minimum_age": "18 Years",
        "maximum_age": "40 Years",
        "country": "",
        "gender": "ALL"
      },
      "interventions": [
        "Coversyl",
        "perindopril"
      ],
      "outcomes": []
    }
  },
  {
    "nct_id": "NCT00485394",
    "conditions": [
      "Age related macular degeneration"
    ],
    "pico_attributes": {
      "populations": {
        "minimum_age": "55 Years",
        "maximum_age": "NA",
        "country": "United States",
        "gender": "ALL"
      },
      "interventions": [
        "Drug vehicle",
        "OT-551",
        "Placebo Control"
      ],
      "outcomes": []
    }
  },
  {
    "nct_id": "NCT00485407",
    "conditions": [
      "Attention deficit hyperactivity disorder"
    ],
    "pico_attributes": {
      "populations": {
        "minimum_age": "6 Years",
        "maximum_age": "16 Years",
        "country": "United States",
        "gender": "ALL"
      },
      "interventions": [
        "atomoxetine hydrochloride"
      ],
      "outcomes": []
    }
  },
  {
    "nct_id": "NCT00485420",
    "conditions": [
      "Bipolar Disorder",
      "Major Depressive Disorder"
    ],
    "pico_attributes": {
      "populations": {
        "minimum_age": "18 Years",
        "maximum_age": "NA",
        "country": "",
        "gender": "ALL"
      },
      "interventions": [
        "Base - General Qualifier",
        "Disease management program (regime/therapy)",
        "Internet"
      ],
      "outcomes": []
    }
  },
  {
    "nct_id": "NCT00485433",
    "conditions": [
      "Pain, Postoperative"
    ],
    "pico_attributes": {
      "populations": {
        "minimum_age": "18 Years",
        "maximum_age": "NA",
        "country": "United States",
        "gender": "MALE"
      },
      "interventions": [
        "bupivacaine hydrochloride"
      ],
      "outcomes": [
        "30 days",
        "96",
        "Adverse Event Domain",
        "Count of entities",
        "Hour",
        "In addition to",
        "Participant",
        "Serious Adverse Event"
      ]
    }
  },
  {
    "nct_id": "NCT00485446",
    "conditions": [
      "Autoimmune Diseases",
      "THYROID DIAGNOSTIC RADIOPHARMACEUTICALS",
      "Thrombophilia"
    ],
    "pico_attributes": {
      "populations": {
        "minimum_age": "18 Years",
        "maximum_age": "37 Years",
        "country": "Spain",
        "gender": "FEMALE"
      },
      "interventions": [
        "Hematologic Tests"
      ],
      "outcomes": []
    }
  },
  {
    "nct_id": "NCT00485459",
    "conditions": [
      "Attention deficit hyperactivity disorder"
    ],
    "pico_attributes": {
      "populations": {
        "minimum_age": "6 Years",
        "maximum_age": "16 Years",
        "country": "Taiwan",
        "gender": "ALL"
      },
      "interventions": [
        "Placebo Control",
        "atomoxetine hydrochloride"
      ],
      "outcomes": []
    }
  },
  {
    "nct_id": "NCT00485472",
    "conditions": [
      "Degenerative polyarthritis"
    ],
    "pico_attributes": {
      "populations": {
        "minimum_age": "40 Years",
        "maximum_age": "75 Years",
        "country": "United Kingdom",
        "gender": "ALL"
      },
      "interventions": [
        "Placebo Control",
        "lacosamide"
      ],
      "outcomes": [
        "BaseLine dental cement",
        "CD44 wt Allele",
        "Change -- procedure",
        "Disturbance in mood",
        "End",
        "From",
        "GDC Treatment Outcome Terminology",
        "Global Change",
        "Impression",
        "Interferes with",
        "Maintenance",
        "Medications",
        "Montreal Cognitive Assessment Total Score",
        "Ontario",
        "Pain Perception",
        "Pain score",
        "Period (temporal qualifier)",
        "Physical Function Subordinate Domain",
        "Profile of mood states",
        "Quantity",
        "Sleep",
        "Stiffness",
        "Subscale score",
        "Universities",
        "Use of",
        "Version",
        "Visual Analog Pain Scale",
        "Weekly",
        "West (direction)"
      ]
    }
  },
  {
    "nct_id": "NCT00485485",
    "conditions": [
      "Head and Neck Carcinoma",
      "Malignant Squamous Cell Neoplasm"
    ],
    "pico_attributes": {
      "populations": {
        "minimum_age": "18 Years",
        "maximum_age": "NA",
        "country": "United States",
        "gender": "ALL"
      },
      "interventions": [
        "docetaxel",
        "imatinib mesylate"
      ],
      "outcomes": [
        "Entity With Role in Clinical Study",
        "Frequency of Responses"
      ]
    }
  },
  {
    "nct_id": "NCT00485498",
    "conditions": [
      "Schizophrenia"
    ],
    "pico_attributes": {
      "populations": {
        "minimum_age": "18 Years",
        "maximum_age": "60 Years",
        "country": "China",
        "gender": "ALL"
      },
      "interventions": [
        "hydrochloride",
        "olanzapine",
        "risperidone"
      ],
      "outcomes": []
    }
  },
  {
    "nct_id": "NCT00485511",
    "conditions": [
      "Spinal Muscular Atrophy"
    ],
    "pico_attributes": {
      "populations": {
        "minimum_age": "4 Years",
        "maximum_age": "NA",
        "country": "Taiwan",
        "gender": "ALL"
      },
      "interventions": [
        "hydroxyurea"
      ],
      "outcomes": []
    }
  },
  {
    "nct_id": "NCT00485524",
    "conditions": [
      "Congenital Disorders"
    ],
    "pico_attributes": {
      "populations": {
        "minimum_age": "NA",
        "maximum_age": "1 Month",
        "country": "United States",
        "gender": "ALL"
      },
      "interventions": [],
      "outcomes": []
    }
  },
  {
    "nct_id": "NCT00485537",
    "conditions": [
      "Infertility"
    ],
    "pico_attributes": {
      "populations": {
        "minimum_age": "22 Years",
        "maximum_age": "40 Years",
        "country": "Brazil",
        "gender": "FEMALE"
      },
      "interventions": [
        "CDISC SDTM Procedure Terminology",
        "Oocyte Retrieval",
        "Sperm Injections, Intracytoplasmic"
      ],
      "outcomes": []
    }
  },
  {
    "nct_id": "NCT00485550",
    "conditions": [
      "Attention deficit hyperactivity disorder"
    ],
    "pico_attributes": {
      "populations": {
        "minimum_age": "6 Years",
        "maximum_age": "12 Years",
        "country": "United States",
        "gender": "ALL"
      },
      "interventions": [
        "Placebo Control",
        "atomoxetine hydrochloride",
        "methylphenidate hydrochloride"
      ],
      "outcomes": []
    }
  },
  {
    "nct_id": "NCT00485563",
    "conditions": [
      "Conventional (Clear Cell) Renal Cell Carcinoma"
    ],
    "pico_attributes": {
      "populations": {
        "minimum_age": "18 Years",
        "maximum_age": "NA",
        "country": "United States",
        "gender": "ALL"
      },
      "interventions": [
        "Deprecated Interferon alpha in Serum or Plasma",
        "EC-17",
        "EC90",
        "Folate-FITC",
        "GPI0100",
        "IL2 gene",
        "fluorescein isothiocyanate-keyhole limpet hemocyanin"
      ],
      "outcomes": []
    }
  },
  {
    "nct_id": "NCT00485576",
    "conditions": [
      "Allergic asthma"
    ],
    "pico_attributes": {
      "populations": {
        "minimum_age": "18 Years",
        "maximum_age": "NA",
        "country": "Canada",
        "gender": "ALL"
      },
      "interventions": [
        "eculizumab"
      ],
      "outcomes": []
    }
  },
  {
    "nct_id": "NCT00485589",
    "conditions": [
      "Rheumatoid Arthritis"
    ],
    "pico_attributes": {
      "populations": {
        "minimum_age": "18 Years",
        "maximum_age": "NA",
        "country": "United States",
        "gender": "ALL"
      },
      "interventions": [
        "Placebo Control",
        "methotrexate",
        "ocrelizumab"
      ],
      "outcomes": []
    }
  },
  {
    "nct_id": "NCT00485602",
    "conditions": [
      "Malocclusion"
    ],
    "pico_attributes": {
      "populations": {
        "minimum_age": "8 Years",
        "maximum_age": "68 Years",
        "country": "Israel",
        "gender": "ALL"
      },
      "interventions": [
        "Administration procedure",
        "Appliance",
        "Orthodontic Appliances",
        "Orthodontic procedure"
      ],
      "outcomes": []
    }
  },
  {
    "nct_id": "NCT00485615",
    "conditions": [
      "Phobia, Social"
    ],
    "pico_attributes": {
      "populations": {
        "minimum_age": "18 Years",
        "maximum_age": "65 Years",
        "country": "Canada",
        "gender": "ALL"
      },
      "interventions": [
        "Coating (film)",
        "Concentrate Dosage Form",
        "Enteral",
        "Happiness",
        "fish oils"
      ],
      "outcomes": []
    }
  },
  {
    "nct_id": "NCT00485628",
    "conditions": [
      "Attention deficit hyperactivity disorder"
    ],
    "pico_attributes": {
      "populations": {
        "minimum_age": "6 Years",
        "maximum_age": "17 Years",
        "country": "Japan",
        "gender": "ALL"
      },
      "interventions": [
        "atomoxetine hydrochloride"
      ],
      "outcomes": []
    }
  },
  {
    "nct_id": "NCT00485641",
    "conditions": [
      "Cerebrovascular accident"
    ],
    "pico_attributes": {
      "populations": {
        "minimum_age": "NA",
        "maximum_age": "NA",
        "country": "United States",
        "gender": "ALL"
      },
      "interventions": [
        "AKR1A1 wt Allele",
        "Dynamic",
        "Farad per Meter",
        "Hand orthosis",
        "Program",
        "Training"
      ],
      "outcomes": []
    }
  },
  {
    "nct_id": "NCT00485654",
    "conditions": [
      "Congenital Disorders"
    ],
    "pico_attributes": {
      "populations": {
        "minimum_age": "NA",
        "maximum_age": "21 Years",
        "country": "United States",
        "gender": "ALL"
      },
      "interventions": [],
      "outcomes": []
    }
  },
  {
    "nct_id": "NCT00485667",
    "conditions": [
      "Pain, Postoperative"
    ],
    "pico_attributes": {
      "populations": {
        "minimum_age": "18 Years",
        "maximum_age": "40 Years",
        "country": "United Kingdom",
        "gender": "ALL"
      },
      "interventions": [
        "Injection",
        "Placebo Control",
        "Tablet (unit of presentation)",
        "moxifloxacin"
      ],
      "outcomes": []
    }
  },
  {
    "nct_id": "NCT00485680",
    "conditions": [
      "Bipolar Disorder"
    ],
    "pico_attributes": {
      "populations": {
        "minimum_age": "18 Years",
        "maximum_age": "NA",
        "country": "China",
        "gender": "ALL"
      },
      "interventions": [
        "hydrochloride",
        "lithium carbonate",
        "olanzapine"
      ],
      "outcomes": []
    }
  }
]