[
  {
    "nct_id": "NCT00213343",
    "conditions": [
      "Velopharyngeal Insufficiency"
    ],
    "pico_attributes": {
      "populations": {
        "minimum_age": "18 Years",
        "maximum_age": "80 Years",
        "country": "France",
        "gender": "ALL"
      },
      "interventions": [],
      "outcomes": []
    }
  },
  {
    "nct_id": "NCT00213356",
    "conditions": [
      "Spinal Cord Injuries"
    ],
    "pico_attributes": {
      "populations": {
        "minimum_age": "18 Years",
        "maximum_age": "NA",
        "country": "France",
        "gender": "ALL"
      },
      "interventions": [],
      "outcomes": []
    }
  },
  {
    "nct_id": "NCT00213369",
    "conditions": [
      "Deglutition Disorders"
    ],
    "pico_attributes": {
      "populations": {
        "minimum_age": "18 Years",
        "maximum_age": "80 Years",
        "country": "France",
        "gender": "ALL"
      },
      "interventions": [],
      "outcomes": []
    }
  },
  {
    "nct_id": "NCT00213382",
    "conditions": [
      "Healthy"
    ],
    "pico_attributes": {
      "populations": {
        "minimum_age": "18 Years",
        "maximum_age": "60 Years",
        "country": "France",
        "gender": "ALL"
      },
      "interventions": [],
      "outcomes": []
    }
  },
  {
    "nct_id": "NCT00213395",
    "conditions": [
      "Acute hypercapnic respiratory failure"
    ],
    "pico_attributes": {
      "populations": {
        "minimum_age": "18 Years",
        "maximum_age": "NA",
        "country": "France",
        "gender": "ALL"
      },
      "interventions": [
        "Application Program Interface",
        "Noninvasive Ventilation"
      ],
      "outcomes": []
    }
  },
  {
    "nct_id": "NCT00213408",
    "conditions": [
      "Atrial Flutter"
    ],
    "pico_attributes": {
      "populations": {
        "minimum_age": "18 Years",
        "maximum_age": "NA",
        "country": "France",
        "gender": "ALL"
      },
      "interventions": [
        "Catheter Ablation, Radiofrequency",
        "Typical atrial flutter"
      ],
      "outcomes": []
    }
  },
  {
    "nct_id": "NCT00213421",
    "conditions": [
      "Bullous pemphigoid"
    ],
    "pico_attributes": {
      "populations": {
        "minimum_age": "18 Years",
        "maximum_age": "NA",
        "country": "France",
        "gender": "ALL"
      },
      "interventions": [],
      "outcomes": []
    }
  },
  {
    "nct_id": "NCT00213434",
    "conditions": [
      "Sleep Apnea, Obstructive"
    ],
    "pico_attributes": {
      "populations": {
        "minimum_age": "18 Years",
        "maximum_age": "70 Years",
        "country": "France",
        "gender": "ALL"
      },
      "interventions": [
        "Herbst Appliance",
        "Oral"
      ],
      "outcomes": []
    }
  },
  {
    "nct_id": "NCT00213447",
    "conditions": [
      "Emotional hypersensitivity",
      "Syndrome"
    ],
    "pico_attributes": {
      "populations": {
        "minimum_age": "18 Years",
        "maximum_age": "NA",
        "country": "France",
        "gender": "ALL"
      },
      "interventions": [],
      "outcomes": []
    }
  },
  {
    "nct_id": "NCT00213460",
    "conditions": [
      "Systemic Scleroderma"
    ],
    "pico_attributes": {
      "populations": {
        "minimum_age": "18 Years",
        "maximum_age": "80 Years",
        "country": "France",
        "gender": "ALL"
      },
      "interventions": [],
      "outcomes": []
    }
  },
  {
    "nct_id": "NCT00213473",
    "conditions": [
      "Acquired hemophilia"
    ],
    "pico_attributes": {
      "populations": {
        "minimum_age": "18 Years",
        "maximum_age": "NA",
        "country": "France",
        "gender": "ALL"
      },
      "interventions": [],
      "outcomes": []
    }
  },
  {
    "nct_id": "NCT00213486",
    "conditions": [
      "Esophageal Neoplasms"
    ],
    "pico_attributes": {
      "populations": {
        "minimum_age": "18 Years",
        "maximum_age": "NA",
        "country": "France",
        "gender": "ALL"
      },
      "interventions": [
        "irinotecan"
      ],
      "outcomes": []
    }
  },
  {
    "nct_id": "NCT00213499",
    "conditions": [
      "Chronic respiratory failure",
      "Weaning"
    ],
    "pico_attributes": {
      "populations": {
        "minimum_age": "18 Years",
        "maximum_age": "NA",
        "country": "France",
        "gender": "ALL"
      },
      "interventions": [
        "Noninvasive Ventilation"
      ],
      "outcomes": []
    }
  },
  {
    "nct_id": "NCT00213512",
    "conditions": [
      "Pemphigus"
    ],
    "pico_attributes": {
      "populations": {
        "minimum_age": "18 Years",
        "maximum_age": "NA",
        "country": "France",
        "gender": "ALL"
      },
      "interventions": [
        "Mabthera"
      ],
      "outcomes": []
    }
  },
  {
    "nct_id": "NCT00213525",
    "conditions": [
      "Scleroderma"
    ],
    "pico_attributes": {
      "populations": {
        "minimum_age": "18 Years",
        "maximum_age": "76 Years",
        "country": "France",
        "gender": "ALL"
      },
      "interventions": [
        "Exogenous Factors",
        "Research Activities"
      ],
      "outcomes": []
    }
  },
  {
    "nct_id": "NCT00213538",
    "conditions": [
      "Rheumatoid Arthritis"
    ],
    "pico_attributes": {
      "populations": {
        "minimum_age": "18 Years",
        "maximum_age": "NA",
        "country": "France",
        "gender": "ALL"
      },
      "interventions": [
        "Associated with",
        "Disease Response",
        "anakinra",
        "methotrexate"
      ],
      "outcomes": []
    }
  },
  {
    "nct_id": "NCT00213551",
    "conditions": [
      "Healthy Volunteers"
    ],
    "pico_attributes": {
      "populations": {
        "minimum_age": "18 Years",
        "maximum_age": "50 Years",
        "country": "France",
        "gender": "ALL"
      },
      "interventions": [
        "Antioxidants",
        "Contain (action)",
        "Pharmaceutical Solutions",
        "glucose",
        "glutamine"
      ],
      "outcomes": []
    }
  },
  {
    "nct_id": "NCT00213564",
    "conditions": [
      "Rheumatoid Arthritis"
    ],
    "pico_attributes": {
      "populations": {
        "minimum_age": "18 Years",
        "maximum_age": "NA",
        "country": "France",
        "gender": "ALL"
      },
      "interventions": [
        "Associated with",
        "Disease Response",
        "infliximab",
        "methotrexate"
      ],
      "outcomes": []
    }
  },
  {
    "nct_id": "NCT00213577",
    "conditions": [
      "Overactive Bladder"
    ],
    "pico_attributes": {
      "populations": {
        "minimum_age": "18 Years",
        "maximum_age": "NA",
        "country": "France",
        "gender": "ALL"
      },
      "interventions": [
        "Clostridium botulinum type A",
        "Toxin"
      ],
      "outcomes": []
    }
  },
  {
    "nct_id": "NCT00213590",
    "conditions": [
      "Kidney Failure",
      "Kidney Transplantation",
      "Primary Prevention"
    ],
    "pico_attributes": {
      "populations": {
        "minimum_age": "18 Years",
        "maximum_age": "75 Years",
        "country": "",
        "gender": "ALL"
      },
      "interventions": [
        "cyclosporine"
      ],
      "outcomes": []
    }
  },
  {
    "nct_id": "NCT00213603",
    "conditions": [
      "Precancerous Conditions",
      "Thoracic Neoplasms"
    ],
    "pico_attributes": {
      "populations": {
        "minimum_age": "18 Years",
        "maximum_age": "80 Years",
        "country": "France",
        "gender": "ALL"
      },
      "interventions": [],
      "outcomes": []
    }
  },
  {
    "nct_id": "NCT00213616",
    "conditions": [
      "Vocal Cord Paralysis"
    ],
    "pico_attributes": {
      "populations": {
        "minimum_age": "18 Years",
        "maximum_age": "65 Years",
        "country": "France",
        "gender": "ALL"
      },
      "interventions": [
        "Operative Surgical Procedures",
        "Reinnervation"
      ],
      "outcomes": []
    }
  },
  {
    "nct_id": "NCT00213629",
    "conditions": [
      "Adult type dermatomyositis",
      "Polymyositis"
    ],
    "pico_attributes": {
      "populations": {
        "minimum_age": "18 Years",
        "maximum_age": "76 Years",
        "country": "France",
        "gender": "ALL"
      },
      "interventions": [
        "Analysis",
        "Gene Expression Profiling",
        "T-Lymphocyte"
      ],
      "outcomes": []
    }
  },
  {
    "nct_id": "NCT00213642",
    "conditions": [
      "Cancer Genus",
      "Drug toxicity",
      "Kidney Failure"
    ],
    "pico_attributes": {
      "populations": {
        "minimum_age": "18 Years",
        "maximum_age": "80 Years",
        "country": "",
        "gender": "ALL"
      },
      "interventions": [],
      "outcomes": []
    }
  },
  {
    "nct_id": "NCT00213655",
    "conditions": [
      "Bladder Cancer Pathway"
    ],
    "pico_attributes": {
      "populations": {
        "minimum_age": "NA",
        "maximum_age": "NA",
        "country": "France",
        "gender": "ALL"
      },
      "interventions": [
        "Bladder Continence Question",
        "Bladder Neoplasm",
        "Recurrence",
        "Recurrent tumor"
      ],
      "outcomes": []
    }
  },
  {
    "nct_id": "NCT00213668",
    "conditions": [
      "Enteral Feeding"
    ],
    "pico_attributes": {
      "populations": {
        "minimum_age": "2 Days",
        "maximum_age": "10 Days",
        "country": "France",
        "gender": "ALL"
      },
      "interventions": [
        "Dipeptiven",
        "glutamine"
      ],
      "outcomes": []
    }
  },
  {
    "nct_id": "NCT00213681",
    "conditions": [
      "Acute cardiac pulmonary edema",
      "Borg Category-Ratio 10 Perceived Exertion Score 5"
    ],
    "pico_attributes": {
      "populations": {
        "minimum_age": "NA",
        "maximum_age": "NA",
        "country": "",
        "gender": "ALL"
      },
      "interventions": [
        "Bilevel",
        "Continuous Positive Airway Pressure",
        "Support, device"
      ],
      "outcomes": []
    }
  },
  {
    "nct_id": "NCT00213694",
    "conditions": [
      "Metastasis from malignant tumor of prostate"
    ],
    "pico_attributes": {
      "populations": {
        "minimum_age": "NA",
        "maximum_age": "NA",
        "country": "France",
        "gender": "MALE"
      },
      "interventions": [
        "celecoxib",
        "docetaxel"
      ],
      "outcomes": []
    }
  },
  {
    "nct_id": "NCT00213707",
    "conditions": [
      "Hepatitis C"
    ],
    "pico_attributes": {
      "populations": {
        "minimum_age": "18 Years",
        "maximum_age": "NA",
        "country": "France",
        "gender": "ALL"
      },
      "interventions": [],
      "outcomes": []
    }
  },
  {
    "nct_id": "NCT00213720",
    "conditions": [
      "Atrial Fibrillation",
      "Subclinical hyperthyroidism"
    ],
    "pico_attributes": {
      "populations": {
        "minimum_age": "50 Years",
        "maximum_age": "NA",
        "country": "France",
        "gender": "ALL"
      },
      "interventions": [],
      "outcomes": []
    }
  },
  {
    "nct_id": "NCT00213733",
    "conditions": [
      "Carcinoma of lung"
    ],
    "pico_attributes": {
      "populations": {
        "minimum_age": "NA",
        "maximum_age": "NA",
        "country": "France",
        "gender": "ALL"
      },
      "interventions": [],
      "outcomes": []
    }
  },
  {
    "nct_id": "NCT00213746",
    "conditions": [
      "Congestive",
      "Congestive heart failure",
      "Coronary Arteriosclerosis",
      "Electrocardiogram: myocardial infarction (finding)",
      "Myocardial Stunning"
    ],
    "pico_attributes": {
      "populations": {
        "minimum_age": "18 Years",
        "maximum_age": "80 Years",
        "country": "France",
        "gender": "ALL"
      },
      "interventions": [],
      "outcomes": []
    }
  },
  {
    "nct_id": "NCT00213759",
    "conditions": [
      "Immature",
      "Leukopenia"
    ],
    "pico_attributes": {
      "populations": {
        "minimum_age": "2 Days",
        "maximum_age": "35 Weeks",
        "country": "France",
        "gender": "ALL"
      },
      "interventions": [
        "CSF3 gene",
        "Glucose 50 MG/ML"
      ],
      "outcomes": []
    }
  },
  {
    "nct_id": "NCT00213772",
    "conditions": [
      "Porphyria Cutanea Tarda"
    ],
    "pico_attributes": {
      "populations": {
        "minimum_age": "NA",
        "maximum_age": "NA",
        "country": "",
        "gender": "ALL"
      },
      "interventions": [],
      "outcomes": []
    }
  },
  {
    "nct_id": "NCT00213785",
    "conditions": [
      "Cerebrovascular accident"
    ],
    "pico_attributes": {
      "populations": {
        "minimum_age": "18 Years",
        "maximum_age": "NA",
        "country": "France",
        "gender": "ALL"
      },
      "interventions": [],
      "outcomes": []
    }
  },
  {
    "nct_id": "NCT00213798",
    "conditions": [
      "NCI CTEP SDC Small Cell Lung Cancer Sub-Category Terminology",
      "Non-Small Cell Lung Carcinoma"
    ],
    "pico_attributes": {
      "populations": {
        "minimum_age": "18 Years",
        "maximum_age": "NA",
        "country": "France",
        "gender": "ALL"
      },
      "interventions": [
        "Biopsy sample"
      ],
      "outcomes": []
    }
  },
  {
    "nct_id": "NCT00213811",
    "conditions": [
      "Bardet-Biedl Syndrome",
      "Orphan Diseases"
    ],
    "pico_attributes": {
      "populations": {
        "minimum_age": "16 Years",
        "maximum_age": "NA",
        "country": "France",
        "gender": "ALL"
      },
      "interventions": [
        "Biological Challenge Agent",
        "Clinical",
        "Diagnostic radiologic examination"
      ],
      "outcomes": []
    }
  },
  {
    "nct_id": "NCT00213824",
    "conditions": [
      "Amyotrophic Lateral Sclerosis"
    ],
    "pico_attributes": {
      "populations": {
        "minimum_age": "18 Years",
        "maximum_age": "NA",
        "country": "France",
        "gender": "ALL"
      },
      "interventions": [],
      "outcomes": []
    }
  },
  {
    "nct_id": "NCT00213837",
    "conditions": [
      "Otorhinolaryngologic Diseases"
    ],
    "pico_attributes": {
      "populations": {
        "minimum_age": "18 Years",
        "maximum_age": "NA",
        "country": "France",
        "gender": "ALL"
      },
      "interventions": [
        "High",
        "Make - Instruction Imperative",
        "Mandibular Prosthesis",
        "Materials",
        "New"
      ],
      "outcomes": []
    }
  },
  {
    "nct_id": "NCT00213850",
    "conditions": [
      "Healthy"
    ],
    "pico_attributes": {
      "populations": {
        "minimum_age": "18 Years",
        "maximum_age": "NA",
        "country": "France",
        "gender": "ALL"
      },
      "interventions": [],
      "outcomes": []
    }
  },
  {
    "nct_id": "NCT00213863",
    "conditions": [
      "Vocal Cord Paralysis"
    ],
    "pico_attributes": {
      "populations": {
        "minimum_age": "18 Years",
        "maximum_age": "NA",
        "country": "France",
        "gender": "ALL"
      },
      "interventions": [
        "Administration via Implantation",
        "Clinical act of insertion",
        "Easy",
        "Implantation procedure",
        "Implants",
        "New",
        "Prosthesis Implantation",
        "Quick-Set",
        "Thyroplasty",
        "Very",
        "Vocal cord structure",
        "allowing"
      ],
      "outcomes": []
    }
  },
  {
    "nct_id": "NCT00213876",
    "conditions": [
      "Well Differentiated Oligodendroglioma"
    ],
    "pico_attributes": {
      "populations": {
        "minimum_age": "1 Year",
        "maximum_age": "NA",
        "country": "France",
        "gender": "ALL"
      },
      "interventions": [],
      "outcomes": []
    }
  },
  {
    "nct_id": "NCT00213889",
    "conditions": [
      "Cleft lip or lips"
    ],
    "pico_attributes": {
      "populations": {
        "minimum_age": "1 Month",
        "maximum_age": "NA",
        "country": "France",
        "gender": "ALL"
      },
      "interventions": [
        "Diagnosis",
        "Molecular genetics procedure",
        "Only - dosing instruction fragment"
      ],
      "outcomes": []
    }
  },
  {
    "nct_id": "NCT00213902",
    "conditions": [
      "Ventricular Dysfunction"
    ],
    "pico_attributes": {
      "populations": {
        "minimum_age": "60 Years",
        "maximum_age": "NA",
        "country": "France",
        "gender": "ALL"
      },
      "interventions": [],
      "outcomes": []
    }
  },
  {
    "nct_id": "NCT00213915",
    "conditions": [
      "Heart Transplantation"
    ],
    "pico_attributes": {
      "populations": {
        "minimum_age": "18 Years",
        "maximum_age": "NA",
        "country": "France",
        "gender": "ALL"
      },
      "interventions": [
        "Gram per Deciliter",
        "Twice a day",
        "arginine glutamate",
        "week"
      ],
      "outcomes": []
    }
  },
  {
    "nct_id": "NCT00213928",
    "conditions": [
      "lymphedema of arm"
    ],
    "pico_attributes": {
      "populations": {
        "minimum_age": "17 Years",
        "maximum_age": "NA",
        "country": "United States",
        "gender": "FEMALE"
      },
      "interventions": [
        "Extract (substance)",
        "horse chestnut seed"
      ],
      "outcomes": []
    }
  },
  {
    "nct_id": "NCT00213941",
    "conditions": [
      "Transitory tachypnea of newborn"
    ],
    "pico_attributes": {
      "populations": {
        "minimum_age": "0 Years",
        "maximum_age": "6 Hours",
        "country": "France",
        "gender": "ALL"
      },
      "interventions": [
        "Echocardiography"
      ],
      "outcomes": []
    }
  },
  {
    "nct_id": "NCT00213954",
    "conditions": [
      "Anesthesia procedures"
    ],
    "pico_attributes": {
      "populations": {
        "minimum_age": "18 Years",
        "maximum_age": "NA",
        "country": "France",
        "gender": "ALL"
      },
      "interventions": [
        "Ultrasonic guidance procedure",
        "Ultrasonography"
      ],
      "outcomes": []
    }
  },
  {
    "nct_id": "NCT00213967",
    "conditions": [
      "Influenza"
    ],
    "pico_attributes": {
      "populations": {
        "minimum_age": "18 Years",
        "maximum_age": "NA",
        "country": "United States",
        "gender": "ALL"
      },
      "interventions": [
        "22 gauge",
        "ATP8A2 protein, human",
        "Inch British",
        "Needle device",
        "Syringe (unit of presentation)"
      ],
      "outcomes": []
    }
  },
  {
    "nct_id": "NCT00213980",
    "conditions": [
      "Breast Carcinoma"
    ],
    "pico_attributes": {
      "populations": {
        "minimum_age": "18 Years",
        "maximum_age": "NA",
        "country": "United States",
        "gender": "FEMALE"
      },
      "interventions": [
        "zoledronate"
      ],
      "outcomes": [
        "Clinical",
        "Neoplasm Metastasis",
        "Overall Survival",
        "Rate",
        "South Africa",
        "Toxic effect"
      ]
    }
  },
  {
    "nct_id": "NCT00213993",
    "conditions": [
      "Palmar-plantar erythrodysesthesia syndrome"
    ],
    "pico_attributes": {
      "populations": {
        "minimum_age": "18 Years",
        "maximum_age": "NA",
        "country": "United States",
        "gender": "ALL"
      },
      "interventions": [
        "Antiperspirants"
      ],
      "outcomes": []
    }
  },
  {
    "nct_id": "NCT00214006",
    "conditions": [
      "Arteriosclerosis"
    ],
    "pico_attributes": {
      "populations": {
        "minimum_age": "18 Years",
        "maximum_age": "80 Years",
        "country": "United States",
        "gender": "ALL"
      },
      "interventions": [],
      "outcomes": []
    }
  },
  {
    "nct_id": "NCT00214019",
    "conditions": [
      "Allergic asthma"
    ],
    "pico_attributes": {
      "populations": {
        "minimum_age": "18 Years",
        "maximum_age": "55 Years",
        "country": "United States",
        "gender": "ALL"
      },
      "interventions": [
        "Placebo Control",
        "fluticasone",
        "salmeterol"
      ],
      "outcomes": []
    }
  },
  {
    "nct_id": "NCT00214032",
    "conditions": [
      "Lymphedema"
    ],
    "pico_attributes": {
      "populations": {
        "minimum_age": "18 Years",
        "maximum_age": "NA",
        "country": "United States",
        "gender": "FEMALE"
      },
      "interventions": [
        "Placebo Control",
        "Pycnogenol"
      ],
      "outcomes": []
    }
  },
  {
    "nct_id": "NCT00214045",
    "conditions": [
      "Dysfunctional voiding of urine",
      "Hematuria",
      "Recurrent urinary tract infection",
      "Urination Disorders"
    ],
    "pico_attributes": {
      "populations": {
        "minimum_age": "18 Years",
        "maximum_age": "NA",
        "country": "United States",
        "gender": "FEMALE"
      },
      "interventions": [
        "Flexible cystoscopy",
        "Rigid cystoscopy"
      ],
      "outcomes": []
    }
  },
  {
    "nct_id": "NCT00214058",
    "conditions": [
      "Carcinoma, Ovarian Epithelial",
      "Primary peritoneal carcinoma"
    ],
    "pico_attributes": {
      "populations": {
        "minimum_age": "18 Years",
        "maximum_age": "NA",
        "country": "United States",
        "gender": "FEMALE"
      },
      "interventions": [
        "carboplatin",
        "docetaxel"
      ],
      "outcomes": []
    }
  },
  {
    "nct_id": "NCT00214071",
    "conditions": [
      "Sleep Apnea, Obstructive"
    ],
    "pico_attributes": {
      "populations": {
        "minimum_age": "18 Years",
        "maximum_age": "NA",
        "country": "United States",
        "gender": "ALL"
      },
      "interventions": [
        "Influenza vaccine:-:Point in time:^Patient:-"
      ],
      "outcomes": []
    }
  },
  {
    "nct_id": "NCT00214084",
    "conditions": [
      "Sleep Apnea, Obstructive"
    ],
    "pico_attributes": {
      "populations": {
        "minimum_age": "18 Years",
        "maximum_age": "NA",
        "country": "United States",
        "gender": "ALL"
      },
      "interventions": [
        "allopurinol"
      ],
      "outcomes": []
    }
  },
  {
    "nct_id": "NCT00214097",
    "conditions": [
      "Malignant neoplasm of prostate"
    ],
    "pico_attributes": {
      "populations": {
        "minimum_age": "18 Years",
        "maximum_age": "NA",
        "country": "United States",
        "gender": "MALE"
      },
      "interventions": [
        "Radiation Oncology specialty"
      ],
      "outcomes": [
        "3+ Answer to Question",
        "Base - General Qualifier",
        "Baseline Survey",
        "Bayer Corneal Epitheliopathy Grade 2",
        "Bayer Corneal Epitheliopathy Grade 3",
        "Biochemical",
        "Bladder Continence Question",
        "Clinical Study Follow-up",
        "Count of entities",
        "Experience",
        "Foxes",
        "High",
        "Human Study Subject",
        "Intestines",
        "Late",
        "Medical Surveillance",
        "PROS1 wt Allele",
        "Participant",
        "Progression-Free Survival",
        "Rectal (intended site)",
        "Time",
        "Toxic effect",
        "acute",
        "year"
      ]
    }
  },
  {
    "nct_id": "NCT00214110",
    "conditions": [],
    "pico_attributes": {
      "populations": {
        "minimum_age": "18 Years",
        "maximum_age": "90 Years",
        "country": "United States",
        "gender": "ALL"
      },
      "interventions": [
        "tamoxifen"
      ],
      "outcomes": []
    }
  },
  {
    "nct_id": "NCT00214123",
    "conditions": [
      "Carcinoma of lung"
    ],
    "pico_attributes": {
      "populations": {
        "minimum_age": "18 Years",
        "maximum_age": "NA",
        "country": "United States",
        "gender": "ALL"
      },
      "interventions": [
        "Radiation Oncology specialty",
        "Therapeutic radiology procedure"
      ],
      "outcomes": []
    }
  },
  {
    "nct_id": "NCT00214136",
    "conditions": [
      "Malignant neoplasm of prostate"
    ],
    "pico_attributes": {
      "populations": {
        "minimum_age": "18 Years",
        "maximum_age": "NA",
        "country": "United States",
        "gender": "MALE"
      },
      "interventions": [
        "Radiation Oncology specialty"
      ],
      "outcomes": [
        "Count of entities",
        "Expected",
        "Experience",
        "Participant",
        "Toxic effect"
      ]
    }
  },
  {
    "nct_id": "NCT00214149",
    "conditions": [
      "Breast Carcinoma"
    ],
    "pico_attributes": {
      "populations": {
        "minimum_age": "18 Years",
        "maximum_age": "NA",
        "country": "United States",
        "gender": "FEMALE"
      },
      "interventions": [
        "Brachytherapy"
      ],
      "outcomes": []
    }
  },
  {
    "nct_id": "NCT00214162",
    "conditions": [
      "Breast Carcinoma",
      "Malignant neoplasm of prostate"
    ],
    "pico_attributes": {
      "populations": {
        "minimum_age": "18 Years",
        "maximum_age": "NA",
        "country": "United States",
        "gender": "ALL"
      },
      "interventions": [
        "Comprehensive",
        "Computers",
        "Enhance (action)",
        "Health",
        "Health systems",
        "Internet",
        "Support System",
        "Support, device"
      ],
      "outcomes": []
    }
  },
  {
    "nct_id": "NCT00214175",
    "conditions": [
      "Brain Neoplasms",
      "Glioblastoma Multiforme Pathway"
    ],
    "pico_attributes": {
      "populations": {
        "minimum_age": "18 Years",
        "maximum_age": "NA",
        "country": "United States",
        "gender": "ALL"
      },
      "interventions": [],
      "outcomes": []
    }
  },
  {
    "nct_id": "NCT00214201",
    "conditions": [
      "Kidney Transplantation",
      "Primary"
    ],
    "pico_attributes": {
      "populations": {
        "minimum_age": "18 Years",
        "maximum_age": "75 Years",
        "country": "United States",
        "gender": "ALL"
      },
      "interventions": [
        "CABIN1 protein, human",
        "Withdraw (activity)"
      ],
      "outcomes": [
        "36 Months",
        "Biopsy",
        "Count of entities",
        "Creatinine measurement, serum (procedure)",
        "Deny (action)",
        "End",
        "Participant",
        "Proven findings",
        "Room of building - Study"
      ]
    }
  },
  {
    "nct_id": "NCT00214214",
    "conditions": [
      "Diabetes Mellitus, Insulin-Dependent",
      "new onset"
    ],
    "pico_attributes": {
      "populations": {
        "minimum_age": "18 Years",
        "maximum_age": "35 Years",
        "country": "United States",
        "gender": "ALL"
      },
      "interventions": [
        "Campath 1H",
        "alemtuzumab"
      ],
      "outcomes": []
    }
  },
  {
    "nct_id": "NCT00214227",
    "conditions": [
      "Radiation Oncology specialty"
    ],
    "pico_attributes": {
      "populations": {
        "minimum_age": "18 Years",
        "maximum_age": "NA",
        "country": "United States",
        "gender": "MALE"
      },
      "interventions": [],
      "outcomes": []
    }
  },
  {
    "nct_id": "NCT00214240",
    "conditions": [
      "Cytomegalovirus"
    ],
    "pico_attributes": {
      "populations": {
        "minimum_age": "18 Years",
        "maximum_age": "NA",
        "country": "United States",
        "gender": "ALL"
      },
      "interventions": [
        "cytomegalovirus immune globulin"
      ],
      "outcomes": []
    }
  },
  {
    "nct_id": "NCT00214253",
    "conditions": [
      "Diabetes Mellitus, Insulin-Dependent"
    ],
    "pico_attributes": {
      "populations": {
        "minimum_age": "18 Years",
        "maximum_age": "65 Years",
        "country": "United States",
        "gender": "ALL"
      },
      "interventions": [
        "2,4-thiazolidinedione"
      ],
      "outcomes": []
    }
  },
  {
    "nct_id": "NCT00214266",
    "conditions": [
      "Kidney Transplantation"
    ],
    "pico_attributes": {
      "populations": {
        "minimum_age": "18 Years",
        "maximum_age": "NA",
        "country": "United States",
        "gender": "ALL"
      },
      "interventions": [
        "Campath 1H",
        "mycophenolate mofetil",
        "rituximab"
      ],
      "outcomes": []
    }
  },
  {
    "nct_id": "NCT00214279",
    "conditions": [
      "Kidney Transplantation"
    ],
    "pico_attributes": {
      "populations": {
        "minimum_age": "55 Years",
        "maximum_age": "NA",
        "country": "United States",
        "gender": "ALL"
      },
      "interventions": [
        "Adrenal Cortex Hormones",
        "Withdraw (activity)"
      ],
      "outcomes": []
    }
  },
  {
    "nct_id": "NCT00214292",
    "conditions": [
      "Breast Carcinoma"
    ],
    "pico_attributes": {
      "populations": {
        "minimum_age": "18 Years",
        "maximum_age": "NA",
        "country": "United States",
        "gender": "FEMALE"
      },
      "interventions": [
        "Diffuse",
        "Fluorescence Spectroscopy",
        "Spectroscopy (discipline)"
      ],
      "outcomes": []
    }
  },
  {
    "nct_id": "NCT00214305",
    "conditions": [
      "Head and Neck Carcinoma"
    ],
    "pico_attributes": {
      "populations": {
        "minimum_age": "21 Years",
        "maximum_age": "80 Years",
        "country": "United States",
        "gender": "ALL"
      },
      "interventions": [
        "Disease management program (regime/therapy)",
        "Postural",
        "Range of Motion, Articular",
        "Sensory (qualifier value)"
      ],
      "outcomes": []
    }
  },
  {
    "nct_id": "NCT00214318",
    "conditions": [
      "Congestive heart failure"
    ],
    "pico_attributes": {
      "populations": {
        "minimum_age": "18 Years",
        "maximum_age": "NA",
        "country": "United States",
        "gender": "ALL"
      },
      "interventions": [
        "In addition to",
        "carvedilol",
        "metoprolol",
        "terbutaline"
      ],
      "outcomes": []
    }
  },
  {
    "nct_id": "NCT00214331",
    "conditions": [
      "Pregnancy"
    ],
    "pico_attributes": {
      "populations": {
        "minimum_age": "18 Years",
        "maximum_age": "45 Years",
        "country": "United States",
        "gender": "FEMALE"
      },
      "interventions": [
        "azithromycin",
        "ciprofloxacin",
        "gentamicin"
      ],
      "outcomes": []
    }
  },
  {
    "nct_id": "NCT00214344",
    "conditions": [
      "Critical Illness",
      "Mechanical ventilation"
    ],
    "pico_attributes": {
      "populations": {
        "minimum_age": "18 Years",
        "maximum_age": "NA",
        "country": "United States",
        "gender": "ALL"
      },
      "interventions": [
        "Family Relationship",
        "Family support",
        "Life",
        "Preparation",
        "Support, device",
        "Withdraw (activity)"
      ],
      "outcomes": []
    }
  },
  {
    "nct_id": "NCT00214357",
    "conditions": [
      "Teacher"
    ],
    "pico_attributes": {
      "populations": {
        "minimum_age": "18 Years",
        "maximum_age": "NA",
        "country": "United States",
        "gender": "ALL"
      },
      "interventions": [
        "Mindfulness Relaxation"
      ],
      "outcomes": []
    }
  },
  {
    "nct_id": "NCT00214370",
    "conditions": [
      "Adult Lymphoma",
      "Childhood Leukemia"
    ],
    "pico_attributes": {
      "populations": {
        "minimum_age": "2 Years",
        "maximum_age": "18 Years",
        "country": "United States",
        "gender": "ALL"
      },
      "interventions": [
        "Fentanyl measurement",
        "Living Alone",
        "propofol"
      ],
      "outcomes": []
    }
  },
  {
    "nct_id": "NCT00214383",
    "conditions": [
      "Asthma"
    ],
    "pico_attributes": {
      "populations": {
        "minimum_age": "4 Years",
        "maximum_age": "12 Years",
        "country": "United States",
        "gender": "ALL"
      },
      "interventions": [
        "Bromus secalinus",
        "Internet",
        "Telehealth"
      ],
      "outcomes": [
        "ADHD hyperactive symptoms mean score:Score:Pt:^Patient:Qn:Calculated",
        "Adherence (attribute)",
        "Amount type - Percentage",
        "Asthma",
        "Changed status",
        "Control function",
        "Count of entities",
        "Empty (qualifier)",
        "Improvement",
        "Symptom:Find:Pt:^Patient:Nom",
        "day"
      ]
    }
  },
  {
    "nct_id": "NCT00214422",
    "conditions": [
      "Malignant neoplasm of prostate"
    ],
    "pico_attributes": {
      "populations": {
        "minimum_age": "18 Years",
        "maximum_age": "90 Years",
        "country": "United States",
        "gender": "MALE"
      },
      "interventions": [
        "Electromagnetic Radiation"
      ],
      "outcomes": [
        "0%",
        "Adverse Event Domain",
        "Assessed",
        "Common (qualifier value)",
        "Count of entities",
        "National Cancer Institute common terminology criteria for adverse events",
        "Nomenclature",
        "Non-serious Adverse Event",
        "Participant",
        "Serious",
        "V4+",
        "criteria"
      ]
    }
  },
  {
    "nct_id": "NCT00214435",
    "conditions": [
      "Acquired Immunodeficiency Syndrome",
      "HIV Infections"
    ],
    "pico_attributes": {
      "populations": {
        "minimum_age": "18 Years",
        "maximum_age": "NA",
        "country": "Australia",
        "gender": "ALL"
      },
      "interventions": [
        "ActRelationshipSubset - minimum",
        "Daily",
        "Medication 3",
        "Pharmaceutical Preparations",
        "Regimen - CHV concept",
        "Retroviridae"
      ],
      "outcomes": []
    }
  },
  {
    "nct_id": "NCT00214448",
    "conditions": [
      "Genetic disorders screening"
    ],
    "pico_attributes": {
      "populations": {
        "minimum_age": "0 Years",
        "maximum_age": "NA",
        "country": "",
        "gender": "ALL"
      },
      "interventions": [],
      "outcomes": []
    }
  },
  {
    "nct_id": "NCT00214461",
    "conditions": [
      "Clostridium Infections"
    ],
    "pico_attributes": {
      "populations": {
        "minimum_age": "65 Years",
        "maximum_age": "NA",
        "country": "United States",
        "gender": "ALL"
      },
      "interventions": [
        "+2",
        "10%",
        "50%",
        "Buffers",
        "DILUENT",
        "Placebo Control",
        "Toxoid Vaccine",
        "Vaccines"
      ],
      "outcomes": [
        "1 (finding)",
        "Clostridium difficile",
        "Count of entities",
        "Drug Formulation Process",
        "Participant",
        "Placebo Control",
        "Post",
        "Reporting",
        "Three",
        "Treatment-Emergent Adverse Event",
        "Vaccination",
        "Vaccines"
      ]
    }
  },
  {
    "nct_id": "NCT00214474",
    "conditions": [
      "Diabetes"
    ],
    "pico_attributes": {
      "populations": {
        "minimum_age": "18 Years",
        "maximum_age": "NA",
        "country": "United States",
        "gender": "ALL"
      },
      "interventions": [
        "Intervention regimes"
      ],
      "outcomes": []
    }
  },
  {
    "nct_id": "NCT00214487",
    "conditions": [
      "Esophoria",
      "Myopia",
      "Vision Disparity"
    ],
    "pico_attributes": {
      "populations": {
        "minimum_age": "8 Years",
        "maximum_age": "18 Years",
        "country": "",
        "gender": "ALL"
      },
      "interventions": [
        "Bifocal contact lens",
        "Placebo Control"
      ],
      "outcomes": [
        "Axial length",
        "CDISC Relationship Class",
        "Changed status",
        "Cycloplegic refraction",
        "Cycloplegics",
        "Disease Progression",
        "Keratometry",
        "Myopia",
        "One year",
        "Residual",
        "Subjective observation (qualifier value)",
        "Subjective refraction",
        "Vision Disparity"
      ]
    }
  },
  {
    "nct_id": "NCT00214500",
    "conditions": [
      "Fabry Disease"
    ],
    "pico_attributes": {
      "populations": {
        "minimum_age": "18 Years",
        "maximum_age": "55 Years",
        "country": "United States",
        "gender": "MALE"
      },
      "interventions": [
        "migalastat hydrochloride"
      ],
      "outcomes": [
        "Able to Concentrate Question",
        "Administration occupational activities",
        "Area",
        "Area Under Curve",
        "Curved",
        "Pyruvate Kinase",
        "Time",
        "migalastat"
      ]
    }
  },
  {
    "nct_id": "NCT00214513",
    "conditions": [
      "Chronic heart failure"
    ],
    "pico_attributes": {
      "populations": {
        "minimum_age": "NA",
        "maximum_age": "NA",
        "country": "Denmark",
        "gender": "ALL"
      },
      "interventions": [
        "Base - General Qualifier",
        "Exercise Training",
        "Home environment"
      ],
      "outcomes": []
    }
  },
  {
    "nct_id": "NCT00214526",
    "conditions": [
      "Asthma"
    ],
    "pico_attributes": {
      "populations": {
        "minimum_age": "18 Years",
        "maximum_age": "65 Years",
        "country": "",
        "gender": "ALL"
      },
      "interventions": [
        "Bronchial system",
        "Conventional Treatment",
        "Impaired Control Scale"
      ],
      "outcomes": [
        "BaseLine dental cement",
        "Change -- procedure",
        "Epidermal cGVHD Score 2",
        "Evening",
        "Exacerbation",
        "FEV1, CTCAE",
        "Morning",
        "Percent (qualifier value)",
        "Percent of Predicted Value",
        "Rate",
        "methacholine",
        "peak expiratory flow (procedure)",
        "post bronchodilator",
        "pre bronchodilator"
      ]
    }
  },
  {
    "nct_id": "NCT00214539",
    "conditions": [
      "Asthma"
    ],
    "pico_attributes": {
      "populations": {
        "minimum_age": "18 Years",
        "maximum_age": "65 Years",
        "country": "",
        "gender": "ALL"
      },
      "interventions": [
        "Bronchial system",
        "Control function"
      ],
      "outcomes": [
        "Adverse Event Domain",
        "BaseLine dental cement",
        "Change -- procedure",
        "FEV1, CTCAE",
        "Human Study Subject",
        "Percent (qualifier value)",
        "Percent of Predicted Value",
        "Specimen Source Codes - Respiratory",
        "post bronchodilator",
        "pre bronchodilator"
      ]
    }
  },
  {
    "nct_id": "NCT00214552",
    "conditions": [
      "Asthma",
      "Gastroesophageal Reflux Disease, CTCAE"
    ],
    "pico_attributes": {
      "populations": {
        "minimum_age": "18 Years",
        "maximum_age": "85 Years",
        "country": "United States",
        "gender": "ALL"
      },
      "interventions": [
        "rabeprazole"
      ],
      "outcomes": []
    }
  },
  {
    "nct_id": "NCT00214565",
    "conditions": [
      "Bristol Stool Type 2",
      "Diabetes Mellitus"
    ],
    "pico_attributes": {
      "populations": {
        "minimum_age": "18 Years",
        "maximum_age": "NA",
        "country": "United States",
        "gender": "ALL"
      },
      "interventions": [
        "Galida"
      ],
      "outcomes": []
    }
  },
  {
    "nct_id": "NCT00214578",
    "conditions": [
      "Schizophrenia"
    ],
    "pico_attributes": {
      "populations": {
        "minimum_age": "18 Years",
        "maximum_age": "65 Years",
        "country": "United Kingdom",
        "gender": "ALL"
      },
      "interventions": [
        "Seroquel",
        "quetiapine"
      ],
      "outcomes": []
    }
  },
  {
    "nct_id": "NCT00214591",
    "conditions": [
      "Bristol Stool Type 2",
      "Diabetes Mellitus"
    ],
    "pico_attributes": {
      "populations": {
        "minimum_age": "18 Years",
        "maximum_age": "NA",
        "country": "United States",
        "gender": "ALL"
      },
      "interventions": [
        "Galida"
      ],
      "outcomes": []
    }
  },
  {
    "nct_id": "NCT00214604",
    "conditions": [
      "Hyperlipoproteinemia Type III"
    ],
    "pico_attributes": {
      "populations": {
        "minimum_age": "18 Years",
        "maximum_age": "NA",
        "country": "South Africa",
        "gender": "ALL"
      },
      "interventions": [
        "pravastatin",
        "rosuvastatin"
      ],
      "outcomes": []
    }
  },
  {
    "nct_id": "NCT00214617",
    "conditions": [
      "Hypercholesterolemia"
    ],
    "pico_attributes": {
      "populations": {
        "minimum_age": "50 Years",
        "maximum_age": "75 Years",
        "country": "United States",
        "gender": "ALL"
      },
      "interventions": [
        "/40",
        "Daily",
        "milligram/day",
        "rosuvastatin 5 MG"
      ],
      "outcomes": []
    }
  },
  {
    "nct_id": "NCT00214630",
    "conditions": [
      "Acute Coronary Syndrome"
    ],
    "pico_attributes": {
      "populations": {
        "minimum_age": "18 Years",
        "maximum_age": "70 Years",
        "country": "United States",
        "gender": "ALL"
      },
      "interventions": [
        "atorvastatin",
        "rosuvastatin calcium"
      ],
      "outcomes": []
    }
  },
  {
    "nct_id": "NCT00214643",
    "conditions": [
      "Malaria"
    ],
    "pico_attributes": {
      "populations": {
        "minimum_age": "3 Years",
        "maximum_age": "14 Years",
        "country": "Gabon",
        "gender": "ALL"
      },
      "interventions": [
        "clindamycin",
        "fosmidomycin"
      ],
      "outcomes": []
    }
  },
  {
    "nct_id": "NCT00214656",
    "conditions": [
      "Blood Coagulation Disorders",
      "Coronary Arteriosclerosis",
      "Heart valve disease"
    ],
    "pico_attributes": {
      "populations": {
        "minimum_age": "18 Years",
        "maximum_age": "NA",
        "country": "Australia",
        "gender": "ALL"
      },
      "interventions": [
        "eptacog alfa activated"
      ],
      "outcomes": []
    }
  },
  {
    "nct_id": "NCT00214669",
    "conditions": [
      "Asthma"
    ],
    "pico_attributes": {
      "populations": {
        "minimum_age": "3 Years",
        "maximum_age": "65 Years",
        "country": "United Kingdom",
        "gender": "ALL"
      },
      "interventions": [
        "Administration occupational activities",
        "Asthma management",
        "Asthma nurse specialist",
        "Asthma self management",
        "Education, Professional",
        "Educational Status",
        "Light Emitting Diode Device",
        "Nurse Specialists",
        "Patients",
        "Program",
        "Self Directed Education",
        "Self management:Finding:Point in time:^Patient:Ordinal",
        "cisplatin/cyclophosphamide/doxorubicin/etoposide"
      ],
      "outcomes": []
    }
  }
]