[
  {
    "nct_id": "NCT00555958",
    "conditions": [
      "BODY MASS INDEX QUANTITATIVE TRAIT LOCUS 20"
    ],
    "pico_attributes": {
      "populations": {
        "minimum_age": "25 Years",
        "maximum_age": "60 Years",
        "country": "Switzerland",
        "gender": "ALL"
      },
      "interventions": [
        "Abdominal Cavity",
        "Active Implantable Medical Devices",
        "Injection of anesthetic agent into vagus nerve"
      ],
      "outcomes": []
    }
  },
  {
    "nct_id": "NCT00555971",
    "conditions": [
      "aspirin sensitivity"
    ],
    "pico_attributes": {
      "populations": {
        "minimum_age": "18 Years",
        "maximum_age": "NA",
        "country": "United States",
        "gender": "ALL"
      },
      "interventions": [
        "Placebo Control",
        "omalizumab"
      ],
      "outcomes": [
        "Aspirin desensitization therapy",
        "CD44 wt Allele",
        "Chemical Association",
        "Count of entities",
        "Leukotriene E4",
        "Measurement",
        "Participant",
        "Reaction",
        "Specimen Source Codes - Respiratory",
        "Urinary tract",
        "Without"
      ]
    }
  },
  {
    "nct_id": "NCT00555984",
    "conditions": [
      "Brain Neoplasms"
    ],
    "pico_attributes": {
      "populations": {
        "minimum_age": "18 Years",
        "maximum_age": "80 Years",
        "country": "United States",
        "gender": "ALL"
      },
      "interventions": [
        "propofol",
        "remifentanil",
        "sevoflurane"
      ],
      "outcomes": []
    }
  },
  {
    "nct_id": "NCT00555997",
    "conditions": [
      "Major Depressive Disorder"
    ],
    "pico_attributes": {
      "populations": {
        "minimum_age": "18 Years",
        "maximum_age": "65 Years",
        "country": "United States",
        "gender": "ALL"
      },
      "interventions": [
        "Placebo Control",
        "ziprasidone"
      ],
      "outcomes": [
        "ATF7IP protein, human",
        "Change -- procedure",
        "Hamilton rating scale for depression",
        "Negation",
        "Phase",
        "Score",
        "Vibroacoustic Stimulation"
      ]
    }
  },
  {
    "nct_id": "NCT00556010",
    "conditions": [
      "Ankle Injuries"
    ],
    "pico_attributes": {
      "populations": {
        "minimum_age": "18 Years",
        "maximum_age": "65 Years",
        "country": "Israel",
        "gender": "ALL"
      },
      "interventions": [],
      "outcomes": []
    }
  },
  {
    "nct_id": "NCT00556023",
    "conditions": [
      "Malignant neoplasm of pancreas"
    ],
    "pico_attributes": {
      "populations": {
        "minimum_age": "18 Years",
        "maximum_age": "NA",
        "country": "Italy",
        "gender": "ALL"
      },
      "interventions": [
        "CP-675,206",
        "gemcitabine"
      ],
      "outcomes": []
    }
  },
  {
    "nct_id": "NCT00556036",
    "conditions": [
      "Anorexia Nervosa",
      "BODY MASS INDEX QUANTITATIVE TRAIT LOCUS 20",
      "Hypothalamic amenorrhea"
    ],
    "pico_attributes": {
      "populations": {
        "minimum_age": "18 Years",
        "maximum_age": "45 Years",
        "country": "United States",
        "gender": "FEMALE"
      },
      "interventions": [],
      "outcomes": []
    }
  },
  {
    "nct_id": "NCT00556049",
    "conditions": [
      "Conventional (Clear Cell) Renal Cell Carcinoma",
      "Neoplasm Metastasis"
    ],
    "pico_attributes": {
      "populations": {
        "minimum_age": "18 Years",
        "maximum_age": "NA",
        "country": "United States",
        "gender": "ALL"
      },
      "interventions": [
        "gemcitabine",
        "sunitinib"
      ],
      "outcomes": []
    }
  },
  {
    "nct_id": "NCT00556062",
    "conditions": [
      "Influenza"
    ],
    "pico_attributes": {
      "populations": {
        "minimum_age": "18 Years",
        "maximum_age": "60 Years",
        "country": "",
        "gender": "ALL"
      },
      "interventions": [
        "Influenza vaccine:-:Point in time:^Patient:-",
        "Seasonal course",
        "Splitting"
      ],
      "outcomes": []
    }
  },
  {
    "nct_id": "NCT00556075",
    "conditions": [
      "Endometriosis"
    ],
    "pico_attributes": {
      "populations": {
        "minimum_age": "18 Years",
        "maximum_age": "48 Years",
        "country": "United States",
        "gender": "FEMALE"
      },
      "interventions": [
        "50%",
        "MG",
        "Placebo Control",
        "proellex"
      ],
      "outcomes": [
        "50%",
        "Analysis",
        "CD44 wt Allele",
        "Composite",
        "Composite Score",
        "Count of entities",
        "Data",
        "Delta (difference)",
        "Determined by",
        "Differential panel",
        "Duration",
        "Empty (qualifier)",
        "Evaluation procedure",
        "Feel Pain",
        "Group Object",
        "Group Therapies",
        "Institutional Review Board Independent Ethics Committee Subject Diary",
        "MG",
        "Monthly (qualifier value)",
        "Pain Measurement",
        "Pain Score 4",
        "Pain duration",
        "Pain score",
        "Pain-Free",
        "Patient Visit",
        "Placebo Control",
        "Record - QueryRequestLimit",
        "Table Rules - groups",
        "Treatment Group",
        "Use of",
        "day",
        "proellex"
      ]
    }
  },
  {
    "nct_id": "NCT00556088",
    "conditions": [
      "Solid Neoplasm"
    ],
    "pico_attributes": {
      "populations": {
        "minimum_age": "18 Years",
        "maximum_age": "NA",
        "country": "United States",
        "gender": "ALL"
      },
      "interventions": [
        "LBH589",
        "bevacizumab",
        "carboplatin",
        "paclitaxel"
      ],
      "outcomes": []
    }
  },
  {
    "nct_id": "NCT00556101",
    "conditions": [
      "Arteriosclerosis",
      "CYREN gene",
      "Intermittent Claudication"
    ],
    "pico_attributes": {
      "populations": {
        "minimum_age": "18 Years",
        "maximum_age": "NA",
        "country": "Denmark",
        "gender": "ALL"
      },
      "interventions": [
        "Entire body as a whole",
        "MRI-Based Angiogram"
      ],
      "outcomes": []
    }
  },
  {
    "nct_id": "NCT00556114",
    "conditions": [
      "Age related macular degeneration",
      "Central retinal vein occlusion",
      "Diabetic Retinopathy",
      "Glaucoma",
      "Venous retinal branch occlusion"
    ],
    "pico_attributes": {
      "populations": {
        "minimum_age": "18 Years",
        "maximum_age": "NA",
        "country": "United States",
        "gender": "ALL"
      },
      "interventions": [
        "Tomography, Optical Coherence"
      ],
      "outcomes": []
    }
  },
  {
    "nct_id": "NCT00556127",
    "conditions": [
      "Adult Diffuse Large B-Cell Lymphoma",
      "Prognosis bad"
    ],
    "pico_attributes": {
      "populations": {
        "minimum_age": "18 Years",
        "maximum_age": "60 Years",
        "country": "Italy",
        "gender": "ALL"
      },
      "interventions": [
        "Ara-C",
        "Granulocyte Colony-Stimulating Factor",
        "Peripheral Blood Stem Cells",
        "Radiation Oncology specialty",
        "Reinfusion Procedure",
        "carmustine",
        "cyclophosphamide",
        "cytarabine",
        "dexamethasone",
        "epirubicin",
        "etoposide",
        "melphalan",
        "mitoxantrone",
        "prednisone",
        "rituximab",
        "vincristine"
      ],
      "outcomes": []
    }
  },
  {
    "nct_id": "NCT00556140",
    "conditions": [
      "Depression, psychotic"
    ],
    "pico_attributes": {
      "populations": {
        "minimum_age": "18 Years",
        "maximum_age": "80 Years",
        "country": "United States",
        "gender": "ALL"
      },
      "interventions": [
        "aripiprazole"
      ],
      "outcomes": [
        "Cancer Remission",
        "Depressed mood",
        "Frequency of Responses",
        "Nonorganic psychosis",
        "Rate"
      ]
    }
  },
  {
    "nct_id": "NCT00556153",
    "conditions": [
      "Brain Neoplasms"
    ],
    "pico_attributes": {
      "populations": {
        "minimum_age": "5 Years",
        "maximum_age": "15 Years",
        "country": "",
        "gender": "ALL"
      },
      "interventions": [
        "Diagnosis",
        "Dopa",
        "Fluorides",
        "Pet Animal",
        "Radiopharmaceutical Dosage Form"
      ],
      "outcomes": []
    }
  },
  {
    "nct_id": "NCT00556166",
    "conditions": [
      "Gastroparesis"
    ],
    "pico_attributes": {
      "populations": {
        "minimum_age": "18 Years",
        "maximum_age": "99 Years",
        "country": "United States",
        "gender": "ALL"
      },
      "interventions": [
        "Gastric (qualifier value)",
        "Stimulator",
        "Therapeutic procedure"
      ],
      "outcomes": [
        "Abdomen distended",
        "Abdominal Pain",
        "Bothered by Nausea",
        "Bothered by Vomiting",
        "Early satiety",
        "Number of Episodes"
      ]
    }
  },
  {
    "nct_id": "NCT00556179",
    "conditions": [
      "Bacterial Vaginosis"
    ],
    "pico_attributes": {
      "populations": {
        "minimum_age": "18 Years",
        "maximum_age": "50 Years",
        "country": "Brazil",
        "gender": "FEMALE"
      },
      "interventions": [
        "lactoserum"
      ],
      "outcomes": []
    }
  },
  {
    "nct_id": "NCT00556192",
    "conditions": [
      "Lupus Erythematosus, Systemic"
    ],
    "pico_attributes": {
      "populations": {
        "minimum_age": "18 Years",
        "maximum_age": "70 Years",
        "country": "China",
        "gender": "ALL"
      },
      "interventions": [
        "rituximab"
      ],
      "outcomes": []
    }
  },
  {
    "nct_id": "NCT00556205",
    "conditions": [
      "Conventional (Clear Cell) Renal Cell Carcinoma"
    ],
    "pico_attributes": {
      "populations": {
        "minimum_age": "18 Years",
        "maximum_age": "NA",
        "country": "United States",
        "gender": "ALL"
      },
      "interventions": [
        "bevacizumab",
        "sunitinib"
      ],
      "outcomes": []
    }
  },
  {
    "nct_id": "NCT00556218",
    "conditions": [
      "Breast Carcinoma"
    ],
    "pico_attributes": {
      "populations": {
        "minimum_age": "18 Years",
        "maximum_age": "NA",
        "country": "United States",
        "gender": "FEMALE"
      },
      "interventions": [
        "Meditation Therapy",
        "Program",
        "Standard Tibetan Language"
      ],
      "outcomes": []
    }
  },
  {
    "nct_id": "NCT00556231",
    "conditions": [
      "Congenital heart disease"
    ],
    "pico_attributes": {
      "populations": {
        "minimum_age": "6 Years",
        "maximum_age": "20 Years",
        "country": "United States",
        "gender": "ALL"
      },
      "interventions": [],
      "outcomes": []
    }
  },
  {
    "nct_id": "NCT00556244",
    "conditions": [
      "Active",
      "Fibrovascular",
      "Patients",
      "Proliferation",
      "Proliferative diabetic retinopathy"
    ],
    "pico_attributes": {
      "populations": {
        "minimum_age": "30 Years",
        "maximum_age": "80 Years",
        "country": "Taiwan",
        "gender": "ALL"
      },
      "interventions": [
        "Localized desquamation"
      ],
      "outcomes": []
    }
  },
  {
    "nct_id": "NCT00556257",
    "conditions": [
      "Kidney Transplantation"
    ],
    "pico_attributes": {
      "populations": {
        "minimum_age": "18 Years",
        "maximum_age": "70 Years",
        "country": "United States",
        "gender": "ALL"
      },
      "interventions": [
        "550",
        "Clipperton Island",
        "Cyclosporins"
      ],
      "outcomes": []
    }
  },
  {
    "nct_id": "NCT00556270",
    "conditions": [
      "Borg Category-Ratio 10 Perceived Exertion Score 5",
      "Chronic pain",
      "Neck Pain Score 6",
      "Severe Extremity Pain",
      "chronic"
    ],
    "pico_attributes": {
      "populations": {
        "minimum_age": "18 Years",
        "maximum_age": "NA",
        "country": "Germany",
        "gender": "ALL"
      },
      "interventions": [],
      "outcomes": []
    }
  },
  {
    "nct_id": "NCT00556283",
    "conditions": [
      "Anismus",
      "Gastric outlet obstruction",
      "Intussusception",
      "Rectocele"
    ],
    "pico_attributes": {
      "populations": {
        "minimum_age": "18 Years",
        "maximum_age": "NA",
        "country": "United Kingdom",
        "gender": "FEMALE"
      },
      "interventions": [
        "Biofeedback"
      ],
      "outcomes": []
    }
  },
  {
    "nct_id": "NCT00556296",
    "conditions": [
      "Attention deficit hyperactivity disorder"
    ],
    "pico_attributes": {
      "populations": {
        "minimum_age": "6 Years",
        "maximum_age": "12 Years",
        "country": "",
        "gender": "ALL"
      },
      "interventions": [
        "NRP104",
        "Placebo Control"
      ],
      "outcomes": []
    }
  },
  {
    "nct_id": "NCT00556309",
    "conditions": [
      "Cerebral Aneurysm"
    ],
    "pico_attributes": {
      "populations": {
        "minimum_age": "18 Years",
        "maximum_age": "NA",
        "country": "United States",
        "gender": "ALL"
      },
      "interventions": [
        "Tomography, Optical Coherence"
      ],
      "outcomes": []
    }
  },
  {
    "nct_id": "NCT00556322",
    "conditions": [
      "NCI CTEP SDC Non-Small Cell Lung Cancer Sub-Category Terminology"
    ],
    "pico_attributes": {
      "populations": {
        "minimum_age": "18 Years",
        "maximum_age": "NA",
        "country": "Venezuela",
        "gender": "ALL"
      },
      "interventions": [
        "Alimta",
        "Tarceva",
        "Taxotere",
        "erlotinib"
      ],
      "outcomes": [
        "Alive",
        "Amount type - Percentage",
        "Assessed",
        "CD44 wt Allele",
        "Cessation of life",
        "Cutoff",
        "Data",
        "Death Due to Disease Progression Not Associated with More Specific Term NOS, CTCAE",
        "Deterioration",
        "Disease Progression",
        "Duration",
        "EGFR Positive",
        "Early infantile epileptic encephalopathy with suppression bursts",
        "Empty (qualifier)",
        "FACT-L Questionnaire",
        "In addition to",
        "Negative",
        "Overall Survival",
        "Participant",
        "Perceived quality of life",
        "Population Group",
        "Probability",
        "Progression-Free Survival",
        "Remaining",
        "September",
        "Symptomatic",
        "Time",
        "Use of",
        "month",
        "per year"
      ]
    }
  },
  {
    "nct_id": "NCT00556335",
    "conditions": [
      "Pneumothorax"
    ],
    "pico_attributes": {
      "populations": {
        "minimum_age": "18 Years",
        "maximum_age": "85 Years",
        "country": "Netherlands",
        "gender": "ALL"
      },
      "interventions": [
        "Actual Aspiration",
        "Body Fluid Discharge",
        "Conventional",
        "Laboratory Sample Manual"
      ],
      "outcomes": []
    }
  },
  {
    "nct_id": "NCT00556348",
    "conditions": [
      "Age related macular degeneration"
    ],
    "pico_attributes": {
      "populations": {
        "minimum_age": "18 Years",
        "maximum_age": "80 Years",
        "country": "",
        "gender": "ALL"
      },
      "interventions": [
        "bevacizumab"
      ],
      "outcomes": []
    }
  },
  {
    "nct_id": "NCT00556361",
    "conditions": [
      "Ventricular Septal Defects"
    ],
    "pico_attributes": {
      "populations": {
        "minimum_age": "NA",
        "maximum_age": "1 Year",
        "country": "United States",
        "gender": "ALL"
      },
      "interventions": [
        "Saline Solution",
        "ketamine"
      ],
      "outcomes": []
    }
  },
  {
    "nct_id": "NCT00556374",
    "conditions": [
      "Breast Carcinoma"
    ],
    "pico_attributes": {
      "populations": {
        "minimum_age": "45 Years",
        "maximum_age": "100 Years",
        "country": "Sweden",
        "gender": "FEMALE"
      },
      "interventions": [
        "Non-Steroidal Aromatase Inhibitor",
        "Placebo Control",
        "Standard of Care",
        "Therapeutic procedure",
        "denosumab",
        "zoledronic acid"
      ],
      "outcomes": [
        "% of total",
        "36",
        "Before",
        "Bone structure of ischium",
        "CD44 wt Allele",
        "Choose (action)",
        "Clinical",
        "Count of entities",
        "First (number)",
        "Fracture of temporal bone",
        "Monthly (qualifier value)",
        "New",
        "Participant",
        "Patient Outcome - Worsening",
        "Percent Change From Baseline",
        "Site",
        "Spinal Fractures",
        "Structure of neck of femur"
      ]
    }
  },
  {
    "nct_id": "NCT00556387",
    "conditions": [
      "Traumatic Brain Injury"
    ],
    "pico_attributes": {
      "populations": {
        "minimum_age": "1 Month",
        "maximum_age": "16 Years",
        "country": "United States",
        "gender": "ALL"
      },
      "interventions": [
        "Saline Solution",
        "ketamine"
      ],
      "outcomes": []
    }
  },
  {
    "nct_id": "NCT00556400",
    "conditions": [
      "Amenorrhea",
      "Aplastic Anemia",
      "Menorrhagia"
    ],
    "pico_attributes": {
      "populations": {
        "minimum_age": "12 Years",
        "maximum_age": "55 Years",
        "country": "United States",
        "gender": "FEMALE"
      },
      "interventions": [
        "Carbohydrates",
        "Combined Oral Contraceptives",
        "Contraceptives, Oral",
        "Lo/Ovral",
        "Placebo Control"
      ],
      "outcomes": [
        "Daily",
        "Menstrual spotting",
        "Proportion",
        "Stop (Instruction Imperative)",
        "Uterine hemorrhage",
        "Vaginal Hemorrhage"
      ]
    }
  },
  {
    "nct_id": "NCT00556413",
    "conditions": [
      "Colorectal Cancer Pathway"
    ],
    "pico_attributes": {
      "populations": {
        "minimum_age": "18 Years",
        "maximum_age": "75 Years",
        "country": "France",
        "gender": "ALL"
      },
      "interventions": [
        "cetuximab",
        "fluorouracil",
        "irinotecan hydrochloride",
        "leucovorin calcium",
        "oxaliplatin"
      ],
      "outcomes": []
    }
  },
  {
    "nct_id": "NCT00556426",
    "conditions": [
      "Pulmonary Embolism",
      "Thromboembolism of vein"
    ],
    "pico_attributes": {
      "populations": {
        "minimum_age": "18 Years",
        "maximum_age": "NA",
        "country": "",
        "gender": "ALL"
      },
      "interventions": [
        "Breast Carcinoma Grade G2",
        "Device system",
        "Filter (function)",
        "Recovery - action"
      ],
      "outcomes": [
        "30 days",
        "Adverse Event Domain",
        "Amount type - Percentage",
        "Clinical",
        "Device Migration Problem",
        "Filter (function)",
        "Fracture",
        "In addition to",
        "Incidence",
        "Participant",
        "Post",
        "Retrieval - action",
        "Success",
        "Techniques"
      ]
    }
  },
  {
    "nct_id": "NCT00556439",
    "conditions": [
      "Giant Cell Arteritis",
      "Takayasu Arteritis"
    ],
    "pico_attributes": {
      "populations": {
        "minimum_age": "15 Years",
        "maximum_age": "NA",
        "country": "United States",
        "gender": "ALL"
      },
      "interventions": [
        "Placebo Control",
        "abatacept"
      ],
      "outcomes": []
    }
  },
  {
    "nct_id": "NCT00556452",
    "conditions": [
      "Adult Hodgkin Lymphoma",
      "Adult Myelodysplastic Syndrome",
      "Adult Non-Hodgkin Lymphoma",
      "Childhood Leukemia",
      "Multiple Myeloma"
    ],
    "pico_attributes": {
      "populations": {
        "minimum_age": "NA",
        "maximum_age": "70 Years",
        "country": "United States",
        "gender": "ALL"
      },
      "interventions": [
        "Blood stem cell transplant",
        "Total Lymphoid Irradiation",
        "busulfan",
        "clofarabine"
      ],
      "outcomes": [
        "Case (situation)",
        "Five",
        "Leukemia, Myelocytic, Acute",
        "One year",
        "Overall Survival",
        "Regimen - CHV concept",
        "Related personal status",
        "Survival Rate",
        "Toxic effect",
        "per year"
      ]
    }
  },
  {
    "nct_id": "NCT00556465",
    "conditions": [
      "Chronic Kidney Disease, CTCAE",
      "DIANPH gene",
      "Diabetes Mellitus, Non-Insulin-Dependent"
    ],
    "pico_attributes": {
      "populations": {
        "minimum_age": "30 Years",
        "maximum_age": "75 Years",
        "country": "Iran, Islamic Republic of",
        "gender": "ALL"
      },
      "interventions": [
        "acetylcysteine"
      ],
      "outcomes": []
    }
  },
  {
    "nct_id": "NCT00556478",
    "conditions": [
      "Premature Ejaculation"
    ],
    "pico_attributes": {
      "populations": {
        "minimum_age": "18 Years",
        "maximum_age": "NA",
        "country": "United States",
        "gender": "MALE"
      },
      "interventions": [
        "Contain (action)",
        "Mixture",
        "PSD 502",
        "Placebo Control",
        "lidocaine",
        "prilocaine"
      ],
      "outcomes": [
        "Human Study Subject",
        "Monthly (qualifier value)",
        "PTPN22 protein, human",
        "Partner",
        "Premature Ejaculation",
        "Profile (lab procedure)"
      ]
    }
  },
  {
    "nct_id": "NCT00556491",
    "conditions": [
      "Acute Kidney Insufficiency",
      "Kidney Failure",
      "acute"
    ],
    "pico_attributes": {
      "populations": {
        "minimum_age": "18 Years",
        "maximum_age": "90 Years",
        "country": "United States",
        "gender": "ALL"
      },
      "interventions": [
        "Placebo Control",
        "minocycline"
      ],
      "outcomes": [
        "48 Hours",
        "Acute kidney injury",
        "Biologic Development",
        "Cerebrovascular accident",
        "Day hospital",
        "Infection",
        "Postoperative Period",
        "Repeat Surgery"
      ]
    }
  },
  {
    "nct_id": "NCT00556504",
    "conditions": [
      "Hepatitis C, Chronic"
    ],
    "pico_attributes": {
      "populations": {
        "minimum_age": "20 Years",
        "maximum_age": "65 Years",
        "country": "Taiwan",
        "gender": "ALL"
      },
      "interventions": [
        "Acupuncture and Oriental Medicine",
        "Placebo Control",
        "peginterferon alfa-2a",
        "ribavirin"
      ],
      "outcomes": [
        "Antibiotic Lock Therapy",
        "Combined",
        "Disease Response",
        "Immune Cell",
        "Normalize",
        "Sustained",
        "Virologic Response"
      ]
    }
  },
  {
    "nct_id": "NCT00556517",
    "conditions": [
      "Microbiology subtype strains"
    ],
    "pico_attributes": {
      "populations": {
        "minimum_age": "18 Years",
        "maximum_age": "NA",
        "country": "",
        "gender": "MALE"
      },
      "interventions": [],
      "outcomes": []
    }
  },
  {
    "nct_id": "NCT00556530",
    "conditions": [
      "DiGeorge Syndrome"
    ],
    "pico_attributes": {
      "populations": {
        "minimum_age": "NA",
        "maximum_age": "NA",
        "country": "United States",
        "gender": "ALL"
      },
      "interventions": [],
      "outcomes": []
    }
  },
  {
    "nct_id": "NCT00556543",
    "conditions": [
      "Flail Chest",
      "Rib Fractures"
    ],
    "pico_attributes": {
      "populations": {
        "minimum_age": "18 Years",
        "maximum_age": "NA",
        "country": "United States",
        "gender": "ALL"
      },
      "interventions": [
        "Device system",
        "Fracture Fixation, Internal",
        "Repair",
        "Unit"
      ],
      "outcomes": [
        "36",
        "Clinical Item",
        "Emotional",
        "Emotional Well-being",
        "Experimental Result",
        "General Health:Find:Pt:^Patient:Ord",
        "Generic Role",
        "Health Surveys",
        "Intellectual scale",
        "Limitation",
        "PedsQL-4 Physical Functioning Scale",
        "PedsQL-4 Social Functioning Scale",
        "Physical",
        "Plating system",
        "RAND-36 - Bodily Pain",
        "Rand",
        "Relative to",
        "Repair",
        "Vitality",
        "post {event}"
      ]
    }
  },
  {
    "nct_id": "NCT00556569",
    "conditions": [
      "BODY MASS INDEX QUANTITATIVE TRAIT LOCUS 20",
      "Exercise"
    ],
    "pico_attributes": {
      "populations": {
        "minimum_age": "5 Years",
        "maximum_age": "10 Years",
        "country": "United States",
        "gender": "ALL"
      },
      "interventions": [
        "F11R gene"
      ],
      "outcomes": []
    }
  },
  {
    "nct_id": "NCT00556595",
    "conditions": [
      "Paroxysmal Atrial Fibrillation by ECG Finding"
    ],
    "pico_attributes": {
      "populations": {
        "minimum_age": "18 Years",
        "maximum_age": "80 Years",
        "country": "",
        "gender": "ALL"
      },
      "interventions": [
        "Approach",
        "Electrophysiology (science)",
        "Primary",
        "anatomic"
      ],
      "outcomes": []
    }
  },
  {
    "nct_id": "NCT00556608",
    "conditions": [
      "Degenerative polyarthritis",
      "Knee"
    ],
    "pico_attributes": {
      "populations": {
        "minimum_age": "40 Years",
        "maximum_age": "80 Years",
        "country": "Switzerland",
        "gender": "ALL"
      },
      "interventions": [
        "Contain (action)",
        "Pharmaceutical Solutions",
        "Synvisc",
        "Syringe (unit of presentation)",
        "hylan G-F 20",
        "sodium hyaluronate"
      ],
      "outcomes": []
    }
  },
  {
    "nct_id": "NCT00556621",
    "conditions": [
      "Bladder Cancer Pathway"
    ],
    "pico_attributes": {
      "populations": {
        "minimum_age": "18 Years",
        "maximum_age": "NA",
        "country": "France",
        "gender": "ALL"
      },
      "interventions": [
        "Biopsy",
        "Cystoscopy",
        "Therapeutic Conventional Surgery",
        "Therapeutic radiology procedure",
        "cisplatin",
        "gemcitabine hydrochloride"
      ],
      "outcomes": []
    }
  },
  {
    "nct_id": "NCT00556634",
    "conditions": [
      "HIV Infections",
      "Human immunodeficiency virus I infection"
    ],
    "pico_attributes": {
      "populations": {
        "minimum_age": "18 Years",
        "maximum_age": "NA",
        "country": "Spain",
        "gender": "ALL"
      },
      "interventions": [
        "efavirenz"
      ],
      "outcomes": []
    }
  },
  {
    "nct_id": "NCT00556647",
    "conditions": [
      "Carcinoma of lung"
    ],
    "pico_attributes": {
      "populations": {
        "minimum_age": "18 Years",
        "maximum_age": "85 Years",
        "country": "Netherlands",
        "gender": "ALL"
      },
      "interventions": [
        "Conventional",
        "Diagnosis",
        "Fasting",
        "Track (course)"
      ],
      "outcomes": []
    }
  },
  {
    "nct_id": "NCT00556660",
    "conditions": [
      "Alzheimer's Disease"
    ],
    "pico_attributes": {
      "populations": {
        "minimum_age": "50 Years",
        "maximum_age": "NA",
        "country": "United States",
        "gender": "ALL"
      },
      "interventions": [
        "AV genotype",
        "iodide ion I-123"
      ],
      "outcomes": []
    }
  },
  {
    "nct_id": "NCT00556673",
    "conditions": [
      "Asthma"
    ],
    "pico_attributes": {
      "populations": {
        "minimum_age": "18 Years",
        "maximum_age": "75 Years",
        "country": "Switzerland",
        "gender": "ALL"
      },
      "interventions": [
        "Placebo Control",
        "fluticasone / salmeterol",
        "indacaterol maleate",
        "mometasone furoate"
      ],
      "outcomes": [
        "/12h",
        "0%",
        "0.12",
        "0.24",
        "1 (finding)",
        "24 Hours",
        "Able to Concentrate Question",
        "Act Relationship Subset - maximum",
        "Area Under Curve",
        "BaseLine dental cement",
        "CD44 wt Allele",
        "Change -- procedure",
        "Cmax",
        "FEV1, CTCAE",
        "Forced expiratory volume function",
        "Forced expired volume in one second/forced vital capacity ratio",
        "From",
        "Hour",
        "Peak level",
        "Period (temporal qualifier)",
        "Plasma",
        "Post-dose",
        "Precision - second",
        "Time",
        "Trough",
        "indacaterol",
        "mometasone furoate",
        "plasma concentration"
      ]
    }
  },
  {
    "nct_id": "NCT00556686",
    "conditions": [
      "Aphthous Stomatitis"
    ],
    "pico_attributes": {
      "populations": {
        "minimum_age": "18 Years",
        "maximum_age": "NA",
        "country": "United States",
        "gender": "ALL"
      },
      "interventions": [],
      "outcomes": []
    }
  },
  {
    "nct_id": "NCT00556699",
    "conditions": [
      "Lymphoma, Non-Hodgkin"
    ],
    "pico_attributes": {
      "populations": {
        "minimum_age": "18 Years",
        "maximum_age": "NA",
        "country": "United States",
        "gender": "ALL"
      },
      "interventions": [
        "SGN-40",
        "rituximab"
      ],
      "outcomes": []
    }
  },
  {
    "nct_id": "NCT00556712",
    "conditions": [
      "NCI CTEP SDC Non-Small Cell Lung Cancer Sub-Category Terminology"
    ],
    "pico_attributes": {
      "populations": {
        "minimum_age": "18 Years",
        "maximum_age": "NA",
        "country": "Venezuela",
        "gender": "ALL"
      },
      "interventions": [
        "Placebo Control",
        "Tarceva",
        "erlotinib"
      ],
      "outcomes": [
        "% index",
        "Administration procedure",
        "Alive",
        "Amount type - Percentage",
        "Analysis",
        "Assessed",
        "Blang Chinese",
        "CALB2 protein, human",
        "CD44 wt Allele",
        "Cessation of life",
        "Change -- procedure",
        "Clinical Trials",
        "Cutoff",
        "Data",
        "Deterioration",
        "Disease Progression",
        "Disease Response",
        "EGFR Negative",
        "EGFR Positive",
        "Early infantile epileptic encephalopathy with suppression bursts",
        "Empty (qualifier)",
        "End",
        "FACT-L Questionnaire",
        "GDC Primary Diagnosis Terminology",
        "GDC Progression or Recurrence Terminology",
        "GDC Treatment Outcome Terminology",
        "Global Stable Disease",
        "Greater",
        "Immunohistochemistry",
        "In addition to",
        "January",
        "Maintaining (action)",
        "Month of May",
        "Oroqen Chinese",
        "Participant",
        "Perceived quality of life",
        "Population Group",
        "Probability",
        "Progression-Free Survival",
        "Remaining",
        "Response Evaluation Criteria in Solid Tumors",
        "Result",
        "Score",
        "Symptom:Find:Pt:^Patient:Nom",
        "Time",
        "Use of",
        "ZFP36 protein, human",
        "month",
        "per year",
        "week"
      ]
    }
  },
  {
    "nct_id": "NCT00556738",
    "conditions": [
      "Infant, Newborn",
      "Respiratory Distress Syndrome"
    ],
    "pico_attributes": {
      "populations": {
        "minimum_age": "NA",
        "maximum_age": "NA",
        "country": "France",
        "gender": "ALL"
      },
      "interventions": [
        "Dental Percussion Procedure",
        "Environmental air flow",
        "Intrapulmonary",
        "Nasal Continuous Positive Airway Pressure"
      ],
      "outcomes": []
    }
  },
  {
    "nct_id": "NCT00556751",
    "conditions": [
      "Cardiovascular Diseases"
    ],
    "pico_attributes": {
      "populations": {
        "minimum_age": "18 Years",
        "maximum_age": "NA",
        "country": "United States",
        "gender": "ALL"
      },
      "interventions": [],
      "outcomes": []
    }
  },
  {
    "nct_id": "NCT00556764",
    "conditions": [
      "Parkinson Disease"
    ],
    "pico_attributes": {
      "populations": {
        "minimum_age": "30 Years",
        "maximum_age": "NA",
        "country": "United States",
        "gender": "ALL"
      },
      "interventions": [
        "Diagnostic Imaging",
        "Human Study Subject",
        "Patient Visit",
        "Tomography, Emission-Computed, Single-Photon",
        "iodide ion I-123"
      ],
      "outcomes": []
    }
  },
  {
    "nct_id": "NCT00556777",
    "conditions": [
      "Breast Carcinoma"
    ],
    "pico_attributes": {
      "populations": {
        "minimum_age": "65 Years",
        "maximum_age": "NA",
        "country": "France",
        "gender": "FEMALE"
      },
      "interventions": [
        "Conventional Surgery",
        "Excision of axillary lymph nodes group",
        "Intraoperative Radiation Therapy",
        "Sentinel Lymph Node Biopsy"
      ],
      "outcomes": []
    }
  },
  {
    "nct_id": "NCT00556790",
    "conditions": [
      "Elective Surgical Procedures",
      "Median (qualifier value)"
    ],
    "pico_attributes": {
      "populations": {
        "minimum_age": "18 Years",
        "maximum_age": "85 Years",
        "country": "Switzerland",
        "gender": "ALL"
      },
      "interventions": [
        "Fasting",
        "Standard (document)",
        "Track (course)",
        "care activity"
      ],
      "outcomes": []
    }
  },
  {
    "nct_id": "NCT00556803",
    "conditions": [
      "Adult Liver Carcinoma",
      "Liver carcinoma"
    ],
    "pico_attributes": {
      "populations": {
        "minimum_age": "18 Years",
        "maximum_age": "75 Years",
        "country": "China",
        "gender": "ALL"
      },
      "interventions": [
        "ADAM17 gene",
        "Radiofrequency Ablation"
      ],
      "outcomes": []
    }
  },
  {
    "nct_id": "NCT00556816",
    "conditions": [
      "Chronic Obstructive Airway Disease"
    ],
    "pico_attributes": {
      "populations": {
        "minimum_age": "40 Years",
        "maximum_age": "NA",
        "country": "Netherlands",
        "gender": "ALL"
      },
      "interventions": [
        "Control function",
        "Demand (clinical)",
        "On (qualifier value)"
      ],
      "outcomes": []
    }
  },
  {
    "nct_id": "NCT00556842",
    "conditions": [
      "Femoral Neck Fractures",
      "Hip Fractures"
    ],
    "pico_attributes": {
      "populations": {
        "minimum_age": "50 Years",
        "maximum_age": "NA",
        "country": "United States",
        "gender": "ALL"
      },
      "interventions": [
        "Hemiarthroplasty",
        "Total Hip Replacement (procedure)"
      ],
      "outcomes": [
        "5D",
        "Aspects of mortality statistics",
        "Bone structure of ischium",
        "Communicable Diseases",
        "Complication",
        "Count of entities",
        "Deep Vein Thrombosis",
        "Dislocations",
        "Equal",
        "Feel Pain",
        "Femoral Fractures",
        "Function (attribute)",
        "Health-Related Quality Of Life",
        "Including (qualifier)",
        "Mobility Ability",
        "Participant",
        "Problems - What subject filter",
        "Prosthesis Loosening",
        "Repeat Surgery",
        "SF-12"
      ]
    }
  },
  {
    "nct_id": "NCT00556855",
    "conditions": [
      "Chronic hand eczema"
    ],
    "pico_attributes": {
      "populations": {
        "minimum_age": "20 Years",
        "maximum_age": "NA",
        "country": "Taiwan",
        "gender": "ALL"
      },
      "interventions": [
        "Placebo Control"
      ],
      "outcomes": []
    }
  },
  {
    "nct_id": "NCT00556868",
    "conditions": [
      "Fasting"
    ],
    "pico_attributes": {
      "populations": {
        "minimum_age": "13 Years",
        "maximum_age": "20 Years",
        "country": "Germany",
        "gender": "ALL"
      },
      "interventions": [
        "Breakfast"
      ],
      "outcomes": []
    }
  },
  {
    "nct_id": "NCT00556894",
    "conditions": [
      "Rheumatoid Arthritis"
    ],
    "pico_attributes": {
      "populations": {
        "minimum_age": "18 Years",
        "maximum_age": "75 Years",
        "country": "Ukraine",
        "gender": "ALL"
      },
      "interventions": [
        "CF101",
        "Placebo Control"
      ],
      "outcomes": [
        "20/50",
        "20/70",
        "50%",
        "70%",
        "ACR gene",
        "AT genotype",
        "BaseLine dental cement",
        "Carrying",
        "Change -- procedure",
        "Clinical Observation",
        "DAS - Disease Activity Score",
        "Effectiveness",
        "Evaluable Disease",
        "Last",
        "Observation parameter",
        "Patient Visit",
        "Population Group",
        "Weekly"
      ]
    }
  },
  {
    "nct_id": "NCT00556907",
    "conditions": [
      "Breast Carcinoma"
    ],
    "pico_attributes": {
      "populations": {
        "minimum_age": "40 Years",
        "maximum_age": "NA",
        "country": "United States",
        "gender": "FEMALE"
      },
      "interventions": [
        "Intraoperative Radiation Therapy"
      ],
      "outcomes": []
    }
  },
  {
    "nct_id": "NCT00556920",
    "conditions": [
      "Hypertension, CTCAE"
    ],
    "pico_attributes": {
      "populations": {
        "minimum_age": "18 Years",
        "maximum_age": "55 Years",
        "country": "United States",
        "gender": "ALL"
      },
      "interventions": [
        "Coreg CR"
      ],
      "outcomes": []
    }
  },
  {
    "nct_id": "NCT00556933",
    "conditions": [
      "Chronic kidney disease stage 5"
    ],
    "pico_attributes": {
      "populations": {
        "minimum_age": "18 Years",
        "maximum_age": "65 Years",
        "country": "United States",
        "gender": "ALL"
      },
      "interventions": [
        "Dosage",
        "Singular",
        "mycophenolate mofetil",
        "rabbit anti-human T-lymphocyte globulin",
        "sirolimus",
        "tacrolimus"
      ],
      "outcomes": [
        "Absolute",
        "Acute Rejection",
        "Additional",
        "Adrenal Cortex Hormones",
        "Antimetabolites",
        "Average",
        "BK Virus",
        "Biopsy",
        "CD3 Expressing Cell Count",
        "CD4/CD8 ratio observation finding",
        "Calcineurin Nephrotoxicity",
        "Chronic rejection of renal transplant",
        "Content Type Requirement",
        "Continuance of life",
        "Count of entities",
        "Cumulative",
        "Decreased Immunologic Activity [PE]",
        "Diabetes",
        "Disease",
        "Glucose in blood specimen above reference range",
        "Grade",
        "Graft Survival",
        "Immunosuppressive Agents",
        "Inferior",
        "Kidney Diseases",
        "Kidney biopsy",
        "Lymphoid Cell Count",
        "Lymphoid Cells",
        "Medical Surveillance",
        "New Onset Diabetes After Transplant",
        "Patients",
        "Polyomavirus",
        "Profile (lab procedure)",
        "Renal function",
        "Safety",
        "Transplant",
        "Transplantation",
        "criteria",
        "new onset",
        "per protocol"
      ]
    }
  },
  {
    "nct_id": "NCT00556946",
    "conditions": [
      "Port-Wine Stain"
    ],
    "pico_attributes": {
      "populations": {
        "minimum_age": "18 Years",
        "maximum_age": "NA",
        "country": "United States",
        "gender": "ALL"
      },
      "interventions": [
        "Combined Modality Therapy",
        "Pulsed Dye Lasers"
      ],
      "outcomes": [
        "Birthmark",
        "Blanching",
        "Port-Wine Stain",
        "Stains",
        "Strawberry nevus of skin"
      ]
    }
  },
  {
    "nct_id": "NCT00556959",
    "conditions": [
      "Attention deficit hyperactivity disorder"
    ],
    "pico_attributes": {
      "populations": {
        "minimum_age": "6 Years",
        "maximum_age": "17 Years",
        "country": "United States",
        "gender": "ALL"
      },
      "interventions": [
        "High dose",
        "Low dose",
        "Placebo Control",
        "Sustained Release Dosage Form",
        "clonidine hydrochloride"
      ],
      "outcomes": []
    }
  },
  {
    "nct_id": "NCT00556972",
    "conditions": [
      "Fecal Incontinence"
    ],
    "pico_attributes": {
      "populations": {
        "minimum_age": "18 Years",
        "maximum_age": "NA",
        "country": "United States",
        "gender": "ALL"
      },
      "interventions": [
        "Administration occupational activities",
        "Device system",
        "Fecal Incontinence"
      ],
      "outcomes": [
        "0.2",
        "Along edge (qualifier value)",
        "Anus",
        "Apply",
        "BARRIER",
        "Devices",
        "From",
        "Inch Unit of Length",
        "Primary Outcome Measure",
        "Qualitative form",
        "Removed",
        "Satisfactory - Patient Condition Code",
        "Skin assessment",
        "Time",
        "size"
      ]
    }
  },
  {
    "nct_id": "NCT00556998",
    "conditions": [
      "Drug Kinetics"
    ],
    "pico_attributes": {
      "populations": {
        "minimum_age": "12 Years",
        "maximum_age": "17 Years",
        "country": "United States",
        "gender": "ALL"
      },
      "interventions": [
        "voriconazole"
      ],
      "outcomes": [
        "300",
        "ActRelationshipSubset - minimum",
        "Administration occupational activities",
        "Administration, Oral",
        "Adolescent (age group)",
        "Adult",
        "Area Under Curve",
        "BLOOD GROUP, Ss",
        "Cmax",
        "Cmin",
        "Comparison",
        "Data",
        "Data Type Interval",
        "Day 7",
        "Dosage",
        "During",
        "Following",
        "Historical - DataType",
        "Human Study Subject",
        "IV number:ID:Pt:^Patient:Nom",
        "Loading dose",
        "Metabolite",
        "Milligram per Dose",
        "Observed",
        "Oral",
        "Oral History",
        "Participant",
        "Peak level",
        "Pharmacokinetic Parameters Domain",
        "Plasma",
        "Steady-State",
        "Trough",
        "Trough Concentration",
        "Voriconazole N-oxide",
        "plasma concentration",
        "voriconazole"
      ]
    }
  },
  {
    "nct_id": "NCT00557011",
    "conditions": [
      "Attention deficit hyperactivity disorder"
    ],
    "pico_attributes": {
      "populations": {
        "minimum_age": "6 Years",
        "maximum_age": "12 Years",
        "country": "",
        "gender": "ALL"
      },
      "interventions": [
        "Adderall-XR",
        "NRP104",
        "Placebo Control"
      ],
      "outcomes": []
    }
  },
  {
    "nct_id": "NCT00557024",
    "conditions": [
      "Adult Liver Carcinoma",
      "Liver carcinoma"
    ],
    "pico_attributes": {
      "populations": {
        "minimum_age": "18 Years",
        "maximum_age": "75 Years",
        "country": "China",
        "gender": "ALL"
      },
      "interventions": [
        "Radiation Oncology specialty",
        "Radiofrequency Ablation"
      ],
      "outcomes": []
    }
  },
  {
    "nct_id": "NCT00557037",
    "conditions": [
      "Malignant neoplasm of prostate"
    ],
    "pico_attributes": {
      "populations": {
        "minimum_age": "18 Years",
        "maximum_age": "NA",
        "country": "United States",
        "gender": "MALE"
      },
      "interventions": [
        "phenoxodiol"
      ],
      "outcomes": []
    }
  },
  {
    "nct_id": "NCT00557050",
    "conditions": [
      "Microbiology subtype strains"
    ],
    "pico_attributes": {
      "populations": {
        "minimum_age": "18 Years",
        "maximum_age": "NA",
        "country": "",
        "gender": "MALE"
      },
      "interventions": [
        "Training"
      ],
      "outcomes": []
    }
  },
  {
    "nct_id": "NCT00557076",
    "conditions": [
      "Apraxia, oculomotor, Cogan type",
      "Minimally Conscious State",
      "Traumatic Brain Injury",
      "Vegetative State"
    ],
    "pico_attributes": {
      "populations": {
        "minimum_age": "18 Years",
        "maximum_age": "NA",
        "country": "United States",
        "gender": "ALL"
      },
      "interventions": [
        "Auditory",
        "Hearing problem",
        "Known",
        "NOAC protocol",
        "Sensory (qualifier value)",
        "Sensory Disorders",
        "Training"
      ],
      "outcomes": [
        "Apraxia, oculomotor, Cogan type",
        "Change -- procedure",
        "Consciousness Disorders",
        "Intellectual scale",
        "Measurement",
        "Neurobehavioral",
        "naringenin-chalcone synthase activity"
      ]
    }
  },
  {
    "nct_id": "NCT00557089",
    "conditions": [
      "Cystic Fibrosis"
    ],
    "pico_attributes": {
      "populations": {
        "minimum_age": "6 Years",
        "maximum_age": "18 Years",
        "country": "Canada",
        "gender": "ALL"
      },
      "interventions": [
        "Placebo Control",
        "dornase alfa"
      ],
      "outcomes": []
    }
  },
  {
    "nct_id": "NCT00557102",
    "conditions": [
      "Colorectal Cancer Pathway",
      "Disseminated Malignant Neoplasm"
    ],
    "pico_attributes": {
      "populations": {
        "minimum_age": "18 Years",
        "maximum_age": "NA",
        "country": "France",
        "gender": "ALL"
      },
      "interventions": [
        "CSF3 gene",
        "cetuximab",
        "fluorouracil",
        "irinotecan hydrochloride",
        "leucovorin calcium"
      ],
      "outcomes": []
    }
  },
  {
    "nct_id": "NCT00557115",
    "conditions": [
      "ARCN1 gene"
    ],
    "pico_attributes": {
      "populations": {
        "minimum_age": "40 Years",
        "maximum_age": "90 Years",
        "country": "United Kingdom",
        "gender": "ALL"
      },
      "interventions": [],
      "outcomes": []
    }
  },
  {
    "nct_id": "NCT00557128",
    "conditions": [
      "Hypertension, CTCAE"
    ],
    "pico_attributes": {
      "populations": {
        "minimum_age": "18 Years",
        "maximum_age": "55 Years",
        "country": "United States",
        "gender": "ALL"
      },
      "interventions": [
        "CMD1B gene",
        "Coreg CR",
        "lisinopril"
      ],
      "outcomes": []
    }
  },
  {
    "nct_id": "NCT00557141",
    "conditions": [
      "Asthma"
    ],
    "pico_attributes": {
      "populations": {
        "minimum_age": "18 Years",
        "maximum_age": "NA",
        "country": "Germany",
        "gender": "ALL"
      },
      "interventions": [],
      "outcomes": []
    }
  },
  {
    "nct_id": "NCT00557154",
    "conditions": [
      "Catheterization",
      "Peripheral"
    ],
    "pico_attributes": {
      "populations": {
        "minimum_age": "NA",
        "maximum_age": "7 Years",
        "country": "United States",
        "gender": "ALL"
      },
      "interventions": [
        "Specimen Collection Method - Venipuncture",
        "Standard (document)",
        "Techniques",
        "Ultrasonic"
      ],
      "outcomes": []
    }
  },
  {
    "nct_id": "NCT00557180",
    "conditions": [
      "Asthma",
      "BODY MASS INDEX QUANTITATIVE TRAIT LOCUS 20"
    ],
    "pico_attributes": {
      "populations": {
        "minimum_age": "18 Years",
        "maximum_age": "NA",
        "country": "United States",
        "gender": "ALL"
      },
      "interventions": [
        "Facial Hemiatrophy",
        "beclomethasone dipropionate",
        "salmeterol xinafoate",
        "tiotropium bromide"
      ],
      "outcomes": []
    }
  },
  {
    "nct_id": "NCT00557193",
    "conditions": [
      "Acute Undifferentiated Leukemia",
      "Acute lymphocytic leukemia",
      "Childhood T Acute Lymphoblastic Leukemia"
    ],
    "pico_attributes": {
      "populations": {
        "minimum_age": "NA",
        "maximum_age": "1 Year",
        "country": "United States",
        "gender": "ALL"
      },
      "interventions": [
        "ASPG gene",
        "Biospecimen Collection",
        "Bone marrow biopsy",
        "CSF3 gene",
        "Echocardiography",
        "Gated Blood-Pool Imaging",
        "Laboratory Biomarker Analysis",
        "Pharmacological Study",
        "cyclophosphamide",
        "cytarabine",
        "daunorubicin hydrochloride",
        "dexamethasone",
        "etoposide",
        "hydrocortisone",
        "lestaurtinib",
        "leucovorin calcium",
        "mercaptopurine",
        "methotrexate",
        "methylprednisolone",
        "pegaspargase",
        "prednisone",
        "vincristine sulfate"
      ],
      "outcomes": [
        "Acquired (qualifier value)",
        "Albumins",
        "Antimicrobial susceptibility",
        "CD44 wt Allele",
        "Cisplatin/Doxorubicin/Ifosfamide protocol",
        "Combination Chemotherapy",
        "Continuance of life",
        "Diagnostic specimens",
        "Entity Name Part Type - given",
        "Expression (foundation metadata concept)",
        "FLT3 protein, human",
        "GDC Treatment Outcome Terminology",
        "Gene Expression",
        "Identification (Psychology)",
        "In Vitro Route of Administration",
        "Infant",
        "Infant Leukemia",
        "Leukemic Blast Count",
        "Levels (qualifier value)",
        "Mechanism (attribute)",
        "Molecular",
        "ORM1 wt Allele",
        "Patterns",
        "Pharmacodynamics",
        "Pharmacokinetic study",
        "Primary",
        "Resistance",
        "Result",
        "Staphylococcal Protein A",
        "Values",
        "lestaurtinib"
      ]
    }
  },
  {
    "nct_id": "NCT00557206",
    "conditions": [
      "Head and Neck Neoplasms",
      "Neoplasms"
    ],
    "pico_attributes": {
      "populations": {
        "minimum_age": "18 Years",
        "maximum_age": "NA",
        "country": "United States",
        "gender": "ALL"
      },
      "interventions": [
        "docetaxel",
        "oxaliplatin"
      ],
      "outcomes": []
    }
  },
  {
    "nct_id": "NCT00557219",
    "conditions": [
      "Kidney Failure, Acute"
    ],
    "pico_attributes": {
      "populations": {
        "minimum_age": "18 Years",
        "maximum_age": "NA",
        "country": "Poland",
        "gender": "ALL"
      },
      "interventions": [
        "Corlopam",
        "Placebo Control",
        "Sufrexal",
        "fenoldopam",
        "ketanserin"
      ],
      "outcomes": []
    }
  },
  {
    "nct_id": "NCT00557232",
    "conditions": [
      "Glaucoma",
      "Rubeosis iridis"
    ],
    "pico_attributes": {
      "populations": {
        "minimum_age": "18 Years",
        "maximum_age": "65 Years",
        "country": "",
        "gender": "ALL"
      },
      "interventions": [
        "bevacizumab"
      ],
      "outcomes": []
    }
  },
  {
    "nct_id": "NCT00557245",
    "conditions": [
      "HIV Infections",
      "Human immunodeficiency virus I infection"
    ],
    "pico_attributes": {
      "populations": {
        "minimum_age": "18 Years",
        "maximum_age": "65 Years",
        "country": "Uganda",
        "gender": "ALL"
      },
      "interventions": [
        "Emtricitabine/ Tenofovir Disoproxil Fumarate",
        "Placebo Control"
      ],
      "outcomes": [
        "Adherence (attribute)",
        "Childbirth",
        "Clinical Study Follow-up",
        "Congenital Abnormality",
        "Count of entities",
        "Cumulative Dose",
        "Dispense (Activity)",
        "Dosage",
        "Drug Evaluation",
        "Drug dose",
        "Female Phenotype",
        "Follicular thyroid carcinoma",
        "HIV Seroconversion",
        "HIV-1",
        "Head circumference",
        "In addition to",
        "Incidence",
        "Infant",
        "Infant length",
        "Missed Dose",
        "Mutation",
        "Participant",
        "Patient Self-Report",
        "Prevalence aspects",
        "Resistant (qualifier value)",
        "Room of building - Study",
        "SRY gene",
        "Take",
        "Taken",
        "Total Number",
        "Unsafe Sex",
        "study.total"
      ]
    }
  },
  {
    "nct_id": "NCT00557258",
    "conditions": [
      "Restless Legs Syndrome"
    ],
    "pico_attributes": {
      "populations": {
        "minimum_age": "18 Years",
        "maximum_age": "NA",
        "country": "Germany",
        "gender": "ALL"
      },
      "interventions": [],
      "outcomes": []
    }
  },
  {
    "nct_id": "NCT00557284",
    "conditions": [
      "Dermatitis, Atopic"
    ],
    "pico_attributes": {
      "populations": {
        "minimum_age": "1 Year",
        "maximum_age": "8 Years",
        "country": "United States",
        "gender": "ALL"
      },
      "interventions": [
        "Placebo Control",
        "montelukast"
      ],
      "outcomes": [
        "10%",
        "Adult human body",
        "Alzheimer disease, familial, type 3",
        "Amount type - Percentage",
        "Biological Markers",
        "Caregiver",
        "Change -- procedure",
        "Control function",
        "Flare-up",
        "GSR gene",
        "Gastrointestinal symptom",
        "Hydrocortisone Topical Cream",
        "Inflammatory",
        "Involvement with",
        "Levels (qualifier value)",
        "Perception",
        "Perceptual Disorders",
        "Population Mean",
        "Pruritus",
        "Serum",
        "Weekly",
        "cetirizine",
        "disorder control (procedure)",
        "medication use",
        "rating scale",
        "urinary levels"
      ]
    }
  },
  {
    "nct_id": "NCT00557297",
    "conditions": [
      "Asthma"
    ],
    "pico_attributes": {
      "populations": {
        "minimum_age": "18 Years",
        "maximum_age": "NA",
        "country": "Latvia",
        "gender": "ALL"
      },
      "interventions": [],
      "outcomes": []
    }
  },
  {
    "nct_id": "NCT00557310",
    "conditions": [
      "Osteoporosis",
      "Postmenopausal state"
    ],
    "pico_attributes": {
      "populations": {
        "minimum_age": "45 Years",
        "maximum_age": "85 Years",
        "country": "United States",
        "gender": "FEMALE"
      },
      "interventions": [
        "teriparatide"
      ],
      "outcomes": [
        "% of total",
        "Area",
        "Bone spine",
        "Bone structure of distal radius",
        "Bone structure of ischium",
        "Bone structure of lumbar vertebra",
        "C-telopeptide",
        "CD44 wt Allele",
        "Cross-linking",
        "End Point",
        "Estimated",
        "Hip Bone",
        "Lumbar Region",
        "Monthly (qualifier value)",
        "Percent Change From Baseline",
        "Pharmaceutical Strength",
        "Response process",
        "Serum",
        "Skeletal bone",
        "Structure of neck of femur",
        "collagen type I",
        "procollagen Type I N-terminal peptide",
        "ultra"
      ]
    }
  },
  {
    "nct_id": "NCT00557323",
    "conditions": [
      "Hyperphosphatemia (disorder)"
    ],
    "pico_attributes": {
      "populations": {
        "minimum_age": "NA",
        "maximum_age": "NA",
        "country": "United States",
        "gender": "ALL"
      },
      "interventions": [
        "lanthanum carbonate"
      ],
      "outcomes": [
        "Cessation of life",
        "Count of entities",
        "Number of Events",
        "Related personal status",
        "Room of building - Study",
        "Scanning Auger Spectrometer (device)",
        "Skeletal bone",
        "emergent"
      ]
    }
  },
  {
    "nct_id": "NCT00557336",
    "conditions": [
      "Fetal Growth",
      "Fetal problem",
      "Growth",
      "Problem",
      "Small for gestational age (disorder)"
    ],
    "pico_attributes": {
      "populations": {
        "minimum_age": "2 Years",
        "maximum_age": "14 Years",
        "country": "Spain",
        "gender": "ALL"
      },
      "interventions": [
        "Human Growth Hormone"
      ],
      "outcomes": []
    }
  },
  {
    "nct_id": "NCT00557349",
    "conditions": [
      "Marginal ulcer"
    ],
    "pico_attributes": {
      "populations": {
        "minimum_age": "18 Years",
        "maximum_age": "NA",
        "country": "United States",
        "gender": "ALL"
      },
      "interventions": [
        "famotidine",
        "omeprazole"
      ],
      "outcomes": [
        "Bothered by Vomiting",
        "Chief complaint (finding)",
        "Count of entities",
        "Deglutition Disorders",
        "Due to",
        "Dyspepsia",
        "Endoscopy of stomach",
        "Feel Pain",
        "Indicated",
        "Participant"
      ]
    }
  },
  {
    "nct_id": "NCT00557362",
    "conditions": [
      "Fungal keratitis"
    ],
    "pico_attributes": {
      "populations": {
        "minimum_age": "16 Years",
        "maximum_age": "NA",
        "country": "India",
        "gender": "ALL"
      },
      "interventions": [
        "Cornea",
        "Deang Chinese",
        "Epithelial metaplasia",
        "natamycin",
        "voriconazole"
      ],
      "outcomes": [
        "Administration Method - Infiltrate",
        "Analysis",
        "Aspergillus",
        "Best corrected visual acuity",
        "CD44 wt Allele",
        "Cicatrix",
        "Contact Lenses",
        "Contact with",
        "Corrected visual acuity",
        "Developmental regression",
        "Digital Model Attachment",
        "Enrollment",
        "Examined",
        "Eyeglasses",
        "Fungal",
        "Fusarium",
        "Genus Lens",
        "HM13 gene",
        "Hardness",
        "Linear",
        "Linear Models",
        "Linear Regression",
        "Numerous",
        "Protocol Treatment Arm",
        "Subgroup A Nepoviruses",
        "Subset Analysis",
        "Ulcer",
        "Use of",
        "month",
        "multiple regression",
        "natamycin",
        "post treatment",
        "size",
        "voriconazole"
      ]
    }
  }
]