[
  {
    "nct_id": "NCT00352612",
    "conditions": [
      "Abscess",
      "Folliculitis",
      "Staphylococcal Infections",
      "Staphylococcal Skin Infections"
    ],
    "pico_attributes": {
      "populations": {
        "minimum_age": "6 Months",
        "maximum_age": "18 Years",
        "country": "United States",
        "gender": "ALL"
      },
      "interventions": [
        "cephalexin",
        "clindamycin"
      ],
      "outcomes": [
        "48",
        "48 hour time frame",
        "72",
        "72 Hours",
        "Clinical",
        "Clinical Study Follow-up",
        "Improvement"
      ]
    }
  },
  {
    "nct_id": "NCT00352625",
    "conditions": [
      "Bursitis",
      "Tendinitis"
    ],
    "pico_attributes": {
      "populations": {
        "minimum_age": "18 Years",
        "maximum_age": "NA",
        "country": "United States",
        "gender": "ALL"
      },
      "interventions": [
        "20%",
        "Body tissue patch material",
        "Topical surface",
        "ketoprofen"
      ],
      "outcomes": []
    }
  },
  {
    "nct_id": "NCT00352638",
    "conditions": [
      "Colorectal Cancer Pathway"
    ],
    "pico_attributes": {
      "populations": {
        "minimum_age": "40 Years",
        "maximum_age": "NA",
        "country": "United States",
        "gender": "ALL"
      },
      "interventions": [
        "Counseling",
        "Educational Intervention",
        "Room of building - Study",
        "demographic characteristics",
        "socioeconomic"
      ],
      "outcomes": []
    }
  },
  {
    "nct_id": "NCT00352651",
    "conditions": [
      "Herpes zoster disease",
      "Postherpetic neuralgia"
    ],
    "pico_attributes": {
      "populations": {
        "minimum_age": "21 Years",
        "maximum_age": "80 Years",
        "country": "United States",
        "gender": "ALL"
      },
      "interventions": [
        "pregabalin"
      ],
      "outcomes": []
    }
  },
  {
    "nct_id": "NCT00352664",
    "conditions": [
      "Advanced Malignant Neoplasm"
    ],
    "pico_attributes": {
      "populations": {
        "minimum_age": "18 Years",
        "maximum_age": "NA",
        "country": "United States",
        "gender": "ALL"
      },
      "interventions": [
        "Placebo Control",
        "donepezil"
      ],
      "outcomes": [
        "Mean score",
        "Sedated state",
        "Weekly"
      ]
    }
  },
  {
    "nct_id": "NCT00352677",
    "conditions": [
      "Acute lymphocytic leukemia",
      "Chronic Myeloid Leukemia Pathway"
    ],
    "pico_attributes": {
      "populations": {
        "minimum_age": "18 Years",
        "maximum_age": "NA",
        "country": "United States",
        "gender": "ALL"
      },
      "interventions": [
        "INNO-406"
      ],
      "outcomes": []
    }
  },
  {
    "nct_id": "NCT00352690",
    "conditions": [
      "Carcinoma",
      "Lung",
      "Non-small cell"
    ],
    "pico_attributes": {
      "populations": {
        "minimum_age": "18 Years",
        "maximum_age": "NA",
        "country": "United States",
        "gender": "ALL"
      },
      "interventions": [
        "External Beam Radiation Therapy",
        "carboplatin",
        "paclitaxel poliglumex"
      ],
      "outcomes": [
        "Frequency of Responses",
        "Incidence",
        "Induce (action)",
        "Radiation Pneumonitis",
        "Radiation esophagitis",
        "Severities"
      ]
    }
  },
  {
    "nct_id": "NCT00352703",
    "conditions": [
      "Lymphoma, Non-Hodgkin",
      "Multiple Myeloma"
    ],
    "pico_attributes": {
      "populations": {
        "minimum_age": "18 Years",
        "maximum_age": "NA",
        "country": "Spain",
        "gender": "ALL"
      },
      "interventions": [
        "Kepivance",
        "palifermin"
      ],
      "outcomes": []
    }
  },
  {
    "nct_id": "NCT00352716",
    "conditions": [
      "Diarrhea"
    ],
    "pico_attributes": {
      "populations": {
        "minimum_age": "1 Month",
        "maximum_age": "36 Months",
        "country": "Peru",
        "gender": "MALE"
      },
      "interventions": [
        "Day 7",
        "Diosmectite",
        "Duration of treatment",
        "smecta"
      ],
      "outcomes": []
    }
  },
  {
    "nct_id": "NCT00352729",
    "conditions": [
      "Burn injury"
    ],
    "pico_attributes": {
      "populations": {
        "minimum_age": "18 Years",
        "maximum_age": "NA",
        "country": "United States",
        "gender": "ALL"
      },
      "interventions": [
        "Dressing (unit of presentation)"
      ],
      "outcomes": []
    }
  },
  {
    "nct_id": "NCT00352742",
    "conditions": [
      "Multiple Myeloma"
    ],
    "pico_attributes": {
      "populations": {
        "minimum_age": "18 Years",
        "maximum_age": "NA",
        "country": "United States",
        "gender": "ALL"
      },
      "interventions": [
        "ATN-224",
        "bortezomib"
      ],
      "outcomes": []
    }
  },
  {
    "nct_id": "NCT00352755",
    "conditions": [
      "Peritoneal Neoplasms"
    ],
    "pico_attributes": {
      "populations": {
        "minimum_age": "18 Years",
        "maximum_age": "NA",
        "country": "United States",
        "gender": "ALL"
      },
      "interventions": [
        "Debulking Procedure",
        "FOLFOX Regimen",
        "Intraperitoneal",
        "Operative Surgical Procedures",
        "Peritonectomy",
        "fluorouracil"
      ],
      "outcomes": [
        "Adverse Event Domain",
        "Associated with",
        "Bayer Corneal Epitheliopathy Grade 3",
        "Count of entities",
        "Disease Progression",
        "Experience",
        "High",
        "Measured",
        "Overall Survival",
        "Participant",
        "Planned Treatment Regimen",
        "Progression-Free Survival",
        "Rate",
        "Regimen - CHV concept",
        "Safety",
        "This (eukaryote)",
        "Tolerability Study",
        "adverse effect due to surgery"
      ]
    }
  },
  {
    "nct_id": "NCT00352768",
    "conditions": [
      "Obsessive compulsive disorder drugs"
    ],
    "pico_attributes": {
      "populations": {
        "minimum_age": "8 Years",
        "maximum_age": "18 Years",
        "country": "Japan",
        "gender": "ALL"
      },
      "interventions": [
        "Placebo Control",
        "fluvoxamine maleate"
      ],
      "outcomes": []
    }
  },
  {
    "nct_id": "NCT00352781",
    "conditions": [
      "Medical Device Emits Smoke"
    ],
    "pico_attributes": {
      "populations": {
        "minimum_age": "18 Years",
        "maximum_age": "NA",
        "country": "Canada",
        "gender": "ALL"
      },
      "interventions": [
        "Behavior Therapy",
        "Nicotine replacement therapy"
      ],
      "outcomes": [
        "Cessation of smoking"
      ]
    }
  },
  {
    "nct_id": "NCT00352794",
    "conditions": [
      "Myelofibrosis"
    ],
    "pico_attributes": {
      "populations": {
        "minimum_age": "18 Years",
        "maximum_age": "NA",
        "country": "United States",
        "gender": "ALL"
      },
      "interventions": [
        "lenalidomide",
        "prednisone"
      ],
      "outcomes": [
        "Clinical Trial Objective",
        "Compleat Liquid Nutrition",
        "Disease Response",
        "Global Partial Response",
        "Hematology (discipline)",
        "Improvement",
        "Number of patients"
      ]
    }
  },
  {
    "nct_id": "NCT00352807",
    "conditions": [
      "Cataract"
    ],
    "pico_attributes": {
      "populations": {
        "minimum_age": "18 Years",
        "maximum_age": "NA",
        "country": "United States",
        "gender": "ALL"
      },
      "interventions": [
        "Brimonidine Purite"
      ],
      "outcomes": []
    }
  },
  {
    "nct_id": "NCT00352820",
    "conditions": [
      "Brain Neoplasms",
      "Glioblastoma Multiforme Pathway"
    ],
    "pico_attributes": {
      "populations": {
        "minimum_age": "18 Years",
        "maximum_age": "NA",
        "country": "United States",
        "gender": "ALL"
      },
      "interventions": [
        "Interview",
        "Questionnaires"
      ],
      "outcomes": []
    }
  },
  {
    "nct_id": "NCT00352833",
    "conditions": [
      "Gastric Adenocarcinoma",
      "Malignant neoplasm of stomach"
    ],
    "pico_attributes": {
      "populations": {
        "minimum_age": "18 Years",
        "maximum_age": "NA",
        "country": "Germany",
        "gender": "ALL"
      },
      "interventions": [
        "catumaxomab"
      ],
      "outcomes": []
    }
  },
  {
    "nct_id": "NCT00352846",
    "conditions": [
      "Adult Lymphoma",
      "Lymphoma, Non-Hodgkin"
    ],
    "pico_attributes": {
      "populations": {
        "minimum_age": "18 Years",
        "maximum_age": "NA",
        "country": "United States",
        "gender": "ALL"
      },
      "interventions": [
        "D Vitamin",
        "calcium carbonate",
        "zoledronic acid"
      ],
      "outcomes": []
    }
  },
  {
    "nct_id": "NCT00352859",
    "conditions": [
      "Carcinoma",
      "Epithelial cell of renal tubule"
    ],
    "pico_attributes": {
      "populations": {
        "minimum_age": "18 Years",
        "maximum_age": "NA",
        "country": "United States",
        "gender": "ALL"
      },
      "interventions": [
        "Add - instruction imperative",
        "In addition to",
        "Interferon",
        "Nexavar",
        "Only - dosing instruction fragment",
        "With - dosing instruction fragment",
        "gemcitabine",
        "sorafenib"
      ],
      "outcomes": []
    }
  },
  {
    "nct_id": "NCT00352872",
    "conditions": [
      "Breast Carcinoma"
    ],
    "pico_attributes": {
      "populations": {
        "minimum_age": "18 Years",
        "maximum_age": "45 Years",
        "country": "United States",
        "gender": "FEMALE"
      },
      "interventions": [],
      "outcomes": []
    }
  },
  {
    "nct_id": "NCT00352885",
    "conditions": [
      "Depressed mood"
    ],
    "pico_attributes": {
      "populations": {
        "minimum_age": "18 Years",
        "maximum_age": "75 Years",
        "country": "United States",
        "gender": "ALL"
      },
      "interventions": [
        "IL2 gene",
        "Placebo Control",
        "escitalopram"
      ],
      "outcomes": [
        "ADHD hyperactive symptoms mean score:Score:Pt:^Patient:Qn:Calculated",
        "ATF7IP protein, human",
        "Count of entities",
        "Genetic Polymorphism",
        "Hamilton rating scale for depression",
        "IL2 gene",
        "Mental concentration",
        "Plasma cortisol measurement",
        "Therapeutic procedure",
        "hydrocortisone",
        "plasma concentration"
      ]
    }
  },
  {
    "nct_id": "NCT00352898",
    "conditions": [
      "Chickenpox",
      "Measles",
      "Mumps",
      "Rubella"
    ],
    "pico_attributes": {
      "populations": {
        "minimum_age": "15 Months",
        "maximum_age": "6 Years",
        "country": "Italy",
        "gender": "ALL"
      },
      "interventions": [
        "Chickenpox",
        "Control function",
        "MRC1 wt Allele",
        "Okadaic Acid",
        "Room of building - Study",
        "VAC Regimen (Vincristine-Dactinomycin-Cyclophosphamide)",
        "voltage-gated calcium channel (VGCC)"
      ],
      "outcomes": []
    }
  },
  {
    "nct_id": "NCT00352911",
    "conditions": [
      "HIV Infections"
    ],
    "pico_attributes": {
      "populations": {
        "minimum_age": "18 Years",
        "maximum_age": "65 Years",
        "country": "United States",
        "gender": "ALL"
      },
      "interventions": [
        "Placebo Control",
        "mifepristone"
      ],
      "outcomes": [
        "1 Day",
        "BaseLine dental cement",
        "Change -- procedure",
        "Daily",
        "Event Log",
        "Population Mean",
        "Viral Load result"
      ]
    }
  },
  {
    "nct_id": "NCT00352924",
    "conditions": [
      "Accident due to exposure to weather conditions",
      "Adult Lymphoma",
      "Malignant neoplasm of prostate",
      "Multiple Myeloma",
      "Pesticides"
    ],
    "pico_attributes": {
      "populations": {
        "minimum_age": "18 Years",
        "maximum_age": "NA",
        "country": "United States",
        "gender": "ALL"
      },
      "interventions": [],
      "outcomes": []
    }
  },
  {
    "nct_id": "NCT00352937",
    "conditions": [
      "Coronary Arteriosclerosis"
    ],
    "pico_attributes": {
      "populations": {
        "minimum_age": "18 Years",
        "maximum_age": "NA",
        "country": "United States",
        "gender": "ALL"
      },
      "interventions": [],
      "outcomes": []
    }
  },
  {
    "nct_id": "NCT00352950",
    "conditions": [
      "NCI CTEP SDC Non-Small Cell Lung Cancer Sub-Category Terminology",
      "Neoplasms"
    ],
    "pico_attributes": {
      "populations": {
        "minimum_age": "18 Years",
        "maximum_age": "NA",
        "country": "",
        "gender": "ALL"
      },
      "interventions": [
        "AMELX gene",
        "panitumumab"
      ],
      "outcomes": []
    }
  },
  {
    "nct_id": "NCT00352963",
    "conditions": [
      "Diphtheria",
      "Hepatitis B",
      "Poliomyelitis",
      "Tetanus",
      "acellular pertussis vaccine, inactivated"
    ],
    "pico_attributes": {
      "populations": {
        "minimum_age": "NA",
        "maximum_age": "7 Days",
        "country": "Spain",
        "gender": "ALL"
      },
      "interventions": [
        "Control function",
        "Haemophilus Infections",
        "IH blood group",
        "Room of building - Study",
        "Vaccines"
      ],
      "outcomes": []
    }
  },
  {
    "nct_id": "NCT00352976",
    "conditions": [
      "FANCONI ANEMIA, COMPLEMENTATION GROUP A (disorder)"
    ],
    "pico_attributes": {
      "populations": {
        "minimum_age": "NA",
        "maximum_age": "NA",
        "country": "United States",
        "gender": "ALL"
      },
      "interventions": [
        "Bone Marrow Transplantation",
        "Whole-Body Irradiation",
        "cyclophosphamide",
        "fludarabine",
        "mycophenolate mofetil",
        "sirolimus"
      ],
      "outcomes": [
        "100%",
        "Average",
        "Bayer Corneal Epitheliopathy Grade 3",
        "CD40LG wt Allele",
        "Chronic graft-versus-host disease",
        "Count of entities",
        "Daily",
        "Entity With Role in Clinical Study",
        "Experience",
        "Immune Reconstitution",
        "In addition to",
        "Infection",
        "Levels (qualifier value)",
        "Measurement",
        "Neutrophil recovery",
        "Overall Survival",
        "Participant",
        "Post",
        "Regimen - CHV concept",
        "Related personal status",
        "Secondary Graft Failure After Hematopoietic Cell Transplantation",
        "Toxic effect",
        "Transplant",
        "day",
        "immunoglobulin A, human"
      ]
    }
  },
  {
    "nct_id": "NCT00352989",
    "conditions": [
      "Diarrhea"
    ],
    "pico_attributes": {
      "populations": {
        "minimum_age": "1 Month",
        "maximum_age": "36 Months",
        "country": "Malaysia",
        "gender": "MALE"
      },
      "interventions": [
        "Day 7",
        "Diosmectite",
        "Duration of treatment",
        "smecta"
      ],
      "outcomes": []
    }
  },
  {
    "nct_id": "NCT00353002",
    "conditions": [
      "Feel Pain"
    ],
    "pico_attributes": {
      "populations": {
        "minimum_age": "5 Years",
        "maximum_age": "12 Years",
        "country": "Canada",
        "gender": "ALL"
      },
      "interventions": [
        "4+ Answer to question",
        "Ametop",
        "Cream",
        "Liposomes",
        "Maxilene",
        "lidocaine",
        "tetracaine"
      ],
      "outcomes": []
    }
  },
  {
    "nct_id": "NCT00353015",
    "conditions": [
      "Carcinoma",
      "Malignant neoplasm of gastrointestinal tract",
      "Neurosecretory Systems"
    ],
    "pico_attributes": {
      "populations": {
        "minimum_age": "NA",
        "maximum_age": "NA",
        "country": "United States",
        "gender": "ALL"
      },
      "interventions": [
        "cisplatin",
        "irinotecan"
      ],
      "outcomes": []
    }
  },
  {
    "nct_id": "NCT00353028",
    "conditions": [
      "Major Depressive Disorder"
    ],
    "pico_attributes": {
      "populations": {
        "minimum_age": "8 Years",
        "maximum_age": "18 Years",
        "country": "Japan",
        "gender": "ALL"
      },
      "interventions": [
        "Placebo Control",
        "fluvoxamine maleate"
      ],
      "outcomes": []
    }
  },
  {
    "nct_id": "NCT00353041",
    "conditions": [
      "Feel Pain"
    ],
    "pico_attributes": {
      "populations": {
        "minimum_age": "18 Years",
        "maximum_age": "70 Years",
        "country": "Canada",
        "gender": "ALL"
      },
      "interventions": [
        "Topical surface",
        "lidocaine"
      ],
      "outcomes": []
    }
  },
  {
    "nct_id": "NCT00353054",
    "conditions": [
      "BODY MASS INDEX QUANTITATIVE TRAIT LOCUS 20",
      "Overweight"
    ],
    "pico_attributes": {
      "populations": {
        "minimum_age": "30 Years",
        "maximum_age": "50 Years",
        "country": "Canada",
        "gender": "FEMALE"
      },
      "interventions": [
        "Caltrate",
        "D-600",
        "Have Weight Loss",
        "Intervention regimes"
      ],
      "outcomes": []
    }
  },
  {
    "nct_id": "NCT00353067",
    "conditions": [
      "Acute Coronary Syndrome"
    ],
    "pico_attributes": {
      "populations": {
        "minimum_age": "35 Years",
        "maximum_age": "NA",
        "country": "United States",
        "gender": "ALL"
      },
      "interventions": [
        "Bay X 1005",
        "Veliflapon"
      ],
      "outcomes": []
    }
  },
  {
    "nct_id": "NCT00353080",
    "conditions": [
      "Osteoporosis",
      "Postmenopausal state"
    ],
    "pico_attributes": {
      "populations": {
        "minimum_age": "45 Years",
        "maximum_age": "NA",
        "country": "Sweden",
        "gender": "FEMALE"
      },
      "interventions": [
        "risedronate"
      ],
      "outcomes": []
    }
  },
  {
    "nct_id": "NCT00353093",
    "conditions": [
      "Deep vein thrombosis of lower limb"
    ],
    "pico_attributes": {
      "populations": {
        "minimum_age": "18 Years",
        "maximum_age": "NA",
        "country": "",
        "gender": "ALL"
      },
      "interventions": [
        "Device system",
        "Leg",
        "Ultrasonography of deep vein"
      ],
      "outcomes": []
    }
  },
  {
    "nct_id": "NCT00353106",
    "conditions": [
      "Graft-Versus-Host Disease Pathway"
    ],
    "pico_attributes": {
      "populations": {
        "minimum_age": "18 Years",
        "maximum_age": "NA",
        "country": "United States",
        "gender": "ALL"
      },
      "interventions": [
        "Interview",
        "Questionnaires"
      ],
      "outcomes": []
    }
  },
  {
    "nct_id": "NCT00353119",
    "conditions": [
      "Pustulosis of Palms and Soles"
    ],
    "pico_attributes": {
      "populations": {
        "minimum_age": "18 Years",
        "maximum_age": "NA",
        "country": "Canada",
        "gender": "ALL"
      },
      "interventions": [
        "Comparator",
        "Placebo Control",
        "etanercept"
      ],
      "outcomes": [
        "Number of Events"
      ]
    }
  },
  {
    "nct_id": "NCT00353145",
    "conditions": [
      "Neoplasms, Unknown Primary"
    ],
    "pico_attributes": {
      "populations": {
        "minimum_age": "18 Years",
        "maximum_age": "NA",
        "country": "United States",
        "gender": "ALL"
      },
      "interventions": [
        "Gemcitabine/Oxaliplatin",
        "Questionnaires",
        "gemcitabine",
        "oxaliplatin"
      ],
      "outcomes": []
    }
  },
  {
    "nct_id": "NCT00353158",
    "conditions": [
      "Bacterial Infections",
      "Healthy Volunteers",
      "Mycoses"
    ],
    "pico_attributes": {
      "populations": {
        "minimum_age": "8 Years",
        "maximum_age": "100 Years",
        "country": "United States",
        "gender": "ALL"
      },
      "interventions": [
        "doxycycline",
        "voriconazole"
      ],
      "outcomes": []
    }
  },
  {
    "nct_id": "NCT00353171",
    "conditions": [
      "Menopause"
    ],
    "pico_attributes": {
      "populations": {
        "minimum_age": "NA",
        "maximum_age": "NA",
        "country": "United States",
        "gender": "ALL"
      },
      "interventions": [],
      "outcomes": []
    }
  },
  {
    "nct_id": "NCT00353184",
    "conditions": [
      "Asthma"
    ],
    "pico_attributes": {
      "populations": {
        "minimum_age": "6 Years",
        "maximum_age": "14 Years",
        "country": "United States",
        "gender": "ALL"
      },
      "interventions": [
        "Additional",
        "Oral",
        "Standard of Care",
        "montelukast 5 MG"
      ],
      "outcomes": []
    }
  },
  {
    "nct_id": "NCT00353197",
    "conditions": [
      "Infertility"
    ],
    "pico_attributes": {
      "populations": {
        "minimum_age": "18 Years",
        "maximum_age": "NA",
        "country": "Israel",
        "gender": "ALL"
      },
      "interventions": [],
      "outcomes": []
    }
  },
  {
    "nct_id": "NCT00353210",
    "conditions": [
      "Infertility"
    ],
    "pico_attributes": {
      "populations": {
        "minimum_age": "18 Years",
        "maximum_age": "NA",
        "country": "Israel",
        "gender": "ALL"
      },
      "interventions": [],
      "outcomes": []
    }
  },
  {
    "nct_id": "NCT00353223",
    "conditions": [
      "Congestive",
      "Congestive heart failure",
      "Depressed mood"
    ],
    "pico_attributes": {
      "populations": {
        "minimum_age": "55 Years",
        "maximum_age": "NA",
        "country": "United States",
        "gender": "ALL"
      },
      "interventions": [
        "Behavior Therapy",
        "Interpersonal"
      ],
      "outcomes": []
    }
  },
  {
    "nct_id": "NCT00353236",
    "conditions": [
      "Premature Birth"
    ],
    "pico_attributes": {
      "populations": {
        "minimum_age": "0 Years",
        "maximum_age": "NA",
        "country": "Israel",
        "gender": "ALL"
      },
      "interventions": [],
      "outcomes": []
    }
  },
  {
    "nct_id": "NCT00353249",
    "conditions": [
      "Post-Traumatic Stress Disorder"
    ],
    "pico_attributes": {
      "populations": {
        "minimum_age": "18 Years",
        "maximum_age": "NA",
        "country": "United States",
        "gender": "FEMALE"
      },
      "interventions": [],
      "outcomes": []
    }
  },
  {
    "nct_id": "NCT00353262",
    "conditions": [
      "Colorectal Cancer Pathway"
    ],
    "pico_attributes": {
      "populations": {
        "minimum_age": "18 Years",
        "maximum_age": "NA",
        "country": "Canada",
        "gender": "ALL"
      },
      "interventions": [
        "Avastin",
        "Xeloda",
        "capecitabine",
        "oxaliplatin"
      ],
      "outcomes": [
        "% of total",
        "0%",
        "5'-deoxy-5-fluorocytidine",
        "Act Relationship Subset - maximum",
        "Adverse Event Domain",
        "Arabic numeral 0",
        "Area Under Curve",
        "Beta (qualifier)",
        "CBLIF gene",
        "CD5 gene",
        "Clearance",
        "Cmax",
        "Count of entities",
        "Elimination Half Life",
        "Empty (qualifier)",
        "From",
        "Infinity",
        "LABORATORY ABNORMALITIES",
        "Marked",
        "Metabolite",
        "Participant",
        "Period (temporal qualifier)",
        "Plasma",
        "Platinum Eskimo",
        "Scanning Auger Spectrometer (device)",
        "Time",
        "alpha-fluoro-beta-alanine",
        "capecitabine",
        "doxifluridine",
        "fluorouracil",
        "plasma concentration"
      ]
    }
  },
  {
    "nct_id": "NCT00353275",
    "conditions": [
      "Necrotizing fasciitis"
    ],
    "pico_attributes": {
      "populations": {
        "minimum_age": "18 Years",
        "maximum_age": "NA",
        "country": "United States",
        "gender": "ALL"
      },
      "interventions": [
        "Blood Glucose",
        "Control function",
        "Conventional"
      ],
      "outcomes": [
        "Amputated structure (morphologic abnormality)",
        "Communicable Diseases",
        "Composite",
        "Definable",
        "Discharge to home",
        "FUT3 gene",
        "Favorable",
        "Hospital Stay",
        "Hypoglycemia",
        "Median (qualifier value)",
        "Morbidity - disease rate",
        "Result",
        "Single organ dysfunction",
        "Survivors"
      ]
    }
  },
  {
    "nct_id": "NCT00353288",
    "conditions": [
      "Chickenpox",
      "Measles",
      "Mumps",
      "Rubella"
    ],
    "pico_attributes": {
      "populations": {
        "minimum_age": "15 Months",
        "maximum_age": "6 Years",
        "country": "Italy",
        "gender": "ALL"
      },
      "interventions": [
        "Chickenpox",
        "Control function",
        "MRC1 wt Allele",
        "Okadaic Acid",
        "Room of building - Study",
        "voltage-gated calcium channel (VGCC)"
      ],
      "outcomes": []
    }
  },
  {
    "nct_id": "NCT00353301",
    "conditions": [
      "Conventional (Clear Cell) Renal Cell Carcinoma"
    ],
    "pico_attributes": {
      "populations": {
        "minimum_age": "18 Years",
        "maximum_age": "NA",
        "country": "United States",
        "gender": "ALL"
      },
      "interventions": [
        "erlotinib hydrochloride",
        "sirolimus"
      ],
      "outcomes": [
        "Overall Survival",
        "Progression-Free Survival"
      ]
    }
  },
  {
    "nct_id": "NCT00353327",
    "conditions": [
      "HIV Infections"
    ],
    "pico_attributes": {
      "populations": {
        "minimum_age": "18 Years",
        "maximum_age": "NA",
        "country": "Spain",
        "gender": "ALL"
      },
      "interventions": [
        "Transfusion of plasma"
      ],
      "outcomes": []
    }
  },
  {
    "nct_id": "NCT00353340",
    "conditions": [
      "Contrast",
      "Kidney Diseases",
      "Kidney Failure, Acute"
    ],
    "pico_attributes": {
      "populations": {
        "minimum_age": "18 Years",
        "maximum_age": "NA",
        "country": "Israel",
        "gender": "ALL"
      },
      "interventions": [
        "acetylcysteine",
        "sodium bicarbonate",
        "sodium chloride"
      ],
      "outcomes": []
    }
  },
  {
    "nct_id": "NCT00353353",
    "conditions": [
      "Healthy"
    ],
    "pico_attributes": {
      "populations": {
        "minimum_age": "50 Years",
        "maximum_age": "75 Years",
        "country": "Netherlands",
        "gender": "ALL"
      },
      "interventions": [
        "Bread",
        "Consumption of goods"
      ],
      "outcomes": []
    }
  },
  {
    "nct_id": "NCT00353366",
    "conditions": [
      "Infection",
      "Rotavirus",
      "Rotavirus Vaccines"
    ],
    "pico_attributes": {
      "populations": {
        "minimum_age": "6 Weeks",
        "maximum_age": "24 Weeks",
        "country": "Philippines",
        "gender": "ALL"
      },
      "interventions": [
        "Data Collection",
        "Rotarix"
      ],
      "outcomes": [
        "3+ Answer to Question",
        "Bayer Corneal Epitheliopathy Grade 2",
        "Bayer Corneal Epitheliopathy Grade 3",
        "Bothered by Vomiting",
        "Count of entities",
        "Diarrhea",
        "Fever",
        "General symptom",
        "Human Study Subject",
        "Related personal status",
        "Reporting",
        "Symptoms"
      ]
    }
  },
  {
    "nct_id": "NCT00353379",
    "conditions": [
      "Personality Disorders",
      "Schizotypal Personality Disorder"
    ],
    "pico_attributes": {
      "populations": {
        "minimum_age": "18 Years",
        "maximum_age": "60 Years",
        "country": "United States",
        "gender": "ALL"
      },
      "interventions": [
        "Placebo Control",
        "guanfacine"
      ],
      "outcomes": []
    }
  },
  {
    "nct_id": "NCT00353392",
    "conditions": [
      "Macular amyloidosis"
    ],
    "pico_attributes": {
      "populations": {
        "minimum_age": "18 Years",
        "maximum_age": "70 Years",
        "country": "Iran, Islamic Republic of",
        "gender": "ALL"
      },
      "interventions": [
        "Laser Therapy"
      ],
      "outcomes": []
    }
  },
  {
    "nct_id": "NCT00353405",
    "conditions": [
      "HIV Infections",
      "Sexually Transmitted Diseases"
    ],
    "pico_attributes": {
      "populations": {
        "minimum_age": "14 Years",
        "maximum_age": "17 Years",
        "country": "United States",
        "gender": "ALL"
      },
      "interventions": [
        "Control function",
        "Mass Media",
        "Social skills training"
      ],
      "outcomes": []
    }
  },
  {
    "nct_id": "NCT00353418",
    "conditions": [
      "Hepatitis C",
      "chronic"
    ],
    "pico_attributes": {
      "populations": {
        "minimum_age": "18 Years",
        "maximum_age": "NA",
        "country": "United States",
        "gender": "ALL"
      },
      "interventions": [
        "peginterferon alfa-2a",
        "ribavirin"
      ],
      "outcomes": [
        "Adverse Event Domain",
        "Anemia",
        "Dosage",
        "Due to",
        "Global Relapse",
        "Incidence",
        "NR1D2 gene",
        "Rapid Virologic Response",
        "Reduction (chemical)",
        "Virologic Response",
        "Weekly",
        "Withdraw (activity)"
      ]
    }
  },
  {
    "nct_id": "NCT00353431",
    "conditions": [
      "Hyperglycemia"
    ],
    "pico_attributes": {
      "populations": {
        "minimum_age": "18 Years",
        "maximum_age": "NA",
        "country": "Switzerland",
        "gender": "ALL"
      },
      "interventions": [
        "Denmark",
        "NovoLog",
        "novo nordisk"
      ],
      "outcomes": [
        "0%",
        "48 Hours",
        "5.5",
        "Blood Glucose",
        "Borg Category-Ratio 10 Perceived Exertion Score 5",
        "During",
        "Finding of menstrual bleeding",
        "Frequencies (time pattern)",
        "Hypoglycemia",
        "Hypokalemia",
        "Millimole per Liter",
        "Target",
        "Time Range"
      ]
    }
  },
  {
    "nct_id": "NCT00353444",
    "conditions": [
      "Craniocerebral Trauma"
    ],
    "pico_attributes": {
      "populations": {
        "minimum_age": "16 Years",
        "maximum_age": "50 Years",
        "country": "Mexico",
        "gender": "ALL"
      },
      "interventions": [],
      "outcomes": []
    }
  },
  {
    "nct_id": "NCT00353457",
    "conditions": [
      "Childhood Rectal Carcinoma"
    ],
    "pico_attributes": {
      "populations": {
        "minimum_age": "18 Years",
        "maximum_age": "NA",
        "country": "United States",
        "gender": "ALL"
      },
      "interventions": [
        "Electromagnetic Radiation",
        "capecitabine",
        "cetuximab",
        "oxaliplatin"
      ],
      "outcomes": []
    }
  },
  {
    "nct_id": "NCT00353470",
    "conditions": [
      "Agoraphobia",
      "Anxiety Disorders",
      "Panic Disorder"
    ],
    "pico_attributes": {
      "populations": {
        "minimum_age": "18 Years",
        "maximum_age": "70 Years",
        "country": "United States",
        "gender": "ALL"
      },
      "interventions": [
        "Cognitive Therapy"
      ],
      "outcomes": [
        "% index",
        "Antimicrobial susceptibility",
        "Anxiety",
        "Anxiety Disorders",
        "Anxiety Scale (BASC-2)",
        "Clinical Global Impression Original Version Questionnaire",
        "Entity Determiner - specific",
        "Function (attribute)",
        "Hamilton rating scale for depression",
        "Panic",
        "Panic disorder severity scale",
        "Rating (action)",
        "Reflecting",
        "Sheehan disability scale",
        "rating scale"
      ]
    }
  },
  {
    "nct_id": "NCT00353483",
    "conditions": [
      "Mammary Neoplasms"
    ],
    "pico_attributes": {
      "populations": {
        "minimum_age": "18 Years",
        "maximum_age": "NA",
        "country": "United States",
        "gender": "ALL"
      },
      "interventions": [
        "Bone marrow biopsy",
        "Breast",
        "Breast tissue sample",
        "Collection (action)",
        "Drawings (art)",
        "Tissue Banks",
        "peripheral blood"
      ],
      "outcomes": []
    }
  },
  {
    "nct_id": "NCT00353496",
    "conditions": [
      "Endocrine Gland Neoplasms"
    ],
    "pico_attributes": {
      "populations": {
        "minimum_age": "18 Years",
        "maximum_age": "NA",
        "country": "United States",
        "gender": "ALL"
      },
      "interventions": [
        "Drug Formulation Process",
        "Placebo Control",
        "lanreotide"
      ],
      "outcomes": [
        "Alive",
        "Amount type - Percentage",
        "Assessment of quality of life",
        "Availability of",
        "Base - General Qualifier",
        "Changed status",
        "Data",
        "Databases",
        "Death Due to Disease Progression Not Associated with More Specific Term NOS, CTCAE",
        "Global Health",
        "Overall Survival",
        "Patients",
        "Pharmacokinetic study",
        "Profile (lab procedure)",
        "lanreotide"
      ]
    }
  },
  {
    "nct_id": "NCT00353509",
    "conditions": [
      "Atrial Septal Defects"
    ],
    "pico_attributes": {
      "populations": {
        "minimum_age": "2 Years",
        "maximum_age": "NA",
        "country": "Serbia",
        "gender": "ALL"
      },
      "interventions": [
        "Devices",
        "Septal Defect Repair"
      ],
      "outcomes": []
    }
  },
  {
    "nct_id": "NCT00353522",
    "conditions": [
      "Coronary Arteriosclerosis"
    ],
    "pico_attributes": {
      "populations": {
        "minimum_age": "18 Years",
        "maximum_age": "75 Years",
        "country": "United States",
        "gender": "ALL"
      },
      "interventions": [
        "Placebo Control",
        "dalcetrapib"
      ],
      "outcomes": [
        "Absolute Change",
        "BaseLine dental cement",
        "Change -- procedure",
        "HSD11B1 wt Allele",
        "Lymph node of mesentery",
        "Percent Change From Baseline"
      ]
    }
  },
  {
    "nct_id": "NCT00353535",
    "conditions": [
      "Focal",
      "Glomerulosclerosis (disorder)"
    ],
    "pico_attributes": {
      "populations": {
        "minimum_age": "18 Years",
        "maximum_age": "NA",
        "country": "Brazil",
        "gender": "ALL"
      },
      "interventions": [
        "Total Lymphoid Irradiation"
      ],
      "outcomes": []
    }
  },
  {
    "nct_id": "NCT00353548",
    "conditions": [
      "Eating Disorders"
    ],
    "pico_attributes": {
      "populations": {
        "minimum_age": "16 Years",
        "maximum_age": "45 Years",
        "country": "United States",
        "gender": "FEMALE"
      },
      "interventions": [],
      "outcomes": []
    }
  },
  {
    "nct_id": "NCT00353561",
    "conditions": [
      "Candidiasis, Vulvovaginal",
      "Diabetes Mellitus"
    ],
    "pico_attributes": {
      "populations": {
        "minimum_age": "18 Years",
        "maximum_age": "66 Years",
        "country": "India",
        "gender": "FEMALE"
      },
      "interventions": [
        "boric acid",
        "fluconazole"
      ],
      "outcomes": []
    }
  },
  {
    "nct_id": "NCT00353574",
    "conditions": [
      "Hypertension, CTCAE"
    ],
    "pico_attributes": {
      "populations": {
        "minimum_age": "35 Years",
        "maximum_age": "80 Years",
        "country": "United States",
        "gender": "ALL"
      },
      "interventions": [
        "darusentan"
      ],
      "outcomes": []
    }
  },
  {
    "nct_id": "NCT00353587",
    "conditions": [
      "Diabetes Mellitus, Non-Insulin-Dependent"
    ],
    "pico_attributes": {
      "populations": {
        "minimum_age": "18 Years",
        "maximum_age": "75 Years",
        "country": "United States",
        "gender": "ALL"
      },
      "interventions": [
        "Actos",
        "MBX-102",
        "Placebo Control"
      ],
      "outcomes": []
    }
  },
  {
    "nct_id": "NCT00353600",
    "conditions": [
      "DIANPH gene"
    ],
    "pico_attributes": {
      "populations": {
        "minimum_age": "18 Years",
        "maximum_age": "65 Years",
        "country": "United States",
        "gender": "ALL"
      },
      "interventions": [],
      "outcomes": []
    }
  },
  {
    "nct_id": "NCT00353613",
    "conditions": [
      "Surgical Wound Infection"
    ],
    "pico_attributes": {
      "populations": {
        "minimum_age": "18 Years",
        "maximum_age": "NA",
        "country": "United States",
        "gender": "ALL"
      },
      "interventions": [
        "Act Reason - Error",
        "CDISC Interventions Class",
        "Drug Packaging",
        "GDC Treatment Outcome Terminology",
        "Target"
      ],
      "outcomes": []
    }
  },
  {
    "nct_id": "NCT00353626",
    "conditions": [
      "Amputation",
      "Traumatic"
    ],
    "pico_attributes": {
      "populations": {
        "minimum_age": "20 Years",
        "maximum_age": "75 Years",
        "country": "Israel",
        "gender": "ALL"
      },
      "interventions": [],
      "outcomes": []
    }
  },
  {
    "nct_id": "NCT00353639",
    "conditions": [
      "Idiopathic chronic inflammatory bowel disease"
    ],
    "pico_attributes": {
      "populations": {
        "minimum_age": "2 Years",
        "maximum_age": "80 Years",
        "country": "United States",
        "gender": "ALL"
      },
      "interventions": [],
      "outcomes": []
    }
  },
  {
    "nct_id": "NCT00353652",
    "conditions": [
      "Hypertension, CTCAE"
    ],
    "pico_attributes": {
      "populations": {
        "minimum_age": "18 Years",
        "maximum_age": "65 Years",
        "country": "United States",
        "gender": "ALL"
      },
      "interventions": [],
      "outcomes": [
        "*Activity (kind of quantity)",
        "24 hour systolic blood pressure",
        "Ambulatory - qualifier value",
        "Antimicrobial susceptibility",
        "Baroreflex",
        "INS protein, human",
        "INSR protein, human",
        "Sympathetic nerve structure"
      ]
    }
  },
  {
    "nct_id": "NCT00353665",
    "conditions": [
      "Amyotrophic Lateral Sclerosis"
    ],
    "pico_attributes": {
      "populations": {
        "minimum_age": "20 Years",
        "maximum_age": "75 Years",
        "country": "Portugal",
        "gender": "ALL"
      },
      "interventions": [
        "Ebixa",
        "Placebo Control",
        "memantine",
        "riluzole"
      ],
      "outcomes": []
    }
  },
  {
    "nct_id": "NCT00353678",
    "conditions": [
      "Thromboembolism"
    ],
    "pico_attributes": {
      "populations": {
        "minimum_age": "18 Years",
        "maximum_age": "NA",
        "country": "Sweden",
        "gender": "ALL"
      },
      "interventions": [],
      "outcomes": []
    }
  },
  {
    "nct_id": "NCT00353691",
    "conditions": [
      "Diabetes Mellitus, Non-Insulin-Dependent"
    ],
    "pico_attributes": {
      "populations": {
        "minimum_age": "8 Years",
        "maximum_age": "17 Years",
        "country": "United States",
        "gender": "ALL"
      },
      "interventions": [
        "glimepiride",
        "metformin"
      ],
      "outcomes": []
    }
  },
  {
    "nct_id": "NCT00353704",
    "conditions": [
      "Disk, Herniated",
      "Intervertebral Disk Displacement"
    ],
    "pico_attributes": {
      "populations": {
        "minimum_age": "18 Years",
        "maximum_age": "NA",
        "country": "Norway",
        "gender": "ALL"
      },
      "interventions": [
        "Placebo Control",
        "morphine",
        "pregabalin"
      ],
      "outcomes": [
        "0%",
        "100%",
        "Consumption of goods",
        "Feel Pain",
        "MM genotype",
        "Opioids",
        "Population Mean",
        "Rest",
        "Vibroacoustic Stimulation",
        "Visual Analog Pain Scale",
        "morphine"
      ]
    }
  },
  {
    "nct_id": "NCT00353717",
    "conditions": [
      "Mammary Neoplasms"
    ],
    "pico_attributes": {
      "populations": {
        "minimum_age": "18 Years",
        "maximum_age": "NA",
        "country": "Israel",
        "gender": "FEMALE"
      },
      "interventions": [
        "Monoclonal Antibody C225/Paclitaxel"
      ],
      "outcomes": []
    }
  },
  {
    "nct_id": "NCT00353730",
    "conditions": [
      "Arteriosclerosis"
    ],
    "pico_attributes": {
      "populations": {
        "minimum_age": "21 Years",
        "maximum_age": "100 Years",
        "country": "United States",
        "gender": "ALL"
      },
      "interventions": [],
      "outcomes": []
    }
  },
  {
    "nct_id": "NCT00353743",
    "conditions": [
      "Induced abortion (procedure)",
      "septic"
    ],
    "pico_attributes": {
      "populations": {
        "minimum_age": "18 Years",
        "maximum_age": "50 Years",
        "country": "Brazil",
        "gender": "FEMALE"
      },
      "interventions": [
        "In addition to",
        "Placebo Control",
        "doxycycline",
        "metronidazole"
      ],
      "outcomes": []
    }
  },
  {
    "nct_id": "NCT00353756",
    "conditions": [
      "Crohn Disease"
    ],
    "pico_attributes": {
      "populations": {
        "minimum_age": "18 Years",
        "maximum_age": "65 Years",
        "country": "Australia",
        "gender": "ALL"
      },
      "interventions": [
        "IL6 protein, human",
        "Inhibition"
      ],
      "outcomes": []
    }
  },
  {
    "nct_id": "NCT00353769",
    "conditions": [
      "Scalp laceration"
    ],
    "pico_attributes": {
      "populations": {
        "minimum_age": "NA",
        "maximum_age": "NA",
        "country": "Singapore",
        "gender": "ALL"
      },
      "interventions": [
        "Hair",
        "Techniques"
      ],
      "outcomes": []
    }
  },
  {
    "nct_id": "NCT00353782",
    "conditions": [
      "Arteriosclerosis",
      "Hypercholesterolemia"
    ],
    "pico_attributes": {
      "populations": {
        "minimum_age": "2 Years",
        "maximum_age": "100 Years",
        "country": "United States",
        "gender": "ALL"
      },
      "interventions": [],
      "outcomes": []
    }
  },
  {
    "nct_id": "NCT00353795",
    "conditions": [
      "Arteriosclerosis",
      "Coronary Arteriosclerosis",
      "Heart"
    ],
    "pico_attributes": {
      "populations": {
        "minimum_age": "45 Years",
        "maximum_age": "NA",
        "country": "United States",
        "gender": "ALL"
      },
      "interventions": [
        "Coronary artery",
        "Magnetic Resonance Imaging"
      ],
      "outcomes": [
        "Cardiac wall structure",
        "Mean Thickness"
      ]
    }
  },
  {
    "nct_id": "NCT00353808",
    "conditions": [
      "Feel Pain"
    ],
    "pico_attributes": {
      "populations": {
        "minimum_age": "18 Years",
        "maximum_age": "NA",
        "country": "United States",
        "gender": "ALL"
      },
      "interventions": [
        "S prime",
        "reboxetine"
      ],
      "outcomes": []
    }
  },
  {
    "nct_id": "NCT00353821",
    "conditions": [
      "Hemopoietic stem cell transplant"
    ],
    "pico_attributes": {
      "populations": {
        "minimum_age": "2 Years",
        "maximum_age": "80 Years",
        "country": "United States",
        "gender": "ALL"
      },
      "interventions": [],
      "outcomes": []
    }
  },
  {
    "nct_id": "NCT00353834",
    "conditions": [
      "Diabetes Mellitus, Non-Insulin-Dependent"
    ],
    "pico_attributes": {
      "populations": {
        "minimum_age": "18 Years",
        "maximum_age": "75 Years",
        "country": "United States",
        "gender": "ALL"
      },
      "interventions": [
        "exenatide",
        "insulin glargine"
      ],
      "outcomes": [
        "AT genotype",
        "Arterial",
        "Arterial Stiffness",
        "Assay of fibrinolysis",
        "BaseLine dental cement",
        "Biological Markers",
        "C-Peptide",
        "Changed status",
        "Comparison",
        "Dilate procedure",
        "End",
        "Endothelium",
        "FLNA wt Allele",
        "First (number)",
        "Following",
        "Fourth",
        "Function (attribute)",
        "Human Study Subject",
        "INS protein, human",
        "Independence",
        "Inflammation",
        "Lantus",
        "Lipids",
        "Measured",
        "Measurement",
        "Menopause",
        "Nonesterified Fatty Acids",
        "Oxidative Stress",
        "Precision - second",
        "Primary Endpoint",
        "Response process",
        "Room of building - Study",
        "Stimulation (motivation)",
        "Third",
        "Treated with",
        "exenatide",
        "glucose",
        "monooxyethylene trimethylolpropane tristearate"
      ]
    }
  },
  {
    "nct_id": "NCT00353847",
    "conditions": [
      "Chronic low back pain"
    ],
    "pico_attributes": {
      "populations": {
        "minimum_age": "20 Years",
        "maximum_age": "NA",
        "country": "Korea, Republic of",
        "gender": "ALL"
      },
      "interventions": [
        "Acupuncture procedure"
      ],
      "outcomes": []
    }
  },
  {
    "nct_id": "NCT00353860",
    "conditions": [
      "Childhood Leukemia",
      "Decreased Immunologic Activity [PE]"
    ],
    "pico_attributes": {
      "populations": {
        "minimum_age": "10 Years",
        "maximum_age": "80 Years",
        "country": "United States",
        "gender": "ALL"
      },
      "interventions": [
        "Choose (action)",
        "Stem cells"
      ],
      "outcomes": []
    }
  },
  {
    "nct_id": "NCT00353873",
    "conditions": [
      "Asthma"
    ],
    "pico_attributes": {
      "populations": {
        "minimum_age": "4 Years",
        "maximum_age": "11 Years",
        "country": "Sweden",
        "gender": "ALL"
      },
      "interventions": [
        "Fluticasone Propionate, Salmeterol Xinafoate Drug Combination",
        "fluticasone propionate"
      ],
      "outcomes": [
        "Asthma",
        "Count of entities",
        "Participant",
        "Water consumption"
      ]
    }
  },
  {
    "nct_id": "NCT00353886",
    "conditions": [
      "Epilepsy"
    ],
    "pico_attributes": {
      "populations": {
        "minimum_age": "6 Years",
        "maximum_age": "16 Years",
        "country": "United States",
        "gender": "ALL"
      },
      "interventions": [
        "Behavior assessment",
        "Child",
        "Children's Memory Scale",
        "Device system",
        "Neoplasm Polygenic Risk Score",
        "Peabody picture vocabulary test",
        "Testicular regression syndrome",
        "Wechsler intelligence scale for children (assessment scale)",
        "Wide Range Achievement Test, 3rd Edition",
        "rating scale"
      ],
      "outcomes": []
    }
  },
  {
    "nct_id": "NCT00353899",
    "conditions": [
      "Healthy"
    ],
    "pico_attributes": {
      "populations": {
        "minimum_age": "8 Years",
        "maximum_age": "21 Years",
        "country": "United States",
        "gender": "ALL"
      },
      "interventions": [],
      "outcomes": []
    }
  },
  {
    "nct_id": "NCT00353912",
    "conditions": [
      "Hypertension, CTCAE"
    ],
    "pico_attributes": {
      "populations": {
        "minimum_age": "18 Years",
        "maximum_age": "NA",
        "country": "United States",
        "gender": "ALL"
      },
      "interventions": [
        "amlodipine",
        "valsartan"
      ],
      "outcomes": []
    }
  },
  {
    "nct_id": "NCT00353925",
    "conditions": [
      "Hypertension, CTCAE"
    ],
    "pico_attributes": {
      "populations": {
        "minimum_age": "21 Years",
        "maximum_age": "NA",
        "country": "United States",
        "gender": "ALL"
      },
      "interventions": [],
      "outcomes": []
    }
  }
]