[
  {
    "nct_id": "NCT00538642",
    "conditions": [
      "Bipolar Disorder",
      "Schizoaffective Disorder",
      "Schizophrenia"
    ],
    "pico_attributes": {
      "populations": {
        "minimum_age": "18 Years",
        "maximum_age": "NA",
        "country": "United States",
        "gender": "ALL"
      },
      "interventions": [
        "ziprasidone"
      ],
      "outcomes": [
        "Abdominal Circumference",
        "Body mass index",
        "Diastolic blood pressure",
        "High Density Lipoprotein Cholesterol",
        "Insulin Sensitivity",
        "Intravascular systolic:Pressure:Point in time:Arterial system:Quantitative",
        "LDL Cholesterol Lipoproteins",
        "cholesterol"
      ]
    }
  },
  {
    "nct_id": "NCT00538655",
    "conditions": [
      "Addictive Behavior",
      "Methamphetamine Measurement"
    ],
    "pico_attributes": {
      "populations": {
        "minimum_age": "18 Years",
        "maximum_age": "50 Years",
        "country": "United States",
        "gender": "ALL"
      },
      "interventions": [
        "modafinil"
      ],
      "outcomes": []
    }
  },
  {
    "nct_id": "NCT00538668",
    "conditions": [
      "Malignant neoplasm of prostate"
    ],
    "pico_attributes": {
      "populations": {
        "minimum_age": "21 Years",
        "maximum_age": "85 Years",
        "country": "United States",
        "gender": "MALE"
      },
      "interventions": [
        "J591 monoclonal antibody"
      ],
      "outcomes": []
    }
  },
  {
    "nct_id": "NCT00538681",
    "conditions": [
      "Carcinoma of lung"
    ],
    "pico_attributes": {
      "populations": {
        "minimum_age": "18 Years",
        "maximum_age": "NA",
        "country": "Romania",
        "gender": "ALL"
      },
      "interventions": [
        "Placebo Control",
        "cisplatin",
        "enzastaurin",
        "pemetrexed"
      ],
      "outcomes": [
        "Assessed",
        "Clinical",
        "Correlation",
        "Disease Marker",
        "Evaluation",
        "GDC Treatment Outcome Terminology",
        "Geographic state",
        "Part",
        "Profile (lab procedure)",
        "Result",
        "Safety",
        "Therapeutic procedure",
        "Toxicology"
      ]
    }
  },
  {
    "nct_id": "NCT00538694",
    "conditions": [
      "Bacterial",
      "Pneumonia"
    ],
    "pico_attributes": {
      "populations": {
        "minimum_age": "18 Years",
        "maximum_age": "NA",
        "country": "",
        "gender": "ALL"
      },
      "interventions": [
        "daptomycin"
      ],
      "outcomes": []
    }
  },
  {
    "nct_id": "NCT00538707",
    "conditions": [
      "Stress, Psychological"
    ],
    "pico_attributes": {
      "populations": {
        "minimum_age": "20 Years",
        "maximum_age": "70 Years",
        "country": "Switzerland",
        "gender": "ALL"
      },
      "interventions": [
        "+2",
        "Blood Products Laboratory Testing",
        "Minute (diminutive)"
      ],
      "outcomes": []
    }
  },
  {
    "nct_id": "NCT00538720",
    "conditions": [
      "Hyperparathyroidism"
    ],
    "pico_attributes": {
      "populations": {
        "minimum_age": "21 Years",
        "maximum_age": "NA",
        "country": "United States",
        "gender": "ALL"
      },
      "interventions": [
        "D Vitamin",
        "Four-Dimensional Computed Tomography"
      ],
      "outcomes": []
    }
  },
  {
    "nct_id": "NCT00538733",
    "conditions": [
      "Multiple Myeloma"
    ],
    "pico_attributes": {
      "populations": {
        "minimum_age": "18 Years",
        "maximum_age": "NA",
        "country": "United States",
        "gender": "ALL"
      },
      "interventions": [
        "Thalomid",
        "clarithromycin",
        "dexamethasone",
        "lenalidomide"
      ],
      "outcomes": [
        "Act Relationship Subset - maximum",
        "Combined",
        "Drug effect",
        "Event-Free Survival",
        "Median (qualifier value)",
        "Multiple Myeloma",
        "Progression-Free Survival",
        "Reaction Time"
      ]
    }
  },
  {
    "nct_id": "NCT00538746",
    "conditions": [
      "Acute respiratory failure"
    ],
    "pico_attributes": {
      "populations": {
        "minimum_age": "18 Years",
        "maximum_age": "NA",
        "country": "Italy",
        "gender": "ALL"
      },
      "interventions": [
        "Biphasic Positive Airway Pressure",
        "C-Pap"
      ],
      "outcomes": []
    }
  },
  {
    "nct_id": "NCT00538759",
    "conditions": [
      "Aortic Valve Stenosis"
    ],
    "pico_attributes": {
      "populations": {
        "minimum_age": "75 Years",
        "maximum_age": "NA",
        "country": "United States",
        "gender": "ALL"
      },
      "interventions": [
        "Control function",
        "External Beam Radiation Therapy",
        "NOAC protocol"
      ],
      "outcomes": [
        "% index",
        "Aorta",
        "Aortic valve area",
        "Aortic valve structure",
        "Aortic valve ventriculoarterial gradient",
        "Beam - rays of radiation or stream of particles",
        "Congestive heart failure",
        "Continuous",
        "Echocardiography",
        "Extrinsic",
        "Improvement",
        "Incidence",
        "Late",
        "Loss",
        "Major",
        "Measured",
        "New York Heart Association Classification",
        "Population Mean",
        "Radiation therapy complication",
        "Related personal status",
        "Study Variable",
        "Valve Area Index"
      ]
    }
  },
  {
    "nct_id": "NCT00538772",
    "conditions": [
      "Carcinoma",
      "Epithelial cell of renal tubule"
    ],
    "pico_attributes": {
      "populations": {
        "minimum_age": "18 Years",
        "maximum_age": "NA",
        "country": "Canada",
        "gender": "ALL"
      },
      "interventions": [
        "Blood",
        "Not Applicable",
        "Tissue specimen",
        "tests and testing"
      ],
      "outcomes": []
    }
  },
  {
    "nct_id": "NCT00538785",
    "conditions": [
      "Congenital heart disease"
    ],
    "pico_attributes": {
      "populations": {
        "minimum_age": "NA",
        "maximum_age": "24 Months",
        "country": "United States",
        "gender": "ALL"
      },
      "interventions": [
        "motavizumab",
        "palivizumab"
      ],
      "outcomes": [
        "1 Day",
        "30%",
        "Able to Concentrate Question",
        "Adverse Event Domain",
        "Anti-Antibodies",
        "Cardiac - anatomy qualifier",
        "Cardiopulmonary",
        "Cardiopulmonary Bypass",
        "Coronary Artery Bypass Surgery",
        "Count of entities",
        "Day 2",
        "Day 3",
        "Day 4",
        "Detected (finding)",
        "Human Study Subject",
        "Human respiratory syncytial virus",
        "In addition to",
        "Laboratory",
        "MA-2",
        "Mental concentration",
        "Only - dosing instruction fragment",
        "Outpatients",
        "Patient in hospital",
        "Population Mean",
        "Post-dose",
        "Pre-dose",
        "Reporting",
        "Respiratory Syncytial Virus Infections",
        "Seasons",
        "Serious Adverse Event",
        "Serum",
        "Serum, Trough",
        "Study Day",
        "Trough",
        "Trough Concentration",
        "motavizumab",
        "serum concentration"
      ]
    }
  },
  {
    "nct_id": "NCT00538798",
    "conditions": [
      "Drug Kinetics",
      "Excitatory Amino Acid Receptor",
      "Glutamate Receptor",
      "Healthy",
      "Positron-Emission Tomography",
      "metabotropic glutamate receptor 5"
    ],
    "pico_attributes": {
      "populations": {
        "minimum_age": "18 Years",
        "maximum_age": "65 Years",
        "country": "United States",
        "gender": "ALL"
      },
      "interventions": [],
      "outcomes": []
    }
  },
  {
    "nct_id": "NCT00538811",
    "conditions": [
      "Genotype 3",
      "Hepatitis C",
      "Negation"
    ],
    "pico_attributes": {
      "populations": {
        "minimum_age": "18 Years",
        "maximum_age": "70 Years",
        "country": "Pakistan",
        "gender": "ALL"
      },
      "interventions": [
        "IFNA2 gene",
        "IFNG gene",
        "amantadine",
        "ribavirin"
      ],
      "outcomes": []
    }
  },
  {
    "nct_id": "NCT00538824",
    "conditions": [
      "Multiple Myeloma"
    ],
    "pico_attributes": {
      "populations": {
        "minimum_age": "18 Years",
        "maximum_age": "NA",
        "country": "United States",
        "gender": "ALL"
      },
      "interventions": [
        "dexamethasone",
        "lenalidomide",
        "thalidomide"
      ],
      "outcomes": [
        "Combined",
        "Drug effect",
        "Multiple Myeloma"
      ]
    }
  },
  {
    "nct_id": "NCT00538850",
    "conditions": [
      "Cancer Genus"
    ],
    "pico_attributes": {
      "populations": {
        "minimum_age": "18 Years",
        "maximum_age": "NA",
        "country": "United States",
        "gender": "ALL"
      },
      "interventions": [
        "Fentanyl Sublingual Spray",
        "Placebo Control"
      ],
      "outcomes": [
        "30%",
        "Dosage",
        "Drug Evaluation",
        "Sixty minutes",
        "global assessment"
      ]
    }
  },
  {
    "nct_id": "NCT00538863",
    "conditions": [
      "Cancer Genus",
      "Feel Pain"
    ],
    "pico_attributes": {
      "populations": {
        "minimum_age": "18 Years",
        "maximum_age": "NA",
        "country": "United States",
        "gender": "ALL"
      },
      "interventions": [
        "Fentanyl Sublingual Spray"
      ],
      "outcomes": [
        "1+",
        "Adverse Event Domain",
        "Amount type - Percentage",
        "Experience",
        "More",
        "Patients"
      ]
    }
  },
  {
    "nct_id": "NCT00538876",
    "conditions": [
      "Acute Myeloid Leukemia Pathway"
    ],
    "pico_attributes": {
      "populations": {
        "minimum_age": "18 Years",
        "maximum_age": "NA",
        "country": "United States",
        "gender": "ALL"
      },
      "interventions": [
        "decitabine"
      ],
      "outcomes": []
    }
  },
  {
    "nct_id": "NCT00538889",
    "conditions": [
      "Healthy"
    ],
    "pico_attributes": {
      "populations": {
        "minimum_age": "18 Years",
        "maximum_age": "50 Years",
        "country": "United Kingdom",
        "gender": "ALL"
      },
      "interventions": [
        "Citalopram Measurement",
        "Final Statistical Report",
        "lecozotan"
      ],
      "outcomes": []
    }
  },
  {
    "nct_id": "NCT00538902",
    "conditions": [
      "Rheumatoid Arthritis"
    ],
    "pico_attributes": {
      "populations": {
        "minimum_age": "18 Years",
        "maximum_age": "NA",
        "country": "China",
        "gender": "ALL"
      },
      "interventions": [
        "/40",
        "80%",
        "MG",
        "Placebo Control",
        "adalimumab"
      ],
      "outcomes": []
    }
  },
  {
    "nct_id": "NCT00538915",
    "conditions": [],
    "pico_attributes": {
      "populations": {
        "minimum_age": "6 Years",
        "maximum_age": "75 Years",
        "country": "United States",
        "gender": "ALL"
      },
      "interventions": [
        "10%",
        "Homo sapiens",
        "Immunoglobulins",
        "Intravenous",
        "NABI",
        "Recombinant Immune Globulin"
      ],
      "outcomes": []
    }
  },
  {
    "nct_id": "NCT00538928",
    "conditions": [
      "Acute respiratory distress"
    ],
    "pico_attributes": {
      "populations": {
        "minimum_age": "18 Years",
        "maximum_age": "NA",
        "country": "Germany",
        "gender": "ALL"
      },
      "interventions": [
        "Assisted breathing"
      ],
      "outcomes": []
    }
  },
  {
    "nct_id": "NCT00538941",
    "conditions": [
      "Congestive heart failure"
    ],
    "pico_attributes": {
      "populations": {
        "minimum_age": "30 Years",
        "maximum_age": "80 Years",
        "country": "Switzerland",
        "gender": "ALL"
      },
      "interventions": [
        "/40",
        "Cacao Plant",
        "GLRX2 gene",
        "Placebo Control",
        "With intensity"
      ],
      "outcomes": []
    }
  },
  {
    "nct_id": "NCT00538954",
    "conditions": [
      "Colorectal",
      "Secondary malignant neoplasm of liver"
    ],
    "pico_attributes": {
      "populations": {
        "minimum_age": "18 Years",
        "maximum_age": "80 Years",
        "country": "United Kingdom",
        "gender": "ALL"
      },
      "interventions": [
        "Conditioning (Psychology)",
        "Dietary Supplementation",
        "ERAS gene",
        "Group Object",
        "Laxatives",
        "Metabolic",
        "Postoperative Period",
        "Preoperative",
        "Standard (document)",
        "magnesium oxide"
      ],
      "outcomes": []
    }
  },
  {
    "nct_id": "NCT00538967",
    "conditions": [
      "Abdomen",
      "Aortic Aneurysm"
    ],
    "pico_attributes": {
      "populations": {
        "minimum_age": "NA",
        "maximum_age": "NA",
        "country": "Netherlands",
        "gender": "ALL"
      },
      "interventions": [
        "doxycycline"
      ],
      "outcomes": []
    }
  },
  {
    "nct_id": "NCT00538980",
    "conditions": [
      "Polycythemia Vera"
    ],
    "pico_attributes": {
      "populations": {
        "minimum_age": "18 Years",
        "maximum_age": "NA",
        "country": "United States",
        "gender": "ALL"
      },
      "interventions": [
        "dasatinib"
      ],
      "outcomes": [
        "Adverse effects",
        "Alleles",
        "Biologic Development",
        "Burden",
        "Cellular",
        "Change -- procedure",
        "Changed status",
        "Complication",
        "Contents",
        "Cytogenetics",
        "Effect",
        "Fibrosis",
        "Finding of platelet count",
        "Hematocrit level",
        "JAK2 gene",
        "Marrow",
        "Normal Range",
        "Performance",
        "Reticulin",
        "Stabilization",
        "Venesection",
        "dasatinib"
      ]
    }
  },
  {
    "nct_id": "NCT00538993",
    "conditions": [
      "HIV Infections"
    ],
    "pico_attributes": {
      "populations": {
        "minimum_age": "18 Years",
        "maximum_age": "NA",
        "country": "United States",
        "gender": "ALL"
      },
      "interventions": [
        "Base - General Qualifier",
        "Counsel - legal",
        "Phase"
      ],
      "outcomes": []
    }
  },
  {
    "nct_id": "NCT00539006",
    "conditions": [
      "Allergic",
      "Rhinitis"
    ],
    "pico_attributes": {
      "populations": {
        "minimum_age": "18 Years",
        "maximum_age": "NA",
        "country": "United States",
        "gender": "ALL"
      },
      "interventions": [
        "Fetal fibronectin",
        "Placebo Control"
      ],
      "outcomes": [
        "Active",
        "BaseLine dental cement",
        "Change -- procedure",
        "From",
        "N not otherwise specified Antibody",
        "Nasal (intended site)",
        "Nasal Spray",
        "Night Administration",
        "Period (temporal qualifier)",
        "Pharmaceutical Preparations",
        "Placebos",
        "Population Mean",
        "Reflecting",
        "Total symptom score"
      ]
    }
  },
  {
    "nct_id": "NCT00539019",
    "conditions": [
      "Burn injury"
    ],
    "pico_attributes": {
      "populations": {
        "minimum_age": "5 Years",
        "maximum_age": "18 Years",
        "country": "United States",
        "gender": "ALL"
      },
      "interventions": [
        "Following",
        "Measured",
        "Nutrition, Calories",
        "Wound Healing"
      ],
      "outcomes": []
    }
  },
  {
    "nct_id": "NCT00539032",
    "conditions": [
      "Meningitis",
      "Meningococcemia"
    ],
    "pico_attributes": {
      "populations": {
        "minimum_age": "5 Years",
        "maximum_age": "8 Years",
        "country": "Saudi Arabia",
        "gender": "ALL"
      },
      "interventions": [
        "MENINGOCOCCAL POLYSACCHARIDE CONJUGATE",
        "Menactra",
        "diphtheria toxoid vaccine, inactivated"
      ],
      "outcomes": [
        "Amount type - Percentage",
        "Count of entities",
        "Folded structure",
        "In addition to",
        "Injection site",
        "Menactra",
        "Participant",
        "Post",
        "Relational and Item-Specific Encoding Task",
        "Reporting",
        "Serogroup",
        "Systemic Reaction",
        "Titer",
        "Vaccination",
        "Vaccines"
      ]
    }
  },
  {
    "nct_id": "NCT00539045",
    "conditions": [
      "Blood Clot",
      "Electrocardiogram: myocardial infarction (finding)"
    ],
    "pico_attributes": {
      "populations": {
        "minimum_age": "18 Years",
        "maximum_age": "NA",
        "country": "United States",
        "gender": "ALL"
      },
      "interventions": [],
      "outcomes": []
    }
  },
  {
    "nct_id": "NCT00539071",
    "conditions": [
      "Schizoaffective Disorder",
      "Schizophrenia"
    ],
    "pico_attributes": {
      "populations": {
        "minimum_age": "18 Years",
        "maximum_age": "65 Years",
        "country": "United States",
        "gender": "ALL"
      },
      "interventions": [
        "ACTG1 wt Allele",
        "Injection",
        "Long",
        "risperidone"
      ],
      "outcomes": []
    }
  },
  {
    "nct_id": "NCT00539084",
    "conditions": [
      "Local Anesthesia [PE]",
      "intradermal injection"
    ],
    "pico_attributes": {
      "populations": {
        "minimum_age": "18 Years",
        "maximum_age": "55 Years",
        "country": "Israel",
        "gender": "ALL"
      },
      "interventions": [],
      "outcomes": []
    }
  },
  {
    "nct_id": "NCT00539097",
    "conditions": [
      "Burn Specimen",
      "Reconstructive Surgical Procedures"
    ],
    "pico_attributes": {
      "populations": {
        "minimum_age": "6 Years",
        "maximum_age": "24 Years",
        "country": "United States",
        "gender": "ALL"
      },
      "interventions": [
        "JUVEN",
        "PROTEIN SUPPLEMENTS",
        "ROS1 wt Allele",
        "product"
      ],
      "outcomes": []
    }
  },
  {
    "nct_id": "NCT00539110",
    "conditions": [
      "Burn injury",
      "Sleep"
    ],
    "pico_attributes": {
      "populations": {
        "minimum_age": "3 Years",
        "maximum_age": "18 Years",
        "country": "United States",
        "gender": "ALL"
      },
      "interventions": [
        "ramelteon"
      ],
      "outcomes": [
        "Data",
        "Drug Kinetics",
        "Polysomnography"
      ]
    }
  },
  {
    "nct_id": "NCT00539123",
    "conditions": [
      "Opiate Addiction"
    ],
    "pico_attributes": {
      "populations": {
        "minimum_age": "18 Years",
        "maximum_age": "65 Years",
        "country": "United States",
        "gender": "ALL"
      },
      "interventions": [],
      "outcomes": []
    }
  },
  {
    "nct_id": "NCT00539136",
    "conditions": [
      "Healthy Volunteers"
    ],
    "pico_attributes": {
      "populations": {
        "minimum_age": "18 Years",
        "maximum_age": "55 Years",
        "country": "United States",
        "gender": "MALE"
      },
      "interventions": [
        "GSK 561679",
        "Pharmaceutical Solutions",
        "Tablet (unit of presentation)"
      ],
      "outcomes": []
    }
  },
  {
    "nct_id": "NCT00539149",
    "conditions": [
      "Infectious Otitis Media"
    ],
    "pico_attributes": {
      "populations": {
        "minimum_age": "NA",
        "maximum_age": "12 Months",
        "country": "Australia",
        "gender": "ALL"
      },
      "interventions": [
        "Equal",
        "Placebo Control",
        "amoxicillin"
      ],
      "outcomes": []
    }
  },
  {
    "nct_id": "NCT00539162",
    "conditions": [
      "Carcinoma, Ovarian Epithelial"
    ],
    "pico_attributes": {
      "populations": {
        "minimum_age": "50 Years",
        "maximum_age": "74 Years",
        "country": "United States",
        "gender": "FEMALE"
      },
      "interventions": [
        "Questionnaires"
      ],
      "outcomes": []
    }
  },
  {
    "nct_id": "NCT00539175",
    "conditions": [
      "Diabetic Mononeuropathy",
      "Diabetic Neuralgia",
      "Diabetic Neuropathies",
      "Diabetic Polyneuropathies",
      "Pain"
    ],
    "pico_attributes": {
      "populations": {
        "minimum_age": "18 Years",
        "maximum_age": "85 Years",
        "country": "United States",
        "gender": "ALL"
      },
      "interventions": [
        "Infrared Rays",
        "Placebo Control"
      ],
      "outcomes": []
    }
  },
  {
    "nct_id": "NCT00539188",
    "conditions": [
      "Borderline Personality Disorder",
      "Self-Injurious Behavior"
    ],
    "pico_attributes": {
      "populations": {
        "minimum_age": "18 Years",
        "maximum_age": "65 Years",
        "country": "United States",
        "gender": "ALL"
      },
      "interventions": [
        "Placebo Control",
        "acetylcysteine"
      ],
      "outcomes": [
        "ATF7IP protein, human",
        "BaseLine dental cement",
        "Hamilton rating scale for depression",
        "week"
      ]
    }
  },
  {
    "nct_id": "NCT00539201",
    "conditions": [
      "Healthy Volunteers"
    ],
    "pico_attributes": {
      "populations": {
        "minimum_age": "18 Years",
        "maximum_age": "55 Years",
        "country": "United States",
        "gender": "ALL"
      },
      "interventions": [],
      "outcomes": []
    }
  },
  {
    "nct_id": "NCT00539214",
    "conditions": [
      "Parkinson Disease"
    ],
    "pico_attributes": {
      "populations": {
        "minimum_age": "18 Years",
        "maximum_age": "NA",
        "country": "Germany",
        "gender": "ALL"
      },
      "interventions": [],
      "outcomes": []
    }
  },
  {
    "nct_id": "NCT00539227",
    "conditions": [
      "Breast Carcinoma"
    ],
    "pico_attributes": {
      "populations": {
        "minimum_age": "NA",
        "maximum_age": "NA",
        "country": "United States",
        "gender": "FEMALE"
      },
      "interventions": [
        "Excision of breast tissue",
        "NLRP1 wt Allele",
        "Questionnaires"
      ],
      "outcomes": []
    }
  },
  {
    "nct_id": "NCT00539240",
    "conditions": [
      "Gastroesophageal Reflux Disease, CTCAE"
    ],
    "pico_attributes": {
      "populations": {
        "minimum_age": "18 Years",
        "maximum_age": "80 Years",
        "country": "United States",
        "gender": "ALL"
      },
      "interventions": [
        "20%",
        "Bedtime (qualifier value)",
        "Dinner",
        "Low dose",
        "MG",
        "Placebo Control",
        "Tricyclic Antidepressant [EPC]",
        "Twice (Numerical Qualifier)",
        "rabeprazole"
      ],
      "outcomes": [
        "*Activity (kind of quantity)",
        "3+ Answer to Question",
        "Acids",
        "BaseLine dental cement",
        "Better",
        "Comparison",
        "Count of entities",
        "Daytime",
        "Health-Related Quality Of Life",
        "Heartburn",
        "Night time",
        "Regurgitates after swallowing",
        "Symptoms score",
        "Weekly",
        "With intensity",
        "day"
      ]
    }
  },
  {
    "nct_id": "NCT00539253",
    "conditions": [
      "Liver carcinoma"
    ],
    "pico_attributes": {
      "populations": {
        "minimum_age": "18 Years",
        "maximum_age": "80 Years",
        "country": "United States",
        "gender": "ALL"
      },
      "interventions": [
        "MultiHance",
        "gadobenate dimeglumine"
      ],
      "outcomes": [
        "Enhance (action)",
        "Nodule",
        "Nodule size"
      ]
    }
  },
  {
    "nct_id": "NCT00539266",
    "conditions": [
      "Intermittent Claudication",
      "Peripheral Vascular Diseases"
    ],
    "pico_attributes": {
      "populations": {
        "minimum_age": "16 Years",
        "maximum_age": "NA",
        "country": "Netherlands",
        "gender": "ALL"
      },
      "interventions": [
        "Bone Marrow Mononuclear Cell",
        "Bone Marrow-Derived Cell",
        "Derivation",
        "Mononuclear",
        "Placebo Control"
      ],
      "outcomes": []
    }
  },
  {
    "nct_id": "NCT00539279",
    "conditions": [
      "Combat Disorders",
      "Post-Traumatic Stress Disorder"
    ],
    "pico_attributes": {
      "populations": {
        "minimum_age": "60 Years",
        "maximum_age": "NA",
        "country": "United States",
        "gender": "MALE"
      },
      "interventions": [],
      "outcomes": [
        "Composite",
        "Deficit",
        "Depressed mood",
        "Generalized",
        "Patient Health Questionnaire",
        "Patient Health Questionnaire - 9 Item",
        "Sheehan Disability Scale Questionnaire",
        "Sheehan disability scale"
      ]
    }
  },
  {
    "nct_id": "NCT00539292",
    "conditions": [
      "Gastroschisis"
    ],
    "pico_attributes": {
      "populations": {
        "minimum_age": "1 Day",
        "maximum_age": "30 Days",
        "country": "Canada",
        "gender": "ALL"
      },
      "interventions": [
        "Clinical act of insertion",
        "Device Spring",
        "Loading Technique",
        "Primary",
        "Silo (dataset)",
        "primary closure"
      ],
      "outcomes": [
        "Complication",
        "Hospitalization",
        "Length of Stay",
        "Sepsis",
        "TAPBP gene"
      ]
    }
  },
  {
    "nct_id": "NCT00539305",
    "conditions": [
      "Alzheimer's Disease",
      "Mild cognitive disorder"
    ],
    "pico_attributes": {
      "populations": {
        "minimum_age": "60 Years",
        "maximum_age": "90 Years",
        "country": "United States",
        "gender": "MALE"
      },
      "interventions": [
        "Gel",
        "Placebo Control",
        "Testosterone Gel"
      ],
      "outcomes": [
        "Cognitive changes",
        "Health Surveys",
        "Measured",
        "Neuropsychological Tests",
        "Rey Auditory Verbal Learning Test",
        "SF-36",
        "Short Forms"
      ]
    }
  },
  {
    "nct_id": "NCT00539318",
    "conditions": [
      "Malignant neoplasm of gastrointestinal tract"
    ],
    "pico_attributes": {
      "populations": {
        "minimum_age": "18 Years",
        "maximum_age": "NA",
        "country": "Singapore",
        "gender": "ALL"
      },
      "interventions": [
        "Venous blood sampling"
      ],
      "outcomes": []
    }
  },
  {
    "nct_id": "NCT00539331",
    "conditions": [
      "Carcinoma",
      "Lung",
      "Non-small cell"
    ],
    "pico_attributes": {
      "populations": {
        "minimum_age": "18 Years",
        "maximum_age": "NA",
        "country": "Japan",
        "gender": "ALL"
      },
      "interventions": [
        "AZD2171",
        "carboplatin",
        "paclitaxel"
      ],
      "outcomes": []
    }
  },
  {
    "nct_id": "NCT00539344",
    "conditions": [
      "Episodic",
      "Malignant Glioma",
      "Progressive"
    ],
    "pico_attributes": {
      "populations": {
        "minimum_age": "18 Years",
        "maximum_age": "NA",
        "country": "United States",
        "gender": "ALL"
      },
      "interventions": [
        "ANG1005"
      ],
      "outcomes": []
    }
  },
  {
    "nct_id": "NCT00539357",
    "conditions": [
      "Generalized Anxiety Disorder"
    ],
    "pico_attributes": {
      "populations": {
        "minimum_age": "18 Years",
        "maximum_age": "65 Years",
        "country": "",
        "gender": "ALL"
      },
      "interventions": [],
      "outcomes": []
    }
  },
  {
    "nct_id": "NCT00539370",
    "conditions": [
      "Scleritis",
      "Uveitis"
    ],
    "pico_attributes": {
      "populations": {
        "minimum_age": "NA",
        "maximum_age": "NA",
        "country": "United States",
        "gender": "ALL"
      },
      "interventions": [],
      "outcomes": []
    }
  },
  {
    "nct_id": "NCT00539383",
    "conditions": [
      "Advanced Malignant Solid Neoplasm",
      "And",
      "Metastatic malignant neoplasm to brain"
    ],
    "pico_attributes": {
      "populations": {
        "minimum_age": "18 Years",
        "maximum_age": "NA",
        "country": "United States",
        "gender": "ALL"
      },
      "interventions": [
        "ANG1005"
      ],
      "outcomes": []
    }
  },
  {
    "nct_id": "NCT00539396",
    "conditions": [
      "Bristol Stool Type 1",
      "Diabetes Mellitus"
    ],
    "pico_attributes": {
      "populations": {
        "minimum_age": "18 Years",
        "maximum_age": "80 Years",
        "country": "",
        "gender": "ALL"
      },
      "interventions": [
        "INS protein, human"
      ],
      "outcomes": []
    }
  },
  {
    "nct_id": "NCT00539409",
    "conditions": [
      "Complication",
      "Diabetes Mellitus"
    ],
    "pico_attributes": {
      "populations": {
        "minimum_age": "21 Years",
        "maximum_age": "85 Years",
        "country": "United States",
        "gender": "ALL"
      },
      "interventions": [
        "Humulin R",
        "INS protein, human",
        "Intravenous therapy",
        "NovoLog",
        "Pulsatile"
      ],
      "outcomes": []
    }
  },
  {
    "nct_id": "NCT00539422",
    "conditions": [
      "Breast Carcinoma"
    ],
    "pico_attributes": {
      "populations": {
        "minimum_age": "33 Years",
        "maximum_age": "63 Years",
        "country": "Egypt",
        "gender": "FEMALE"
      },
      "interventions": [
        "Breast Carcinoma",
        "Pathologic Complete Response",
        "Serum Markers"
      ],
      "outcomes": []
    }
  },
  {
    "nct_id": "NCT00539435",
    "conditions": [
      "Complication",
      "Diabetes Mellitus"
    ],
    "pico_attributes": {
      "populations": {
        "minimum_age": "21 Years",
        "maximum_age": "85 Years",
        "country": "United States",
        "gender": "ALL"
      },
      "interventions": [
        "4-toluenesulfonamide",
        "Heart Diseases",
        "INS protein, human",
        "Intravenous",
        "diabetic"
      ],
      "outcomes": []
    }
  },
  {
    "nct_id": "NCT00539448",
    "conditions": [
      "Bristol Stool Type 1",
      "Diabetes Mellitus"
    ],
    "pico_attributes": {
      "populations": {
        "minimum_age": "18 Years",
        "maximum_age": "45 Years",
        "country": "United Arab Emirates",
        "gender": "ALL"
      },
      "interventions": [
        "insulin glargine",
        "insulin glulisine, human"
      ],
      "outcomes": []
    }
  },
  {
    "nct_id": "NCT00539461",
    "conditions": [
      "Restless Legs Syndrome"
    ],
    "pico_attributes": {
      "populations": {
        "minimum_age": "18 Years",
        "maximum_age": "NA",
        "country": "Germany",
        "gender": "ALL"
      },
      "interventions": [],
      "outcomes": []
    }
  },
  {
    "nct_id": "NCT00539474",
    "conditions": [
      "Breast Carcinoma"
    ],
    "pico_attributes": {
      "populations": {
        "minimum_age": "18 Years",
        "maximum_age": "NA",
        "country": "Netherlands",
        "gender": "FEMALE"
      },
      "interventions": [
        "Guide device",
        "Lesion",
        "Occult",
        "Radio",
        "establishment and maintenance of localization"
      ],
      "outcomes": []
    }
  },
  {
    "nct_id": "NCT00539487",
    "conditions": [
      "BODY MASS INDEX QUANTITATIVE TRAIT LOCUS 20",
      "Hypertension, CTCAE"
    ],
    "pico_attributes": {
      "populations": {
        "minimum_age": "18 Years",
        "maximum_age": "NA",
        "country": "Germany",
        "gender": "ALL"
      },
      "interventions": [],
      "outcomes": []
    }
  },
  {
    "nct_id": "NCT00539500",
    "conditions": [
      "Central neuroblastoma"
    ],
    "pico_attributes": {
      "populations": {
        "minimum_age": "NA",
        "maximum_age": "NA",
        "country": "United States",
        "gender": "ALL"
      },
      "interventions": [
        "Infusion procedures",
        "Stem cells",
        "carboplatin",
        "etoposide",
        "melphalan"
      ],
      "outcomes": [
        "Associated with",
        "Cell Transplantation",
        "Count of entities",
        "Daily",
        "Devices",
        "Failure",
        "Graft acceptance",
        "In addition to",
        "Participant",
        "Rate",
        "Related personal status",
        "Toxic effect",
        "Treating"
      ]
    }
  },
  {
    "nct_id": "NCT00539513",
    "conditions": [
      "Obsessive compulsive disorder drugs"
    ],
    "pico_attributes": {
      "populations": {
        "minimum_age": "18 Years",
        "maximum_age": "65 Years",
        "country": "United States",
        "gender": "ALL"
      },
      "interventions": [
        "Placebo Control",
        "acetylcysteine"
      ],
      "outcomes": [
        "ATF7IP protein, human",
        "BaseLine dental cement",
        "Depressed mood",
        "Equipment and supply inventories",
        "week"
      ]
    }
  },
  {
    "nct_id": "NCT00539526",
    "conditions": [
      "Glaucoma, Open-Angle",
      "Ocular Hypertension"
    ],
    "pico_attributes": {
      "populations": {
        "minimum_age": "18 Years",
        "maximum_age": "NA",
        "country": "United States",
        "gender": "ALL"
      },
      "interventions": [
        "0%",
        "0.005",
        "0.03",
        "Eye Drops",
        "bimatoprost",
        "latanoprost",
        "travoprost"
      ],
      "outcomes": [
        "Able to do little activity and spend most of the day in bed or chair",
        "BaseLine dental cement",
        "CD44 wt Allele",
        "Change -- procedure",
        "Conjunctival hyperemia",
        "Corneal epithelial staining pattern",
        "Laceration",
        "Medical Device Break",
        "Monthly (qualifier value)",
        "Population Mean",
        "Time",
        "fluorescein"
      ]
    }
  },
  {
    "nct_id": "NCT00539539",
    "conditions": [
      "Cardiac Arrest"
    ],
    "pico_attributes": {
      "populations": {
        "minimum_age": "18 Years",
        "maximum_age": "NA",
        "country": "United States",
        "gender": "ALL"
      },
      "interventions": [
        "Cardiopulmonary Resuscitation",
        "Technology"
      ],
      "outcomes": [
        "% release (qualifier value)",
        "Amount type - Percentage",
        "Arrival - action",
        "Cardiopulmonary Resuscitation",
        "Compressed structure",
        "Continuance of life",
        "Deep (qualifier value)",
        "Discharge to hospital (procedure)",
        "Document Completion - incomplete",
        "Endocrine System Findings Domain",
        "Fraction of",
        "Physiologic pulse",
        "Present",
        "Rate",
        "Resuscitation procedure"
      ]
    }
  },
  {
    "nct_id": "NCT00539565",
    "conditions": [
      "Biliary Atresia"
    ],
    "pico_attributes": {
      "populations": {
        "minimum_age": "NA",
        "maximum_age": "100 Days",
        "country": "United Kingdom",
        "gender": "ALL"
      },
      "interventions": [
        "Placebo Control",
        "prednisolone"
      ],
      "outcomes": []
    }
  },
  {
    "nct_id": "NCT00539578",
    "conditions": [
      "Generalized Anxiety Disorder"
    ],
    "pico_attributes": {
      "populations": {
        "minimum_age": "18 Years",
        "maximum_age": "70 Years",
        "country": "",
        "gender": "ALL"
      },
      "interventions": [
        "Comparator",
        "External cause codes: Unspecified",
        "Placebo Control"
      ],
      "outcomes": []
    }
  },
  {
    "nct_id": "NCT00539591",
    "conditions": [
      "Cutaneous Melanoma"
    ],
    "pico_attributes": {
      "populations": {
        "minimum_age": "NA",
        "maximum_age": "21 Years",
        "country": "United States",
        "gender": "ALL"
      },
      "interventions": [
        "interferon alfa-2b",
        "peginterferon alfa-2b",
        "temozolomide"
      ],
      "outcomes": [
        "% of total",
        "2b",
        "Assessment of quality of life",
        "Astler-Coller B1 Rectal Carcinoma",
        "B2",
        "BRIEF Health Literacy Screening Tool",
        "Behavior Assessment System for Children, Second Edition",
        "Conceptual Parent",
        "Evaluation procedure",
        "Experience",
        "Half-Life",
        "Interferon",
        "Mean score",
        "Median (qualifier value)",
        "Montreal Cognitive Assessment Total Score",
        "Number of patients",
        "Oroqen Chinese",
        "Patients",
        "Pediatric Quality of Life Inventory, Version 4",
        "Population Mean",
        "Psychological assessment",
        "Quality of life score",
        "Score",
        "Steady-State",
        "Target",
        "Toxic effect",
        "Trough Concentration"
      ]
    }
  },
  {
    "nct_id": "NCT00539604",
    "conditions": [
      "Coronary Arteriosclerosis"
    ],
    "pico_attributes": {
      "populations": {
        "minimum_age": "18 Years",
        "maximum_age": "80 Years",
        "country": "Italy",
        "gender": "ALL"
      },
      "interventions": [
        "Consent Type - Coronary Angiography",
        "Multidetector Computed Tomography"
      ],
      "outcomes": []
    }
  },
  {
    "nct_id": "NCT00539617",
    "conditions": [
      "Childhood Esophageal Carcinoma"
    ],
    "pico_attributes": {
      "populations": {
        "minimum_age": "18 Years",
        "maximum_age": "NA",
        "country": "United States",
        "gender": "ALL"
      },
      "interventions": [
        "erlotinib",
        "fluorouracil",
        "leucovorin",
        "oxaliplatin"
      ],
      "outcomes": []
    }
  },
  {
    "nct_id": "NCT00539630",
    "conditions": [
      "Carcinoma",
      "Squamous Epithelial Cells"
    ],
    "pico_attributes": {
      "populations": {
        "minimum_age": "18 Years",
        "maximum_age": "70 Years",
        "country": "Korea, Republic of",
        "gender": "ALL"
      },
      "interventions": [
        "docetaxel"
      ],
      "outcomes": []
    }
  },
  {
    "nct_id": "NCT00539643",
    "conditions": [
      "Adult Liver Carcinoma",
      "Liver carcinoma"
    ],
    "pico_attributes": {
      "populations": {
        "minimum_age": "18 Years",
        "maximum_age": "NA",
        "country": "United States",
        "gender": "ALL"
      },
      "interventions": [
        "(City) Block",
        "AKR1A1 wt Allele",
        "Bead shape",
        "Microspheres",
        "doxorubicin"
      ],
      "outcomes": [
        "Count of entities",
        "Evaluation",
        "Overall Survival",
        "Participant",
        "Progression-Free Survival",
        "Response Evaluation Criteria in Solid Tumors",
        "Response to treatment",
        "Toxic effect",
        "criteria"
      ]
    }
  },
  {
    "nct_id": "NCT00539656",
    "conditions": [
      "Acute Myeloid Leukemia Pathway",
      "Childhood Leukemia",
      "Myeloid",
      "acute",
      "chronic",
      "lymphoblast"
    ],
    "pico_attributes": {
      "populations": {
        "minimum_age": "6 Months",
        "maximum_age": "55 Years",
        "country": "United States",
        "gender": "ALL"
      },
      "interventions": [
        "Specimen Source Codes - Cord blood",
        "ex vivo"
      ],
      "outcomes": [
        "Aspects of mortality statistics",
        "Blood product",
        "Cone-Rod Dystrophy 2",
        "Count of entities",
        "Expanding",
        "Global Relapse",
        "Infusion procedures",
        "Negation",
        "Neutrophil Engraftment",
        "Participant",
        "Relative to",
        "Specimen Source Codes - Cord blood",
        "Toxic effect",
        "day",
        "product"
      ]
    }
  },
  {
    "nct_id": "NCT00539669",
    "conditions": [
      "ovarian neoplasm"
    ],
    "pico_attributes": {
      "populations": {
        "minimum_age": "18 Years",
        "maximum_age": "NA",
        "country": "Korea, Republic of",
        "gender": "FEMALE"
      },
      "interventions": [
        "docetaxel"
      ],
      "outcomes": []
    }
  },
  {
    "nct_id": "NCT00539695",
    "conditions": [
      "Acute lymphocytic leukemia",
      "Adult Hodgkin Lymphoma",
      "Adult Myelodysplastic Syndrome",
      "Adult Non-Hodgkin Lymphoma",
      "All",
      "Allogeneic",
      "Allogeneic Hematopoietic Stem Cell Transplantation",
      "Chronic myeloproliferative disorder",
      "Disease",
      "Leukemia, Myelocytic, Acute",
      "Myeloid Leukemia, Chronic",
      "Non-Malignant"
    ],
    "pico_attributes": {
      "populations": {
        "minimum_age": "NA",
        "maximum_age": "70 Years",
        "country": "United States",
        "gender": "ALL"
      },
      "interventions": [
        "IL2 gene"
      ],
      "outcomes": [
        "Acute GVH disease",
        "Amount type - Percentage",
        "Ancillary Study",
        "Bayer Corneal Epitheliopathy Grade 3",
        "Before",
        "Borg Category-Ratio 10 Perceived Exertion Score 5",
        "CD4+ CD25+ Regulatory T Cells",
        "Change -- procedure",
        "Dose Rate",
        "Dose-Limiting",
        "FOXP3 gene",
        "IL2 gene",
        "IV number:ID:Pt:^Patient:Nom",
        "Infusion procedures",
        "Limited (extensiveness)",
        "Post",
        "Rate",
        "Toxic effect"
      ]
    }
  },
  {
    "nct_id": "NCT00539708",
    "conditions": [
      "Respiratory Failure"
    ],
    "pico_attributes": {
      "populations": {
        "minimum_age": "18 Years",
        "maximum_age": "NA",
        "country": "Spain",
        "gender": "ALL"
      },
      "interventions": [
        "Noninvasive Ventilation"
      ],
      "outcomes": []
    }
  },
  {
    "nct_id": "NCT00539721",
    "conditions": [
      "Bothered by Vomiting",
      "Postoperative Nausea"
    ],
    "pico_attributes": {
      "populations": {
        "minimum_age": "18 Years",
        "maximum_age": "NA",
        "country": "United States",
        "gender": "FEMALE"
      },
      "interventions": [
        "Dosage",
        "Placebo Control",
        "ondansetron",
        "rolapitant"
      ],
      "outcomes": []
    }
  },
  {
    "nct_id": "NCT00539734",
    "conditions": [
      "Age related macular degeneration"
    ],
    "pico_attributes": {
      "populations": {
        "minimum_age": "45 Years",
        "maximum_age": "NA",
        "country": "Thailand",
        "gender": "ALL"
      },
      "interventions": [
        "ranibizumab"
      ],
      "outcomes": [
        "Amplitude",
        "Height",
        "Multifocal electroretinography",
        "Postoperative Complications",
        "Signal"
      ]
    }
  },
  {
    "nct_id": "NCT00539747",
    "conditions": [
      "Huntington Disease"
    ],
    "pico_attributes": {
      "populations": {
        "minimum_age": "18 Years",
        "maximum_age": "NA",
        "country": "United States",
        "gender": "ALL"
      },
      "interventions": [],
      "outcomes": []
    }
  },
  {
    "nct_id": "NCT00539760",
    "conditions": [
      "Arthritis"
    ],
    "pico_attributes": {
      "populations": {
        "minimum_age": "18 Years",
        "maximum_age": "55 Years",
        "country": "United States",
        "gender": "ALL"
      },
      "interventions": [
        "Placebo Control"
      ],
      "outcomes": []
    }
  },
  {
    "nct_id": "NCT00539773",
    "conditions": [
      "Carcinoma of bladder",
      "Marketing basis - Transitional"
    ],
    "pico_attributes": {
      "populations": {
        "minimum_age": "NA",
        "maximum_age": "NA",
        "country": "",
        "gender": "ALL"
      },
      "interventions": [
        "Interferon"
      ],
      "outcomes": []
    }
  },
  {
    "nct_id": "NCT00539786",
    "conditions": [
      "Gastroesophageal Reflux Disease, CTCAE"
    ],
    "pico_attributes": {
      "populations": {
        "minimum_age": "20 Years",
        "maximum_age": "75 Years",
        "country": "Korea, Republic of",
        "gender": "ALL"
      },
      "interventions": [
        "H+/K+-exchanging ATPase inhibitor (disposition)",
        "rabeprazole"
      ],
      "outcomes": []
    }
  },
  {
    "nct_id": "NCT00539799",
    "conditions": [
      "Lupus Nephritis"
    ],
    "pico_attributes": {
      "populations": {
        "minimum_age": "18 Years",
        "maximum_age": "NA",
        "country": "United Kingdom",
        "gender": "ALL"
      },
      "interventions": [
        "Placebo Control",
        "prednisolone"
      ],
      "outcomes": []
    }
  },
  {
    "nct_id": "NCT00539812",
    "conditions": [
      "Alcohol or Other Drugs use",
      "Intimate Partner Violence"
    ],
    "pico_attributes": {
      "populations": {
        "minimum_age": "NA",
        "maximum_age": "NA",
        "country": "United States",
        "gender": "FEMALE"
      },
      "interventions": [
        "Alcohols",
        "Combined",
        "Standard (document)",
        "brief intervention",
        "care activity"
      ],
      "outcomes": []
    }
  },
  {
    "nct_id": "NCT00539825",
    "conditions": [
      "Lung diseases",
      "Obstructed",
      "chronic"
    ],
    "pico_attributes": {
      "populations": {
        "minimum_age": "18 Years",
        "maximum_age": "55 Years",
        "country": "United Kingdom",
        "gender": "MALE"
      },
      "interventions": [],
      "outcomes": []
    }
  },
  {
    "nct_id": "NCT00539838",
    "conditions": [
      "Lupus Erythematosus, Systemic"
    ],
    "pico_attributes": {
      "populations": {
        "minimum_age": "16 Years",
        "maximum_age": "NA",
        "country": "United States",
        "gender": "ALL"
      },
      "interventions": [
        "Immunosuppressive Agents",
        "Placebo Control",
        "azathioprine",
        "methotrexate",
        "methylprednisolone",
        "mycophenolate mofetil",
        "ocrelizumab",
        "prednisone"
      ],
      "outcomes": [
        "% index",
        "48",
        "5D",
        "72",
        "96",
        "ADHD hyperactive symptoms mean score:Score:Pt:^Patient:Qn:Calculated",
        "Adjustment Action",
        "Adverse Event Domain",
        "Assessed",
        "BaseLine dental cement",
        "Better",
        "Brief Pain Inventory Short Form Questionnaire",
        "Change -- procedure",
        "Clinical Partial Response",
        "Count of entities",
        "Daily",
        "Equal",
        "Exacerbation of cGVHD",
        "Experience",
        "FACIT",
        "Fatigue",
        "Feel Pain",
        "First (number)",
        "From",
        "Function (attribute)",
        "IMPACT gene",
        "In addition to",
        "Major",
        "Marrow Complete Response",
        "Mean score",
        "Measured",
        "Moderate to severe",
        "Negation",
        "Pain quality",
        "Participant",
        "Pathologic Complete Response",
        "Proportion",
        "Rate",
        "SF-36",
        "Score",
        "Singular",
        "Summary (document)",
        "Systemic lupus erythematosus disease activity index",
        "Time",
        "Utilities (organization)",
        "Weekly"
      ]
    }
  },
  {
    "nct_id": "NCT00539851",
    "conditions": [
      "Diabetes Mellitus"
    ],
    "pico_attributes": {
      "populations": {
        "minimum_age": "18 Years",
        "maximum_age": "65 Years",
        "country": "United States",
        "gender": "ALL"
      },
      "interventions": [],
      "outcomes": []
    }
  },
  {
    "nct_id": "NCT00539864",
    "conditions": [
      "Influenza"
    ],
    "pico_attributes": {
      "populations": {
        "minimum_age": "50 Years",
        "maximum_age": "64 Years",
        "country": "United States",
        "gender": "ALL"
      },
      "interventions": [
        "FluBlok",
        "Fluzone",
        "Influenza vaccination",
        "Tiv Language"
      ],
      "outcomes": [
        "50-64",
        "Adverse Event Domain",
        "Age-Years",
        "Amount type - Percentage",
        "Comparison",
        "Count of entities",
        "Evaluation",
        "FluBlok",
        "HIV Seroconversion",
        "Immunogenicity (package insert)",
        "Participant",
        "Scanning Auger Spectrometer (device)",
        "Tiv Language",
        "Well adult"
      ]
    }
  },
  {
    "nct_id": "NCT00539877",
    "conditions": [
      "Stomach Neoplasms"
    ],
    "pico_attributes": {
      "populations": {
        "minimum_age": "18 Years",
        "maximum_age": "NA",
        "country": "Korea, Republic of",
        "gender": "ALL"
      },
      "interventions": [
        "irinotecan"
      ],
      "outcomes": []
    }
  },
  {
    "nct_id": "NCT00539890",
    "conditions": [
      "Diabetes Mellitus, Non-Insulin-Dependent"
    ],
    "pico_attributes": {
      "populations": {
        "minimum_age": "18 Years",
        "maximum_age": "80 Years",
        "country": "Russian Federation",
        "gender": "ALL"
      },
      "interventions": [
        "INS protein, human"
      ],
      "outcomes": []
    }
  },
  {
    "nct_id": "NCT00539903",
    "conditions": [
      "Exercise"
    ],
    "pico_attributes": {
      "populations": {
        "minimum_age": "25 Years",
        "maximum_age": "55 Years",
        "country": "Norway",
        "gender": "MALE"
      },
      "interventions": [],
      "outcomes": []
    }
  },
  {
    "nct_id": "NCT00539916",
    "conditions": [
      "Disease",
      "cardiovascular risk factor"
    ],
    "pico_attributes": {
      "populations": {
        "minimum_age": "50 Years",
        "maximum_age": "65 Years",
        "country": "France",
        "gender": "MALE"
      },
      "interventions": [
        "Consumption of goods",
        "Regular",
        "orange juice"
      ],
      "outcomes": []
    }
  },
  {
    "nct_id": "NCT00539929",
    "conditions": [
      "Chronic small plaque psoriasis",
      "chronic"
    ],
    "pico_attributes": {
      "populations": {
        "minimum_age": "18 Years",
        "maximum_age": "NA",
        "country": "United States",
        "gender": "ALL"
      },
      "interventions": [
        "0.005",
        "0.01",
        "0.03",
        "MEK-1/MEKK-1 Inhibitor E6201",
        "Placebo Control"
      ],
      "outcomes": []
    }
  },
  {
    "nct_id": "NCT00539942",
    "conditions": [
      "Venous Thrombosis"
    ],
    "pico_attributes": {
      "populations": {
        "minimum_age": "19 Years",
        "maximum_age": "85 Years",
        "country": "United States",
        "gender": "FEMALE"
      },
      "interventions": [
        "Arixtra",
        "fondaparinux sodium"
      ],
      "outcomes": [
        "Arixtra",
        "Effect",
        "Incidence"
      ]
    }
  },
  {
    "nct_id": "NCT00539955",
    "conditions": [
      "Alcohol consumption",
      "Intimate Partner Violence"
    ],
    "pico_attributes": {
      "populations": {
        "minimum_age": "NA",
        "maximum_age": "NA",
        "country": "United States",
        "gender": "MALE"
      },
      "interventions": [
        "Alcohols",
        "Intervention regimes",
        "Standard (document)",
        "brief intervention"
      ],
      "outcomes": []
    }
  },
  {
    "nct_id": "NCT00539968",
    "conditions": [
      "Breast Carcinoma",
      "Carcinoma of lung",
      "Carcinoma, Ovarian Epithelial",
      "Malignant neoplasm of prostate",
      "Malignant neoplasm of stomach"
    ],
    "pico_attributes": {
      "populations": {
        "minimum_age": "18 Years",
        "maximum_age": "NA",
        "country": "United States",
        "gender": "ALL"
      },
      "interventions": [
        "In addition to",
        "docetaxel/lonafarnib"
      ],
      "outcomes": []
    }
  },
  {
    "nct_id": "NCT00539981",
    "conditions": [
      "Influenza"
    ],
    "pico_attributes": {
      "populations": {
        "minimum_age": "18 Years",
        "maximum_age": "49 Years",
        "country": "United States",
        "gender": "ALL"
      },
      "interventions": [
        "FluBlok",
        "Placebo Control"
      ],
      "outcomes": [
        "Adverse Event Domain",
        "Amount type - Percentage",
        "Anthropological Culture",
        "Antigens",
        "BRAF Gene Rearrangement",
        "Cell Culture",
        "Centers for Disease Control and Prevention (U.S.)",
        "Complement dependent cytotoxicity",
        "Confirmation",
        "Count of entities",
        "Definable",
        "FluBlok",
        "HIV Seroconversion",
        "In addition to",
        "Influenza vaccine:-:Point in time:^Patient:-",
        "Influenza-like illness",
        "Injection site",
        "Isolated limb perfusion",
        "Local",
        "Participant",
        "Post",
        "Reaction",
        "Reporting",
        "Systemic Reaction",
        "Vaccination",
        "percent positive cells"
      ]
    }
  }
]