[
  {
    "nct_id": "NCT00012168",
    "conditions": [
      "Head and Neck Carcinoma"
    ],
    "pico_attributes": {
      "populations": {
        "minimum_age": "18 Years",
        "maximum_age": "70 Years",
        "country": "United States",
        "gender": "ALL"
      },
      "interventions": [
        "Aspects of radionuclide imaging",
        "Immunohistochemistry",
        "Lymphangiography",
        "Polymerase Chain Reaction",
        "Sentinel Lymph Node Biopsy",
        "iso-sulfan blue",
        "technetium Tc-99m sulfur colloid"
      ],
      "outcomes": []
    }
  },
  {
    "nct_id": "NCT00012181",
    "conditions": [
      "Childhood Kidney Neoplasm",
      "Childhood Solid Neoplasm",
      "Clinical trial protocol",
      "Entity Determiner - specific",
      "External cause codes: Unspecified",
      "Glioblastoma Multiforme Pathway",
      "Hypothalamic structure",
      "Recurrent Childhood Acute Lymphoblastic Leukemia",
      "Recurrent Childhood Brain Stem Glioma",
      "Recurrent Childhood Burkitt Lymphoma",
      "Recurrent Childhood Cerebellar Astrocytoma",
      "Recurrent Childhood Cerebral Astrocytoma",
      "Recurrent Childhood Ependymoma",
      "Recurrent Childhood Hodgkin Lymphoma",
      "Recurrent Childhood Large Cell Lymphoma",
      "Recurrent Childhood Liver Cancer",
      "Recurrent Childhood Lymphoblastic Lymphoma",
      "Recurrent Childhood Malignant Germ Cell Tumor",
      "Recurrent Childhood Medulloblastoma",
      "Recurrent Childhood Rhabdomyosarcoma",
      "Recurrent Childhood Soft Tissue Sarcoma",
      "Recurrent Childhood Supratentorial Embryonal Tumor, Not Otherwise Specified",
      "Recurrent Childhood Visual Pathway Glioma",
      "Recurrent Kidney Wilms Tumor",
      "Recurrent Neuroblastoma",
      "Recurrent Osteosarcoma",
      "Recurrent Retinoblastoma",
      "Recurrent tumors of the Ewing's family",
      "Visual Pathways"
    ],
    "pico_attributes": {
      "populations": {
        "minimum_age": "NA",
        "maximum_age": "21 Years",
        "country": "United States",
        "gender": "ALL"
      },
      "interventions": [
        "Flavopiridol",
        "Pharmacological Study"
      ],
      "outcomes": []
    }
  },
  {
    "nct_id": "NCT00012194",
    "conditions": [
      "Adult Solid Neoplasm",
      "Clinical trial protocol",
      "Entity Determiner - specific",
      "External cause codes: Unspecified"
    ],
    "pico_attributes": {
      "populations": {
        "minimum_age": "18 Years",
        "maximum_age": "NA",
        "country": "United States",
        "gender": "ALL"
      },
      "interventions": [
        "7-hydroxystaurosporine",
        "Laboratory Biomarker Analysis",
        "cisplatin"
      ],
      "outcomes": []
    }
  },
  {
    "nct_id": "NCT00012207",
    "conditions": [
      "Adult Lymphoma",
      "Childhood Leukemia"
    ],
    "pico_attributes": {
      "populations": {
        "minimum_age": "NA",
        "maximum_age": "NA",
        "country": "United States",
        "gender": "ALL"
      },
      "interventions": [
        "Adjuvant Therapy",
        "aldesleukin",
        "cyclophosphamide",
        "prednisone",
        "therapeutic autologous lymphocytes",
        "vincristine sulfate"
      ],
      "outcomes": []
    }
  },
  {
    "nct_id": "NCT00012220",
    "conditions": [
      "Malignant neoplasm of pancreas"
    ],
    "pico_attributes": {
      "populations": {
        "minimum_age": "18 Years",
        "maximum_age": "NA",
        "country": "United States",
        "gender": "ALL"
      },
      "interventions": [
        "cisplatin",
        "docetaxel",
        "gemcitabine hydrochloride",
        "irinotecan hydrochloride"
      ],
      "outcomes": []
    }
  },
  {
    "nct_id": "NCT00012246",
    "conditions": [
      "Carcinoma of extrahepatic bile duct",
      "Childhood Esophageal Carcinoma",
      "Colorectal Cancer Pathway",
      "Gallbladder Carcinoma",
      "Malignant neoplasm of pancreas",
      "Malignant neoplasm of stomach",
      "Malignant tumor of small intestine"
    ],
    "pico_attributes": {
      "populations": {
        "minimum_age": "18 Years",
        "maximum_age": "NA",
        "country": "United States",
        "gender": "ALL"
      },
      "interventions": [
        "CSF2 gene",
        "Carcinoembryonic Antigen Peptide 1-6D",
        "incomplete Freund's adjuvant"
      ],
      "outcomes": []
    }
  },
  {
    "nct_id": "NCT00012259",
    "conditions": [
      "Childhood Leukemia"
    ],
    "pico_attributes": {
      "populations": {
        "minimum_age": "16 Years",
        "maximum_age": "120 Years",
        "country": "United States",
        "gender": "ALL"
      },
      "interventions": [
        "troxacitabine"
      ],
      "outcomes": []
    }
  },
  {
    "nct_id": "NCT00012298",
    "conditions": [
      "Malignant lymphoma - lymphoplasmacytic",
      "Monocytoid B-cell lymphoma",
      "Mucosa-Associated Lymphoid Tissue Lymphoma",
      "Recurrent Grade 1 Follicular Lymphoma",
      "Recurrent Grade 2 Follicular Lymphoma",
      "Recurrent Grade 3 Follicular Lymphoma",
      "Recurrent Marginal Zone Lymphoma",
      "Recurrent Small Lymphocytic Lymphoma",
      "Splenic Marginal Zone B-Cell Lymphoma"
    ],
    "pico_attributes": {
      "populations": {
        "minimum_age": "18 Years",
        "maximum_age": "NA",
        "country": "United States",
        "gender": "ALL"
      },
      "interventions": [
        "CSF3 gene",
        "IL11 gene",
        "Indium In-111 Ibritumomab Tiuxetan",
        "rituximab",
        "yttrium-90-ibritumomab tiuxetan"
      ],
      "outcomes": [
        "+2",
        "Appearance",
        "Biological Response Modifiers",
        "Chemical Association",
        "Continuance of life",
        "Disease Progression",
        "Disease Response",
        "Dosage",
        "Electromagnetic Radiation",
        "Empty (qualifier)",
        "Experimental Result",
        "Group Sequential Design",
        "How Often Felt Normal question",
        "Image",
        "Indicated",
        "Neoplasms",
        "Organ",
        "Patients",
        "Positron-Emission Tomography",
        "Precision - second",
        "Proportion",
        "Quantity",
        "Radionuclide Imaging",
        "Receive",
        "Stage level 1",
        "Stage level 2",
        "Time to Progression"
      ]
    }
  },
  {
    "nct_id": "NCT00012311",
    "conditions": [
      "Breast Carcinoma"
    ],
    "pico_attributes": {
      "populations": {
        "minimum_age": "18 Years",
        "maximum_age": "59 Years",
        "country": "United States",
        "gender": "FEMALE"
      },
      "interventions": [
        "CSF3 gene",
        "Peripheral Stem Cell Transplantation",
        "carboplatin",
        "cyclophosphamide",
        "cyclophosphamide/fluorouracil/methotrexate protocol",
        "docetaxel",
        "doxorubicin hydrochloride",
        "etoposide",
        "fluorouracil",
        "ifosfamide",
        "methotrexate",
        "thiotepa"
      ],
      "outcomes": []
    }
  },
  {
    "nct_id": "NCT00012324",
    "conditions": [
      "Adult Liver Carcinoma"
    ],
    "pico_attributes": {
      "populations": {
        "minimum_age": "18 Years",
        "maximum_age": "NA",
        "country": "United States",
        "gender": "ALL"
      },
      "interventions": [
        "doxorubicin hydrochloride",
        "nolatrexed dihydrochloride"
      ],
      "outcomes": []
    }
  },
  {
    "nct_id": "NCT00012337",
    "conditions": [
      "Malignant neoplasm of kidney"
    ],
    "pico_attributes": {
      "populations": {
        "minimum_age": "NA",
        "maximum_age": "NA",
        "country": "United States",
        "gender": "ALL"
      },
      "interventions": [
        "gefitinib"
      ],
      "outcomes": []
    }
  },
  {
    "nct_id": "NCT00012350",
    "conditions": [
      "Multiple Myeloma"
    ],
    "pico_attributes": {
      "populations": {
        "minimum_age": "18 Years",
        "maximum_age": "NA",
        "country": "United States",
        "gender": "ALL"
      },
      "interventions": [
        "Farnesyl Transferase Inhibitor"
      ],
      "outcomes": []
    }
  },
  {
    "nct_id": "NCT00012363",
    "conditions": [
      "Childhood Esophageal Carcinoma",
      "Malignant neoplasm of stomach"
    ],
    "pico_attributes": {
      "populations": {
        "minimum_age": "18 Years",
        "maximum_age": "NA",
        "country": "United States",
        "gender": "ALL"
      },
      "interventions": [
        "gemcitabine hydrochloride",
        "irinotecan hydrochloride"
      ],
      "outcomes": []
    }
  },
  {
    "nct_id": "NCT00012376",
    "conditions": [
      "11q23",
      "5q",
      "Adult Acute Myeloblastic Leukemia",
      "Blast Phase",
      "Chromosome Deletion",
      "Chromosome inversion",
      "Congenital Abnormality",
      "Decreased platelet count",
      "EXOSC1 gene",
      "Juvenile Myelomonocytic Leukemia",
      "Leukemia, Myeloid, Accelerated Phase",
      "Leukemia, Myeloid, Chronic-Phase",
      "MYELODYSPLASTIC SYNDROME",
      "Myeloid Leukemia, Chronic",
      "PIGA gene",
      "Refractory anemia with ringed sideroblasts",
      "Refractory anemia, without ringed sideroblasts, without excess blasts",
      "Relapse",
      "Treating",
      "Untreated Adult Acute Myeloid Leukemia",
      "recurrent adult acute myeloid leukemia"
    ],
    "pico_attributes": {
      "populations": {
        "minimum_age": "18 Years",
        "maximum_age": "NA",
        "country": "United States",
        "gender": "ALL"
      },
      "interventions": [
        "CSF2 gene",
        "Laboratory Biomarker Analysis",
        "Pharmacological Study",
        "bryostatin 1"
      ],
      "outcomes": []
    }
  },
  {
    "nct_id": "NCT00012389",
    "conditions": [
      "Colorectal Cancer Pathway"
    ],
    "pico_attributes": {
      "populations": {
        "minimum_age": "18 Years",
        "maximum_age": "NA",
        "country": "United States",
        "gender": "ALL"
      },
      "interventions": [
        "irinotecan hydrochloride",
        "oxaliplatin"
      ],
      "outcomes": []
    }
  },
  {
    "nct_id": "NCT00012428",
    "conditions": [
      "Maternal Exposure"
    ],
    "pico_attributes": {
      "populations": {
        "minimum_age": "16 Years",
        "maximum_age": "NA",
        "country": "",
        "gender": "FEMALE"
      },
      "interventions": [],
      "outcomes": []
    }
  },
  {
    "nct_id": "NCT00012441",
    "conditions": [
      "Kidney Failure",
      "chronic"
    ],
    "pico_attributes": {
      "populations": {
        "minimum_age": "21 Years",
        "maximum_age": "75 Years",
        "country": "United States",
        "gender": "ALL"
      },
      "interventions": [
        "Drug Administration via Hemodialysis"
      ],
      "outcomes": []
    }
  },
  {
    "nct_id": "NCT00012454",
    "conditions": [
      "Cerebrovascular accident",
      "Transient Ischemic Attack"
    ],
    "pico_attributes": {
      "populations": {
        "minimum_age": "NA",
        "maximum_age": "NA",
        "country": "United States",
        "gender": "ALL"
      },
      "interventions": [
        "E-Selectin",
        "Nasal Spray"
      ],
      "outcomes": []
    }
  },
  {
    "nct_id": "NCT00012467",
    "conditions": [
      "Cryptococcus",
      "HIV Infections",
      "Meningitis"
    ],
    "pico_attributes": {
      "populations": {
        "minimum_age": "13 Years",
        "maximum_age": "NA",
        "country": "United States",
        "gender": "ALL"
      },
      "interventions": [
        "amphotericin B",
        "fluconazole",
        "flucytosine",
        "interferon gamma-1b",
        "itraconazole"
      ],
      "outcomes": []
    }
  },
  {
    "nct_id": "NCT00012480",
    "conditions": [
      "Genital Diseases, Male",
      "Lead Poisoning",
      "Male infertility",
      "Testicular Diseases",
      "Urology"
    ],
    "pico_attributes": {
      "populations": {
        "minimum_age": "21 Years",
        "maximum_age": "55 Years",
        "country": "United States",
        "gender": "MALE"
      },
      "interventions": [],
      "outcomes": []
    }
  },
  {
    "nct_id": "NCT00012493",
    "conditions": [
      "Heart Diseases"
    ],
    "pico_attributes": {
      "populations": {
        "minimum_age": "45 Years",
        "maximum_age": "74 Years",
        "country": "United States",
        "gender": "ALL"
      },
      "interventions": [],
      "outcomes": []
    }
  },
  {
    "nct_id": "NCT00012506",
    "conditions": [
      "Arthritis",
      "Juvenile",
      "Uveitis"
    ],
    "pico_attributes": {
      "populations": {
        "minimum_age": "2 Years",
        "maximum_age": "18 Years",
        "country": "United States",
        "gender": "ALL"
      },
      "interventions": [
        "Food Consumption",
        "TNFRSF1A gene"
      ],
      "outcomes": []
    }
  },
  {
    "nct_id": "NCT00012519",
    "conditions": [
      "HIV Infections"
    ],
    "pico_attributes": {
      "populations": {
        "minimum_age": "2 Years",
        "maximum_age": "17 Years",
        "country": "United States",
        "gender": "ALL"
      },
      "interventions": [
        "indinavir sulfate",
        "ritonavir"
      ],
      "outcomes": []
    }
  },
  {
    "nct_id": "NCT00012545",
    "conditions": [
      "Anemia, Sickle Cell",
      "Sickle Cell Trait"
    ],
    "pico_attributes": {
      "populations": {
        "minimum_age": "18 Years",
        "maximum_age": "45 Years",
        "country": "United States",
        "gender": "ALL"
      },
      "interventions": [],
      "outcomes": []
    }
  },
  {
    "nct_id": "NCT00012558",
    "conditions": [
      "Bipolar Disorder"
    ],
    "pico_attributes": {
      "populations": {
        "minimum_age": "15 Years",
        "maximum_age": "NA",
        "country": "United States",
        "gender": "ALL"
      },
      "interventions": [
        "Cognitive Therapy",
        "Family counseling",
        "Focal",
        "Interpersonal",
        "Lamotrigine measurement",
        "Lithium antipsychotics",
        "Paroxetine measurement",
        "Rhythm",
        "Social therapy",
        "bupropion",
        "inositol",
        "risperidone",
        "tranylcypromine",
        "valproate"
      ],
      "outcomes": []
    }
  },
  {
    "nct_id": "NCT00012584",
    "conditions": [
      "Anxiety",
      "Attention deficit hyperactivity disorder",
      "Diastasis",
      "Generalized Anxiety Disorder",
      "Phobia, Social"
    ],
    "pico_attributes": {
      "populations": {
        "minimum_age": "6 Years",
        "maximum_age": "17 Years",
        "country": "United States",
        "gender": "ALL"
      },
      "interventions": [
        "Fluvoxamine measurement",
        "methylphenidate"
      ],
      "outcomes": []
    }
  },
  {
    "nct_id": "NCT00012597",
    "conditions": [
      "Pressure Ulcer"
    ],
    "pico_attributes": {
      "populations": {
        "minimum_age": "18 Years",
        "maximum_age": "NA",
        "country": "United States",
        "gender": "ALL"
      },
      "interventions": [
        "Base - General Qualifier",
        "Device system",
        "Internet",
        "Pressure ulcer assessment",
        "Status",
        "Telemedicine"
      ],
      "outcomes": []
    }
  },
  {
    "nct_id": "NCT00012610",
    "conditions": [
      "Depressed mood"
    ],
    "pico_attributes": {
      "populations": {
        "minimum_age": "NA",
        "maximum_age": "NA",
        "country": "United States",
        "gender": "ALL"
      },
      "interventions": [],
      "outcomes": []
    }
  },
  {
    "nct_id": "NCT00012623",
    "conditions": [
      "Angina Pectoris",
      "Diabetes",
      "Hypertension, CTCAE"
    ],
    "pico_attributes": {
      "populations": {
        "minimum_age": "18 Years",
        "maximum_age": "NA",
        "country": "United States",
        "gender": "ALL"
      },
      "interventions": [],
      "outcomes": []
    }
  },
  {
    "nct_id": "NCT00012636",
    "conditions": [
      "Hypertension, CTCAE"
    ],
    "pico_attributes": {
      "populations": {
        "minimum_age": "NA",
        "maximum_age": "NA",
        "country": "United States",
        "gender": "ALL"
      },
      "interventions": [
        "Agreement",
        "Clinician",
        "Computers",
        "DELIVER (Dietary Supplement)",
        "Generation (action)",
        "Guideline [Publication Type]",
        "Pharmacotherapy",
        "Statement"
      ],
      "outcomes": []
    }
  },
  {
    "nct_id": "NCT00012649",
    "conditions": [
      "Diabetes"
    ],
    "pico_attributes": {
      "populations": {
        "minimum_age": "NA",
        "maximum_age": "NA",
        "country": "United States",
        "gender": "ALL"
      },
      "interventions": [],
      "outcomes": []
    }
  },
  {
    "nct_id": "NCT00012662",
    "conditions": [
      "Abnormally high",
      "American College of Cardiology/American Heart Association Lesion Complexity Score C",
      "Control function",
      "Diabetes",
      "Diabetic education",
      "IPSS-R Risk Category High",
      "Self management:Finding:Point in time:^Patient:Ordinal",
      "diabetes risk"
    ],
    "pico_attributes": {
      "populations": {
        "minimum_age": "18 Years",
        "maximum_age": "NA",
        "country": "United States",
        "gender": "ALL"
      },
      "interventions": [
        "Diabetes self-management behavior",
        "Educational Status"
      ],
      "outcomes": []
    }
  },
  {
    "nct_id": "NCT00012675",
    "conditions": [
      "Diabetes"
    ],
    "pico_attributes": {
      "populations": {
        "minimum_age": "18 Years",
        "maximum_age": "NA",
        "country": "United States",
        "gender": "ALL"
      },
      "interventions": [],
      "outcomes": []
    }
  },
  {
    "nct_id": "NCT00012688",
    "conditions": [
      "Diabetes Mellitus",
      "Disease",
      "Poor glycemic control"
    ],
    "pico_attributes": {
      "populations": {
        "minimum_age": "NA",
        "maximum_age": "NA",
        "country": "United States",
        "gender": "ALL"
      },
      "interventions": [
        "0.12",
        "PO-2",
        "Peeling of skin",
        "Ultrasonic",
        "chlorhexidine gluconate",
        "doxycycline",
        "week"
      ],
      "outcomes": []
    }
  },
  {
    "nct_id": "NCT00012701",
    "conditions": [
      "Clinical",
      "Disease classification level",
      "Facility",
      "HIV Seropositivity",
      "Reminder",
      "care activity"
    ],
    "pico_attributes": {
      "populations": {
        "minimum_age": "NA",
        "maximum_age": "NA",
        "country": "United States",
        "gender": "ALL"
      },
      "interventions": [],
      "outcomes": []
    }
  },
  {
    "nct_id": "NCT00012714",
    "conditions": [
      "Rehabilitation service"
    ],
    "pico_attributes": {
      "populations": {
        "minimum_age": "55 Years",
        "maximum_age": "NA",
        "country": "United States",
        "gender": "ALL"
      },
      "interventions": [
        "Case management (procedure)",
        "Services"
      ],
      "outcomes": []
    }
  },
  {
    "nct_id": "NCT00012727",
    "conditions": [
      "Dual diagnosis (psychiatry)"
    ],
    "pico_attributes": {
      "populations": {
        "minimum_age": "NA",
        "maximum_age": "NA",
        "country": "United States",
        "gender": "ALL"
      },
      "interventions": [
        "ActInformationPrivacyReason <service>",
        "MATCHING",
        "Severities",
        "Severity of symptoms:Finding:Point in time:^Patient:Ordinal",
        "Symptom:Find:Pt:^Patient:Nom",
        "With intensity"
      ],
      "outcomes": []
    }
  },
  {
    "nct_id": "NCT00012740",
    "conditions": [
      "Depressed mood",
      "Impaired cognition",
      "Incontinence"
    ],
    "pico_attributes": {
      "populations": {
        "minimum_age": "65 Years",
        "maximum_age": "NA",
        "country": "United States",
        "gender": "ALL"
      },
      "interventions": [
        "CDISC SDTM Case Finding Terminology",
        "Device system",
        "Patient referral"
      ],
      "outcomes": []
    }
  },
  {
    "nct_id": "NCT00012753",
    "conditions": [
      "Diabetes"
    ],
    "pico_attributes": {
      "populations": {
        "minimum_age": "18 Years",
        "maximum_age": "75 Years",
        "country": "United States",
        "gender": "ALL"
      },
      "interventions": [
        "Automated (qualifier value)",
        "Clinical Study Follow-up",
        "Evaluation procedure",
        "Health Status",
        "Health evaluation",
        "Nurses",
        "Status",
        "Telephone"
      ],
      "outcomes": []
    }
  },
  {
    "nct_id": "NCT00012766",
    "conditions": [
      "Depressed mood",
      "Primary Health Care"
    ],
    "pico_attributes": {
      "populations": {
        "minimum_age": "18 Years",
        "maximum_age": "NA",
        "country": "United States",
        "gender": "ALL"
      },
      "interventions": [
        "DNA Integration",
        "Team",
        "care activity"
      ],
      "outcomes": []
    }
  },
  {
    "nct_id": "NCT00012779",
    "conditions": [
      "Frail Elderly"
    ],
    "pico_attributes": {
      "populations": {
        "minimum_age": "55 Years",
        "maximum_age": "NA",
        "country": "United States",
        "gender": "ALL"
      },
      "interventions": [
        "Education program",
        "Educational Status",
        "Health",
        "Health education",
        "Program",
        "Wellness Programs"
      ],
      "outcomes": []
    }
  },
  {
    "nct_id": "NCT00012792",
    "conditions": [
      "Lung diseases",
      "Obstructed"
    ],
    "pico_attributes": {
      "populations": {
        "minimum_age": "50 Years",
        "maximum_age": "79 Years",
        "country": "United States",
        "gender": "MALE"
      },
      "interventions": [
        "Exercise Training"
      ],
      "outcomes": []
    }
  },
  {
    "nct_id": "NCT00012805",
    "conditions": [
      "Lung diseases",
      "Obstructed"
    ],
    "pico_attributes": {
      "populations": {
        "minimum_age": "NA",
        "maximum_age": "NA",
        "country": "United States",
        "gender": "MALE"
      },
      "interventions": [
        "Monitoring - action",
        "Telephone"
      ],
      "outcomes": []
    }
  },
  {
    "nct_id": "NCT00012818",
    "conditions": [
      "Chronic heart failure"
    ],
    "pico_attributes": {
      "populations": {
        "minimum_age": "18 Years",
        "maximum_age": "NA",
        "country": "United States",
        "gender": "ALL"
      },
      "interventions": [
        "Relaxation Techniques",
        "educational programs"
      ],
      "outcomes": []
    }
  },
  {
    "nct_id": "NCT00012831",
    "conditions": [
      "Alzheimer's Disease",
      "Caregiver",
      "Dementia"
    ],
    "pico_attributes": {
      "populations": {
        "minimum_age": "NA",
        "maximum_age": "NA",
        "country": "United States",
        "gender": "MALE"
      },
      "interventions": [],
      "outcomes": []
    }
  },
  {
    "nct_id": "NCT00012844",
    "conditions": [
      "Back Pain",
      "Occupational Diseases"
    ],
    "pico_attributes": {
      "populations": {
        "minimum_age": "18 Years",
        "maximum_age": "NA",
        "country": "United States",
        "gender": "ALL"
      },
      "interventions": [
        "% of total",
        "Application Context",
        "Apply",
        "Beds",
        "Chairperson",
        "Control function",
        "Correct (qualifier)",
        "Embolism",
        "Feet, unit of measurement",
        "HL7PublishingSubSection <practice>",
        "High Level",
        "Hill",
        "Hoist device",
        "In transit",
        "Patient Handling",
        "Reactive Oxygen Metabolite Measurement",
        "Resident (person)",
        "Stocking (hosiery)",
        "TRANSFER DEVICE",
        "Task",
        "Use of",
        "Work",
        "care activity"
      ],
      "outcomes": []
    }
  },
  {
    "nct_id": "NCT00012857",
    "conditions": [
      "Agitation",
      "Alzheimer's Disease",
      "Behavior",
      "Dementia",
      "Feel Pain"
    ],
    "pico_attributes": {
      "populations": {
        "minimum_age": "55 Years",
        "maximum_age": "NA",
        "country": "United States",
        "gender": "ALL"
      },
      "interventions": [
        "AKR1A1 wt Allele",
        "Acetaminophen 650 MG",
        "Four times daily",
        "Placebo Control"
      ],
      "outcomes": []
    }
  },
  {
    "nct_id": "NCT00012870",
    "conditions": [
      "Congestive heart failure"
    ],
    "pico_attributes": {
      "populations": {
        "minimum_age": "18 Years",
        "maximum_age": "NA",
        "country": "United States",
        "gender": "ALL"
      },
      "interventions": [
        "Administration occupational activities",
        "Behavior"
      ],
      "outcomes": []
    }
  },
  {
    "nct_id": "NCT00012883",
    "conditions": [
      "Congestive heart failure",
      "Functional Status",
      "Perceived quality of life"
    ],
    "pico_attributes": {
      "populations": {
        "minimum_age": "18 Years",
        "maximum_age": "NA",
        "country": "United States",
        "gender": "ALL"
      },
      "interventions": [
        "Exercise",
        "Program"
      ],
      "outcomes": []
    }
  },
  {
    "nct_id": "NCT00012896",
    "conditions": [
      "Cancer Genus",
      "Feel Pain"
    ],
    "pico_attributes": {
      "populations": {
        "minimum_age": "NA",
        "maximum_age": "NA",
        "country": "United States",
        "gender": "ALL"
      },
      "interventions": [
        "AV genotype",
        "Educational Status",
        "Materials",
        "Telephone",
        "care activity"
      ],
      "outcomes": []
    }
  },
  {
    "nct_id": "NCT00012909",
    "conditions": [
      "Encounter due to hormone replacement therapy",
      "Menopause"
    ],
    "pico_attributes": {
      "populations": {
        "minimum_age": "45 Years",
        "maximum_age": "74 Years",
        "country": "United States",
        "gender": "FEMALE"
      },
      "interventions": [
        "Decision Aids",
        "Encounter due to hormone replacement therapy"
      ],
      "outcomes": []
    }
  },
  {
    "nct_id": "NCT00012922",
    "conditions": [
      "Colorectal Cancer Pathway"
    ],
    "pico_attributes": {
      "populations": {
        "minimum_age": "50 Years",
        "maximum_age": "NA",
        "country": "United States",
        "gender": "MALE"
      },
      "interventions": [
        "IPSS Risk Category Low",
        "Intervention regimes",
        "Literacy",
        "Screening for Colorectal Cancer"
      ],
      "outcomes": []
    }
  },
  {
    "nct_id": "NCT00012935",
    "conditions": [
      "Malignant neoplasm of prostate"
    ],
    "pico_attributes": {
      "populations": {
        "minimum_age": "50 Years",
        "maximum_age": "80 Years",
        "country": "United States",
        "gender": "MALE"
      },
      "interventions": [
        "Administration procedure",
        "Assisted (qualifier value)",
        "Cancer Therapeutic Procedure",
        "Decision Making",
        "Malignant neoplasm of prostate",
        "Prostate"
      ],
      "outcomes": []
    }
  },
  {
    "nct_id": "NCT00012948",
    "conditions": [
      "Cessation of smoking",
      "Medical Device Emits Smoke"
    ],
    "pico_attributes": {
      "populations": {
        "minimum_age": "NA",
        "maximum_age": "NA",
        "country": "United States",
        "gender": "ALL"
      },
      "interventions": [
        "Telephone",
        "care activity"
      ],
      "outcomes": []
    }
  },
  {
    "nct_id": "NCT00012961",
    "conditions": [
      "Schizophrenia"
    ],
    "pico_attributes": {
      "populations": {
        "minimum_age": "18 Years",
        "maximum_age": "NA",
        "country": "United States",
        "gender": "ALL"
      },
      "interventions": [],
      "outcomes": []
    }
  },
  {
    "nct_id": "NCT00012974",
    "conditions": [
      "Administration procedure",
      "Adrenergic beta-Antagonists",
      "Congestive heart failure"
    ],
    "pico_attributes": {
      "populations": {
        "minimum_age": "18 Years",
        "maximum_age": "NA",
        "country": "United States",
        "gender": "ALL"
      },
      "interventions": [
        "Case management (procedure)",
        "Cognitive Therapy",
        "Color Blindness, Blue",
        "Computers",
        "Educational Status",
        "Having administered",
        "Nurses",
        "Provider",
        "Reminder",
        "T prime"
      ],
      "outcomes": []
    }
  },
  {
    "nct_id": "NCT00012987",
    "conditions": [
      "Cessation of smoking",
      "Medical Device Emits Smoke",
      "Quality Improvement"
    ],
    "pico_attributes": {
      "populations": {
        "minimum_age": "18 Years",
        "maximum_age": "NA",
        "country": "United States",
        "gender": "ALL"
      },
      "interventions": [
        "Quality Improvement"
      ],
      "outcomes": []
    }
  },
  {
    "nct_id": "NCT00013000",
    "conditions": [
      "Schizophrenia"
    ],
    "pico_attributes": {
      "populations": {
        "minimum_age": "18 Years",
        "maximum_age": "65 Years",
        "country": "United States",
        "gender": "ALL"
      },
      "interventions": [
        "Blood Products Laboratory Testing",
        "Guideline [Publication Type]",
        "Implementation",
        "Strategy"
      ],
      "outcomes": []
    }
  },
  {
    "nct_id": "NCT00013013",
    "conditions": [
      "Cessation of smoking",
      "Medical Device Emits Smoke"
    ],
    "pico_attributes": {
      "populations": {
        "minimum_age": "NA",
        "maximum_age": "NA",
        "country": "United States",
        "gender": "ALL"
      },
      "interventions": [
        "Device system",
        "Support, device"
      ],
      "outcomes": []
    }
  },
  {
    "nct_id": "NCT00013026",
    "conditions": [
      "Congestive heart failure"
    ],
    "pico_attributes": {
      "populations": {
        "minimum_age": "NA",
        "maximum_age": "NA",
        "country": "United States",
        "gender": "ALL"
      },
      "interventions": [
        "Administration occupational activities",
        "Base - General Qualifier",
        "Congestive heart failure",
        "Educational Status",
        "Internet",
        "Self Directed Education",
        "Self management:Finding:Point in time:^Patient:Ordinal"
      ],
      "outcomes": []
    }
  },
  {
    "nct_id": "NCT00013039",
    "conditions": [
      "Congestive heart failure"
    ],
    "pico_attributes": {
      "populations": {
        "minimum_age": "18 Years",
        "maximum_age": "NA",
        "country": "United States",
        "gender": "ALL"
      },
      "interventions": [
        "Computers",
        "Reminder"
      ],
      "outcomes": []
    }
  },
  {
    "nct_id": "NCT00013052",
    "conditions": [
      "Diabetes"
    ],
    "pico_attributes": {
      "populations": {
        "minimum_age": "40 Years",
        "maximum_age": "NA",
        "country": "United States",
        "gender": "ALL"
      },
      "interventions": [
        "Chronic disease",
        "Class",
        "Light Emitting Diode Device",
        "Peer",
        "Veterans"
      ],
      "outcomes": []
    }
  },
  {
    "nct_id": "NCT00013065",
    "conditions": [
      "HIV Infections"
    ],
    "pico_attributes": {
      "populations": {
        "minimum_age": "18 Years",
        "maximum_age": "65 Years",
        "country": "United States",
        "gender": "ALL"
      },
      "interventions": [],
      "outcomes": []
    }
  },
  {
    "nct_id": "NCT00013078",
    "conditions": [
      "Accidental Falls"
    ],
    "pico_attributes": {
      "populations": {
        "minimum_age": "65 Years",
        "maximum_age": "NA",
        "country": "United States",
        "gender": "ALL"
      },
      "interventions": [
        "Intervention regimes",
        "Physical",
        "Type of restoration"
      ],
      "outcomes": []
    }
  },
  {
    "nct_id": "NCT00013091",
    "conditions": [
      "Depressed mood",
      "Post-Traumatic Stress Disorder"
    ],
    "pico_attributes": {
      "populations": {
        "minimum_age": "21 Years",
        "maximum_age": "NA",
        "country": "United States",
        "gender": "ALL"
      },
      "interventions": [
        "Group Psychotherapy",
        "Psychoeducation",
        "Self management:Finding:Point in time:^Patient:Ordinal",
        "Therapeutic procedure"
      ],
      "outcomes": []
    }
  },
  {
    "nct_id": "NCT00013104",
    "conditions": [
      "Coronary Arteriosclerosis"
    ],
    "pico_attributes": {
      "populations": {
        "minimum_age": "NA",
        "maximum_age": "NA",
        "country": "United States",
        "gender": "ALL"
      },
      "interventions": [],
      "outcomes": []
    }
  },
  {
    "nct_id": "NCT00013117",
    "conditions": [
      "Diabetes Mellitus"
    ],
    "pico_attributes": {
      "populations": {
        "minimum_age": "NA",
        "maximum_age": "NA",
        "country": "United States",
        "gender": "ALL"
      },
      "interventions": [
        "Hospital specialist",
        "Telephone consultation"
      ],
      "outcomes": []
    }
  },
  {
    "nct_id": "NCT00013130",
    "conditions": [
      "Continuous",
      "Health Status",
      "Measures",
      "Quality Improvement",
      "Result"
    ],
    "pico_attributes": {
      "populations": {
        "minimum_age": "18 Years",
        "maximum_age": "NA",
        "country": "United States",
        "gender": "ALL"
      },
      "interventions": [
        "Health Status",
        "Patients",
        "Provider",
        "information provision"
      ],
      "outcomes": []
    }
  },
  {
    "nct_id": "NCT00013143",
    "conditions": [
      "Adverse reaction to drug"
    ],
    "pico_attributes": {
      "populations": {
        "minimum_age": "NA",
        "maximum_age": "NA",
        "country": "United States",
        "gender": "ALL"
      },
      "interventions": [
        "DAV regimen",
        "Feedback - evaluative response process",
        "Potential",
        "Provider",
        "Risk",
        "patient profile"
      ],
      "outcomes": []
    }
  },
  {
    "nct_id": "NCT00013156",
    "conditions": [
      "Chronic Obstructive Airway Disease",
      "Pathological accumulation of air in tissues"
    ],
    "pico_attributes": {
      "populations": {
        "minimum_age": "NA",
        "maximum_age": "75 Years",
        "country": "United States",
        "gender": "MALE"
      },
      "interventions": [
        "Effectiveness",
        "Lung",
        "Reduced",
        "Therapeutic procedure"
      ],
      "outcomes": []
    }
  },
  {
    "nct_id": "NCT00013169",
    "conditions": [
      "Hospitalization",
      "Veterans",
      "acute"
    ],
    "pico_attributes": {
      "populations": {
        "minimum_age": "18 Years",
        "maximum_age": "NA",
        "country": "United States",
        "gender": "ALL"
      },
      "interventions": [
        "Focal",
        "Patients",
        "Strong"
      ],
      "outcomes": []
    }
  },
  {
    "nct_id": "NCT00013182",
    "conditions": [
      "Alzheimer's Disease",
      "Sleep Disorders"
    ],
    "pico_attributes": {
      "populations": {
        "minimum_age": "55 Years",
        "maximum_age": "NA",
        "country": "United States",
        "gender": "MALE"
      },
      "interventions": [
        "Socializing"
      ],
      "outcomes": []
    }
  },
  {
    "nct_id": "NCT00013195",
    "conditions": [
      "Chronic disease",
      "Exercise"
    ],
    "pico_attributes": {
      "populations": {
        "minimum_age": "60 Years",
        "maximum_age": "80 Years",
        "country": "United States",
        "gender": "ALL"
      },
      "interventions": [
        "Telephone",
        "care activity"
      ],
      "outcomes": []
    }
  },
  {
    "nct_id": "NCT00013208",
    "conditions": [
      "Diabetes Mellitus"
    ],
    "pico_attributes": {
      "populations": {
        "minimum_age": "18 Years",
        "maximum_age": "NA",
        "country": "United States",
        "gender": "ALL"
      },
      "interventions": [
        "Case management (procedure)"
      ],
      "outcomes": []
    }
  },
  {
    "nct_id": "NCT00013221",
    "conditions": [
      "Congestive",
      "Congestive heart failure"
    ],
    "pico_attributes": {
      "populations": {
        "minimum_age": "18 Years",
        "maximum_age": "NA",
        "country": "United States",
        "gender": "ALL"
      },
      "interventions": [
        "Exercise"
      ],
      "outcomes": []
    }
  },
  {
    "nct_id": "NCT00013234",
    "conditions": [],
    "pico_attributes": {
      "populations": {
        "minimum_age": "18 Years",
        "maximum_age": "NA",
        "country": "United States",
        "gender": "ALL"
      },
      "interventions": [],
      "outcomes": []
    }
  },
  {
    "nct_id": "NCT00013247",
    "conditions": [
      "Malignant neoplasm of prostate"
    ],
    "pico_attributes": {
      "populations": {
        "minimum_age": "50 Years",
        "maximum_age": "NA",
        "country": "United States",
        "gender": "MALE"
      },
      "interventions": [
        "Educational Status",
        "Screening for Prostate Cancer"
      ],
      "outcomes": []
    }
  },
  {
    "nct_id": "NCT00013260",
    "conditions": [
      "Depressed mood"
    ],
    "pico_attributes": {
      "populations": {
        "minimum_age": "18 Years",
        "maximum_age": "NA",
        "country": "United States",
        "gender": "ALL"
      },
      "interventions": [
        "DNA Integration",
        "Digital Model Attachment",
        "Primary Health Care"
      ],
      "outcomes": []
    }
  },
  {
    "nct_id": "NCT00013273",
    "conditions": [
      "Venous Insufficiency"
    ],
    "pico_attributes": {
      "populations": {
        "minimum_age": "18 Years",
        "maximum_age": "NA",
        "country": "United States",
        "gender": "ALL"
      },
      "interventions": [
        "Exercise"
      ],
      "outcomes": []
    }
  },
  {
    "nct_id": "NCT00013286",
    "conditions": [
      "Diabetic foot ulcer"
    ],
    "pico_attributes": {
      "populations": {
        "minimum_age": "18 Years",
        "maximum_age": "NA",
        "country": "United States",
        "gender": "ALL"
      },
      "interventions": [
        "Diabetic foot ulcer",
        "Prevention Study"
      ],
      "outcomes": []
    }
  },
  {
    "nct_id": "NCT00013299",
    "conditions": [
      "Diabetic foot ulcer"
    ],
    "pico_attributes": {
      "populations": {
        "minimum_age": "18 Years",
        "maximum_age": "NA",
        "country": "United States",
        "gender": "ALL"
      },
      "interventions": [
        "Prevention Study",
        "diabetic ulcer"
      ],
      "outcomes": []
    }
  },
  {
    "nct_id": "NCT00013312",
    "conditions": [
      "Spinal Cord Injuries"
    ],
    "pico_attributes": {
      "populations": {
        "minimum_age": "18 Years",
        "maximum_age": "NA",
        "country": "United States",
        "gender": "ALL"
      },
      "interventions": [
        "Colon structure (body structure)",
        "TONICS"
      ],
      "outcomes": []
    }
  },
  {
    "nct_id": "NCT00013325",
    "conditions": [
      "Spinal Cord Injuries"
    ],
    "pico_attributes": {
      "populations": {
        "minimum_age": "18 Years",
        "maximum_age": "NA",
        "country": "United States",
        "gender": "ALL"
      },
      "interventions": [
        "Heart Diseases"
      ],
      "outcomes": []
    }
  },
  {
    "nct_id": "NCT00013338",
    "conditions": [
      "Spinal Cord Injuries"
    ],
    "pico_attributes": {
      "populations": {
        "minimum_age": "18 Years",
        "maximum_age": "NA",
        "country": "United States",
        "gender": "ALL"
      },
      "interventions": [
        "Ambulation training"
      ],
      "outcomes": []
    }
  },
  {
    "nct_id": "NCT00013351",
    "conditions": [
      "Visual Impairment"
    ],
    "pico_attributes": {
      "populations": {
        "minimum_age": "18 Years",
        "maximum_age": "NA",
        "country": "United States",
        "gender": "ALL"
      },
      "interventions": [
        "Fall prevention"
      ],
      "outcomes": []
    }
  },
  {
    "nct_id": "NCT00013364",
    "conditions": [
      "Hearing Impaired, CTCAE"
    ],
    "pico_attributes": {
      "populations": {
        "minimum_age": "18 Years",
        "maximum_age": "85 Years",
        "country": "United States",
        "gender": "ALL"
      },
      "interventions": [
        "Variability"
      ],
      "outcomes": []
    }
  },
  {
    "nct_id": "NCT00013377",
    "conditions": [
      "Low Vision"
    ],
    "pico_attributes": {
      "populations": {
        "minimum_age": "18 Years",
        "maximum_age": "NA",
        "country": "United States",
        "gender": "ALL"
      },
      "interventions": [
        "Low Vision"
      ],
      "outcomes": []
    }
  },
  {
    "nct_id": "NCT00013390",
    "conditions": [
      "Tinnitus"
    ],
    "pico_attributes": {
      "populations": {
        "minimum_age": "18 Years",
        "maximum_age": "NA",
        "country": "United States",
        "gender": "ALL"
      },
      "interventions": [
        "Blinded",
        "Therapeutic procedure",
        "Tinnitus"
      ],
      "outcomes": []
    }
  },
  {
    "nct_id": "NCT00013403",
    "conditions": [
      "Blindness"
    ],
    "pico_attributes": {
      "populations": {
        "minimum_age": "18 Years",
        "maximum_age": "NA",
        "country": "United States",
        "gender": "ALL"
      },
      "interventions": [
        "Blindness"
      ],
      "outcomes": []
    }
  },
  {
    "nct_id": "NCT00013416",
    "conditions": [
      "Hearing Impaired, CTCAE"
    ],
    "pico_attributes": {
      "populations": {
        "minimum_age": "60 Years",
        "maximum_age": "NA",
        "country": "United States",
        "gender": "ALL"
      },
      "interventions": [
        "Hearing"
      ],
      "outcomes": []
    }
  },
  {
    "nct_id": "NCT00013429",
    "conditions": [
      "Blindness"
    ],
    "pico_attributes": {
      "populations": {
        "minimum_age": "18 Years",
        "maximum_age": "NA",
        "country": "United States",
        "gender": "ALL"
      },
      "interventions": [
        "Visual"
      ],
      "outcomes": []
    }
  },
  {
    "nct_id": "NCT00013442",
    "conditions": [
      "Cerebrovascular accident"
    ],
    "pico_attributes": {
      "populations": {
        "minimum_age": "18 Years",
        "maximum_age": "NA",
        "country": "United States",
        "gender": "ALL"
      },
      "interventions": [
        "Auditory Evoked Potentials"
      ],
      "outcomes": []
    }
  },
  {
    "nct_id": "NCT00013455",
    "conditions": [
      "Deafness"
    ],
    "pico_attributes": {
      "populations": {
        "minimum_age": "18 Years",
        "maximum_age": "NA",
        "country": "United States",
        "gender": "ALL"
      },
      "interventions": [
        "Hearing"
      ],
      "outcomes": []
    }
  },
  {
    "nct_id": "NCT00013468",
    "conditions": [
      "Deafness"
    ],
    "pico_attributes": {
      "populations": {
        "minimum_age": "18 Years",
        "maximum_age": "NA",
        "country": "United States",
        "gender": "ALL"
      },
      "interventions": [
        "Tinnitus"
      ],
      "outcomes": []
    }
  },
  {
    "nct_id": "NCT00013481",
    "conditions": [
      "Cerebrovascular accident"
    ],
    "pico_attributes": {
      "populations": {
        "minimum_age": "18 Years",
        "maximum_age": "NA",
        "country": "United States",
        "gender": "ALL"
      },
      "interventions": [
        "Stroke Rehabilitation"
      ],
      "outcomes": []
    }
  },
  {
    "nct_id": "NCT00013494",
    "conditions": [
      "Cerebrovascular accident"
    ],
    "pico_attributes": {
      "populations": {
        "minimum_age": "18 Years",
        "maximum_age": "NA",
        "country": "United States",
        "gender": "ALL"
      },
      "interventions": [
        "Stroke Rehabilitation"
      ],
      "outcomes": []
    }
  },
  {
    "nct_id": "NCT00013507",
    "conditions": [
      "Aging"
    ],
    "pico_attributes": {
      "populations": {
        "minimum_age": "18 Years",
        "maximum_age": "NA",
        "country": "United States",
        "gender": "ALL"
      },
      "interventions": [
        "Accidental Falls"
      ],
      "outcomes": []
    }
  },
  {
    "nct_id": "NCT00013520",
    "conditions": [
      "HIV Infections"
    ],
    "pico_attributes": {
      "populations": {
        "minimum_age": "16 Years",
        "maximum_age": "NA",
        "country": "United States",
        "gender": "ALL"
      },
      "interventions": [
        "Lamivudine / Zidovudine",
        "abacavir sulfate",
        "atazanavir",
        "didanosine",
        "efavirenz",
        "lamivudine",
        "nevirapine",
        "stavudine",
        "zidovudine"
      ],
      "outcomes": []
    }
  },
  {
    "nct_id": "NCT00013533",
    "conditions": [
      "Acute biphenotypic leukemia",
      "Adult Hodgkin Lymphoma",
      "Adult Lymphoma",
      "Adult Myelodysplastic Syndrome",
      "All",
      "Leukemia, Myelocytic, Acute",
      "Lymphoid leukemia",
      "Lymphoma, Non-Hodgkin",
      "N(6)-carboxymethyllysine"
    ],
    "pico_attributes": {
      "populations": {
        "minimum_age": "4 Years",
        "maximum_age": "20 Years",
        "country": "United States",
        "gender": "ALL"
      },
      "interventions": [
        "Hemopoietic stem cell transplant"
      ],
      "outcomes": []
    }
  },
  {
    "nct_id": "NCT00013546",
    "conditions": [
      "Osteoporosis",
      "Turner Syndrome"
    ],
    "pico_attributes": {
      "populations": {
        "minimum_age": "NA",
        "maximum_age": "NA",
        "country": "United States",
        "gender": "FEMALE"
      },
      "interventions": [],
      "outcomes": []
    }
  }
]