[
  {
    "nct_id": "NCT00105339",
    "conditions": [
      "Adolescent Behavior"
    ],
    "pico_attributes": {
      "populations": {
        "minimum_age": "15 Years",
        "maximum_age": "19 Years",
        "country": "United States",
        "gender": "ALL"
      },
      "interventions": [],
      "outcomes": []
    }
  },
  {
    "nct_id": "NCT00105352",
    "conditions": [
      "Bristol Stool Type 1",
      "Diabetes Mellitus"
    ],
    "pico_attributes": {
      "populations": {
        "minimum_age": "8 Years",
        "maximum_age": "35 Years",
        "country": "United States",
        "gender": "ALL"
      },
      "interventions": [
        "Glucagon stimulation test",
        "Meal (occasion for eating)",
        "Mixed (qualifier value)",
        "Tolerance test"
      ],
      "outcomes": []
    }
  },
  {
    "nct_id": "NCT00105365",
    "conditions": [
      "Osteoarthritis, Knee"
    ],
    "pico_attributes": {
      "populations": {
        "minimum_age": "45 Years",
        "maximum_age": "85 Years",
        "country": "United States",
        "gender": "ALL"
      },
      "interventions": [
        "Clinical act of insertion",
        "Hard to Walk More Than One Block",
        "Shoes"
      ],
      "outcomes": []
    }
  },
  {
    "nct_id": "NCT00105378",
    "conditions": [
      "Cognition Disorders",
      "Gait abnormality",
      "Malnutrition",
      "Mood Disorders",
      "Neurologic (qualifier value)"
    ],
    "pico_attributes": {
      "populations": {
        "minimum_age": "70 Years",
        "maximum_age": "NA",
        "country": "Netherlands",
        "gender": "ALL"
      },
      "interventions": [
        "Dutch Population",
        "Geriatric (qualifier)",
        "Intermediate care",
        "Program",
        "Room of building - Study"
      ],
      "outcomes": []
    }
  },
  {
    "nct_id": "NCT00105404",
    "conditions": [
      "Diabetic Retinopathy",
      "Macular edema due to diabetes mellitus",
      "dimethyl ether"
    ],
    "pico_attributes": {
      "populations": {
        "minimum_age": "18 Years",
        "maximum_age": "NA",
        "country": "United States",
        "gender": "ALL"
      },
      "interventions": [
        "triamcinolone acetonide"
      ],
      "outcomes": []
    }
  },
  {
    "nct_id": "NCT00105417",
    "conditions": [
      "HIV",
      "HIV Infections"
    ],
    "pico_attributes": {
      "populations": {
        "minimum_age": "NA",
        "maximum_age": "NA",
        "country": "United States",
        "gender": "ALL"
      },
      "interventions": [
        "IL7 protein, human"
      ],
      "outcomes": []
    }
  },
  {
    "nct_id": "NCT00105430",
    "conditions": [
      "Dystonia",
      "Dystonia, Primary",
      "Generalized",
      "Generalized dystonia",
      "Primary"
    ],
    "pico_attributes": {
      "populations": {
        "minimum_age": "7 Years",
        "maximum_age": "70 Years",
        "country": "United States",
        "gender": "ALL"
      },
      "interventions": [
        "Deep Brain Stimulation"
      ],
      "outcomes": []
    }
  },
  {
    "nct_id": "NCT00105443",
    "conditions": [
      "Carcinoma",
      "Hepatocellular"
    ],
    "pico_attributes": {
      "populations": {
        "minimum_age": "18 Years",
        "maximum_age": "NA",
        "country": "United States",
        "gender": "ALL"
      },
      "interventions": [
        "Nexavar",
        "Placebo Control",
        "sorafenib"
      ],
      "outcomes": [
        "Overall Survival"
      ]
    }
  },
  {
    "nct_id": "NCT00105456",
    "conditions": [
      "Breast Carcinoma"
    ],
    "pico_attributes": {
      "populations": {
        "minimum_age": "NA",
        "maximum_age": "NA",
        "country": "United States",
        "gender": "ALL"
      },
      "interventions": [],
      "outcomes": []
    }
  },
  {
    "nct_id": "NCT00105469",
    "conditions": [
      "Bacterial conjunctivitis"
    ],
    "pico_attributes": {
      "populations": {
        "minimum_age": "1 Year",
        "maximum_age": "NA",
        "country": "United States",
        "gender": "ALL"
      },
      "interventions": [
        "AzaSite",
        "tobramycin"
      ],
      "outcomes": [
        "Bacterial",
        "Clinical",
        "Count of entities",
        "Participant",
        "Patient Visit",
        "Resolution"
      ]
    }
  },
  {
    "nct_id": "NCT00105482",
    "conditions": [
      "Nicotine Dependence"
    ],
    "pico_attributes": {
      "populations": {
        "minimum_age": "18 Years",
        "maximum_age": "NA",
        "country": "United States",
        "gender": "ALL"
      },
      "interventions": [
        "Behavioral counseling",
        "Nicotine replacement therapy",
        "Transdermal (intended site)",
        "naltrexone"
      ],
      "outcomes": [
        "Cigarette",
        "Daily",
        "Medical Device Emits Smoke",
        "Point",
        "Prevalence aspects",
        "smoking abstinence",
        "week"
      ]
    }
  },
  {
    "nct_id": "NCT00105495",
    "conditions": [
      "Cooley's anemia",
      "Hemosiderosis"
    ],
    "pico_attributes": {
      "populations": {
        "minimum_age": "18 Years",
        "maximum_age": "36 Years",
        "country": "Italy",
        "gender": "ALL"
      },
      "interventions": [
        "Desferal",
        "Ferriprox",
        "deferiprone",
        "deferoxamine"
      ],
      "outcomes": []
    }
  },
  {
    "nct_id": "NCT00105508",
    "conditions": [
      "Dyskinetic syndrome",
      "Parkinson Disease"
    ],
    "pico_attributes": {
      "populations": {
        "minimum_age": "30 Years",
        "maximum_age": "NA",
        "country": "United States",
        "gender": "ALL"
      },
      "interventions": [
        "Placebo Control",
        "sarizotan"
      ],
      "outcomes": []
    }
  },
  {
    "nct_id": "NCT00105521",
    "conditions": [
      "Dyskinetic syndrome",
      "Parkinson Disease"
    ],
    "pico_attributes": {
      "populations": {
        "minimum_age": "30 Years",
        "maximum_age": "NA",
        "country": "United States",
        "gender": "ALL"
      },
      "interventions": [
        "Placebo Control",
        "sarizotan"
      ],
      "outcomes": [
        "Base - General Qualifier",
        "BaseLine dental cement",
        "CD44 wt Allele",
        "Change -- procedure",
        "Diary",
        "Dyskinetic syndrome",
        "III (suffix)",
        "Montreal Cognitive Assessment Total Score",
        "On (qualifier value)",
        "Part",
        "Time",
        "Unified Parkinson's Disease Rating Scale",
        "Weekly"
      ]
    }
  },
  {
    "nct_id": "NCT00105534",
    "conditions": [
      "Bacterial conjunctivitis"
    ],
    "pico_attributes": {
      "populations": {
        "minimum_age": "12 Months",
        "maximum_age": "NA",
        "country": "United States",
        "gender": "ALL"
      },
      "interventions": [
        "AzaSite",
        "Drug vehicle"
      ],
      "outcomes": [
        "Bacteriologic",
        "Clinical",
        "Participant",
        "Resolution"
      ]
    }
  },
  {
    "nct_id": "NCT00105547",
    "conditions": [
      "Alzheimer's Disease",
      "Dementia"
    ],
    "pico_attributes": {
      "populations": {
        "minimum_age": "55 Years",
        "maximum_age": "NA",
        "country": "United States",
        "gender": "ALL"
      },
      "interventions": [
        "MPC-7869"
      ],
      "outcomes": []
    }
  },
  {
    "nct_id": "NCT00105560",
    "conditions": [
      "Brain",
      "Cancer Therapeutic Procedure",
      "Central Nervous System Neoplasms",
      "Child",
      "Longterm Effects",
      "Secondary to"
    ],
    "pico_attributes": {
      "populations": {
        "minimum_age": "3 Years",
        "maximum_age": "21 Years",
        "country": "United States",
        "gender": "ALL"
      },
      "interventions": [
        "Therapeutic radiology procedure"
      ],
      "outcomes": [
        "3+ Answer to Question",
        "Change -- procedure",
        "Cumulative",
        "DYSFUNCTION - SKIN DISORDERS",
        "End",
        "Endocrine",
        "Incidence",
        "Life Expectancy Less than Five Years",
        "Neurocognitive",
        "Neurosecretory Systems",
        "Organ",
        "Ototoxicity",
        "Overall Survival",
        "Population Mean",
        "Progression-Free Survival",
        "Result",
        "defects aspect",
        "per year",
        "year"
      ]
    }
  },
  {
    "nct_id": "NCT00105573",
    "conditions": [
      "Depressed mood"
    ],
    "pico_attributes": {
      "populations": {
        "minimum_age": "18 Years",
        "maximum_age": "44 Years",
        "country": "United States",
        "gender": "FEMALE"
      },
      "interventions": [
        "Conceptual Parent",
        "In addition to",
        "Infant",
        "Meetings",
        "Psychotherapy",
        "Treatment information",
        "Usual"
      ],
      "outcomes": []
    }
  },
  {
    "nct_id": "NCT00105586",
    "conditions": [
      "Anxiety Disorders",
      "Generalized Anxiety Disorder"
    ],
    "pico_attributes": {
      "populations": {
        "minimum_age": "60 Years",
        "maximum_age": "NA",
        "country": "United States",
        "gender": "ALL"
      },
      "interventions": [
        "escitalopram"
      ],
      "outcomes": [
        "Perceived quality of life"
      ]
    }
  },
  {
    "nct_id": "NCT00105599",
    "conditions": [
      "CDISC SEND Tumor Findings Results Terminology",
      "terminal patient care"
    ],
    "pico_attributes": {
      "populations": {
        "minimum_age": "18 Years",
        "maximum_age": "NA",
        "country": "United States",
        "gender": "ALL"
      },
      "interventions": [
        "Coordinated",
        "Device system",
        "Hospice Care"
      ],
      "outcomes": []
    }
  },
  {
    "nct_id": "NCT00105612",
    "conditions": [
      "Aging",
      "Alzheimer's Disease"
    ],
    "pico_attributes": {
      "populations": {
        "minimum_age": "NA",
        "maximum_age": "NA",
        "country": "United States",
        "gender": "ALL"
      },
      "interventions": [
        "AICDA wt Allele",
        "Human Cells, Tissues, and Cellular and Tissue-Based Products Processing",
        "Informed Consent",
        "Memory",
        "Organization administrative structures",
        "Standard (document)"
      ],
      "outcomes": []
    }
  },
  {
    "nct_id": "NCT00105625",
    "conditions": [
      "Communicable Diseases",
      "Cross Infection",
      "Malnutrition"
    ],
    "pico_attributes": {
      "populations": {
        "minimum_age": "55 Years",
        "maximum_age": "NA",
        "country": "United States",
        "gender": "ALL"
      },
      "interventions": [],
      "outcomes": []
    }
  },
  {
    "nct_id": "NCT00105638",
    "conditions": [
      "Alzheimer's Disease",
      "Dementia"
    ],
    "pico_attributes": {
      "populations": {
        "minimum_age": "NA",
        "maximum_age": "NA",
        "country": "United States",
        "gender": "ALL"
      },
      "interventions": [
        "Telephone",
        "educational programs"
      ],
      "outcomes": []
    }
  },
  {
    "nct_id": "NCT00105651",
    "conditions": [
      "Cancer Genus"
    ],
    "pico_attributes": {
      "populations": {
        "minimum_age": "18 Years",
        "maximum_age": "NA",
        "country": "United States",
        "gender": "ALL"
      },
      "interventions": [
        "Breast Feeding",
        "Combined",
        "Inventions"
      ],
      "outcomes": []
    }
  },
  {
    "nct_id": "NCT00105664",
    "conditions": [
      "Angina Pectoris",
      "Coronary Arteriosclerosis",
      "Coronary Artery Disease"
    ],
    "pico_attributes": {
      "populations": {
        "minimum_age": "18 Years",
        "maximum_age": "NA",
        "country": "United States",
        "gender": "ALL"
      },
      "interventions": [
        "CDISC Interventions Class",
        "Collaboration",
        "Consultation",
        "Digital Model Attachment",
        "Group Object",
        "care activity"
      ],
      "outcomes": []
    }
  },
  {
    "nct_id": "NCT00105677",
    "conditions": [
      "Abnormal degeneration",
      "Arthritis",
      "Bone structure of ischium",
      "Degenerative polyarthritis",
      "Knee"
    ],
    "pico_attributes": {
      "populations": {
        "minimum_age": "50 Years",
        "maximum_age": "79 Years",
        "country": "United States",
        "gender": "ALL"
      },
      "interventions": [],
      "outcomes": []
    }
  },
  {
    "nct_id": "NCT00105690",
    "conditions": [
      "Depressed mood"
    ],
    "pico_attributes": {
      "populations": {
        "minimum_age": "18 Years",
        "maximum_age": "NA",
        "country": "United States",
        "gender": "ALL"
      },
      "interventions": [
        "Intervention regimes",
        "Telemedicine"
      ],
      "outcomes": []
    }
  },
  {
    "nct_id": "NCT00105703",
    "conditions": [
      "Congestive",
      "Congestive heart failure"
    ],
    "pico_attributes": {
      "populations": {
        "minimum_age": "18 Years",
        "maximum_age": "NA",
        "country": "United States",
        "gender": "ALL"
      },
      "interventions": [
        "Advanced phase",
        "Case management (procedure)",
        "Use of",
        "nurse practitioner"
      ],
      "outcomes": []
    }
  },
  {
    "nct_id": "NCT00105716",
    "conditions": [
      "Hypertension, CTCAE"
    ],
    "pico_attributes": {
      "populations": {
        "minimum_age": "NA",
        "maximum_age": "NA",
        "country": "United States",
        "gender": "ALL"
      },
      "interventions": [
        "Behavior",
        "Computers",
        "Educational Status",
        "Telephone"
      ],
      "outcomes": []
    }
  },
  {
    "nct_id": "NCT00105729",
    "conditions": [
      "Substance Use Disorders"
    ],
    "pico_attributes": {
      "populations": {
        "minimum_age": "18 Years",
        "maximum_age": "NA",
        "country": "United States",
        "gender": "ALL"
      },
      "interventions": [
        "Act Mood - intent",
        "Increment",
        "Patient referral",
        "Support Groups"
      ],
      "outcomes": []
    }
  },
  {
    "nct_id": "NCT00105742",
    "conditions": [
      "Hearing Loss, Partial"
    ],
    "pico_attributes": {
      "populations": {
        "minimum_age": "NA",
        "maximum_age": "NA",
        "country": "United States",
        "gender": "ALL"
      },
      "interventions": [
        "Diagnosis"
      ],
      "outcomes": []
    }
  },
  {
    "nct_id": "NCT00105755",
    "conditions": [
      "Diabetes Mellitus",
      "Diabetic Polyneuropathies",
      "Ulcer"
    ],
    "pico_attributes": {
      "populations": {
        "minimum_age": "18 Years",
        "maximum_age": "NA",
        "country": "United States",
        "gender": "ALL"
      },
      "interventions": [
        "Devices"
      ],
      "outcomes": []
    }
  },
  {
    "nct_id": "NCT00105768",
    "conditions": [
      "Dual diagnosis (psychiatry)",
      "Substance abuse problem"
    ],
    "pico_attributes": {
      "populations": {
        "minimum_age": "18 Years",
        "maximum_age": "NA",
        "country": "United States",
        "gender": "ALL"
      },
      "interventions": [
        "Occupational activity of managing finances",
        "Substance abuse counseling",
        "Teller Eskimos"
      ],
      "outcomes": []
    }
  },
  {
    "nct_id": "NCT00105781",
    "conditions": [
      "Age",
      "Frail Elderly",
      "Physical Fitness"
    ],
    "pico_attributes": {
      "populations": {
        "minimum_age": "60 Years",
        "maximum_age": "85 Years",
        "country": "United States",
        "gender": "ALL"
      },
      "interventions": [
        "Counsel - legal",
        "Exercise"
      ],
      "outcomes": []
    }
  },
  {
    "nct_id": "NCT00105794",
    "conditions": [
      "Bipolar Disorder",
      "Post",
      "Psychotic Disorders",
      "Schizophrenia",
      "Stress Disorders, Traumatic",
      "Traumatic"
    ],
    "pico_attributes": {
      "populations": {
        "minimum_age": "18 Years",
        "maximum_age": "NA",
        "country": "United States",
        "gender": "ALL"
      },
      "interventions": [
        "Advance Directives",
        "Psychiatric Intervention"
      ],
      "outcomes": []
    }
  },
  {
    "nct_id": "NCT00105807",
    "conditions": [
      "Muscle Weakness"
    ],
    "pico_attributes": {
      "populations": {
        "minimum_age": "65 Years",
        "maximum_age": "NA",
        "country": "United States",
        "gender": "ALL"
      },
      "interventions": [
        "AGRP wt Allele",
        "Activities",
        "Exercise",
        "Exercise intensity",
        "IPSS Risk Category Low",
        "Light intensity",
        "Music",
        "Participation"
      ],
      "outcomes": []
    }
  },
  {
    "nct_id": "NCT00105820",
    "conditions": [
      "Major Depressive Disorder",
      "Post-Traumatic Stress Disorder"
    ],
    "pico_attributes": {
      "populations": {
        "minimum_age": "18 Years",
        "maximum_age": "NA",
        "country": "United States",
        "gender": "ALL"
      },
      "interventions": [
        "Device system",
        "Improvement",
        "Level of depression",
        "Quality Improvement",
        "Quality of Health Care",
        "care activity"
      ],
      "outcomes": []
    }
  },
  {
    "nct_id": "NCT00105833",
    "conditions": [
      "Depressed mood"
    ],
    "pico_attributes": {
      "populations": {
        "minimum_age": "NA",
        "maximum_age": "NA",
        "country": "United States",
        "gender": "ALL"
      },
      "interventions": [],
      "outcomes": []
    }
  },
  {
    "nct_id": "NCT00105846",
    "conditions": [
      "Chronic Obstructive Airway Disease",
      "Congestive heart failure",
      "Diabetes"
    ],
    "pico_attributes": {
      "populations": {
        "minimum_age": "18 Years",
        "maximum_age": "NA",
        "country": "United States",
        "gender": "ALL"
      },
      "interventions": [
        "Home care aspects",
        "Telemedicine"
      ],
      "outcomes": []
    }
  },
  {
    "nct_id": "NCT00105859",
    "conditions": [
      "Pressure Ulcer",
      "Spinal Cord Injuries"
    ],
    "pico_attributes": {
      "populations": {
        "minimum_age": "18 Years",
        "maximum_age": "NA",
        "country": "United States",
        "gender": "ALL"
      },
      "interventions": [
        "Counsel - legal",
        "Educational Status"
      ],
      "outcomes": []
    }
  },
  {
    "nct_id": "NCT00105872",
    "conditions": [
      "Insomnia, CTCAE 3.0",
      "Primary Insomnia",
      "Secondary Insomnia"
    ],
    "pico_attributes": {
      "populations": {
        "minimum_age": "18 Years",
        "maximum_age": "NA",
        "country": "United States",
        "gender": "ALL"
      },
      "interventions": [
        "Cognitive Therapy"
      ],
      "outcomes": []
    }
  },
  {
    "nct_id": "NCT00105885",
    "conditions": [
      "Anxiety Disorders",
      "Major Depressive Disorder",
      "Post-Traumatic Stress Disorder"
    ],
    "pico_attributes": {
      "populations": {
        "minimum_age": "18 Years",
        "maximum_age": "NA",
        "country": "United States",
        "gender": "ALL"
      },
      "interventions": [
        "Telephone",
        "care activity"
      ],
      "outcomes": []
    }
  },
  {
    "nct_id": "NCT00105898",
    "conditions": [
      "Diabetes Mellitus",
      "Hypertension, CTCAE"
    ],
    "pico_attributes": {
      "populations": {
        "minimum_age": "25 Years",
        "maximum_age": "79 Years",
        "country": "United States",
        "gender": "ALL"
      },
      "interventions": [
        "Access",
        "Base - General Qualifier",
        "Care management",
        "Internet",
        "Living Alone",
        "Telephone",
        "face-to-face"
      ],
      "outcomes": []
    }
  },
  {
    "nct_id": "NCT00105911",
    "conditions": [
      "Anxiety Disorders",
      "Depressive disorder",
      "Lung diseases",
      "Obstructed",
      "chronic"
    ],
    "pico_attributes": {
      "populations": {
        "minimum_age": "18 Years",
        "maximum_age": "NA",
        "country": "United States",
        "gender": "ALL"
      },
      "interventions": [
        "Cognitive Therapy"
      ],
      "outcomes": []
    }
  },
  {
    "nct_id": "NCT00105937",
    "conditions": [
      "Cancer Genus",
      "Feel Pain"
    ],
    "pico_attributes": {
      "populations": {
        "minimum_age": "18 Years",
        "maximum_age": "80 Years",
        "country": "United States",
        "gender": "ALL"
      },
      "interventions": [
        "fentanyl citrate"
      ],
      "outcomes": []
    }
  },
  {
    "nct_id": "NCT00105950",
    "conditions": [
      "Breast",
      "Neoplasms"
    ],
    "pico_attributes": {
      "populations": {
        "minimum_age": "18 Years",
        "maximum_age": "NA",
        "country": "United States",
        "gender": "ALL"
      },
      "interventions": [
        "lapatinib"
      ],
      "outcomes": []
    }
  },
  {
    "nct_id": "NCT00105963",
    "conditions": [
      "Shaken baby syndrome",
      "Victim of child abuse"
    ],
    "pico_attributes": {
      "populations": {
        "minimum_age": "1 Day",
        "maximum_age": "4 Weeks",
        "country": "United States",
        "gender": "ALL"
      },
      "interventions": [
        "Crying infant",
        "Educational Status"
      ],
      "outcomes": []
    }
  },
  {
    "nct_id": "NCT00105976",
    "conditions": [
      "Rheumatoid Arthritis"
    ],
    "pico_attributes": {
      "populations": {
        "minimum_age": "18 Years",
        "maximum_age": "80 Years",
        "country": "United States",
        "gender": "ALL"
      },
      "interventions": [
        "MM-093"
      ],
      "outcomes": []
    }
  },
  {
    "nct_id": "NCT00105989",
    "conditions": [
      "Depressive disorder",
      "Major"
    ],
    "pico_attributes": {
      "populations": {
        "minimum_age": "18 Years",
        "maximum_age": "NA",
        "country": "United States",
        "gender": "ALL"
      },
      "interventions": [
        "Placebo Control",
        "duloxetine"
      ],
      "outcomes": [
        "% of total",
        "50%",
        "Acute phase",
        "Acute-Phase Proteins",
        "Alanine Aminotransferase 1, human",
        "Albumins",
        "Amount type - Percentage",
        "Antibiotic Lock Therapy",
        "Anxiety",
        "Arizona",
        "Average",
        "BaseLine dental cement",
        "Bicarbonate measurement",
        "Bicarbonate preparation",
        "Bicarbonates",
        "Bilirubin",
        "CALCIUM SUPPLEMENTS",
        "CEL gene",
        "Change -- procedure",
        "Chlorides",
        "Clinical Item",
        "Continuation Therapy Epoch",
        "Core",
        "Count",
        "Count of entities",
        "Depressed mood",
        "Direct (qualifier)",
        "Disease Response",
        "End Point",
        "Eosinophil count procedure",
        "Equal",
        "Experience",
        "Females",
        "Finding of platelet count",
        "GDC Treatment Outcome Terminology",
        "Gamma-glutamyl transferase",
        "Greater Than",
        "Hamilton Depression Rating Scale 17 Item Clinical Classification",
        "Hamilton rating scale for depression",
        "Health Personnel",
        "Hematocrit level",
        "Hemoglobin",
        "Hospitalization",
        "Hour",
        "In addition to",
        "Including (qualifier)",
        "Intellectual scale",
        "Loss",
        "Low-Density Lipoproteins",
        "Maintenance stage",
        "Males",
        "Missing",
        "Module",
        "Monocytes",
        "Montreal Cognitive Assessment Total Score",
        "Paid work",
        "Participant",
        "Patient Outcome - Worsening",
        "Patient Visit",
        "Population Mean",
        "Recurrence",
        "Red Blood Cell Count measurement",
        "Resources",
        "Retarded",
        "SF-36",
        "Sex Behavior",
        "Sheehan Disability Scale Questionnaire",
        "Sheehan disability scale",
        "Short Form 36 Health Survey Standard, US Version 2.0 Questionnaire",
        "Sleep",
        "Sodium Drug Class",
        "Somatization",
        "Statistical Significance",
        "T prime",
        "Time",
        "Total protein measurement",
        "Weekly",
        "White Blood Cell Count procedure",
        "With time",
        "Work",
        "acute",
        "cholesterol",
        "day",
        "glucose",
        "laboratory measurement",
        "uric acid",
        "utilization qualifier"
      ]
    }
  },
  {
    "nct_id": "NCT00106002",
    "conditions": [
      "Breast Carcinoma",
      "Carcinoma",
      "Ductal",
      "Male Gender, Self Report",
      "Mammary Neoplasms"
    ],
    "pico_attributes": {
      "populations": {
        "minimum_age": "18 Years",
        "maximum_age": "NA",
        "country": "United States",
        "gender": "ALL"
      },
      "interventions": [
        "pemetrexed"
      ],
      "outcomes": [
        "Neoplasms",
        "Overall",
        "Overall Response",
        "Overall Survival",
        "Progression-Free Survival",
        "Response Duration",
        "Survival time",
        "Time"
      ]
    }
  },
  {
    "nct_id": "NCT00106015",
    "conditions": [
      "Anemia",
      "Disorder of cellular component of blood"
    ],
    "pico_attributes": {
      "populations": {
        "minimum_age": "NA",
        "maximum_age": "NA",
        "country": "United States",
        "gender": "ALL"
      },
      "interventions": [],
      "outcomes": []
    }
  },
  {
    "nct_id": "NCT00106028",
    "conditions": [
      "Osteogenesis Imperfecta"
    ],
    "pico_attributes": {
      "populations": {
        "minimum_age": "4 Years",
        "maximum_age": "15 Years",
        "country": "United States",
        "gender": "ALL"
      },
      "interventions": [
        "Actonel",
        "Placebo Control",
        "risedronate sodium"
      ],
      "outcomes": [
        "*Velocity",
        "12 Months",
        "36",
        "4+ Answer to question",
        "ADHD hyperactive symptoms mean score:Score:Pt:^Patient:Qn:Calculated",
        "Age",
        "Alkaline phosphatase isoenzyme, bone fraction",
        "Area",
        "BaseLine dental cement",
        "Bone Mineral Content",
        "Bone maturation age",
        "Bone spine",
        "Bone structure of lumbar vertebra",
        "CD44 wt Allele",
        "Change -- procedure",
        "Classification",
        "Clinical",
        "Count of entities",
        "Cumulative",
        "Entire body as a whole",
        "Fracture",
        "Growth",
        "Incidence",
        "Life Expectancy Less than Ten Years",
        "Lumbar Region",
        "Monthly (qualifier value)",
        "Morphometric analysis",
        "New",
        "Patients",
        "Percent Change From Baseline",
        "Population Group",
        "Probability",
        "Semi-quantitative",
        "Serum",
        "Skeletal bone",
        "Spinal Fractures",
        "Z-score",
        "area 24",
        "mecarzole",
        "sq. in",
        "year"
      ]
    }
  },
  {
    "nct_id": "NCT00106041",
    "conditions": [
      "Hospice and Palliative Care Nursing"
    ],
    "pico_attributes": {
      "populations": {
        "minimum_age": "NA",
        "maximum_age": "NA",
        "country": "United States",
        "gender": "ALL"
      },
      "interventions": [
        "Case Manager",
        "Hospice and Palliative Care Nursing",
        "Nurse case manager",
        "Palliative care nurse",
        "Veterans"
      ],
      "outcomes": []
    }
  },
  {
    "nct_id": "NCT00106054",
    "conditions": [
      "Colorectal Neoplasms",
      "Liver neoplasms"
    ],
    "pico_attributes": {
      "populations": {
        "minimum_age": "18 Years",
        "maximum_age": "NA",
        "country": "United States",
        "gender": "ALL"
      },
      "interventions": [
        "Application Context",
        "Combined Modality Therapy",
        "In addition to",
        "Neoadjuvant Therapy",
        "bevacizumab",
        "fluorouracil",
        "irinotecan",
        "leucovorin"
      ],
      "outcomes": []
    }
  },
  {
    "nct_id": "NCT00106067",
    "conditions": [
      "Aging",
      "Neoplasms"
    ],
    "pico_attributes": {
      "populations": {
        "minimum_age": "18 Years",
        "maximum_age": "NA",
        "country": "United States",
        "gender": "ALL"
      },
      "interventions": [],
      "outcomes": []
    }
  },
  {
    "nct_id": "NCT00106080",
    "conditions": [
      "ARCN1 gene",
      "Bronchitis, Chronic",
      "Lung diseases",
      "Pathological accumulation of air in tissues"
    ],
    "pico_attributes": {
      "populations": {
        "minimum_age": "18 Years",
        "maximum_age": "NA",
        "country": "United States",
        "gender": "ALL"
      },
      "interventions": [
        "Alcohol Use Disorder Identification Test Self-Report Version Questionnaire",
        "Feedback - evaluative response process"
      ],
      "outcomes": [
        "Administration procedure",
        "Clinic Visits",
        "Clinician",
        "Communication",
        "Discussion about preferences",
        "Discussion about treatment",
        "Effect",
        "Hospice Care",
        "Intellectual scale",
        "Intervention regimes",
        "Last",
        "On (qualifier value)",
        "Patient Preference",
        "Patient-Reported",
        "Patients",
        "Quality",
        "Quality of Health Care",
        "Report (document)",
        "preference"
      ]
    }
  },
  {
    "nct_id": "NCT00106093",
    "conditions": [
      "Alcohol abuse",
      "Alcoholic Intoxication, Chronic",
      "Related personal status"
    ],
    "pico_attributes": {
      "populations": {
        "minimum_age": "18 Years",
        "maximum_age": "NA",
        "country": "United States",
        "gender": "ALL"
      },
      "interventions": [],
      "outcomes": []
    }
  },
  {
    "nct_id": "NCT00106106",
    "conditions": [
      "Alcohol Related Disorders",
      "Alcoholic Intoxication, Chronic",
      "Healthy Volunteers"
    ],
    "pico_attributes": {
      "populations": {
        "minimum_age": "21 Years",
        "maximum_age": "65 Years",
        "country": "United States",
        "gender": "ALL"
      },
      "interventions": [
        "Oral",
        "Spectroscopy, Nuclear Magnetic Resonance",
        "acamprosate"
      ],
      "outcomes": [
        "Brain",
        "Daily",
        "Day 4",
        "GDC Treatment Outcome Terminology",
        "Glutamates",
        "Measured",
        "Ratio",
        "anterior cingulate gyrus",
        "creatine"
      ]
    }
  },
  {
    "nct_id": "NCT00106119",
    "conditions": [
      "Thyroid Diseases"
    ],
    "pico_attributes": {
      "populations": {
        "minimum_age": "18 Years",
        "maximum_age": "65 Years",
        "country": "United States",
        "gender": "ALL"
      },
      "interventions": [
        "Synthetic Levothyroxine",
        "liothyronine"
      ],
      "outcomes": [
        "Administration of insulin",
        "Administration procedure",
        "Apolipoproteins",
        "Apolipoproteins A",
        "Apolipoproteins B",
        "Disposal",
        "Energy Metabolism",
        "Glucose/Insulin",
        "Interceptive Treatment",
        "Left Ventricular Mass Index",
        "Mediate",
        "Phase",
        "Rate",
        "Stage B",
        "Synthetic Levothyroxine",
        "glucose",
        "liothyronine",
        "resting phase"
      ]
    }
  },
  {
    "nct_id": "NCT00106132",
    "conditions": [
      "Macular retinal edema",
      "Retinal Vein Occlusion"
    ],
    "pico_attributes": {
      "populations": {
        "minimum_age": "NA",
        "maximum_age": "NA",
        "country": "United States",
        "gender": "ALL"
      },
      "interventions": [
        "triamcinolone acetonide"
      ],
      "outcomes": []
    }
  },
  {
    "nct_id": "NCT00106145",
    "conditions": [
      "Advanced Breast Carcinoma",
      "Solid Neoplasm"
    ],
    "pico_attributes": {
      "populations": {
        "minimum_age": "18 Years",
        "maximum_age": "NA",
        "country": "United States",
        "gender": "ALL"
      },
      "interventions": [
        "1 Day",
        "350",
        "4+ Answer to question",
        "450",
        "Comparator",
        "Daily",
        "Inhibitor",
        "MG",
        "MK-0752",
        "NOTCH3 protein, human",
        "Notch",
        "PPP1R1A gene",
        "day"
      ],
      "outcomes": []
    }
  },
  {
    "nct_id": "NCT00106158",
    "conditions": [
      "Neoplasms"
    ],
    "pico_attributes": {
      "populations": {
        "minimum_age": "18 Years",
        "maximum_age": "NA",
        "country": "Japan",
        "gender": "ALL"
      },
      "interventions": [
        "Proteins",
        "Vaccination"
      ],
      "outcomes": []
    }
  },
  {
    "nct_id": "NCT00106171",
    "conditions": [
      "HIV Infections"
    ],
    "pico_attributes": {
      "populations": {
        "minimum_age": "18 Years",
        "maximum_age": "NA",
        "country": "United States",
        "gender": "ALL"
      },
      "interventions": [],
      "outcomes": []
    }
  },
  {
    "nct_id": "NCT00106184",
    "conditions": [
      "Adult type dermatomyositis",
      "Dermatomyositis, Childhood Type",
      "Myositis",
      "Polymyositis"
    ],
    "pico_attributes": {
      "populations": {
        "minimum_age": "5 Years",
        "maximum_age": "NA",
        "country": "United States",
        "gender": "ALL"
      },
      "interventions": [
        "Placebo Control",
        "rituximab"
      ],
      "outcomes": [
        "0%",
        "1+",
        "Admission Level of Care Code - Improved",
        "Comparison",
        "Frequency of Responses",
        "GDC Treatment Outcome Terminology",
        "Group Object",
        "Idiopathic Inflammatory Myopathies",
        "Improvement",
        "Myopathy, familial idiopathic inflammatory",
        "Patients",
        "Proportion",
        "Time",
        "Two",
        "Weekly",
        "rituximab"
      ]
    }
  },
  {
    "nct_id": "NCT00106197",
    "conditions": [
      "Depressed mood"
    ],
    "pico_attributes": {
      "populations": {
        "minimum_age": "12 Years",
        "maximum_age": "50 Years",
        "country": "United States",
        "gender": "ALL"
      },
      "interventions": [
        "bupropion"
      ],
      "outcomes": []
    }
  },
  {
    "nct_id": "NCT00106210",
    "conditions": [
      "Autistic Disorder"
    ],
    "pico_attributes": {
      "populations": {
        "minimum_age": "18 Months",
        "maximum_age": "33 Months",
        "country": "United States",
        "gender": "ALL"
      },
      "interventions": [
        "Administration procedure",
        "Approach",
        "Early Intervention (Education)",
        "Focal",
        "Numerous",
        "blending"
      ],
      "outcomes": []
    }
  },
  {
    "nct_id": "NCT00106223",
    "conditions": [
      "Body Dysmorphic Disorders",
      "Somatoform Disorder"
    ],
    "pico_attributes": {
      "populations": {
        "minimum_age": "18 Years",
        "maximum_age": "NA",
        "country": "United States",
        "gender": "ALL"
      },
      "interventions": [],
      "outcomes": []
    }
  },
  {
    "nct_id": "NCT00106236",
    "conditions": [
      "Diabetes Mellitus",
      "Hyperlipidemia",
      "Hypertension, CTCAE"
    ],
    "pico_attributes": {
      "populations": {
        "minimum_age": "45 Years",
        "maximum_age": "89 Years",
        "country": "Japan",
        "gender": "ALL"
      },
      "interventions": [
        "Exercise"
      ],
      "outcomes": []
    }
  },
  {
    "nct_id": "NCT00106249",
    "conditions": [
      "Obsessive compulsive disorder drugs"
    ],
    "pico_attributes": {
      "populations": {
        "minimum_age": "18 Years",
        "maximum_age": "70 Years",
        "country": "United States",
        "gender": "ALL"
      },
      "interventions": [
        "NOAC protocol"
      ],
      "outcomes": [
        "Brown color",
        "Clinical",
        "Device Motor",
        "Excitability",
        "Improvement",
        "Inhibition",
        "Intellectual scale",
        "Motor Cortex",
        "Short",
        "Threshold"
      ]
    }
  },
  {
    "nct_id": "NCT00106262",
    "conditions": [
      "Cervix carcinoma"
    ],
    "pico_attributes": {
      "populations": {
        "minimum_age": "18 Years",
        "maximum_age": "80 Years",
        "country": "United States",
        "gender": "FEMALE"
      },
      "interventions": [
        "Velcade",
        "bortezomib",
        "irinotecan"
      ],
      "outcomes": []
    }
  },
  {
    "nct_id": "NCT00106275",
    "conditions": [
      "Fibromyalgia"
    ],
    "pico_attributes": {
      "populations": {
        "minimum_age": "18 Years",
        "maximum_age": "70 Years",
        "country": "Germany",
        "gender": "FEMALE"
      },
      "interventions": [
        "Mindfulness Relaxation"
      ],
      "outcomes": []
    }
  },
  {
    "nct_id": "NCT00106288",
    "conditions": [
      "Candidiasis"
    ],
    "pico_attributes": {
      "populations": {
        "minimum_age": "NA",
        "maximum_age": "NA",
        "country": "United States",
        "gender": "ALL"
      },
      "interventions": [
        "amphotericin B liposomal",
        "micafungin"
      ],
      "outcomes": []
    }
  },
  {
    "nct_id": "NCT00106301",
    "conditions": [
      "Carcinoma",
      "Epithelial cell of renal tubule",
      "Prostatic Neoplasms"
    ],
    "pico_attributes": {
      "populations": {
        "minimum_age": "18 Years",
        "maximum_age": "NA",
        "country": "United States",
        "gender": "ALL"
      },
      "interventions": [
        "FK228",
        "romidepsin"
      ],
      "outcomes": []
    }
  },
  {
    "nct_id": "NCT00106314",
    "conditions": [
      "Crohn Disease"
    ],
    "pico_attributes": {
      "populations": {
        "minimum_age": "18 Years",
        "maximum_age": "NA",
        "country": "United States",
        "gender": "ALL"
      },
      "interventions": [],
      "outcomes": []
    }
  },
  {
    "nct_id": "NCT00106327",
    "conditions": [
      "Cardiovascular Diseases",
      "Peripheral Vascular Diseases"
    ],
    "pico_attributes": {
      "populations": {
        "minimum_age": "NA",
        "maximum_age": "NA",
        "country": "United States",
        "gender": "ALL"
      },
      "interventions": [
        "Basal Diet",
        "Exercise"
      ],
      "outcomes": []
    }
  },
  {
    "nct_id": "NCT00106340",
    "conditions": [
      "Bristol Stool Type 2",
      "Diabetes Mellitus"
    ],
    "pico_attributes": {
      "populations": {
        "minimum_age": "18 Years",
        "maximum_age": "73 Years",
        "country": "United States",
        "gender": "ALL"
      },
      "interventions": [
        "MATCHING",
        "Placebo Control",
        "glimepiride",
        "metformin",
        "vildagliptin"
      ],
      "outcomes": []
    }
  },
  {
    "nct_id": "NCT00106353",
    "conditions": [
      "Adenocarcinoma",
      "Neoplasms"
    ],
    "pico_attributes": {
      "populations": {
        "minimum_age": "1 Year",
        "maximum_age": "21 Years",
        "country": "United States",
        "gender": "ALL"
      },
      "interventions": [
        "Torisel"
      ],
      "outcomes": [
        "0%",
        "Able to Concentrate Question",
        "Act Relationship Subset - maximum",
        "Adverse Event Domain",
        "Amount type - Percentage",
        "Arabic numeral 0",
        "Area Under Curve",
        "Average",
        "Average Concentration",
        "Best Overall Response",
        "CD5 gene",
        "Causing",
        "Cessation of life",
        "Cmax",
        "Count of entities",
        "Decay (action)",
        "Disease Progression",
        "Dosage",
        "Due to",
        "EntityNameUseR2 <temporary>",
        "Exhibits as Topic",
        "Freedom",
        "GDC Treatment Outcome Terminology",
        "Half-Life",
        "Last",
        "Limited (extensiveness)",
        "Maximum Tolerated Dose",
        "Observed",
        "Part",
        "Participant",
        "Plasma",
        "Protocol Agent",
        "Reaching",
        "Reduced",
        "Steady-State",
        "Stop (Instruction Imperative)",
        "Time",
        "Toxic effect",
        "Weekly",
        "plasma concentration"
      ]
    }
  },
  {
    "nct_id": "NCT00106366",
    "conditions": [
      "Bristol Stool Type 2",
      "Diabetes",
      "Diabetes Mellitus"
    ],
    "pico_attributes": {
      "populations": {
        "minimum_age": "18 Years",
        "maximum_age": "NA",
        "country": "United States",
        "gender": "ALL"
      },
      "interventions": [
        "Insulin Aspart",
        "insulin detemir",
        "insulin glargine"
      ],
      "outcomes": []
    }
  },
  {
    "nct_id": "NCT00106379",
    "conditions": [
      "HIV Infections"
    ],
    "pico_attributes": {
      "populations": {
        "minimum_age": "18 Years",
        "maximum_age": "80 Years",
        "country": "United States",
        "gender": "ALL"
      },
      "interventions": [
        "Emtriva",
        "Truvada",
        "Viread",
        "emtricitabine",
        "tenofovir disoproxil fumarate"
      ],
      "outcomes": []
    }
  },
  {
    "nct_id": "NCT00106392",
    "conditions": [
      "Erectile Dysfunction, CTCAE",
      "Malignant neoplasm of prostate"
    ],
    "pico_attributes": {
      "populations": {
        "minimum_age": "NA",
        "maximum_age": "65 Years",
        "country": "United States",
        "gender": "MALE"
      },
      "interventions": [
        "Placebo Control",
        "tacrolimus"
      ],
      "outcomes": [
        "ADHD hyperactive symptoms mean score:Score:Pt:^Patient:Qn:Calculated",
        "Amount type - Percentage",
        "Blood group antibody I",
        "Bowels: fully continent (finding)",
        "Concept model domain",
        "Did not receive therapy or drug for",
        "Disease classification level",
        "Erectile dysfunction",
        "Function (attribute)",
        "GDC Treatment Outcome Terminology",
        "Group Object",
        "Health-Related Quality Of Life",
        "Medication response",
        "Medications",
        "Part",
        "Patients",
        "Penile Erection",
        "Prostate",
        "Quantitation",
        "Questionnaires",
        "Success",
        "Time",
        "Treating",
        "consider"
      ]
    }
  },
  {
    "nct_id": "NCT00106405",
    "conditions": [
      "Bipolar Disorder"
    ],
    "pico_attributes": {
      "populations": {
        "minimum_age": "18 Years",
        "maximum_age": "65 Years",
        "country": "United States",
        "gender": "ALL"
      },
      "interventions": [
        "memantine hydrochloride"
      ],
      "outcomes": []
    }
  },
  {
    "nct_id": "NCT00106418",
    "conditions": [
      "Malignant neoplasm of prostate",
      "Neoplasm Metastasis"
    ],
    "pico_attributes": {
      "populations": {
        "minimum_age": "18 Years",
        "maximum_age": "NA",
        "country": "United States",
        "gender": "MALE"
      },
      "interventions": [
        "romidepsin"
      ],
      "outcomes": []
    }
  },
  {
    "nct_id": "NCT00106431",
    "conditions": [
      "Lymphoma, T-Cell, Cutaneous"
    ],
    "pico_attributes": {
      "populations": {
        "minimum_age": "18 Years",
        "maximum_age": "NA",
        "country": "United States",
        "gender": "ALL"
      },
      "interventions": [
        "Depsipeptide Antineoplastic Antibiotic",
        "FK228",
        "romidepsin"
      ],
      "outcomes": [
        "4-toluenesulfonamide",
        "Clinical Trial Objective",
        "Disease",
        "Disease Response",
        "Duration",
        "Percent (qualifier value)",
        "Response (communication)",
        "Response Duration",
        "Time to Progression",
        "disease length",
        "disorder control (procedure)"
      ]
    }
  },
  {
    "nct_id": "NCT00106457",
    "conditions": [
      "BODY MASS INDEX QUANTITATIVE TRAIT LOCUS 20",
      "Cardiovascular Diseases",
      "Coronary Artery Disease",
      "Diabetes Mellitus",
      "Hypertension, CTCAE",
      "Metabolic Syndrome X"
    ],
    "pico_attributes": {
      "populations": {
        "minimum_age": "38 Years",
        "maximum_age": "50 Years",
        "country": "",
        "gender": "ALL"
      },
      "interventions": [],
      "outcomes": []
    }
  },
  {
    "nct_id": "NCT00106470",
    "conditions": [
      "Lung diseases",
      "Obstructed",
      "chronic"
    ],
    "pico_attributes": {
      "populations": {
        "minimum_age": "21 Years",
        "maximum_age": "65 Years",
        "country": "Costa Rica",
        "gender": "ALL"
      },
      "interventions": [],
      "outcomes": []
    }
  },
  {
    "nct_id": "NCT00106483",
    "conditions": [
      "Cardiovascular Diseases",
      "Coronary Artery Disease",
      "Heart Diseases"
    ],
    "pico_attributes": {
      "populations": {
        "minimum_age": "NA",
        "maximum_age": "NA",
        "country": "",
        "gender": "ALL"
      },
      "interventions": [],
      "outcomes": []
    }
  },
  {
    "nct_id": "NCT00106496",
    "conditions": [
      "Atopy",
      "Dermatitis"
    ],
    "pico_attributes": {
      "populations": {
        "minimum_age": "2 Years",
        "maximum_age": "NA",
        "country": "United States",
        "gender": "ALL"
      },
      "interventions": [
        "Adrenal Cortex Hormones",
        "Placebo Control",
        "Protopic"
      ],
      "outcomes": []
    }
  },
  {
    "nct_id": "NCT00106509",
    "conditions": [
      "Clostridium Enterocolitis",
      "Clostridium difficile colitis"
    ],
    "pico_attributes": {
      "populations": {
        "minimum_age": "18 Years",
        "maximum_age": "NA",
        "country": "United States",
        "gender": "ALL"
      },
      "interventions": [
        "Tolevamer Potassium Sodium"
      ],
      "outcomes": []
    }
  },
  {
    "nct_id": "NCT00106522",
    "conditions": [
      "Rheumatoid Arthritis"
    ],
    "pico_attributes": {
      "populations": {
        "minimum_age": "18 Years",
        "maximum_age": "NA",
        "country": "United States",
        "gender": "ALL"
      },
      "interventions": [
        "Actemra",
        "Placebo Control",
        "methotrexate",
        "roactemra",
        "tocilizumab"
      ],
      "outcomes": []
    }
  },
  {
    "nct_id": "NCT00106535",
    "conditions": [
      "Rheumatoid Arthritis"
    ],
    "pico_attributes": {
      "populations": {
        "minimum_age": "18 Years",
        "maximum_age": "NA",
        "country": "United States",
        "gender": "ALL"
      },
      "interventions": [
        "Actemra",
        "Placebo Control",
        "methotrexate",
        "roactemra",
        "tocilizumab"
      ],
      "outcomes": [
        "% index",
        "0%",
        "0.3",
        "66",
        "68",
        "80%",
        "ACR gene",
        "ADHD hyperactive symptoms mean score:Score:Pt:^Patient:Qn:Calculated",
        "AN 3",
        "Agreement",
        "Americas Ethnicity",
        "Amount type - Percentage",
        "Articular system",
        "Assessment of fatigue",
        "BaseLine dental cement",
        "CD44 wt Allele",
        "Cancer Remission",
        "Change -- procedure",
        "Changing",
        "Chronic disease",
        "Clinical",
        "Clinical Complete Response",
        "College",
        "Condition activity",
        "Consecutive",
        "Count",
        "DAS - Disease Activity Score",
        "DIAPH3 wt Allele",
        "Data Change Date",
        "Disability",
        "Disease Progression",
        "Disease Response",
        "Due to",
        "End",
        "Erosion lesion",
        "Erythrocyte sedimentation rate measurement",
        "Escape (mental process)",
        "FACIT",
        "FACIT Fatigue Scale",
        "Fatigue",
        "From",
        "Function (attribute)",
        "Generalized",
        "Good",
        "Health assessment questionnaire",
        "Improvement",
        "In addition to",
        "Lacking",
        "Maintaining (action)",
        "Moderate Response",
        "Montreal Cognitive Assessment Total Score",
        "Narrowed joint space",
        "Participant",
        "Physician Global Assessment of Disease Activity",
        "Population Mean",
        "Receive",
        "Relevance",
        "Response to treatment",
        "Rheumatology specialty",
        "Room of building - Study",
        "SF-36",
        "SPEN gene",
        "Sufficient",
        "Swollen joint count",
        "Tender joint count",
        "Therapeutic procedure",
        "Treatment Group",
        "Unit",
        "Vibroacoustic Stimulation",
        "Visual Analog Pain Scale",
        "Weekly",
        "Withdraw (activity)",
        "criteria",
        "global assessment",
        "month"
      ]
    }
  },
  {
    "nct_id": "NCT00106548",
    "conditions": [
      "Rheumatoid Arthritis"
    ],
    "pico_attributes": {
      "populations": {
        "minimum_age": "18 Years",
        "maximum_age": "NA",
        "country": "Thailand",
        "gender": "ALL"
      },
      "interventions": [
        "Actemra",
        "Placebo Control",
        "methotrexate",
        "roactemra",
        "tocilizumab"
      ],
      "outcomes": []
    }
  },
  {
    "nct_id": "NCT00106561",
    "conditions": [
      "DIANPH gene",
      "Glomerulonephritis",
      "Kidney Diseases",
      "Proteinuria"
    ],
    "pico_attributes": {
      "populations": {
        "minimum_age": "18 Years",
        "maximum_age": "75 Years",
        "country": "Australia",
        "gender": "ALL"
      },
      "interventions": [
        "irbesartan",
        "spironolactone"
      ],
      "outcomes": []
    }
  },
  {
    "nct_id": "NCT00106574",
    "conditions": [
      "Rheumatoid Arthritis"
    ],
    "pico_attributes": {
      "populations": {
        "minimum_age": "18 Years",
        "maximum_age": "NA",
        "country": "United States",
        "gender": "ALL"
      },
      "interventions": [
        "Actemra",
        "Placebo Control",
        "roactemra",
        "tocilizumab"
      ],
      "outcomes": []
    }
  },
  {
    "nct_id": "NCT00106587",
    "conditions": [
      "Coronary Restenosis"
    ],
    "pico_attributes": {
      "populations": {
        "minimum_age": "18 Years",
        "maximum_age": "NA",
        "country": "Germany",
        "gender": "ALL"
      },
      "interventions": [
        "Balloon dilatation catheter",
        "Coating (film)",
        "Devices",
        "Percutaneous Transluminal Coronary Angioplasty",
        "Pharmaceutical Preparations",
        "paclitaxel"
      ],
      "outcomes": []
    }
  },
  {
    "nct_id": "NCT00106600",
    "conditions": [
      "Leukemia, Myelocytic, Acute"
    ],
    "pico_attributes": {
      "populations": {
        "minimum_age": "18 Years",
        "maximum_age": "NA",
        "country": "United States",
        "gender": "ALL"
      },
      "interventions": [
        "Intravenous infusion procedures",
        "pixantrone"
      ],
      "outcomes": []
    }
  },
  {
    "nct_id": "NCT00106613",
    "conditions": [
      "Carcinoma",
      "Epithelial cell of renal tubule",
      "Neoplasm Metastasis"
    ],
    "pico_attributes": {
      "populations": {
        "minimum_age": "18 Years",
        "maximum_age": "NA",
        "country": "United States",
        "gender": "ALL"
      },
      "interventions": [
        "FK228",
        "romidepsin"
      ],
      "outcomes": []
    }
  },
  {
    "nct_id": "NCT00106626",
    "conditions": [
      "Advanced Malignant Neoplasm"
    ],
    "pico_attributes": {
      "populations": {
        "minimum_age": "18 Years",
        "maximum_age": "NA",
        "country": "United States",
        "gender": "ALL"
      },
      "interventions": [],
      "outcomes": [
        "Count of entities",
        "Death Due to Disease Progression Not Associated with More Specific Term NOS, CTCAE",
        "Measured",
        "Participant",
        "Safety",
        "Tolerability Study"
      ]
    }
  },
  {
    "nct_id": "NCT00106639",
    "conditions": [
      "Kidney Transplantation"
    ],
    "pico_attributes": {
      "populations": {
        "minimum_age": "18 Years",
        "maximum_age": "70 Years",
        "country": "United States",
        "gender": "ALL"
      },
      "interventions": [
        "CP 690,550",
        "tacrolimus"
      ],
      "outcomes": [
        "Absence of therapeutic response",
        "Absolute",
        "Alanine Aminotransferase 1, human",
        "Antibiotic Lock Therapy",
        "Blood Platelets",
        "Cessation of life",
        "Chronic kidney disease stage 5",
        "Clinical Trial Discontinuation",
        "Communicable Diseases",
        "Count of entities",
        "Deny (action)",
        "Dipstick assessment of hemoglobin concentration",
        "Disease classification level",
        "Drug usage",
        "Effectiveness",
        "Event Seriousness - Significant",
        "Failure",
        "First (number)",
        "Glucose measurement, fasting",
        "Hematocrit level",
        "Hypercholesterolemia",
        "Hypertriglyceridemia",
        "Kidney Failure",
        "Levels (qualifier value)",
        "Module",
        "Participant",
        "Reticulocyte count (procedure)",
        "Serum",
        "Symptom checklist",
        "Transplantation",
        "graft loss"
      ]
    }
  },
  {
    "nct_id": "NCT00106652",
    "conditions": [
      "Autistic Disorder",
      "Developmental Disabilities"
    ],
    "pico_attributes": {
      "populations": {
        "minimum_age": "24 Months",
        "maximum_age": "60 Months",
        "country": "United States",
        "gender": "ALL"
      },
      "interventions": [],
      "outcomes": []
    }
  },
  {
    "nct_id": "NCT00106665",
    "conditions": [
      "Critical Illness",
      "Muscle Weakness"
    ],
    "pico_attributes": {
      "populations": {
        "minimum_age": "18 Years",
        "maximum_age": "NA",
        "country": "United States",
        "gender": "ALL"
      },
      "interventions": [],
      "outcomes": []
    }
  }
]