[
  {
    "nct_id": "NCT00339066",
    "conditions": [
      "Depressed mood"
    ],
    "pico_attributes": {
      "populations": {
        "minimum_age": "60 Years",
        "maximum_age": "NA",
        "country": "United States",
        "gender": "ALL"
      },
      "interventions": [
        "Sertraline measurement"
      ],
      "outcomes": []
    }
  },
  {
    "nct_id": "NCT00339079",
    "conditions": [
      "Hypochondriasis"
    ],
    "pico_attributes": {
      "populations": {
        "minimum_age": "21 Years",
        "maximum_age": "NA",
        "country": "United States",
        "gender": "ALL"
      },
      "interventions": [
        "Fluoxetine measurement",
        "Placebo Control",
        "Supportive care"
      ],
      "outcomes": [
        "% index",
        "Columbia - realm code for use of Localized Version",
        "Concern",
        "Heightened",
        "Henry per Meter",
        "Illness (finding)",
        "Improvement",
        "Intellectual scale"
      ]
    }
  },
  {
    "nct_id": "NCT00339092",
    "conditions": [
      "HIV Infections"
    ],
    "pico_attributes": {
      "populations": {
        "minimum_age": "18 Years",
        "maximum_age": "NA",
        "country": "United States",
        "gender": "ALL"
      },
      "interventions": [
        "Changing",
        "Directly Observed Therapy",
        "Standard (document)",
        "care activity"
      ],
      "outcomes": []
    }
  },
  {
    "nct_id": "NCT00339105",
    "conditions": [
      "Acute Coronary Syndrome"
    ],
    "pico_attributes": {
      "populations": {
        "minimum_age": "18 Years",
        "maximum_age": "NA",
        "country": "Israel",
        "gender": "ALL"
      },
      "interventions": [],
      "outcomes": []
    }
  },
  {
    "nct_id": "NCT00339118",
    "conditions": [
      "Adult Rhabdomyosarcoma"
    ],
    "pico_attributes": {
      "populations": {
        "minimum_age": "6 Months",
        "maximum_age": "21 Years",
        "country": "",
        "gender": "ALL"
      },
      "interventions": [
        "Cytoxan",
        "doxorubicin"
      ],
      "outcomes": []
    }
  },
  {
    "nct_id": "NCT00339131",
    "conditions": [
      "Adrenal Gland Pheochromocytoma",
      "Carcinoid Tumor",
      "Paraganglioma"
    ],
    "pico_attributes": {
      "populations": {
        "minimum_age": "18 Years",
        "maximum_age": "NA",
        "country": "United States",
        "gender": "ALL"
      },
      "interventions": [
        "iobenguane I-131"
      ],
      "outcomes": []
    }
  },
  {
    "nct_id": "NCT00339144",
    "conditions": [
      "Neoplasms"
    ],
    "pico_attributes": {
      "populations": {
        "minimum_age": "20 Years",
        "maximum_age": "NA",
        "country": "Japan",
        "gender": "ALL"
      },
      "interventions": [
        "dasatinib"
      ],
      "outcomes": [
        "0%",
        "1 Day",
        "10%",
        "4+ Answer to question",
        "Able to Concentrate Question",
        "Act Relationship Subset - maximum",
        "Area Under Curve",
        "Bayer Corneal Epitheliopathy Grade 3",
        "Bayer Corneal Epitheliopathy Grade 4",
        "Biological Markers",
        "CBLIF gene",
        "Change -- procedure",
        "Clearance",
        "Cmax",
        "Congenital Abnormality",
        "Count of entities",
        "EDQM-HC Closure Terminology",
        "Elimination Half Life",
        "End-stage",
        "Event Seriousness - Significant",
        "Excretory function",
        "Fluorides",
        "Frequently",
        "Greek letter tau",
        "Half",
        "Hematological abnormality",
        "Hematology (discipline)",
        "In Urine",
        "In addition to",
        "LABORATORY ABNORMALITIES",
        "Lymphocyte count decreased",
        "Meaning",
        "Measures",
        "Metabolite",
        "Most",
        "N-telopeptide",
        "Occur (action)",
        "Oral",
        "Participant",
        "Physical Exam Domain",
        "Plasma",
        "Population Mean",
        "QT interval feature (observable entity)",
        "Serum Chemistry Measurement",
        "T prime",
        "TAF1 wt Allele",
        "Taking vital signs",
        "Terminal Half Life",
        "Time",
        "apparent",
        "collagen type I",
        "corrected for heart rate",
        "dasatinib",
        "drug distribution volume",
        "mg++ increased",
        "plasma concentration"
      ]
    }
  },
  {
    "nct_id": "NCT00339157",
    "conditions": [
      "Systemic onset juvenile chronic arthritis"
    ],
    "pico_attributes": {
      "populations": {
        "minimum_age": "2 Years",
        "maximum_age": "20 Years",
        "country": "France",
        "gender": "ALL"
      },
      "interventions": [
        "anakinra"
      ],
      "outcomes": []
    }
  },
  {
    "nct_id": "NCT00339170",
    "conditions": [
      "Schizophrenia"
    ],
    "pico_attributes": {
      "populations": {
        "minimum_age": "20 Years",
        "maximum_age": "NA",
        "country": "United States",
        "gender": "ALL"
      },
      "interventions": [
        "Base - General Qualifier",
        "Cognitive",
        "Disease management program (regime/therapy)",
        "Enhance (action)",
        "Program",
        "Work",
        "computer training"
      ],
      "outcomes": []
    }
  },
  {
    "nct_id": "NCT00339183",
    "conditions": [
      "Secondary malignant neoplasm of colon and/or rectum"
    ],
    "pico_attributes": {
      "populations": {
        "minimum_age": "18 Years",
        "maximum_age": "NA",
        "country": "United States",
        "gender": "ALL"
      },
      "interventions": [
        "Folinic Acid-Fluorouracil-Irinotecan Regimen",
        "panitumumab"
      ],
      "outcomes": [
        "Adverse Event Domain",
        "Amount type - Percentage",
        "Clinical Trial Objective",
        "Count of entities",
        "Disease Response",
        "Overall Survival",
        "Participant",
        "Response Duration",
        "Scanning Auger Spectrometer (device)",
        "Time to Progression"
      ]
    }
  },
  {
    "nct_id": "NCT00339196",
    "conditions": [],
    "pico_attributes": {
      "populations": {
        "minimum_age": "18 Years",
        "maximum_age": "NA",
        "country": "France",
        "gender": "ALL"
      },
      "interventions": [
        "azacitidine",
        "tretinoin",
        "valproic acid"
      ],
      "outcomes": []
    }
  },
  {
    "nct_id": "NCT00339209",
    "conditions": [
      "Deny (action)",
      "Graft Rejection",
      "Lung",
      "Lung Transplantation"
    ],
    "pico_attributes": {
      "populations": {
        "minimum_age": "18 Years",
        "maximum_age": "80 Years",
        "country": "United States",
        "gender": "ALL"
      },
      "interventions": [],
      "outcomes": []
    }
  },
  {
    "nct_id": "NCT00339222",
    "conditions": [
      "Dysplastic Nevus",
      "Melanocytic nevus",
      "Melanoma Pathway"
    ],
    "pico_attributes": {
      "populations": {
        "minimum_age": "10 Years",
        "maximum_age": "100 Years",
        "country": "United States",
        "gender": "ALL"
      },
      "interventions": [],
      "outcomes": []
    }
  },
  {
    "nct_id": "NCT00339235",
    "conditions": [
      "Pregnancy",
      "Premature Birth",
      "Premature Obstetric Labor"
    ],
    "pico_attributes": {
      "populations": {
        "minimum_age": "18 Years",
        "maximum_age": "NA",
        "country": "United States",
        "gender": "FEMALE"
      },
      "interventions": [],
      "outcomes": []
    }
  },
  {
    "nct_id": "NCT00339248",
    "conditions": [
      "Breast Carcinoma"
    ],
    "pico_attributes": {
      "populations": {
        "minimum_age": "15 Years",
        "maximum_age": "NA",
        "country": "United States",
        "gender": "FEMALE"
      },
      "interventions": [],
      "outcomes": []
    }
  },
  {
    "nct_id": "NCT00339261",
    "conditions": [
      "Lupus Erythematosus"
    ],
    "pico_attributes": {
      "populations": {
        "minimum_age": "NA",
        "maximum_age": "NA",
        "country": "United States",
        "gender": "ALL"
      },
      "interventions": [],
      "outcomes": []
    }
  },
  {
    "nct_id": "NCT00339274",
    "conditions": [
      "Environment"
    ],
    "pico_attributes": {
      "populations": {
        "minimum_age": "NA",
        "maximum_age": "NA",
        "country": "United States",
        "gender": "ALL"
      },
      "interventions": [],
      "outcomes": []
    }
  },
  {
    "nct_id": "NCT00339287",
    "conditions": [
      "Host defense"
    ],
    "pico_attributes": {
      "populations": {
        "minimum_age": "18 Years",
        "maximum_age": "120 Years",
        "country": "United States",
        "gender": "ALL"
      },
      "interventions": [],
      "outcomes": []
    }
  },
  {
    "nct_id": "NCT00339300",
    "conditions": [
      "Brain Neoplasms"
    ],
    "pico_attributes": {
      "populations": {
        "minimum_age": "18 Years",
        "maximum_age": "90 Years",
        "country": "United States",
        "gender": "ALL"
      },
      "interventions": [],
      "outcomes": []
    }
  },
  {
    "nct_id": "NCT00339313",
    "conditions": [
      "Diabetes"
    ],
    "pico_attributes": {
      "populations": {
        "minimum_age": "7 Years",
        "maximum_age": "10 Years",
        "country": "United States",
        "gender": "ALL"
      },
      "interventions": [],
      "outcomes": []
    }
  },
  {
    "nct_id": "NCT00339326",
    "conditions": [
      "Kaposi Sarcoma"
    ],
    "pico_attributes": {
      "populations": {
        "minimum_age": "18 Years",
        "maximum_age": "99 Years",
        "country": "United States",
        "gender": "ALL"
      },
      "interventions": [],
      "outcomes": []
    }
  },
  {
    "nct_id": "NCT00339339",
    "conditions": [
      "Restoration of tooth"
    ],
    "pico_attributes": {
      "populations": {
        "minimum_age": "20 Years",
        "maximum_age": "60 Years",
        "country": "United States",
        "gender": "ALL"
      },
      "interventions": [],
      "outcomes": []
    }
  },
  {
    "nct_id": "NCT00339352",
    "conditions": [
      "Glioblastoma Multiforme Pathway"
    ],
    "pico_attributes": {
      "populations": {
        "minimum_age": "18 Years",
        "maximum_age": "100 Years",
        "country": "United States",
        "gender": "ALL"
      },
      "interventions": [],
      "outcomes": []
    }
  },
  {
    "nct_id": "NCT00339365",
    "conditions": [
      "Child Behavior Disorders",
      "Child Development",
      "Reactive Attachment Disorder"
    ],
    "pico_attributes": {
      "populations": {
        "minimum_age": "10 Months",
        "maximum_age": "24 Months",
        "country": "United States",
        "gender": "ALL"
      },
      "interventions": [
        "Early",
        "Education program",
        "First relationship",
        "Program",
        "Promotion (action)",
        "Support, device"
      ],
      "outcomes": []
    }
  },
  {
    "nct_id": "NCT00339378",
    "conditions": [
      "Exposure to",
      "Pesticides"
    ],
    "pico_attributes": {
      "populations": {
        "minimum_age": "NA",
        "maximum_age": "NA",
        "country": "United States",
        "gender": "ALL"
      },
      "interventions": [],
      "outcomes": []
    }
  },
  {
    "nct_id": "NCT00339391",
    "conditions": [
      "Acquired Immunodeficiency Syndrome",
      "Stress"
    ],
    "pico_attributes": {
      "populations": {
        "minimum_age": "16 Years",
        "maximum_age": "50 Years",
        "country": "United States",
        "gender": "ALL"
      },
      "interventions": [],
      "outcomes": []
    }
  },
  {
    "nct_id": "NCT00339404",
    "conditions": [
      "Melanoma Pathway"
    ],
    "pico_attributes": {
      "populations": {
        "minimum_age": "NA",
        "maximum_age": "NA",
        "country": "United States",
        "gender": "ALL"
      },
      "interventions": [],
      "outcomes": []
    }
  },
  {
    "nct_id": "NCT00339417",
    "conditions": [
      "Filarial Elephantiases"
    ],
    "pico_attributes": {
      "populations": {
        "minimum_age": "14 Years",
        "maximum_age": "65 Years",
        "country": "United States",
        "gender": "ALL"
      },
      "interventions": [
        "albendazole",
        "ivermectin"
      ],
      "outcomes": []
    }
  },
  {
    "nct_id": "NCT00339430",
    "conditions": [
      "HIV"
    ],
    "pico_attributes": {
      "populations": {
        "minimum_age": "NA",
        "maximum_age": "NA",
        "country": "United States",
        "gender": "FEMALE"
      },
      "interventions": [],
      "outcomes": []
    }
  },
  {
    "nct_id": "NCT00339443",
    "conditions": [
      "Calibration"
    ],
    "pico_attributes": {
      "populations": {
        "minimum_age": "NA",
        "maximum_age": "NA",
        "country": "United States",
        "gender": "ALL"
      },
      "interventions": [],
      "outcomes": []
    }
  },
  {
    "nct_id": "NCT00339456",
    "conditions": [
      "HIV"
    ],
    "pico_attributes": {
      "populations": {
        "minimum_age": "18 Years",
        "maximum_age": "NA",
        "country": "United States",
        "gender": "ALL"
      },
      "interventions": [
        "Antiretroviral Therapy, Highly Active"
      ],
      "outcomes": []
    }
  },
  {
    "nct_id": "NCT00339469",
    "conditions": [
      "Basal Diet",
      "Colonic Neoplasms",
      "Control function",
      "INS protein, human",
      "Inflammation",
      "Prevention Study"
    ],
    "pico_attributes": {
      "populations": {
        "minimum_age": "35 Years",
        "maximum_age": "75 Years",
        "country": "United States",
        "gender": "MALE"
      },
      "interventions": [
        "Life"
      ],
      "outcomes": []
    }
  },
  {
    "nct_id": "NCT00339482",
    "conditions": [
      "Bristol Stool Type 2",
      "Diabetes Mellitus"
    ],
    "pico_attributes": {
      "populations": {
        "minimum_age": "5 Years",
        "maximum_age": "99 Years",
        "country": "United States",
        "gender": "ALL"
      },
      "interventions": [],
      "outcomes": []
    }
  },
  {
    "nct_id": "NCT00339495",
    "conditions": [
      "Cancer Genus",
      "Cessation of life"
    ],
    "pico_attributes": {
      "populations": {
        "minimum_age": "55 Years",
        "maximum_age": "74 Years",
        "country": "United States",
        "gender": "ALL"
      },
      "interventions": [],
      "outcomes": []
    }
  },
  {
    "nct_id": "NCT00339508",
    "conditions": [
      "Cancer Genetics",
      "Data Analysis"
    ],
    "pico_attributes": {
      "populations": {
        "minimum_age": "NA",
        "maximum_age": "NA",
        "country": "United States",
        "gender": "ALL"
      },
      "interventions": [],
      "outcomes": []
    }
  },
  {
    "nct_id": "NCT00339521",
    "conditions": [
      "Asthma"
    ],
    "pico_attributes": {
      "populations": {
        "minimum_age": "4 Years",
        "maximum_age": "17 Years",
        "country": "United States",
        "gender": "ALL"
      },
      "interventions": [],
      "outcomes": []
    }
  },
  {
    "nct_id": "NCT00339534",
    "conditions": [
      "Malignant neoplasm of prostate"
    ],
    "pico_attributes": {
      "populations": {
        "minimum_age": "18 Years",
        "maximum_age": "125 Years",
        "country": "United States",
        "gender": "MALE"
      },
      "interventions": [],
      "outcomes": []
    }
  },
  {
    "nct_id": "NCT00339547",
    "conditions": [
      "Uterine Fibroids"
    ],
    "pico_attributes": {
      "populations": {
        "minimum_age": "35 Years",
        "maximum_age": "50 Years",
        "country": "United States",
        "gender": "FEMALE"
      },
      "interventions": [],
      "outcomes": []
    }
  },
  {
    "nct_id": "NCT00339560",
    "conditions": [
      "Biliary Tract Cancer"
    ],
    "pico_attributes": {
      "populations": {
        "minimum_age": "18 Years",
        "maximum_age": "75 Years",
        "country": "United States",
        "gender": "ALL"
      },
      "interventions": [],
      "outcomes": []
    }
  },
  {
    "nct_id": "NCT00339573",
    "conditions": [
      "Allergic Reaction",
      "Asthma"
    ],
    "pico_attributes": {
      "populations": {
        "minimum_age": "18 Years",
        "maximum_age": "65 Years",
        "country": "United States",
        "gender": "ALL"
      },
      "interventions": [],
      "outcomes": []
    }
  },
  {
    "nct_id": "NCT00339586",
    "conditions": [
      "Adenocarcinoma",
      "Alveolar",
      "Bronchioles",
      "Lung Neoplasms",
      "NCI CTEP SDC Non-Small Cell Lung Cancer Sub-Category Terminology"
    ],
    "pico_attributes": {
      "populations": {
        "minimum_age": "18 Years",
        "maximum_age": "NA",
        "country": "Belgium",
        "gender": "ALL"
      },
      "interventions": [
        "erlotinib"
      ],
      "outcomes": []
    }
  },
  {
    "nct_id": "NCT00339599",
    "conditions": [
      "Cardiovascular Diseases"
    ],
    "pico_attributes": {
      "populations": {
        "minimum_age": "18 Years",
        "maximum_age": "NA",
        "country": "United States",
        "gender": "ALL"
      },
      "interventions": [],
      "outcomes": []
    }
  },
  {
    "nct_id": "NCT00339612",
    "conditions": [
      "HIV"
    ],
    "pico_attributes": {
      "populations": {
        "minimum_age": "NA",
        "maximum_age": "21 Years",
        "country": "United States",
        "gender": "ALL"
      },
      "interventions": [],
      "outcomes": []
    }
  },
  {
    "nct_id": "NCT00339625",
    "conditions": [
      "Adenoma",
      "Basal Diet",
      "polyps"
    ],
    "pico_attributes": {
      "populations": {
        "minimum_age": "35 Years",
        "maximum_age": "99 Years",
        "country": "United States",
        "gender": "ALL"
      },
      "interventions": [
        "Abnormally high",
        "Animal in fiber production",
        "Eating",
        "Fat-Restricted Diet",
        "Fruit",
        "Infantile Neuroaxonal Dystrophy",
        "Vegetables"
      ],
      "outcomes": []
    }
  },
  {
    "nct_id": "NCT00339638",
    "conditions": [
      "Adult Lymphoma",
      "Human virus",
      "Type 1"
    ],
    "pico_attributes": {
      "populations": {
        "minimum_age": "NA",
        "maximum_age": "NA",
        "country": "United States",
        "gender": "ALL"
      },
      "interventions": [],
      "outcomes": []
    }
  },
  {
    "nct_id": "NCT00339651",
    "conditions": [
      "Endometrial Carcinoma",
      "Endometrial Hyperplasia",
      "Postmenopausal bleeding",
      "Vaginal Hemorrhage"
    ],
    "pico_attributes": {
      "populations": {
        "minimum_age": "40 Years",
        "maximum_age": "120 Years",
        "country": "United States",
        "gender": "FEMALE"
      },
      "interventions": [],
      "outcomes": []
    }
  },
  {
    "nct_id": "NCT00339664",
    "conditions": [
      "Childhood Leukemia",
      "Lymphoid",
      "Malignant neoplasm of prostate",
      "Myeloid",
      "Neoplasm Metastasis"
    ],
    "pico_attributes": {
      "populations": {
        "minimum_age": "NA",
        "maximum_age": "100 Years",
        "country": "United States",
        "gender": "ALL"
      },
      "interventions": [],
      "outcomes": []
    }
  },
  {
    "nct_id": "NCT00339677",
    "conditions": [
      "Basal Diet",
      "Diet Surveys"
    ],
    "pico_attributes": {
      "populations": {
        "minimum_age": "19 Years",
        "maximum_age": "69 Years",
        "country": "United States",
        "gender": "ALL"
      },
      "interventions": [],
      "outcomes": []
    }
  },
  {
    "nct_id": "NCT00339690",
    "conditions": [
      "Allergic Reaction"
    ],
    "pico_attributes": {
      "populations": {
        "minimum_age": "5 Years",
        "maximum_age": "15 Years",
        "country": "United States",
        "gender": "ALL"
      },
      "interventions": [
        "Drug Kit",
        "Mites"
      ],
      "outcomes": []
    }
  },
  {
    "nct_id": "NCT00339703",
    "conditions": [
      "Asthma"
    ],
    "pico_attributes": {
      "populations": {
        "minimum_age": "18 Years",
        "maximum_age": "65 Years",
        "country": "United States",
        "gender": "ALL"
      },
      "interventions": [],
      "outcomes": []
    }
  },
  {
    "nct_id": "NCT00339716",
    "conditions": [
      "Cancer Genus",
      "Disease",
      "Malignant neoplasm of thyroid",
      "Negation",
      "Thyroid Diseases"
    ],
    "pico_attributes": {
      "populations": {
        "minimum_age": "30 Years",
        "maximum_age": "51 Years",
        "country": "United States",
        "gender": "ALL"
      },
      "interventions": [],
      "outcomes": []
    }
  },
  {
    "nct_id": "NCT00339729",
    "conditions": [
      "Attention deficit hyperactivity disorder"
    ],
    "pico_attributes": {
      "populations": {
        "minimum_age": "8 Years",
        "maximum_age": "NA",
        "country": "United States",
        "gender": "ALL"
      },
      "interventions": [],
      "outcomes": []
    }
  },
  {
    "nct_id": "NCT00339742",
    "conditions": [
      "Childhood Esophageal Carcinoma"
    ],
    "pico_attributes": {
      "populations": {
        "minimum_age": "18 Years",
        "maximum_age": "99 Years",
        "country": "United States",
        "gender": "ALL"
      },
      "interventions": [],
      "outcomes": []
    }
  },
  {
    "nct_id": "NCT00339768",
    "conditions": [
      "Gastric (qualifier value)",
      "precancerous lesions"
    ],
    "pico_attributes": {
      "populations": {
        "minimum_age": "35 Years",
        "maximum_age": "65 Years",
        "country": "United States",
        "gender": "ALL"
      },
      "interventions": [
        "amoxicillin/omeprazole"
      ],
      "outcomes": []
    }
  },
  {
    "nct_id": "NCT00339781",
    "conditions": [
      "Diabetes",
      "Diabetes Mellitus, Insulin-Dependent"
    ],
    "pico_attributes": {
      "populations": {
        "minimum_age": "NA",
        "maximum_age": "NA",
        "country": "United States",
        "gender": "ALL"
      },
      "interventions": [],
      "outcomes": []
    }
  },
  {
    "nct_id": "NCT00339794",
    "conditions": [
      "Genomics"
    ],
    "pico_attributes": {
      "populations": {
        "minimum_age": "21 Years",
        "maximum_age": "NA",
        "country": "United States",
        "gender": "ALL"
      },
      "interventions": [],
      "outcomes": []
    }
  },
  {
    "nct_id": "NCT00339807",
    "conditions": [
      "Human T-lymphotropic virus 1"
    ],
    "pico_attributes": {
      "populations": {
        "minimum_age": "18 Years",
        "maximum_age": "NA",
        "country": "United States",
        "gender": "ALL"
      },
      "interventions": [],
      "outcomes": []
    }
  },
  {
    "nct_id": "NCT00339833",
    "conditions": [
      "Diabetes",
      "Diabetes Mellitus, Non-Insulin-Dependent"
    ],
    "pico_attributes": {
      "populations": {
        "minimum_age": "18 Years",
        "maximum_age": "45 Years",
        "country": "United States",
        "gender": "ALL"
      },
      "interventions": [
        "Placebo Control",
        "salsalate"
      ],
      "outcomes": [
        "/40",
        "Able to Concentrate Question",
        "Average Concentration",
        "Bioconductor caAffy Average Difference Probe Summary Method",
        "Change -- procedure",
        "Clamp (device)",
        "During",
        "Fasting",
        "INS protein, human",
        "Minangkabau Language",
        "Plasma fasting glucose measurement",
        "Plasma glucose concentration",
        "Serum insulin measurement",
        "serum concentration"
      ]
    }
  },
  {
    "nct_id": "NCT00339846",
    "conditions": [
      "Craniofrontonasal dysplasia"
    ],
    "pico_attributes": {
      "populations": {
        "minimum_age": "NA",
        "maximum_age": "NA",
        "country": "United States",
        "gender": "ALL"
      },
      "interventions": [],
      "outcomes": []
    }
  },
  {
    "nct_id": "NCT00339859",
    "conditions": [
      "Lung Neoplasms"
    ],
    "pico_attributes": {
      "populations": {
        "minimum_age": "18 Years",
        "maximum_age": "90 Years",
        "country": "United States",
        "gender": "ALL"
      },
      "interventions": [],
      "outcomes": []
    }
  },
  {
    "nct_id": "NCT00339872",
    "conditions": [
      "Asthma"
    ],
    "pico_attributes": {
      "populations": {
        "minimum_age": "18 Years",
        "maximum_age": "50 Years",
        "country": "United States",
        "gender": "ALL"
      },
      "interventions": [
        "IMA-638"
      ],
      "outcomes": []
    }
  },
  {
    "nct_id": "NCT00339885",
    "conditions": [
      "Diabetes",
      "Genetic Variation Analysis"
    ],
    "pico_attributes": {
      "populations": {
        "minimum_age": "1 Month",
        "maximum_age": "65 Years",
        "country": "United States",
        "gender": "ALL"
      },
      "interventions": [],
      "outcomes": []
    }
  },
  {
    "nct_id": "NCT00339898",
    "conditions": [
      "Metastatic Ewing's Sarcoma",
      "Negation"
    ],
    "pico_attributes": {
      "populations": {
        "minimum_age": "2 Years",
        "maximum_age": "30 Years",
        "country": "United States",
        "gender": "ALL"
      },
      "interventions": [],
      "outcomes": []
    }
  },
  {
    "nct_id": "NCT00339911",
    "conditions": [
      "Donor person",
      "Healthy"
    ],
    "pico_attributes": {
      "populations": {
        "minimum_age": "18 Years",
        "maximum_age": "NA",
        "country": "United States",
        "gender": "ALL"
      },
      "interventions": [],
      "outcomes": []
    }
  },
  {
    "nct_id": "NCT00339924",
    "conditions": [
      "Genetic"
    ],
    "pico_attributes": {
      "populations": {
        "minimum_age": "18 Years",
        "maximum_age": "115 Years",
        "country": "United States",
        "gender": "ALL"
      },
      "interventions": [],
      "outcomes": []
    }
  },
  {
    "nct_id": "NCT00339937",
    "conditions": [],
    "pico_attributes": {
      "populations": {
        "minimum_age": "18 Years",
        "maximum_age": "99 Years",
        "country": "United States",
        "gender": "ALL"
      },
      "interventions": [],
      "outcomes": []
    }
  },
  {
    "nct_id": "NCT00339950",
    "conditions": [
      "Adenoma of large intestine"
    ],
    "pico_attributes": {
      "populations": {
        "minimum_age": "40 Years",
        "maximum_age": "79 Years",
        "country": "United States",
        "gender": "FEMALE"
      },
      "interventions": [],
      "outcomes": []
    }
  },
  {
    "nct_id": "NCT00339963",
    "conditions": [
      "Adult Hodgkin Lymphoma",
      "Adult Lymphoma",
      "Childhood Leukemia",
      "Lymphoma, Non-Hodgkin",
      "Multiple Myeloma"
    ],
    "pico_attributes": {
      "populations": {
        "minimum_age": "1 Year",
        "maximum_age": "NA",
        "country": "United States",
        "gender": "ALL"
      },
      "interventions": [],
      "outcomes": []
    }
  },
  {
    "nct_id": "NCT00339976",
    "conditions": [
      "Amyotrophic Lateral Sclerosis"
    ],
    "pico_attributes": {
      "populations": {
        "minimum_age": "NA",
        "maximum_age": "NA",
        "country": "United States",
        "gender": "ALL"
      },
      "interventions": [],
      "outcomes": []
    }
  },
  {
    "nct_id": "NCT00339989",
    "conditions": [
      "Cervical",
      "Cervix carcinoma",
      "Neoplasms",
      "intraepithelial"
    ],
    "pico_attributes": {
      "populations": {
        "minimum_age": "18 Years",
        "maximum_age": "120 Years",
        "country": "United States",
        "gender": "FEMALE"
      },
      "interventions": [],
      "outcomes": []
    }
  },
  {
    "nct_id": "NCT00340002",
    "conditions": [
      "Fetal growth abnormality",
      "Pregnancy",
      "Premature Birth"
    ],
    "pico_attributes": {
      "populations": {
        "minimum_age": "18 Years",
        "maximum_age": "NA",
        "country": "United States",
        "gender": "FEMALE"
      },
      "interventions": [],
      "outcomes": []
    }
  },
  {
    "nct_id": "NCT00340015",
    "conditions": [
      "Cancer Genus",
      "Cessation of life"
    ],
    "pico_attributes": {
      "populations": {
        "minimum_age": "50 Years",
        "maximum_age": "71 Years",
        "country": "United States",
        "gender": "ALL"
      },
      "interventions": [],
      "outcomes": []
    }
  },
  {
    "nct_id": "NCT00340028",
    "conditions": [
      "Pregnancy"
    ],
    "pico_attributes": {
      "populations": {
        "minimum_age": "25 Years",
        "maximum_age": "35 Years",
        "country": "United States",
        "gender": "FEMALE"
      },
      "interventions": [],
      "outcomes": []
    }
  },
  {
    "nct_id": "NCT00340054",
    "conditions": [
      "Brain",
      "Central Nervous System Neoplasms"
    ],
    "pico_attributes": {
      "populations": {
        "minimum_age": "18 Years",
        "maximum_age": "65 Years",
        "country": "United States",
        "gender": "ALL"
      },
      "interventions": [
        "Questionnaire Administration",
        "Study of High Risk Factors"
      ],
      "outcomes": []
    }
  },
  {
    "nct_id": "NCT00340080",
    "conditions": [
      "HIV Infections"
    ],
    "pico_attributes": {
      "populations": {
        "minimum_age": "18 Years",
        "maximum_age": "NA",
        "country": "United Kingdom",
        "gender": "ALL"
      },
      "interventions": [
        "abacavir"
      ],
      "outcomes": []
    }
  },
  {
    "nct_id": "NCT00340093",
    "conditions": [
      "Diabetes"
    ],
    "pico_attributes": {
      "populations": {
        "minimum_age": "11 Years",
        "maximum_age": "16 Years",
        "country": "United States",
        "gender": "ALL"
      },
      "interventions": [
        "Diabetes",
        "Management procedure"
      ],
      "outcomes": []
    }
  },
  {
    "nct_id": "NCT00340106",
    "conditions": [],
    "pico_attributes": {
      "populations": {
        "minimum_age": "18 Years",
        "maximum_age": "NA",
        "country": "United States",
        "gender": "FEMALE"
      },
      "interventions": [
        "Counsel - legal"
      ],
      "outcomes": []
    }
  },
  {
    "nct_id": "NCT00340119",
    "conditions": [
      "Chronic kidney disease stage 5"
    ],
    "pico_attributes": {
      "populations": {
        "minimum_age": "19 Years",
        "maximum_age": "NA",
        "country": "United States",
        "gender": "ALL"
      },
      "interventions": [],
      "outcomes": []
    }
  },
  {
    "nct_id": "NCT00340132",
    "conditions": [
      "BODY MASS INDEX QUANTITATIVE TRAIT LOCUS 20",
      "Bothered by Weight Gain",
      "Bristol Stool Type 2",
      "Diabetes Mellitus",
      "Insulin Resistance",
      "Overweight"
    ],
    "pico_attributes": {
      "populations": {
        "minimum_age": "18 Years",
        "maximum_age": "55 Years",
        "country": "United States",
        "gender": "ALL"
      },
      "interventions": [],
      "outcomes": []
    }
  },
  {
    "nct_id": "NCT00340158",
    "conditions": [
      "Inflammatory Breast Carcinoma"
    ],
    "pico_attributes": {
      "populations": {
        "minimum_age": "18 Years",
        "maximum_age": "NA",
        "country": "United States",
        "gender": "FEMALE"
      },
      "interventions": [],
      "outcomes": []
    }
  },
  {
    "nct_id": "NCT00340171",
    "conditions": [
      "Pregnancy"
    ],
    "pico_attributes": {
      "populations": {
        "minimum_age": "NA",
        "maximum_age": "NA",
        "country": "United States",
        "gender": "FEMALE"
      },
      "interventions": [],
      "outcomes": []
    }
  },
  {
    "nct_id": "NCT00340184",
    "conditions": [
      "Cervix carcinoma"
    ],
    "pico_attributes": {
      "populations": {
        "minimum_age": "20 Years",
        "maximum_age": "75 Years",
        "country": "Korea, Republic of",
        "gender": "FEMALE"
      },
      "interventions": [
        "carboplatin",
        "paclitaxel"
      ],
      "outcomes": []
    }
  },
  {
    "nct_id": "NCT00340210",
    "conditions": [
      "Breast Carcinoma",
      "Carcinoma, Ovarian Epithelial",
      "Endometrial Carcinoma"
    ],
    "pico_attributes": {
      "populations": {
        "minimum_age": "18 Years",
        "maximum_age": "100 Years",
        "country": "United States",
        "gender": "FEMALE"
      },
      "interventions": [],
      "outcomes": []
    }
  },
  {
    "nct_id": "NCT00340223",
    "conditions": [
      "Acquired Immunodeficiency Syndrome",
      "HIV-1"
    ],
    "pico_attributes": {
      "populations": {
        "minimum_age": "21 Years",
        "maximum_age": "NA",
        "country": "United States",
        "gender": "ALL"
      },
      "interventions": [],
      "outcomes": []
    }
  },
  {
    "nct_id": "NCT00340249",
    "conditions": [
      "Pre-term delivery",
      "Pregnancy",
      "Premature Birth",
      "Prenatal care"
    ],
    "pico_attributes": {
      "populations": {
        "minimum_age": "15 Years",
        "maximum_age": "50 Years",
        "country": "United States",
        "gender": "FEMALE"
      },
      "interventions": [],
      "outcomes": []
    }
  },
  {
    "nct_id": "NCT00340262",
    "conditions": [
      "Breast Carcinoma",
      "Endometrial Carcinoma"
    ],
    "pico_attributes": {
      "populations": {
        "minimum_age": "55 Years",
        "maximum_age": "80 Years",
        "country": "United States",
        "gender": "FEMALE"
      },
      "interventions": [],
      "outcomes": []
    }
  },
  {
    "nct_id": "NCT00340275",
    "conditions": [
      "Vagina"
    ],
    "pico_attributes": {
      "populations": {
        "minimum_age": "15 Years",
        "maximum_age": "44 Years",
        "country": "United States",
        "gender": "FEMALE"
      },
      "interventions": [],
      "outcomes": []
    }
  },
  {
    "nct_id": "NCT00340288",
    "conditions": [
      "Uterine Fibroids"
    ],
    "pico_attributes": {
      "populations": {
        "minimum_age": "18 Years",
        "maximum_age": "60 Years",
        "country": "United States",
        "gender": "FEMALE"
      },
      "interventions": [],
      "outcomes": []
    }
  },
  {
    "nct_id": "NCT00340301",
    "conditions": [],
    "pico_attributes": {
      "populations": {
        "minimum_age": "NA",
        "maximum_age": "NA",
        "country": "United States",
        "gender": "ALL"
      },
      "interventions": [],
      "outcomes": []
    }
  },
  {
    "nct_id": "NCT00340314",
    "conditions": [
      "Atrial Fibrillation"
    ],
    "pico_attributes": {
      "populations": {
        "minimum_age": "18 Years",
        "maximum_age": "70 Years",
        "country": "Italy",
        "gender": "ALL"
      },
      "interventions": [
        "Ablation",
        "Anti-Arrhythmia Agents",
        "Antiarrhythmic [EPC]",
        "Cardiac depressant drug, NOS",
        "Circumference",
        "Entire pulmonary vein",
        "Pharmacotherapy",
        "Therapeutic procedure"
      ],
      "outcomes": []
    }
  },
  {
    "nct_id": "NCT00340327",
    "conditions": [
      "Healthy"
    ],
    "pico_attributes": {
      "populations": {
        "minimum_age": "20 Years",
        "maximum_age": "45 Years",
        "country": "United States",
        "gender": "ALL"
      },
      "interventions": [
        "IMA-638"
      ],
      "outcomes": []
    }
  },
  {
    "nct_id": "NCT00340340",
    "conditions": [
      "Carcinoma of lung"
    ],
    "pico_attributes": {
      "populations": {
        "minimum_age": "35 Years",
        "maximum_age": "79 Years",
        "country": "United States",
        "gender": "ALL"
      },
      "interventions": [],
      "outcomes": []
    }
  },
  {
    "nct_id": "NCT00340353",
    "conditions": [
      "Adult Alveolar Soft Part Sarcoma",
      "Malignant neoplasm of soft tissue"
    ],
    "pico_attributes": {
      "populations": {
        "minimum_age": "4 Years",
        "maximum_age": "NA",
        "country": "United States",
        "gender": "ALL"
      },
      "interventions": [],
      "outcomes": []
    }
  },
  {
    "nct_id": "NCT00340366",
    "conditions": [
      "Birth defects diagnosis:Find:Pt:^Patient:Nar",
      "Pregnancy"
    ],
    "pico_attributes": {
      "populations": {
        "minimum_age": "18 Years",
        "maximum_age": "NA",
        "country": "United States",
        "gender": "ALL"
      },
      "interventions": [],
      "outcomes": []
    }
  },
  {
    "nct_id": "NCT00340379",
    "conditions": [
      "Mood Disorders"
    ],
    "pico_attributes": {
      "populations": {
        "minimum_age": "18 Years",
        "maximum_age": "75 Years",
        "country": "United States",
        "gender": "ALL"
      },
      "interventions": [
        "Sertraline measurement",
        "haloperidol",
        "ziprasidone"
      ],
      "outcomes": [
        "Brief Psychiatric Rating Scale",
        "Clinical Item",
        "Clinical impression",
        "Generalized",
        "Hamilton rating scale for depression",
        "Improvement",
        "Intellectual scale",
        "week"
      ]
    }
  },
  {
    "nct_id": "NCT00340392",
    "conditions": [
      "Stem cells"
    ],
    "pico_attributes": {
      "populations": {
        "minimum_age": "NA",
        "maximum_age": "NA",
        "country": "United States",
        "gender": "ALL"
      },
      "interventions": [],
      "outcomes": []
    }
  },
  {
    "nct_id": "NCT00340405",
    "conditions": [
      "Carcinoma of lung"
    ],
    "pico_attributes": {
      "populations": {
        "minimum_age": "40 Years",
        "maximum_age": "100 Years",
        "country": "United States",
        "gender": "ALL"
      },
      "interventions": [],
      "outcomes": []
    }
  },
  {
    "nct_id": "NCT00340418",
    "conditions": [
      "Allograft Rejection Pathway",
      "Lung Transplantation",
      "chronic"
    ],
    "pico_attributes": {
      "populations": {
        "minimum_age": "18 Years",
        "maximum_age": "80 Years",
        "country": "United States",
        "gender": "ALL"
      },
      "interventions": [],
      "outcomes": []
    }
  },
  {
    "nct_id": "NCT00340431",
    "conditions": [
      "Malaria, Falciparum",
      "Vaccines"
    ],
    "pico_attributes": {
      "populations": {
        "minimum_age": "18 Years",
        "maximum_age": "50 Years",
        "country": "United States",
        "gender": "ALL"
      },
      "interventions": [
        "Inclusion Body Myopathy with Early-Onset Paget Disease with or without Frontotemporal Dementia 1"
      ],
      "outcomes": []
    }
  },
  {
    "nct_id": "NCT00340444",
    "conditions": [
      "Idiopathic chronic inflammatory bowel disease"
    ],
    "pico_attributes": {
      "populations": {
        "minimum_age": "NA",
        "maximum_age": "NA",
        "country": "United States",
        "gender": "ALL"
      },
      "interventions": [],
      "outcomes": []
    }
  }
]