[
  {
    "nct_id": "NCT00129558",
    "conditions": [
      "Childhood Leukemia"
    ],
    "pico_attributes": {
      "populations": {
        "minimum_age": "18 Years",
        "maximum_age": "NA",
        "country": "United States",
        "gender": "ALL"
      },
      "interventions": [
        "Injection",
        "PT 523"
      ],
      "outcomes": []
    }
  },
  {
    "nct_id": "NCT00129571",
    "conditions": [
      "Cancer Genus"
    ],
    "pico_attributes": {
      "populations": {
        "minimum_age": "18 Years",
        "maximum_age": "NA",
        "country": "United States",
        "gender": "ALL"
      },
      "interventions": [
        "XL820"
      ],
      "outcomes": []
    }
  },
  {
    "nct_id": "NCT00129584",
    "conditions": [
      "Chronic Obstructive Airway Disease",
      "Pathological accumulation of air in tissues"
    ],
    "pico_attributes": {
      "populations": {
        "minimum_age": "40 Years",
        "maximum_age": "75 Years",
        "country": "",
        "gender": "ALL"
      },
      "interventions": [
        "CDISC SDTM Procedure Terminology",
        "Endobronchial valve"
      ],
      "outcomes": []
    }
  },
  {
    "nct_id": "NCT00129597",
    "conditions": [
      "Breast Carcinoma",
      "Feel Pain"
    ],
    "pico_attributes": {
      "populations": {
        "minimum_age": "18 Years",
        "maximum_age": "80 Years",
        "country": "France",
        "gender": "FEMALE"
      },
      "interventions": [
        "Ketalar"
      ],
      "outcomes": []
    }
  },
  {
    "nct_id": "NCT00129610",
    "conditions": [
      "Agoraphobia",
      "Panic Disorder"
    ],
    "pico_attributes": {
      "populations": {
        "minimum_age": "18 Years",
        "maximum_age": "60 Years",
        "country": "France",
        "gender": "ALL"
      },
      "interventions": [
        "Cognitive Therapy",
        "Virtual Reality Exposure Therapy"
      ],
      "outcomes": []
    }
  },
  {
    "nct_id": "NCT00129623",
    "conditions": [
      "Osteoporosis, Postmenopausal"
    ],
    "pico_attributes": {
      "populations": {
        "minimum_age": "45 Years",
        "maximum_age": "60 Years",
        "country": "United States",
        "gender": "FEMALE"
      },
      "interventions": [
        "Boniva",
        "Bonviva",
        "Placebo Control",
        "ibandronate"
      ],
      "outcomes": [
        "*Relative",
        "Absolute Change",
        "Amount type - Percentage",
        "BaseLine dental cement",
        "Bone structure of lumbar vertebra",
        "C-telopeptide",
        "CD44 wt Allele",
        "Change -- procedure",
        "Count of entities",
        "Cross link",
        "Femur",
        "LABORATORY ABNORMALITIES",
        "Marked",
        "Monthly (qualifier value)",
        "Participant",
        "Population Mean",
        "Proximal",
        "Serum",
        "Type C",
        "collagen type I"
      ]
    }
  },
  {
    "nct_id": "NCT00129636",
    "conditions": [
      "Heart Diseases",
      "Lung diseases"
    ],
    "pico_attributes": {
      "populations": {
        "minimum_age": "18 Years",
        "maximum_age": "90 Years",
        "country": "United Kingdom",
        "gender": "ALL"
      },
      "interventions": [
        "Additional",
        "Entity Determiner - specific",
        "Letter [Publication Type]",
        "Patients",
        "Write - language ability"
      ],
      "outcomes": []
    }
  },
  {
    "nct_id": "NCT00129649",
    "conditions": [
      "ARCN1 gene",
      "Asthma",
      "Sleep Apnea Syndromes",
      "Tuberculosis"
    ],
    "pico_attributes": {
      "populations": {
        "minimum_age": "18 Years",
        "maximum_age": "90 Years",
        "country": "United Kingdom",
        "gender": "ALL"
      },
      "interventions": [
        "Reminder",
        "telephone call"
      ],
      "outcomes": [
        "Ambulatory Care Facilities",
        "Attendance",
        "Respiratory rate"
      ]
    }
  },
  {
    "nct_id": "NCT00129662",
    "conditions": [
      "ARCN1 gene",
      "Asthma"
    ],
    "pico_attributes": {
      "populations": {
        "minimum_age": "18 Years",
        "maximum_age": "90 Years",
        "country": "United Kingdom",
        "gender": "ALL"
      },
      "interventions": [
        "Action plan"
      ],
      "outcomes": []
    }
  },
  {
    "nct_id": "NCT00129675",
    "conditions": [
      "Parkinsonian Disorders"
    ],
    "pico_attributes": {
      "populations": {
        "minimum_age": "21 Years",
        "maximum_age": "NA",
        "country": "United States",
        "gender": "ALL"
      },
      "interventions": [
        "Citrulline measurement",
        "iodide ion I-123"
      ],
      "outcomes": []
    }
  },
  {
    "nct_id": "NCT00129688",
    "conditions": [
      "Cancer Genus",
      "Fever",
      "Leukopenia"
    ],
    "pico_attributes": {
      "populations": {
        "minimum_age": "1 Year",
        "maximum_age": "14 Years",
        "country": "",
        "gender": "ALL"
      },
      "interventions": [
        "Cumulative Dose",
        "Twice a day",
        "amikacin",
        "cloxacillin"
      ],
      "outcomes": []
    }
  },
  {
    "nct_id": "NCT00129701",
    "conditions": [
      "ARCN1 gene",
      "Asthma",
      "Bronchiectasis",
      "Lung Diseases, Interstitial",
      "Sleep Apnea Syndromes"
    ],
    "pico_attributes": {
      "populations": {
        "minimum_age": "18 Years",
        "maximum_age": "90 Years",
        "country": "United Kingdom",
        "gender": "ALL"
      },
      "interventions": [
        "Telephone consultation"
      ],
      "outcomes": [
        "Associated with",
        "Client satisfaction",
        "Clinical Study Follow-up",
        "Consultation",
        "Dispense Method - Traditional",
        "Expedited Report",
        "Financial cost",
        "Patient need for (contextual qualifier)",
        "Patients",
        "face-to-face"
      ]
    }
  },
  {
    "nct_id": "NCT00129714",
    "conditions": [
      "Cervical",
      "Radiculopathy"
    ],
    "pico_attributes": {
      "populations": {
        "minimum_age": "18 Years",
        "maximum_age": "75 Years",
        "country": "Netherlands",
        "gender": "ALL"
      },
      "interventions": [
        "Cervical collar (device)",
        "Physical therapy"
      ],
      "outcomes": []
    }
  },
  {
    "nct_id": "NCT00129727",
    "conditions": [
      "Carcinoma, Ovarian Epithelial"
    ],
    "pico_attributes": {
      "populations": {
        "minimum_age": "18 Years",
        "maximum_age": "NA",
        "country": "United States",
        "gender": "FEMALE"
      },
      "interventions": [
        "bevacizumab",
        "carboplatin",
        "paclitaxel"
      ],
      "outcomes": [
        "Frequency of Responses",
        "Progression-Free Survival",
        "Response Evaluation Criteria in Solid Tumors"
      ]
    }
  },
  {
    "nct_id": "NCT00129740",
    "conditions": [
      "Childhood Leukemia",
      "Myeloid",
      "chronic"
    ],
    "pico_attributes": {
      "populations": {
        "minimum_age": "16 Years",
        "maximum_age": "NA",
        "country": "United States",
        "gender": "ALL"
      },
      "interventions": [
        "nilotinib"
      ],
      "outcomes": []
    }
  },
  {
    "nct_id": "NCT00129753",
    "conditions": [
      "Adult Lymphoma",
      "Hodgkin Disease"
    ],
    "pico_attributes": {
      "populations": {
        "minimum_age": "18 Years",
        "maximum_age": "NA",
        "country": "United States",
        "gender": "ALL"
      },
      "interventions": [
        "Campath 1H",
        "alemtuzumab"
      ],
      "outcomes": []
    }
  },
  {
    "nct_id": "NCT00129766",
    "conditions": [
      "Respiratory Syncytial Virus Infections"
    ],
    "pico_attributes": {
      "populations": {
        "minimum_age": "NA",
        "maximum_age": "24 Months",
        "country": "United States",
        "gender": "ALL"
      },
      "interventions": [
        "MEDI-524",
        "motavizumab",
        "palivizumab"
      ],
      "outcomes": [
        "0%",
        "1 Day",
        "30%",
        "Adverse Event Domain",
        "Anti-Antibodies",
        "Antibiotic throat preparations",
        "Attended (qualifier value)",
        "BaseLine dental cement",
        "Cessation of life",
        "Changed status",
        "Count of entities",
        "Daily",
        "Day 2",
        "Day 3",
        "Day 4",
        "Discontinued",
        "Drug Evaluation",
        "Due to",
        "Frequencies (time pattern)",
        "Highest Grade",
        "Hospitalization",
        "Human respiratory syncytial virus",
        "Incidence",
        "Include (action)",
        "Infection",
        "Mental concentration",
        "Oman",
        "Participant",
        "Post-dose",
        "Prescribed",
        "Related personal status",
        "Reporting",
        "SUMO activating enzyme complex",
        "Scanning Auger Spectrometer (device)",
        "Serum, Trough",
        "Severities",
        "Taking vital signs",
        "Trough",
        "motavizumab",
        "serum concentration"
      ]
    }
  },
  {
    "nct_id": "NCT00129779",
    "conditions": [
      "ARCN1 gene"
    ],
    "pico_attributes": {
      "populations": {
        "minimum_age": "50 Years",
        "maximum_age": "90 Years",
        "country": "United Kingdom",
        "gender": "ALL"
      },
      "interventions": [
        "Drug Packaging",
        "Intermediate care"
      ],
      "outcomes": []
    }
  },
  {
    "nct_id": "NCT00129792",
    "conditions": [
      "BODY MASS INDEX QUANTITATIVE TRAIT LOCUS 20",
      "Insulin Resistance",
      "Metabolic Diseases",
      "Metabolic Syndrome X",
      "Prediabetes syndrome"
    ],
    "pico_attributes": {
      "populations": {
        "minimum_age": "21 Years",
        "maximum_age": "60 Years",
        "country": "United States",
        "gender": "ALL"
      },
      "interventions": [
        "Body Weight",
        "Dietary Supplement Marketing Category",
        "Educational Status",
        "Have Weight Loss",
        "Loss counseling"
      ],
      "outcomes": []
    }
  },
  {
    "nct_id": "NCT00129805",
    "conditions": [
      "Cerebral Infarction"
    ],
    "pico_attributes": {
      "populations": {
        "minimum_age": "20 Years",
        "maximum_age": "NA",
        "country": "",
        "gender": "ALL"
      },
      "interventions": [
        "MCI 9042",
        "aspirin"
      ],
      "outcomes": []
    }
  },
  {
    "nct_id": "NCT00129818",
    "conditions": [
      "Genital Herpes"
    ],
    "pico_attributes": {
      "populations": {
        "minimum_age": "18 Years",
        "maximum_age": "NA",
        "country": "United States",
        "gender": "ALL"
      },
      "interventions": [
        "famciclovir"
      ],
      "outcomes": []
    }
  },
  {
    "nct_id": "NCT00129831",
    "conditions": [
      "ARCN1 gene"
    ],
    "pico_attributes": {
      "populations": {
        "minimum_age": "40 Years",
        "maximum_age": "75 Years",
        "country": "United States",
        "gender": "ALL"
      },
      "interventions": [
        "QAB-149"
      ],
      "outcomes": []
    }
  },
  {
    "nct_id": "NCT00129844",
    "conditions": [
      "Adenocarcinoma",
      "Lung Neoplasms",
      "Non-Small Cell Lung Carcinoma"
    ],
    "pico_attributes": {
      "populations": {
        "minimum_age": "18 Years",
        "maximum_age": "NA",
        "country": "United States",
        "gender": "ALL"
      },
      "interventions": [
        "motexafin gadolinium"
      ],
      "outcomes": []
    }
  },
  {
    "nct_id": "NCT00129857",
    "conditions": [
      "Traumatic Brain Injury"
    ],
    "pico_attributes": {
      "populations": {
        "minimum_age": "18 Years",
        "maximum_age": "65 Years",
        "country": "",
        "gender": "ALL"
      },
      "interventions": [
        "Dexanabinol"
      ],
      "outcomes": []
    }
  },
  {
    "nct_id": "NCT00129870",
    "conditions": [
      "Colorectal Cancer Pathway"
    ],
    "pico_attributes": {
      "populations": {
        "minimum_age": "18 Years",
        "maximum_age": "NA",
        "country": "United States",
        "gender": "ALL"
      },
      "interventions": [
        "oxaliplatin"
      ],
      "outcomes": []
    }
  },
  {
    "nct_id": "NCT00129883",
    "conditions": [
      "ARCN1 gene",
      "Bronchitis, Chronic",
      "Pneumonia"
    ],
    "pico_attributes": {
      "populations": {
        "minimum_age": "18 Years",
        "maximum_age": "NA",
        "country": "Netherlands",
        "gender": "ALL"
      },
      "interventions": [
        "Alcohol Use Disorder Identification Test Self-Report Version Questionnaire",
        "Analysis",
        "Biochemical Pathway",
        "Care of intensive care unit patient",
        "Critical Pathways",
        "Education, Professional",
        "Feedback - evaluative response process",
        "Human Cells, Tissues, and Cellular and Tissue-Based Products Processing",
        "Implementation",
        "Professional Occupation",
        "care activity"
      ],
      "outcomes": []
    }
  },
  {
    "nct_id": "NCT00129896",
    "conditions": [
      "Breast Carcinoma"
    ],
    "pico_attributes": {
      "populations": {
        "minimum_age": "18 Years",
        "maximum_age": "70 Years",
        "country": "Spain",
        "gender": "FEMALE"
      },
      "interventions": [
        "Herceptin",
        "Myocet",
        "Taxotere"
      ],
      "outcomes": []
    }
  },
  {
    "nct_id": "NCT00129909",
    "conditions": [
      "Hypertension, CTCAE"
    ],
    "pico_attributes": {
      "populations": {
        "minimum_age": "18 Years",
        "maximum_age": "NA",
        "country": "Canada",
        "gender": "ALL"
      },
      "interventions": [
        "Combined Modality Therapy",
        "Dosage",
        "Fix"
      ],
      "outcomes": []
    }
  },
  {
    "nct_id": "NCT00129922",
    "conditions": [
      "Breast Carcinoma"
    ],
    "pico_attributes": {
      "populations": {
        "minimum_age": "18 Years",
        "maximum_age": "70 Years",
        "country": "Spain",
        "gender": "FEMALE"
      },
      "interventions": [
        "cyclophosphamide",
        "epirubicin",
        "fluorouracil",
        "paclitaxel"
      ],
      "outcomes": []
    }
  },
  {
    "nct_id": "NCT00129935",
    "conditions": [
      "Breast Carcinoma"
    ],
    "pico_attributes": {
      "populations": {
        "minimum_age": "18 Years",
        "maximum_age": "70 Years",
        "country": "Spain",
        "gender": "FEMALE"
      },
      "interventions": [
        "capecitabine",
        "cyclophosphamide",
        "docetaxel",
        "epirubicin"
      ],
      "outcomes": [
        "Alopecia",
        "Count of entities",
        "Participant",
        "Perceived quality of life",
        "Questionnaires",
        "Recovery - action",
        "Take",
        "Time",
        "Wig, device"
      ]
    }
  },
  {
    "nct_id": "NCT00129948",
    "conditions": [
      "Childhood Leukemia",
      "Myeloid",
      "acute"
    ],
    "pico_attributes": {
      "populations": {
        "minimum_age": "18 Years",
        "maximum_age": "NA",
        "country": "United States",
        "gender": "ALL"
      },
      "interventions": [
        "Troxatyl",
        "troxacitabine"
      ],
      "outcomes": []
    }
  },
  {
    "nct_id": "NCT00129961",
    "conditions": [
      "Kidney Transplantation",
      "Skin Neoplasms"
    ],
    "pico_attributes": {
      "populations": {
        "minimum_age": "18 Years",
        "maximum_age": "NA",
        "country": "United States",
        "gender": "ALL"
      },
      "interventions": [
        "Cyclosporins",
        "sirolimus",
        "tacrolimus"
      ],
      "outcomes": [
        "Acute Rejection",
        "Assignment - action",
        "Biopsy",
        "Cessation of life",
        "Confirmation",
        "Count of entities",
        "Discontinue - dosing instruction imperative",
        "Distributing",
        "Due to",
        "Empty (qualifier)",
        "Episodic",
        "First (number)",
        "Grade",
        "Graft Survival",
        "Human Study Subject",
        "Incidence",
        "Leiostomus xanthurus",
        "Lesion",
        "Measured",
        "Metastatic Disease Clinical Trial Setting",
        "Metastatic Neoplasm",
        "Morbidity - disease rate",
        "New",
        "Number of lesions",
        "Participant",
        "Relative to",
        "Reporting",
        "Serum creatinine level",
        "Therapeutic procedure",
        "Time",
        "Urine protein/creatinine ratio measurement",
        "biopsied lesion",
        "graft loss",
        "per year"
      ]
    }
  },
  {
    "nct_id": "NCT00129974",
    "conditions": [
      "CEL gene",
      "Carcinoma",
      "Small"
    ],
    "pico_attributes": {
      "populations": {
        "minimum_age": "18 Years",
        "maximum_age": "NA",
        "country": "United States",
        "gender": "ALL"
      },
      "interventions": [
        "gemcitabine",
        "pemetrexed"
      ],
      "outcomes": [
        "1 (finding)",
        "Adverse event",
        "Count of entities",
        "Frequency of Responses",
        "Participant"
      ]
    }
  },
  {
    "nct_id": "NCT00129987",
    "conditions": [
      "Asthma"
    ],
    "pico_attributes": {
      "populations": {
        "minimum_age": "18 Years",
        "maximum_age": "90 Years",
        "country": "United Kingdom",
        "gender": "ALL"
      },
      "interventions": [
        "Administration occupational activities",
        "Educational Status",
        "Self Directed Education",
        "Self management:Finding:Point in time:^Patient:Ordinal"
      ],
      "outcomes": [
        "Asthma",
        "Count of entities",
        "Health Care",
        "In addition to",
        "Medications",
        "Participant",
        "Perceived quality of life",
        "Questionnaire Domain",
        "Respiratory physiology",
        "Unscheduled",
        "Use of"
      ]
    }
  },
  {
    "nct_id": "NCT00130000",
    "conditions": [
      "Hemoglobinuria, Paroxysmal",
      "Night time"
    ],
    "pico_attributes": {
      "populations": {
        "minimum_age": "18 Years",
        "maximum_age": "NA",
        "country": "United States",
        "gender": "ALL"
      },
      "interventions": [
        "eculizumab"
      ],
      "outcomes": []
    }
  },
  {
    "nct_id": "NCT00130013",
    "conditions": [
      "Pneumonia"
    ],
    "pico_attributes": {
      "populations": {
        "minimum_age": "2 Months",
        "maximum_age": "59 Months",
        "country": "Pakistan",
        "gender": "ALL"
      },
      "interventions": [
        "Oral",
        "amoxicillin"
      ],
      "outcomes": []
    }
  },
  {
    "nct_id": "NCT00130026",
    "conditions": [
      "Bothered by Vomiting",
      "Postoperative Nausea"
    ],
    "pico_attributes": {
      "populations": {
        "minimum_age": "18 Years",
        "maximum_age": "NA",
        "country": "United States",
        "gender": "ALL"
      },
      "interventions": [
        "Caffeine related disorders"
      ],
      "outcomes": []
    }
  },
  {
    "nct_id": "NCT00130039",
    "conditions": [
      "Arteriosclerosis",
      "Cerebral Infarction"
    ],
    "pico_attributes": {
      "populations": {
        "minimum_age": "35 Years",
        "maximum_age": "NA",
        "country": "Thailand",
        "gender": "ALL"
      },
      "interventions": [
        "cilostazol",
        "clopidogrel"
      ],
      "outcomes": [
        "CDISC Events Class",
        "CYREN gene",
        "Cardiovascular event",
        "Cerebrovascular accident",
        "Clinical Study Follow-up",
        "Count of entities",
        "Death Related to Adverse Event",
        "Disease Progression",
        "Image",
        "In addition to",
        "Intracranial",
        "Ipsilateral",
        "Ischemic stroke",
        "Lesion",
        "Magnetic Resonance",
        "Major",
        "New",
        "Number of patients",
        "Overall",
        "Participant",
        "Rate",
        "Stenosis",
        "Symptomatic",
        "hemorrhage as a complication"
      ]
    }
  },
  {
    "nct_id": "NCT00130065",
    "conditions": [
      "Malaria"
    ],
    "pico_attributes": {
      "populations": {
        "minimum_age": "15 Years",
        "maximum_age": "45 Years",
        "country": "Kenya",
        "gender": "FEMALE"
      },
      "interventions": [
        "Placebo Control",
        "Pyrimethamine / Sulfadoxine",
        "folic acid"
      ],
      "outcomes": []
    }
  },
  {
    "nct_id": "NCT00130078",
    "conditions": [
      "HIV Infections"
    ],
    "pico_attributes": {
      "populations": {
        "minimum_age": "18 Years",
        "maximum_age": "35 Years",
        "country": "Nigeria",
        "gender": "FEMALE"
      },
      "interventions": [
        "0%",
        "1+",
        "C 31G",
        "Vaginal Gel"
      ],
      "outcomes": []
    }
  },
  {
    "nct_id": "NCT00130091",
    "conditions": [
      "Hernia",
      "Inguinal region",
      "Testicular Hydrocele"
    ],
    "pico_attributes": {
      "populations": {
        "minimum_age": "1 Year",
        "maximum_age": "12 Years",
        "country": "Canada",
        "gender": "ALL"
      },
      "interventions": [
        "clonidine"
      ],
      "outcomes": []
    }
  },
  {
    "nct_id": "NCT00130104",
    "conditions": [
      "Finger Injuries"
    ],
    "pico_attributes": {
      "populations": {
        "minimum_age": "NA",
        "maximum_age": "18 Years",
        "country": "United States",
        "gender": "ALL"
      },
      "interventions": [
        "(City) Block",
        "Metacarpal bone",
        "Transthecal"
      ],
      "outcomes": []
    }
  },
  {
    "nct_id": "NCT00130117",
    "conditions": [
      "Amenorrhea"
    ],
    "pico_attributes": {
      "populations": {
        "minimum_age": "18 Years",
        "maximum_age": "35 Years",
        "country": "United States",
        "gender": "FEMALE"
      },
      "interventions": [
        "Placebo Control",
        "recombinant methionyl human leptin"
      ],
      "outcomes": [
        "Adipose tissue",
        "Body Composition",
        "Bone marker",
        "Bone structure of ischium",
        "C-telopeptide",
        "Circumpennate",
        "Finding of body mass index",
        "Lumbar Region",
        "SOST gene"
      ]
    }
  },
  {
    "nct_id": "NCT00130130",
    "conditions": [
      "Feel Pain"
    ],
    "pico_attributes": {
      "populations": {
        "minimum_age": "18 Years",
        "maximum_age": "90 Years",
        "country": "United States",
        "gender": "ALL"
      },
      "interventions": [],
      "outcomes": []
    }
  },
  {
    "nct_id": "NCT00130143",
    "conditions": [
      "Carcinoma of lung",
      "Head and Neck Carcinoma"
    ],
    "pico_attributes": {
      "populations": {
        "minimum_age": "18 Years",
        "maximum_age": "NA",
        "country": "United States",
        "gender": "ALL"
      },
      "interventions": [
        "Ethyol",
        "amifostine"
      ],
      "outcomes": []
    }
  },
  {
    "nct_id": "NCT00130156",
    "conditions": [
      "Ever told by doctor or nurse that you have high blood pressure:Finding:Point in time:^Patient:Ordinal"
    ],
    "pico_attributes": {
      "populations": {
        "minimum_age": "20 Years",
        "maximum_age": "80 Years",
        "country": "Taiwan",
        "gender": "ALL"
      },
      "interventions": [
        "bunazosin",
        "doxazosin"
      ],
      "outcomes": []
    }
  },
  {
    "nct_id": "NCT00130169",
    "conditions": [
      "Cancer Genus",
      "Malignant Neoplasms"
    ],
    "pico_attributes": {
      "populations": {
        "minimum_age": "18 Years",
        "maximum_age": "NA",
        "country": "United States",
        "gender": "ALL"
      },
      "interventions": [
        "Hemiasterlin Analog E7974"
      ],
      "outcomes": []
    }
  },
  {
    "nct_id": "NCT00130182",
    "conditions": [
      "Cystic Fibrosis"
    ],
    "pico_attributes": {
      "populations": {
        "minimum_age": "5 Years",
        "maximum_age": "7 Years",
        "country": "United States",
        "gender": "ALL"
      },
      "interventions": [
        "Denufosol",
        "INS37217"
      ],
      "outcomes": []
    }
  },
  {
    "nct_id": "NCT00130195",
    "conditions": [
      "Acute lymphocytic leukemia"
    ],
    "pico_attributes": {
      "populations": {
        "minimum_age": "15 Years",
        "maximum_age": "64 Years",
        "country": "Japan",
        "gender": "ALL"
      },
      "interventions": [
        "cyclophosphamide",
        "cytarabine",
        "daunorubicin",
        "dexamethasone",
        "imatinib",
        "methotrexate",
        "prednisolone",
        "vincristine"
      ],
      "outcomes": []
    }
  },
  {
    "nct_id": "NCT00130208",
    "conditions": [
      "DIANPH gene"
    ],
    "pico_attributes": {
      "populations": {
        "minimum_age": "18 Years",
        "maximum_age": "NA",
        "country": "United States",
        "gender": "ALL"
      },
      "interventions": [
        "Placebo Control",
        "glucuronyl glucosamine glycan sulfate"
      ],
      "outcomes": [
        "BaseLine dental cement",
        "Change -- procedure",
        "Conversions",
        "Count of entities",
        "End",
        "GDC Treatment Outcome Terminology",
        "Grade A1 albuminuria",
        "Human Study Subject",
        "In addition to",
        "Microalbuminuria",
        "More than 50",
        "Reduced",
        "Serum Albumin",
        "week"
      ]
    }
  },
  {
    "nct_id": "NCT00130221",
    "conditions": [
      "Bacteremia",
      "Clostridium Infections",
      "Cross Infection",
      "Pneumonia",
      "Recurrent urinary tract infection",
      "Sepsis"
    ],
    "pico_attributes": {
      "populations": {
        "minimum_age": "16 Years",
        "maximum_age": "NA",
        "country": "United States",
        "gender": "ALL"
      },
      "interventions": [
        "+2",
        "Cloth Dosage Form",
        "Daily bathing",
        "Gravidity",
        "Soap",
        "chlorhexidine gluconate"
      ],
      "outcomes": []
    }
  },
  {
    "nct_id": "NCT00130234",
    "conditions": [
      "Urticaria"
    ],
    "pico_attributes": {
      "populations": {
        "minimum_age": "18 Years",
        "maximum_age": "80 Years",
        "country": "United States",
        "gender": "ALL"
      },
      "interventions": [
        "Xolair",
        "omalizumab"
      ],
      "outcomes": []
    }
  },
  {
    "nct_id": "NCT00130247",
    "conditions": [
      "Tuberculosis"
    ],
    "pico_attributes": {
      "populations": {
        "minimum_age": "18 Years",
        "maximum_age": "60 Years",
        "country": "United States",
        "gender": "ALL"
      },
      "interventions": [
        "ethambutol",
        "isoniazid",
        "pyrazinamide",
        "rifampin"
      ],
      "outcomes": [
        "30%",
        "960",
        "<2 years",
        "Aftercare",
        "Age of Onset",
        "Anthropological Culture",
        "Antigens",
        "BRAF Gene Rearrangement",
        "Bacteriologic",
        "Blood culture",
        "Changed status",
        "Clinical",
        "Communications Media",
        "Enrich (product)",
        "Experimental Result",
        "Firstly",
        "Genus Mycobacterium",
        "Global Relapse",
        "Immunology",
        "Increased drug resistance",
        "Inoculation",
        "Levels (qualifier value)",
        "Liquid (finding)",
        "Microbiological",
        "Mycobacterium Tuberculosis Measurement",
        "Non-human treatment outcome",
        "Patients",
        "Relapse",
        "Relapsing course",
        "Specimen Source Codes - Whole blood",
        "Sputum",
        "Stimulation (motivation)",
        "Supernatant",
        "Time",
        "Until",
        "Whole",
        "cytokine",
        "mRNA modification",
        "month",
        "mycobacterial",
        "per protocol"
      ]
    }
  },
  {
    "nct_id": "NCT00130260",
    "conditions": [
      "Kidney Failure, Chronic",
      "Staphylococcal Infections"
    ],
    "pico_attributes": {
      "populations": {
        "minimum_age": "18 Years",
        "maximum_age": "NA",
        "country": "United States",
        "gender": "ALL"
      },
      "interventions": [
        "Bristol Stool Type 5",
        "Placebo Control",
        "Staphylococcus aureus",
        "Vaccines, Conjugate"
      ],
      "outcomes": []
    }
  },
  {
    "nct_id": "NCT00130273",
    "conditions": [
      "HIV Infections"
    ],
    "pico_attributes": {
      "populations": {
        "minimum_age": "18 Years",
        "maximum_age": "NA",
        "country": "United States",
        "gender": "ALL"
      },
      "interventions": [
        "Management procedure",
        "Problem Solving (mental process)",
        "Standard (document)",
        "care activity"
      ],
      "outcomes": []
    }
  },
  {
    "nct_id": "NCT00130286",
    "conditions": [
      "Body Weight Changes",
      "HIV Infections",
      "HIV-Associated Lipodystrophy Syndrome",
      "Insulin Resistance",
      "Metabolic Syndrome X"
    ],
    "pico_attributes": {
      "populations": {
        "minimum_age": "18 Years",
        "maximum_age": "65 Years",
        "country": "United States",
        "gender": "ALL"
      },
      "interventions": [
        "Recombinant Human Growth Hormone",
        "rosiglitazone"
      ],
      "outcomes": [
        "% volume (qualifier value)",
        "Change -- procedure",
        "Insulin Sensitivity",
        "Subcutaneous Fat",
        "Visceral Fat"
      ]
    }
  },
  {
    "nct_id": "NCT00130299",
    "conditions": [
      "BODY MASS INDEX QUANTITATIVE TRAIT LOCUS 20"
    ],
    "pico_attributes": {
      "populations": {
        "minimum_age": "18 Years",
        "maximum_age": "35 Years",
        "country": "United States",
        "gender": "ALL"
      },
      "interventions": [
        "Basal Diet",
        "Fat-Restricted Diet",
        "Glycemic Load",
        "IPSS Risk Category Low"
      ],
      "outcomes": []
    }
  },
  {
    "nct_id": "NCT00130312",
    "conditions": [
      "DIANPH gene"
    ],
    "pico_attributes": {
      "populations": {
        "minimum_age": "18 Years",
        "maximum_age": "NA",
        "country": "United States",
        "gender": "ALL"
      },
      "interventions": [
        "Placebo Control",
        "glucuronyl glucosamine glycan sulfate"
      ],
      "outcomes": []
    }
  },
  {
    "nct_id": "NCT00130325",
    "conditions": [
      "Tuberculosis"
    ],
    "pico_attributes": {
      "populations": {
        "minimum_age": "15 Years",
        "maximum_age": "NA",
        "country": "Gambia",
        "gender": "ALL"
      },
      "interventions": [
        "Placebo Control",
        "isoniazid",
        "isoniazid Oral Tablet"
      ],
      "outcomes": []
    }
  },
  {
    "nct_id": "NCT00130338",
    "conditions": [
      "Dementia, Vascular"
    ],
    "pico_attributes": {
      "populations": {
        "minimum_age": "50 Years",
        "maximum_age": "85 Years",
        "country": "",
        "gender": "ALL"
      },
      "interventions": [
        "rivastigmine"
      ],
      "outcomes": []
    }
  },
  {
    "nct_id": "NCT00130351",
    "conditions": [
      "Asthma"
    ],
    "pico_attributes": {
      "populations": {
        "minimum_age": "5 Years",
        "maximum_age": "NA",
        "country": "United States",
        "gender": "ALL"
      },
      "interventions": [
        "formoterol"
      ],
      "outcomes": []
    }
  },
  {
    "nct_id": "NCT00130364",
    "conditions": [
      "Dermatitis, Atopic"
    ],
    "pico_attributes": {
      "populations": {
        "minimum_age": "2 Years",
        "maximum_age": "11 Years",
        "country": "United States",
        "gender": "ALL"
      },
      "interventions": [
        "Placebo Control",
        "pimecrolimus"
      ],
      "outcomes": []
    }
  },
  {
    "nct_id": "NCT00130377",
    "conditions": [
      "Cardiac - anatomy qualifier",
      "Cardiovascular Diseases"
    ],
    "pico_attributes": {
      "populations": {
        "minimum_age": "18 Years",
        "maximum_age": "NA",
        "country": "United States",
        "gender": "ALL"
      },
      "interventions": [
        "Cell Therapy"
      ],
      "outcomes": []
    }
  },
  {
    "nct_id": "NCT00130390",
    "conditions": [
      "Crohn Disease"
    ],
    "pico_attributes": {
      "populations": {
        "minimum_age": "18 Years",
        "maximum_age": "NA",
        "country": "United States",
        "gender": "ALL"
      },
      "interventions": [
        "Placebo Control",
        "nitazoxanide"
      ],
      "outcomes": []
    }
  },
  {
    "nct_id": "NCT00130403",
    "conditions": [
      "Osteoporosis",
      "Postmenopausal state"
    ],
    "pico_attributes": {
      "populations": {
        "minimum_age": "55 Years",
        "maximum_age": "85 Years",
        "country": "United States",
        "gender": "FEMALE"
      },
      "interventions": [
        "risedronate sodium"
      ],
      "outcomes": []
    }
  },
  {
    "nct_id": "NCT00130416",
    "conditions": [
      "Depressed mood",
      "Feel Pain",
      "Has difficulty doing (qualifier value)",
      "Mobility Ability"
    ],
    "pico_attributes": {
      "populations": {
        "minimum_age": "18 Years",
        "maximum_age": "NA",
        "country": "United States",
        "gender": "ALL"
      },
      "interventions": [
        "Coach (vehicle)",
        "Communication with Doctor",
        "E-mail Address",
        "GDC Treatment Outcome Terminology",
        "Patients"
      ],
      "outcomes": []
    }
  },
  {
    "nct_id": "NCT00130429",
    "conditions": [
      "Alzheimer's Disease"
    ],
    "pico_attributes": {
      "populations": {
        "minimum_age": "50 Years",
        "maximum_age": "NA",
        "country": "United Kingdom",
        "gender": "ALL"
      },
      "interventions": [
        "PYM 50028"
      ],
      "outcomes": []
    }
  },
  {
    "nct_id": "NCT00130442",
    "conditions": [
      "Melanoma Pathway"
    ],
    "pico_attributes": {
      "populations": {
        "minimum_age": "18 Years",
        "maximum_age": "NA",
        "country": "United States",
        "gender": "ALL"
      },
      "interventions": [
        "PI-88",
        "dacarbazine"
      ],
      "outcomes": [
        "Continuance of life",
        "Nonprogressive",
        "Rate",
        "Response Duration",
        "Six",
        "event cycle"
      ]
    }
  },
  {
    "nct_id": "NCT00130455",
    "conditions": [
      "Depressed mood"
    ],
    "pico_attributes": {
      "populations": {
        "minimum_age": "65 Years",
        "maximum_age": "NA",
        "country": "Denmark",
        "gender": "ALL"
      },
      "interventions": [
        "escitalopram"
      ],
      "outcomes": []
    }
  },
  {
    "nct_id": "NCT00130468",
    "conditions": [
      "Degenerative polyarthritis"
    ],
    "pico_attributes": {
      "populations": {
        "minimum_age": "40 Years",
        "maximum_age": "NA",
        "country": "United States",
        "gender": "ALL"
      },
      "interventions": [
        "Hyalgan",
        "sodium hyaluronate"
      ],
      "outcomes": []
    }
  },
  {
    "nct_id": "NCT00130481",
    "conditions": [
      "Diabetes Mellitus, Insulin-Dependent",
      "Diabetes Mellitus, Non-Insulin-Dependent"
    ],
    "pico_attributes": {
      "populations": {
        "minimum_age": "10 Years",
        "maximum_age": "18 Years",
        "country": "United States",
        "gender": "ALL"
      },
      "interventions": [
        "Daily",
        "atorvastatin 20 MG",
        "month"
      ],
      "outcomes": []
    }
  },
  {
    "nct_id": "NCT00130494",
    "conditions": [
      "Breast Carcinoma",
      "Neoplasm Metastasis"
    ],
    "pico_attributes": {
      "populations": {
        "minimum_age": "18 Years",
        "maximum_age": "70 Years",
        "country": "Spain",
        "gender": "FEMALE"
      },
      "interventions": [
        "zoledronic acid"
      ],
      "outcomes": []
    }
  },
  {
    "nct_id": "NCT00130507",
    "conditions": [
      "Breast Carcinoma"
    ],
    "pico_attributes": {
      "populations": {
        "minimum_age": "18 Years",
        "maximum_age": "70 Years",
        "country": "Spain",
        "gender": "FEMALE"
      },
      "interventions": [
        "capecitabine",
        "trastuzumab",
        "vinorelbine"
      ],
      "outcomes": []
    }
  },
  {
    "nct_id": "NCT00130520",
    "conditions": [
      "ovarian neoplasm"
    ],
    "pico_attributes": {
      "populations": {
        "minimum_age": "18 Years",
        "maximum_age": "NA",
        "country": "United States",
        "gender": "FEMALE"
      },
      "interventions": [
        "bevacizumab",
        "erlotinib"
      ],
      "outcomes": [
        "Clinical Trial Objective",
        "Compleat Liquid Nutrition",
        "Disease Progression",
        "Disease Response",
        "Median (qualifier value)",
        "Partial",
        "Patient Condition Code - Stable",
        "Progression-Free Survival",
        "Response Duration",
        "week"
      ]
    }
  },
  {
    "nct_id": "NCT00130533",
    "conditions": [
      "Breast Carcinoma"
    ],
    "pico_attributes": {
      "populations": {
        "minimum_age": "18 Years",
        "maximum_age": "70 Years",
        "country": "Spain",
        "gender": "FEMALE"
      },
      "interventions": [
        "capecitabine"
      ],
      "outcomes": []
    }
  },
  {
    "nct_id": "NCT00130546",
    "conditions": [
      "Coronary Arteriosclerosis"
    ],
    "pico_attributes": {
      "populations": {
        "minimum_age": "18 Years",
        "maximum_age": "85 Years",
        "country": "Germany",
        "gender": "ALL"
      },
      "interventions": [
        "Choose (action)",
        "Female-to-Male Transsexual, Self-Report",
        "LDB3 gene",
        "Taxus",
        "paclitaxel",
        "sirolimus"
      ],
      "outcomes": []
    }
  },
  {
    "nct_id": "NCT00130559",
    "conditions": [
      "Pulmonary Valve Insufficiency"
    ],
    "pico_attributes": {
      "populations": {
        "minimum_age": "18 Years",
        "maximum_age": "NA",
        "country": "Switzerland",
        "gender": "ALL"
      },
      "interventions": [
        "Brain natriuretic peptide measurement",
        "Diagnosis",
        "Firstly",
        "Guide device",
        "Therapeutic procedure"
      ],
      "outcomes": []
    }
  },
  {
    "nct_id": "NCT00130572",
    "conditions": [
      "Lichen Planus",
      "Oral"
    ],
    "pico_attributes": {
      "populations": {
        "minimum_age": "18 Years",
        "maximum_age": "NA",
        "country": "Germany",
        "gender": "ALL"
      },
      "interventions": [
        "pimecrolimus"
      ],
      "outcomes": []
    }
  },
  {
    "nct_id": "NCT00130585",
    "conditions": [
      "Bioavailability Study",
      "Healthy",
      "folate"
    ],
    "pico_attributes": {
      "populations": {
        "minimum_age": "18 Years",
        "maximum_age": "60 Years",
        "country": "Netherlands",
        "gender": "ALL"
      },
      "interventions": [
        "Dietary Supplements",
        "Human Cells, Tissues, and Cellular and Tissue-Based Products Labeling",
        "diet controlled",
        "folic acid"
      ],
      "outcomes": []
    }
  },
  {
    "nct_id": "NCT00130598",
    "conditions": [
      "Kidney Failure",
      "acute"
    ],
    "pico_attributes": {
      "populations": {
        "minimum_age": "18 Years",
        "maximum_age": "NA",
        "country": "Switzerland",
        "gender": "ALL"
      },
      "interventions": [
        "0.9",
        "Blood group antibody I",
        "Percent sodium chloride",
        "Truncal vagotomy with pyloroplasty"
      ],
      "outcomes": []
    }
  },
  {
    "nct_id": "NCT00130611",
    "conditions": [
      "Dyspnea"
    ],
    "pico_attributes": {
      "populations": {
        "minimum_age": "18 Years",
        "maximum_age": "NA",
        "country": "Switzerland",
        "gender": "ALL"
      },
      "interventions": [
        "Brain natriuretic peptide measurement",
        "Measurement",
        "Physical Examination"
      ],
      "outcomes": []
    }
  },
  {
    "nct_id": "NCT00130624",
    "conditions": [
      "Accidental Falls"
    ],
    "pico_attributes": {
      "populations": {
        "minimum_age": "65 Years",
        "maximum_age": "NA",
        "country": "United Kingdom",
        "gender": "ALL"
      },
      "interventions": [
        "Interdisciplinary Studies",
        "Intervention regimes",
        "Primary",
        "Secondary Care"
      ],
      "outcomes": []
    }
  },
  {
    "nct_id": "NCT00130637",
    "conditions": [
      "Acute anterior uveitis",
      "Arthritis",
      "Decreased Immunologic Activity [PE]",
      "Iritis",
      "Juvenile",
      "Unknown (origin) (qualifier value)"
    ],
    "pico_attributes": {
      "populations": {
        "minimum_age": "6 Years",
        "maximum_age": "18 Years",
        "country": "United States",
        "gender": "ALL"
      },
      "interventions": [
        "daclizumab"
      ],
      "outcomes": [
        "Count of entities",
        "In addition to",
        "Increment",
        "Inflammation",
        "Participant",
        "Reduced",
        "Two"
      ]
    }
  },
  {
    "nct_id": "NCT00130650",
    "conditions": [
      "Feel Pain"
    ],
    "pico_attributes": {
      "populations": {
        "minimum_age": "6 Years",
        "maximum_age": "12 Years",
        "country": "Canada",
        "gender": "ALL"
      },
      "interventions": [
        "Comfort",
        "Feel Pain"
      ],
      "outcomes": []
    }
  },
  {
    "nct_id": "NCT00130663",
    "conditions": [
      "Hypertension, CTCAE"
    ],
    "pico_attributes": {
      "populations": {
        "minimum_age": "3 Years",
        "maximum_age": "17 Years",
        "country": "",
        "gender": "ALL"
      },
      "interventions": [
        "Aspects of disease screening",
        "Blood Pressure",
        "Blood Screening",
        "Charts (device)",
        "PATENT DUCTUS ARTERIOSUS 1",
        "Pressure (finding)",
        "Program",
        "Reminder"
      ],
      "outcomes": []
    }
  },
  {
    "nct_id": "NCT00130676",
    "conditions": [
      "Major Depressive Disorder",
      "Psychotic Disorders"
    ],
    "pico_attributes": {
      "populations": {
        "minimum_age": "18 Years",
        "maximum_age": "75 Years",
        "country": "United States",
        "gender": "ALL"
      },
      "interventions": [
        "MATCHING",
        "Placebo Control",
        "mifepristone"
      ],
      "outcomes": []
    }
  },
  {
    "nct_id": "NCT00130689",
    "conditions": [
      "Childhood Esophageal Carcinoma",
      "Malignant neoplasm of stomach",
      "Neoplasm Metastasis"
    ],
    "pico_attributes": {
      "populations": {
        "minimum_age": "18 Years",
        "maximum_age": "NA",
        "country": "United States",
        "gender": "ALL"
      },
      "interventions": [
        "cetuximab"
      ],
      "outcomes": [
        "Frequency of Responses",
        "Overall",
        "Overall Response",
        "Rate"
      ]
    }
  },
  {
    "nct_id": "NCT00130702",
    "conditions": [
      "Myeloid Leukemia",
      "acute"
    ],
    "pico_attributes": {
      "populations": {
        "minimum_age": "18 Years",
        "maximum_age": "NA",
        "country": "United States",
        "gender": "ALL"
      },
      "interventions": [
        "gefitinib"
      ],
      "outcomes": []
    }
  },
  {
    "nct_id": "NCT00130715",
    "conditions": [
      "Digestive System Surgical Procedures",
      "Intestinal Obstruction"
    ],
    "pico_attributes": {
      "populations": {
        "minimum_age": "18 Years",
        "maximum_age": "85 Years",
        "country": "United States",
        "gender": "ALL"
      },
      "interventions": [
        "Membrane",
        "Seprafilm"
      ],
      "outcomes": []
    }
  },
  {
    "nct_id": "NCT00130728",
    "conditions": [
      "NCI CTEP SDC Non-Small Cell Lung Cancer Sub-Category Terminology"
    ],
    "pico_attributes": {
      "populations": {
        "minimum_age": "18 Years",
        "maximum_age": "NA",
        "country": "United States",
        "gender": "ALL"
      },
      "interventions": [
        "Placebo Control",
        "bevacizumab",
        "erlotinib hydrochloride"
      ],
      "outcomes": [
        "Amount type - Percentage",
        "Clinical Trial Objective",
        "Disease Response",
        "Participant",
        "Response Duration"
      ]
    }
  },
  {
    "nct_id": "NCT00130741",
    "conditions": [
      "Colonic Diseases",
      "Function (attribute)"
    ],
    "pico_attributes": {
      "populations": {
        "minimum_age": "18 Years",
        "maximum_age": "70 Years",
        "country": "Israel",
        "gender": "ALL"
      },
      "interventions": [
        "Phytotherapy",
        "SLC5A7 gene"
      ],
      "outcomes": []
    }
  },
  {
    "nct_id": "NCT00130754",
    "conditions": [
      "Graft-vs-Host Disease",
      "Hemopoietic stem cell transplant"
    ],
    "pico_attributes": {
      "populations": {
        "minimum_age": "18 Years",
        "maximum_age": "75 Years",
        "country": "Israel",
        "gender": "ALL"
      },
      "interventions": [
        "Thymoglobulin"
      ],
      "outcomes": []
    }
  },
  {
    "nct_id": "NCT00130767",
    "conditions": [
      "Benign Prostatic Hyperplasia"
    ],
    "pico_attributes": {
      "populations": {
        "minimum_age": "40 Years",
        "maximum_age": "90 Years",
        "country": "France",
        "gender": "MALE"
      },
      "interventions": [
        "finasteride"
      ],
      "outcomes": []
    }
  },
  {
    "nct_id": "NCT00130780",
    "conditions": [
      "Carcinoma",
      "Lung",
      "Non-small cell"
    ],
    "pico_attributes": {
      "populations": {
        "minimum_age": "18 Years",
        "maximum_age": "NA",
        "country": "United States",
        "gender": "ALL"
      },
      "interventions": [
        "Adjuvant",
        "Before",
        "Chemotherapy",
        "In addition to",
        "Operative Surgical Procedures",
        "bevacizumab",
        "cisplatin",
        "docetaxel",
        "pre-surgery"
      ],
      "outcomes": [
        "Act Mood - Goal",
        "Add - instruction imperative",
        "Application Context",
        "Base - General Qualifier",
        "Carcinoma",
        "Chemotherapy",
        "GDC Treatment Outcome Terminology",
        "Improved",
        "Negation",
        "Neoadjuvant Therapy",
        "Non-squamous epithelial cell",
        "Outcome Assessment, Health Care",
        "Primary",
        "Response to treatment",
        "Room of building - Study",
        "Show",
        "Squamous cell carcinoma",
        "This (eukaryote)",
        "bevacizumab",
        "cisplatin"
      ]
    }
  },
  {
    "nct_id": "NCT00130793",
    "conditions": [
      "Herpes zoster disease"
    ],
    "pico_attributes": {
      "populations": {
        "minimum_age": "50 Years",
        "maximum_age": "NA",
        "country": "United States",
        "gender": "ALL"
      },
      "interventions": [
        "% live",
        "Comparator",
        "Drug Formulation Process",
        "Freezing",
        "Herpes Zoster Vaccine",
        "Okadaic Acid",
        "Refrigerated Specimen"
      ],
      "outcomes": []
    }
  },
  {
    "nct_id": "NCT00130806",
    "conditions": [
      "Diabetes Mellitus, Non-Insulin-Dependent"
    ],
    "pico_attributes": {
      "populations": {
        "minimum_age": "18 Years",
        "maximum_age": "70 Years",
        "country": "United States",
        "gender": "ALL"
      },
      "interventions": [
        "Comparator",
        "Placebo Control",
        "muraglitazar"
      ],
      "outcomes": []
    }
  },
  {
    "nct_id": "NCT00130819",
    "conditions": [
      "HIV Infections",
      "HIV Seropositivity",
      "Opiate Addiction"
    ],
    "pico_attributes": {
      "populations": {
        "minimum_age": "18 Years",
        "maximum_age": "NA",
        "country": "United States",
        "gender": "ALL"
      },
      "interventions": [
        "Administration procedure",
        "Ambulatory Care Facilities",
        "Base - General Qualifier",
        "Buprenorphine measurement (procedure)",
        "Case management (procedure)",
        "Drug abuse",
        "Patient referral",
        "Substance abuse problem",
        "Substance administration"
      ],
      "outcomes": []
    }
  },
  {
    "nct_id": "NCT00130832",
    "conditions": [
      "Gastroenteritis",
      "Rotavirus Infections"
    ],
    "pico_attributes": {
      "populations": {
        "minimum_age": "6 Weeks",
        "maximum_age": "12 Weeks",
        "country": "Mexico",
        "gender": "ALL"
      },
      "interventions": [
        "% live",
        "Oral",
        "Rotavirus Vaccines"
      ],
      "outcomes": [
        "+2",
        "3+ Answer to Question",
        "Approximate",
        "Day 3",
        "Geometric Mean",
        "Human poliovirus 1",
        "Measured",
        "Post-dose",
        "S prime",
        "Titer"
      ]
    }
  },
  {
    "nct_id": "NCT00130845",
    "conditions": [
      "Diabetic Retinopathy"
    ],
    "pico_attributes": {
      "populations": {
        "minimum_age": "18 Years",
        "maximum_age": "70 Years",
        "country": "United States",
        "gender": "ALL"
      },
      "interventions": [
        "Microspheres",
        "Placebo Control",
        "octreotide acetate"
      ],
      "outcomes": []
    }
  },
  {
    "nct_id": "NCT00130858",
    "conditions": [
      "Malignant neoplasm of soft tissue",
      "Soft Tissue Route of Drug Administration"
    ],
    "pico_attributes": {
      "populations": {
        "minimum_age": "NA",
        "maximum_age": "21 Years",
        "country": "Germany",
        "gender": "ALL"
      },
      "interventions": [
        "carboplatin",
        "topotecan"
      ],
      "outcomes": []
    }
  }
]