[
  {
    "nct_id": "NCT00517543",
    "conditions": [
      "Arteriosclerosis",
      "Rheumatoid Arthritis"
    ],
    "pico_attributes": {
      "populations": {
        "minimum_age": "18 Years",
        "maximum_age": "60 Years",
        "country": "United States",
        "gender": "ALL"
      },
      "interventions": [
        "GW856553"
      ],
      "outcomes": []
    }
  },
  {
    "nct_id": "NCT00517556",
    "conditions": [
      "Dysmenorrhea"
    ],
    "pico_attributes": {
      "populations": {
        "minimum_age": "18 Years",
        "maximum_age": "35 Years",
        "country": "Croatia",
        "gender": "FEMALE"
      },
      "interventions": [
        "Dispense Method - Traditional",
        "Ocular Cicatricial Pemphigoid"
      ],
      "outcomes": []
    }
  },
  {
    "nct_id": "NCT00517569",
    "conditions": [
      "HIV Infections"
    ],
    "pico_attributes": {
      "populations": {
        "minimum_age": "18 Years",
        "maximum_age": "50 Years",
        "country": "Korea, Republic of",
        "gender": "ALL"
      },
      "interventions": [
        "Antiretroviral Therapy, Highly Active",
        "Grade X"
      ],
      "outcomes": []
    }
  },
  {
    "nct_id": "NCT00517582",
    "conditions": [
      "Angioedema"
    ],
    "pico_attributes": {
      "populations": {
        "minimum_age": "18 Years",
        "maximum_age": "80 Years",
        "country": "United States",
        "gender": "ALL"
      },
      "interventions": [
        "HOE 140",
        "Placebo Control"
      ],
      "outcomes": []
    }
  },
  {
    "nct_id": "NCT00517595",
    "conditions": [
      "NCI CTEP SDC Non-Small Cell Lung Cancer Sub-Category Terminology"
    ],
    "pico_attributes": {
      "populations": {
        "minimum_age": "65 Years",
        "maximum_age": "NA",
        "country": "United States",
        "gender": "ALL"
      },
      "interventions": [
        "In addition to",
        "bevacizumab",
        "gemcitabine",
        "pemetrexed"
      ],
      "outcomes": [
        "Overall Response"
      ]
    }
  },
  {
    "nct_id": "NCT00517608",
    "conditions": [
      "colorectal Diseases"
    ],
    "pico_attributes": {
      "populations": {
        "minimum_age": "18 Years",
        "maximum_age": "95 Years",
        "country": "Switzerland",
        "gender": "ALL"
      },
      "interventions": [
        "Laparoscopic Colectomy"
      ],
      "outcomes": []
    }
  },
  {
    "nct_id": "NCT00517621",
    "conditions": [
      "Carcinoma, Ovarian Epithelial",
      "Fallopian Tube Carcinoma",
      "Peritoneal Neoplasms"
    ],
    "pico_attributes": {
      "populations": {
        "minimum_age": "18 Years",
        "maximum_age": "NA",
        "country": "France",
        "gender": "FEMALE"
      },
      "interventions": [
        "EPO protein, human",
        "paclitaxel"
      ],
      "outcomes": []
    }
  },
  {
    "nct_id": "NCT00517634",
    "conditions": [
      "Asthma"
    ],
    "pico_attributes": {
      "populations": {
        "minimum_age": "18 Years",
        "maximum_age": "55 Years",
        "country": "United States",
        "gender": "ALL"
      },
      "interventions": [
        "PTGFR gene",
        "Placebo Control",
        "United States Military enlisted E7"
      ],
      "outcomes": []
    }
  },
  {
    "nct_id": "NCT00517647",
    "conditions": [
      "Attention deficit hyperactivity disorder"
    ],
    "pico_attributes": {
      "populations": {
        "minimum_age": "3 Years",
        "maximum_age": "5 Years",
        "country": "United States",
        "gender": "ALL"
      },
      "interventions": [],
      "outcomes": []
    }
  },
  {
    "nct_id": "NCT00517660",
    "conditions": [
      "Respiratory Tract Infections"
    ],
    "pico_attributes": {
      "populations": {
        "minimum_age": "18 Years",
        "maximum_age": "NA",
        "country": "China",
        "gender": "ALL"
      },
      "interventions": [],
      "outcomes": []
    }
  },
  {
    "nct_id": "NCT00517673",
    "conditions": [
      "Bacterial",
      "Healthy Volunteers",
      "Infection"
    ],
    "pico_attributes": {
      "populations": {
        "minimum_age": "18 Years",
        "maximum_age": "60 Years",
        "country": "Australia",
        "gender": "ALL"
      },
      "interventions": [
        "Carbohydrates",
        "Contraceptives, Oral",
        "GSK945237"
      ],
      "outcomes": []
    }
  },
  {
    "nct_id": "NCT00517686",
    "conditions": [],
    "pico_attributes": {
      "populations": {
        "minimum_age": "NA",
        "maximum_age": "NA",
        "country": "United States",
        "gender": "ALL"
      },
      "interventions": [
        "Feedback - evaluative response process",
        "Informational Intervention"
      ],
      "outcomes": []
    }
  },
  {
    "nct_id": "NCT00517699",
    "conditions": [
      "Adult Lymphoma"
    ],
    "pico_attributes": {
      "populations": {
        "minimum_age": "18 Years",
        "maximum_age": "NA",
        "country": "Canada",
        "gender": "ALL"
      },
      "interventions": [
        "Mabthera",
        "Rituxan",
        "cytarabine",
        "methotrexate",
        "rituximab"
      ],
      "outcomes": [
        "Amount type - Percentage",
        "CALB2 protein, human",
        "Disease",
        "Firstly",
        "Following",
        "Overall Survival",
        "Participant",
        "Recurrent disease",
        "Subsequent Relapse"
      ]
    }
  },
  {
    "nct_id": "NCT00517712",
    "conditions": [
      "Acute Promyelocytic Leukemia"
    ],
    "pico_attributes": {
      "populations": {
        "minimum_age": "NA",
        "maximum_age": "NA",
        "country": "India",
        "gender": "ALL"
      },
      "interventions": [
        "Agent",
        "Singular",
        "arsenic trioxide"
      ],
      "outcomes": []
    }
  },
  {
    "nct_id": "NCT00517725",
    "conditions": [
      "Chronic heart failure"
    ],
    "pico_attributes": {
      "populations": {
        "minimum_age": "18 Years",
        "maximum_age": "80 Years",
        "country": "Italy",
        "gender": "ALL"
      },
      "interventions": [
        "bisoprolol",
        "carvedilol",
        "nebivolol"
      ],
      "outcomes": []
    }
  },
  {
    "nct_id": "NCT00517738",
    "conditions": [
      "Cirrhosis"
    ],
    "pico_attributes": {
      "populations": {
        "minimum_age": "18 Years",
        "maximum_age": "70 Years",
        "country": "Mexico",
        "gender": "ALL"
      },
      "interventions": [
        "Dietary Modification",
        "Exercise"
      ],
      "outcomes": []
    }
  },
  {
    "nct_id": "NCT00517751",
    "conditions": [
      "Spinal stenosis of lumbar region"
    ],
    "pico_attributes": {
      "populations": {
        "minimum_age": "50 Years",
        "maximum_age": "NA",
        "country": "United States",
        "gender": "ALL"
      },
      "interventions": [
        "Stop (Instruction Imperative)",
        "polyetheretherketone"
      ],
      "outcomes": [
        "% index",
        "24 Months",
        "60%",
        "AT genotype",
        "Adjacent",
        "Administration via Implantation",
        "Adverse Event Domain",
        "BaseLine dental cement",
        "Disease classification level",
        "Following",
        "Grade",
        "Health Status",
        "Human Study Subject",
        "Increase",
        "Levels (qualifier value)",
        "Mechanical Circulatory Support",
        "Operation on lumbar spine",
        "PREMATURE CHROMATID SEPARATION TRAIT",
        "Percent (qualifier value)",
        "Related personal status",
        "Report (document)",
        "SF-36",
        "month"
      ]
    }
  },
  {
    "nct_id": "NCT00517764",
    "conditions": [
      "Depressed mood"
    ],
    "pico_attributes": {
      "populations": {
        "minimum_age": "16 Years",
        "maximum_age": "29 Years",
        "country": "Canada",
        "gender": "ALL"
      },
      "interventions": [
        "escitalopram"
      ],
      "outcomes": []
    }
  },
  {
    "nct_id": "NCT00517777",
    "conditions": [
      "Cardiac - anatomy qualifier",
      "Continuous Positive Airway Pressure",
      "Environmental air flow",
      "Metabolic Syndrome X",
      "Sleep Apnea Syndromes"
    ],
    "pico_attributes": {
      "populations": {
        "minimum_age": "25 Years",
        "maximum_age": "70 Years",
        "country": "Italy",
        "gender": "ALL"
      },
      "interventions": [
        "Continuous Positive Airway Pressure",
        "Diet",
        "Environmental air flow",
        "Life Style",
        "Recommendation"
      ],
      "outcomes": []
    }
  },
  {
    "nct_id": "NCT00517790",
    "conditions": [],
    "pico_attributes": {
      "populations": {
        "minimum_age": "18 Years",
        "maximum_age": "NA",
        "country": "United States",
        "gender": "ALL"
      },
      "interventions": [
        "0%",
        "10%",
        "ABT-869",
        "ug/g"
      ],
      "outcomes": []
    }
  },
  {
    "nct_id": "NCT00517803",
    "conditions": [
      "Cancer Genus",
      "HIV Infections",
      "Precision - second",
      "Primary"
    ],
    "pico_attributes": {
      "populations": {
        "minimum_age": "18 Years",
        "maximum_age": "85 Years",
        "country": "Canada",
        "gender": "ALL"
      },
      "interventions": [
        "Additional",
        "Basic (cigarettes)",
        "Micronutrients",
        "Placebo Control",
        "Probiotic yogurt",
        "VARIOUS DRUG CLASSES IN ATC"
      ],
      "outcomes": []
    }
  },
  {
    "nct_id": "NCT00517816",
    "conditions": [
      "Asthma"
    ],
    "pico_attributes": {
      "populations": {
        "minimum_age": "18 Years",
        "maximum_age": "50 Years",
        "country": "United States",
        "gender": "ALL"
      },
      "interventions": [],
      "outcomes": []
    }
  },
  {
    "nct_id": "NCT00517829",
    "conditions": [
      "Adenocarcinoma",
      "Cancer Genus",
      "Gastric Adenocarcinoma",
      "Malignant neoplasm of stomach",
      "Metastatic Disease Clinical Trial Setting"
    ],
    "pico_attributes": {
      "populations": {
        "minimum_age": "18 Years",
        "maximum_age": "NA",
        "country": "United States",
        "gender": "ALL"
      },
      "interventions": [
        "cetuximab",
        "docetaxel",
        "oxaliplatin"
      ],
      "outcomes": [
        "Overall Survival",
        "Progression-Free Survival",
        "Response Duration"
      ]
    }
  },
  {
    "nct_id": "NCT00517842",
    "conditions": [
      "Parkinson Disease"
    ],
    "pico_attributes": {
      "populations": {
        "minimum_age": "30 Years",
        "maximum_age": "NA",
        "country": "China",
        "gender": "ALL"
      },
      "interventions": [],
      "outcomes": []
    }
  },
  {
    "nct_id": "NCT00517855",
    "conditions": [
      "Healthy Volunteers"
    ],
    "pico_attributes": {
      "populations": {
        "minimum_age": "18 Years",
        "maximum_age": "45 Years",
        "country": "United States",
        "gender": "ALL"
      },
      "interventions": [
        "Highly Purified Staphylococcal Protein A PRTX-100",
        "Staphylococcal Protein A"
      ],
      "outcomes": []
    }
  },
  {
    "nct_id": "NCT00517868",
    "conditions": [
      "Chronic interstitial cystitis",
      "Painful Bladder Syndrome"
    ],
    "pico_attributes": {
      "populations": {
        "minimum_age": "18 Years",
        "maximum_age": "NA",
        "country": "United States",
        "gender": "ALL"
      },
      "interventions": [
        "Placebo Control"
      ],
      "outcomes": [
        "ADHD hyperactive symptoms mean score:Score:Pt:^Patient:Qn:Calculated",
        "Administration of medication",
        "Bladder Pain, CTCAE",
        "Change -- procedure",
        "Daytime",
        "Determination Aspects",
        "Intensity change",
        "Levels (qualifier value)",
        "Post",
        "Study of serum",
        "Total symptom score",
        "Urgency of micturition",
        "lidocaine"
      ]
    }
  },
  {
    "nct_id": "NCT00517881",
    "conditions": [
      "Anemia"
    ],
    "pico_attributes": {
      "populations": {
        "minimum_age": "18 Years",
        "maximum_age": "NA",
        "country": "Sweden",
        "gender": "ALL"
      },
      "interventions": [
        "R & C",
        "methoxy polyethylene glycol-epoetin beta"
      ],
      "outcomes": [
        "Amount type - Percentage",
        "Analytical Procedure Range",
        "Bibliographic Reference",
        "Change -- procedure",
        "Dipstick assessment of hemoglobin concentration",
        "Dose Adjustment",
        "In addition to",
        "Maintenance",
        "Participant",
        "Population Mean",
        "Red Blood Cell Transfusion",
        "Room of building - Study",
        "Target",
        "Time",
        "spending"
      ]
    }
  },
  {
    "nct_id": "NCT00517894",
    "conditions": [
      "Adult Lymphoma"
    ],
    "pico_attributes": {
      "populations": {
        "minimum_age": "18 Years",
        "maximum_age": "70 Years",
        "country": "",
        "gender": "ALL"
      },
      "interventions": [
        "CEOP Regimen",
        "Chemotherapy",
        "Dual-Energy X-Ray Absorptiometry"
      ],
      "outcomes": []
    }
  },
  {
    "nct_id": "NCT00517907",
    "conditions": [
      "Graft-vs-Host Disease"
    ],
    "pico_attributes": {
      "populations": {
        "minimum_age": "14 Years",
        "maximum_age": "70 Years",
        "country": "Israel",
        "gender": "ALL"
      },
      "interventions": [],
      "outcomes": []
    }
  },
  {
    "nct_id": "NCT00517920",
    "conditions": [
      "Advanced Adult Hepatocellular Carcinoma"
    ],
    "pico_attributes": {
      "populations": {
        "minimum_age": "18 Years",
        "maximum_age": "NA",
        "country": "United States",
        "gender": "ALL"
      },
      "interventions": [
        "ABT-869"
      ],
      "outcomes": []
    }
  },
  {
    "nct_id": "NCT00517933",
    "conditions": [
      "Hypertension, CTCAE",
      "Lung",
      "Pulmonary Fibrosis"
    ],
    "pico_attributes": {
      "populations": {
        "minimum_age": "18 Years",
        "maximum_age": "NA",
        "country": "United States",
        "gender": "ALL"
      },
      "interventions": [
        "Placebo Control",
        "sildenafil citrate"
      ],
      "outcomes": [
        "*Activity (kind of quantity)",
        "12.6",
        "20%",
        "5D",
        "6 Minute Walk Functional Test",
        "6-Minute Walk Test",
        "ADHD hyperactive symptoms mean score:Score:Pt:^Patient:Qn:Calculated",
        "Adjustment Action",
        "Aggregate",
        "BaseLine dental cement",
        "Carbon Monoxide Diffusing Capability Test",
        "Carbon Monoxide Measurement",
        "Change -- procedure",
        "Character String Data Type",
        "Distance",
        "Dyspnea",
        "Enrollment",
        "Equal",
        "Estimated",
        "EuroQOL (assessment scale)",
        "From",
        "GDC Treatment Outcome Terminology",
        "General Health:Find:Pt:^Patient:Ord",
        "Health Surveys",
        "IMPACT gene",
        "Improvement",
        "Minute (diminutive)",
        "Montreal Cognitive Assessment Total Score",
        "Numerical value",
        "Oxygen saturation below reference range",
        "Physical",
        "Pulmonary Diffusing Capacity",
        "Questionnaires",
        "SF-36",
        "Short Forms",
        "Specimen Source Codes - Respiratory",
        "Symptoms",
        "Thermometer, device",
        "Utilities (organization)",
        "Values",
        "Walk-in, not otherwise specified",
        "Walking (activity)",
        "Weekly",
        "week"
      ]
    }
  },
  {
    "nct_id": "NCT00517946",
    "conditions": [
      "Hay fever",
      "Sinusitis"
    ],
    "pico_attributes": {
      "populations": {
        "minimum_age": "18 Years",
        "maximum_age": "60 Years",
        "country": "United Kingdom",
        "gender": "ALL"
      },
      "interventions": [
        "cetirizine hydrochloride",
        "pseudoephedrine hydrochloride"
      ],
      "outcomes": []
    }
  },
  {
    "nct_id": "NCT00517959",
    "conditions": [
      "Adult Craniopharyngioma",
      "Ependymoma",
      "Low grade glioma",
      "Meningioma"
    ],
    "pico_attributes": {
      "populations": {
        "minimum_age": "3 Years",
        "maximum_age": "25 Years",
        "country": "India",
        "gender": "ALL"
      },
      "interventions": [
        "Conventional",
        "Molecular Conformation",
        "Radiation Oncology specialty",
        "Radiosurgery, Stereotactic",
        "Radiotherapy, Conformal",
        "Stereotactic"
      ],
      "outcomes": []
    }
  },
  {
    "nct_id": "NCT00517972",
    "conditions": [
      "Depressed mood"
    ],
    "pico_attributes": {
      "populations": {
        "minimum_age": "40 Years",
        "maximum_age": "NA",
        "country": "United States",
        "gender": "FEMALE"
      },
      "interventions": [
        "Lovaza",
        "omega-3 acid ethyl esters (USP)"
      ],
      "outcomes": []
    }
  },
  {
    "nct_id": "NCT00517985",
    "conditions": [
      "Major Depressive Disorder"
    ],
    "pico_attributes": {
      "populations": {
        "minimum_age": "40 Years",
        "maximum_age": "NA",
        "country": "United States",
        "gender": "FEMALE"
      },
      "interventions": [
        "duloxetine"
      ],
      "outcomes": []
    }
  },
  {
    "nct_id": "NCT00517998",
    "conditions": [
      "Chronic Obstructive Airway Disease",
      "Pulmonary Emphysema"
    ],
    "pico_attributes": {
      "populations": {
        "minimum_age": "40 Years",
        "maximum_age": "NA",
        "country": "Israel",
        "gender": "ALL"
      },
      "interventions": [],
      "outcomes": []
    }
  },
  {
    "nct_id": "NCT00518011",
    "conditions": [
      "Lung Non-Squamous Non-Small Cell Carcinoma"
    ],
    "pico_attributes": {
      "populations": {
        "minimum_age": "18 Years",
        "maximum_age": "NA",
        "country": "Australia",
        "gender": "ALL"
      },
      "interventions": [
        "erlotinib",
        "gemcitabine"
      ],
      "outcomes": [
        "BaseLine dental cement",
        "Blood pressure alteration (finding)",
        "Body Temperature Changes",
        "Clinical Trial Objective",
        "Control function",
        "Frequency of Responses",
        "Morbidity - disease rate",
        "Overall Survival",
        "Population Mean",
        "Progression-Free Survival",
        "Pulse rate altered",
        "Rate",
        "Response Duration",
        "disorder control (procedure)"
      ]
    }
  },
  {
    "nct_id": "NCT00518024",
    "conditions": [
      "Tinnitus"
    ],
    "pico_attributes": {
      "populations": {
        "minimum_age": "18 Years",
        "maximum_age": "75 Years",
        "country": "Germany",
        "gender": "ALL"
      },
      "interventions": [],
      "outcomes": []
    }
  },
  {
    "nct_id": "NCT00518037",
    "conditions": [
      "Skin carcinoma"
    ],
    "pico_attributes": {
      "populations": {
        "minimum_age": "NA",
        "maximum_age": "NA",
        "country": "United States",
        "gender": "ALL"
      },
      "interventions": [
        "Surveys"
      ],
      "outcomes": []
    }
  },
  {
    "nct_id": "NCT00518050",
    "conditions": [
      "Melanoma Pathway",
      "Psychological Factors",
      "Survivors"
    ],
    "pico_attributes": {
      "populations": {
        "minimum_age": "18 Years",
        "maximum_age": "NA",
        "country": "United States",
        "gender": "ALL"
      },
      "interventions": [
        "Focus Groups",
        "Surveys"
      ],
      "outcomes": []
    }
  },
  {
    "nct_id": "NCT00518076",
    "conditions": [
      "Staphylococcal Infections"
    ],
    "pico_attributes": {
      "populations": {
        "minimum_age": "17 Years",
        "maximum_age": "30 Years",
        "country": "Brazil",
        "gender": "ALL"
      },
      "interventions": [],
      "outcomes": []
    }
  },
  {
    "nct_id": "NCT00518089",
    "conditions": [
      "Bacterial conjunctivitis"
    ],
    "pico_attributes": {
      "populations": {
        "minimum_age": "1 Year",
        "maximum_age": "NA",
        "country": "United States",
        "gender": "ALL"
      },
      "interventions": [
        "0.5",
        "Eye Drops",
        "Placebo Control",
        "gatifloxacin"
      ],
      "outcomes": [
        "Amount type - Percentage",
        "Clearing",
        "Clinical",
        "Conjunctival discharge",
        "Conjunctival hyperemia",
        "Cure (remedy)",
        "Day 6",
        "Eye",
        "Improvement",
        "In addition to",
        "Microbiological",
        "Patients",
        "Sign or Symptom",
        "Success",
        "Symptoms"
      ]
    }
  },
  {
    "nct_id": "NCT00518102",
    "conditions": [
      "Diabetes Mellitus"
    ],
    "pico_attributes": {
      "populations": {
        "minimum_age": "20 Years",
        "maximum_age": "99 Years",
        "country": "",
        "gender": "ALL"
      },
      "interventions": [
        "Comparator",
        "PDGFB gene",
        "Regranex"
      ],
      "outcomes": []
    }
  },
  {
    "nct_id": "NCT00518115",
    "conditions": [
      "Bristol Stool Type 2",
      "Diabetes Mellitus"
    ],
    "pico_attributes": {
      "populations": {
        "minimum_age": "18 Years",
        "maximum_age": "75 Years",
        "country": "United States",
        "gender": "ALL"
      },
      "interventions": [
        "albiglutide",
        "exenatide"
      ],
      "outcomes": [
        "+5",
        "6.5",
        "7.4",
        "BaseLine dental cement",
        "Biological Absorption",
        "Body Weight",
        "C-Peptide",
        "CD44 wt Allele",
        "Change -- procedure",
        "Cholesterol measurement test",
        "Clearance",
        "Cmax",
        "Count of entities",
        "Effective",
        "Fasting",
        "Fructosamine",
        "HBA1c target",
        "Half",
        "Hemoglobin, Glycosylated",
        "High Density Lipoprotein Cholesterol",
        "INS protein, human",
        "LDL Cholesterol Lipoproteins",
        "Nonesterified Fatty Acids",
        "Participant",
        "Percent Change From Baseline",
        "Population Mean",
        "Rate",
        "TAF1 wt Allele",
        "Triglycerides",
        "Values",
        "Waist Circumference",
        "Weekly",
        "albiglutide",
        "drug distribution volume",
        "glucagon",
        "week"
      ]
    }
  },
  {
    "nct_id": "NCT00518128",
    "conditions": [
      "Sleep Apnea, Obstructive"
    ],
    "pico_attributes": {
      "populations": {
        "minimum_age": "18 Years",
        "maximum_age": "NA",
        "country": "United States",
        "gender": "ALL"
      },
      "interventions": [
        "Airway structure",
        "OSA protein, Drosophila",
        "Operative Surgical Procedures",
        "Positive pressure therapy"
      ],
      "outcomes": []
    }
  },
  {
    "nct_id": "NCT00518141",
    "conditions": [
      "Assisted (qualifier value)",
      "Reproductive Techniques"
    ],
    "pico_attributes": {
      "populations": {
        "minimum_age": "18 Years",
        "maximum_age": "39 Years",
        "country": "Norway",
        "gender": "FEMALE"
      },
      "interventions": [
        "aspirin",
        "terbutaline"
      ],
      "outcomes": []
    }
  },
  {
    "nct_id": "NCT00518154",
    "conditions": [
      "HIV Infections"
    ],
    "pico_attributes": {
      "populations": {
        "minimum_age": "18 Years",
        "maximum_age": "NA",
        "country": "Mexico",
        "gender": "ALL"
      },
      "interventions": [
        "Tablet Dosage Form",
        "pyridostigmine"
      ],
      "outcomes": [
        "Additive",
        "Administration procedure",
        "Basal",
        "CD4 Count determination procedure",
        "Change -- procedure",
        "Weekly"
      ]
    }
  },
  {
    "nct_id": "NCT00518167",
    "conditions": [
      "Diabetes Mellitus, Non-Insulin-Dependent"
    ],
    "pico_attributes": {
      "populations": {
        "minimum_age": "40 Years",
        "maximum_age": "65 Years",
        "country": "Finland",
        "gender": "ALL"
      },
      "interventions": [
        "Act Mood - intent",
        "Counsel - legal",
        "Life Style"
      ],
      "outcomes": []
    }
  },
  {
    "nct_id": "NCT00518180",
    "conditions": [
      "Human papilloma virus infection",
      "Meningococcal meningitis",
      "Pertussis",
      "Tetanus"
    ],
    "pico_attributes": {
      "populations": {
        "minimum_age": "11 Years",
        "maximum_age": "18 Years",
        "country": "Costa Rica",
        "gender": "ALL"
      },
      "interventions": [
        "Meningococcal conjugate vaccine",
        "Vaccines",
        "diphtheria, tetanus toxoids and acellular pertussis vaccine"
      ],
      "outcomes": [
        "0%",
        "1 (finding)",
        "Amount type - Percentage",
        "Count of entities",
        "Diphtheria",
        "Effect",
        "Folded structure",
        "GDC Prior Treatment Terminology",
        "Group Sequential Design",
        "HIV Seroconversion",
        "Human Papilloma Virus Vaccine",
        "Human Papillomavirus Positive",
        "Human Study Subject",
        "Hypoalphalipoproteinemia, Familial",
        "IU/mL",
        "Immunogenicity (package insert)",
        "In addition to",
        "Language Ability - Sign",
        "MenACWY",
        "On (qualifier value)",
        "Relational and Item-Specific Encoding Task",
        "Serogroup",
        "Tetanus",
        "Titer",
        "Toxin",
        "Vaccination",
        "tdap immunization"
      ]
    }
  },
  {
    "nct_id": "NCT00518193",
    "conditions": [
      "Cervix carcinoma"
    ],
    "pico_attributes": {
      "populations": {
        "minimum_age": "18 Years",
        "maximum_age": "NA",
        "country": "France",
        "gender": "FEMALE"
      },
      "interventions": [
        "Erbitux"
      ],
      "outcomes": []
    }
  },
  {
    "nct_id": "NCT00518206",
    "conditions": [
      "Melanoma Pathway"
    ],
    "pico_attributes": {
      "populations": {
        "minimum_age": "18 Years",
        "maximum_age": "NA",
        "country": "Australia",
        "gender": "ALL"
      },
      "interventions": [
        "CTAG1 Antibody",
        "ISCOMATRIX",
        "Vaccines",
        "cyclophosphamide"
      ],
      "outcomes": [
        "Best Overall Response",
        "CTAG1 Antibody",
        "Cells",
        "Count of entities",
        "Human Study Subject",
        "Humor",
        "ISCOMs",
        "Immunogenicity, Vaccine",
        "Neoplasms",
        "Treatment-Emergent Adverse Event"
      ]
    }
  },
  {
    "nct_id": "NCT00518219",
    "conditions": [
      "Membranous glomerulonephritis"
    ],
    "pico_attributes": {
      "populations": {
        "minimum_age": "18 Years",
        "maximum_age": "65 Years",
        "country": "China",
        "gender": "ALL"
      },
      "interventions": [
        "Taiwan"
      ],
      "outcomes": []
    }
  },
  {
    "nct_id": "NCT00518232",
    "conditions": [
      "Attention deficit hyperactivity disorder"
    ],
    "pico_attributes": {
      "populations": {
        "minimum_age": "6 Years",
        "maximum_age": "19 Years",
        "country": "",
        "gender": "ALL"
      },
      "interventions": [
        "methylphenidate"
      ],
      "outcomes": []
    }
  },
  {
    "nct_id": "NCT00518245",
    "conditions": [
      "Angina, Unstable"
    ],
    "pico_attributes": {
      "populations": {
        "minimum_age": "18 Years",
        "maximum_age": "NA",
        "country": "Canada",
        "gender": "ALL"
      },
      "interventions": [
        "enoxaparin"
      ],
      "outcomes": []
    }
  },
  {
    "nct_id": "NCT00518258",
    "conditions": [
      "Parkinson Disease"
    ],
    "pico_attributes": {
      "populations": {
        "minimum_age": "40 Years",
        "maximum_age": "85 Years",
        "country": "United States",
        "gender": "ALL"
      },
      "interventions": [],
      "outcomes": []
    }
  },
  {
    "nct_id": "NCT00518271",
    "conditions": [
      "Kidney Transplantation"
    ],
    "pico_attributes": {
      "populations": {
        "minimum_age": "18 Years",
        "maximum_age": "NA",
        "country": "",
        "gender": "ALL"
      },
      "interventions": [
        "Adrenal Cortex Hormones",
        "Rapamune",
        "sirolimus",
        "tacrolimus"
      ],
      "outcomes": []
    }
  },
  {
    "nct_id": "NCT00518284",
    "conditions": [
      "Peripheral",
      "Vascular Diseases"
    ],
    "pico_attributes": {
      "populations": {
        "minimum_age": "18 Years",
        "maximum_age": "NA",
        "country": "United States",
        "gender": "ALL"
      },
      "interventions": [
        "130-nm albumin-bound paclitaxel"
      ],
      "outcomes": [
        "ActRelationshipSubset - minimum",
        "Amount type - Percentage",
        "Binary",
        "Cerebrovascular accident",
        "Cessation of life",
        "Count of entities",
        "Diameter (qualifier value)",
        "Inner Diameter",
        "Late",
        "Loss",
        "Lumen",
        "Minimum Diameter",
        "Participant",
        "Restenosis",
        "Revascularization - action",
        "Stenosis",
        "Target vessel",
        "month"
      ]
    }
  },
  {
    "nct_id": "NCT00518297",
    "conditions": [
      "HIV Infections"
    ],
    "pico_attributes": {
      "populations": {
        "minimum_age": "18 Years",
        "maximum_age": "45 Years",
        "country": "United States",
        "gender": "ALL"
      },
      "interventions": [
        "atazanavir",
        "raltegravir"
      ],
      "outcomes": []
    }
  },
  {
    "nct_id": "NCT00518310",
    "conditions": [
      "Idiopathic Pulmonary Fibrosis"
    ],
    "pico_attributes": {
      "populations": {
        "minimum_age": "45 Years",
        "maximum_age": "79 Years",
        "country": "Chile",
        "gender": "ALL"
      },
      "interventions": [
        "Placebo Control"
      ],
      "outcomes": []
    }
  },
  {
    "nct_id": "NCT00518323",
    "conditions": [
      "Schizophrenia"
    ],
    "pico_attributes": {
      "populations": {
        "minimum_age": "12 Years",
        "maximum_age": "17 Years",
        "country": "United States",
        "gender": "ALL"
      },
      "interventions": [
        "Adverse Event Emergency Room Visit",
        "Placebo Control",
        "paliperidone"
      ],
      "outcomes": [
        "BaseLine dental cement",
        "Baseline Assessment",
        "CD44 wt Allele",
        "Change -- procedure",
        "Daytime somnolence",
        "Double-Blind Method",
        "Drowsiness",
        "End Point",
        "From",
        "Montreal Cognitive Assessment Total Score",
        "Period (temporal qualifier)",
        "Positive and Negative Syndrome Scale Clinical Classification",
        "Sleep",
        "Sleeps during day",
        "Vibroacoustic Stimulation"
      ]
    }
  },
  {
    "nct_id": "NCT00518336",
    "conditions": [
      "Infection",
      "Papillomaviridae"
    ],
    "pico_attributes": {
      "populations": {
        "minimum_age": "15 Years",
        "maximum_age": "25 Years",
        "country": "Brazil",
        "gender": "FEMALE"
      },
      "interventions": [
        "Cervarix",
        "Cervical",
        "Collection of blood specimen for laboratory procedure",
        "Specimen Collection"
      ],
      "outcomes": [
        "*Type - Kind of quantity",
        "Associated with",
        "Carcinogenesis",
        "Cervical",
        "Cervical intraepithelial neoplasia grade 1",
        "Cervical intraepithelial neoplasia grade 2",
        "Component (part)",
        "Condition",
        "Confirmation",
        "Count of entities",
        "DEFINITION - NCI Thesaurus Property",
        "Detected (finding)",
        "Event Seriousness - Significant",
        "Human Papilloma Virus Vaccine",
        "Human Study Subject",
        "Human papilloma virus infection",
        "Human papillomavirus 16",
        "Human papillomavirus 18",
        "Human papillomavirus typing (procedure)",
        "In addition to",
        "Individual",
        "Infection",
        "Infection following immunization",
        "Lesion of cervix",
        "Monthly (qualifier value)",
        "Negation",
        "Persistent infection",
        "Presentation",
        "SUMO activating enzyme complex",
        "Tissue specimen",
        "Type - attribute",
        "Vaccines",
        "per year",
        "types of infections"
      ]
    }
  },
  {
    "nct_id": "NCT00518349",
    "conditions": [
      "Adenoma",
      "Carcinoma",
      "Colitis",
      "Colonic Diseases, Functional"
    ],
    "pico_attributes": {
      "populations": {
        "minimum_age": "18 Years",
        "maximum_age": "NA",
        "country": "Norway",
        "gender": "ALL"
      },
      "interventions": [
        "Bending - Changing basic body position",
        "Function (attribute)",
        "Passive"
      ],
      "outcomes": [
        "Consent Type - Colonoscopy",
        "Experience",
        "Feel Pain",
        "Pain Measurement",
        "Patients",
        "patient assessment"
      ]
    }
  },
  {
    "nct_id": "NCT00518362",
    "conditions": [
      "DIANPH gene"
    ],
    "pico_attributes": {
      "populations": {
        "minimum_age": "35 Years",
        "maximum_age": "65 Years",
        "country": "China",
        "gender": "ALL"
      },
      "interventions": [
        "Taiwan"
      ],
      "outcomes": []
    }
  },
  {
    "nct_id": "NCT00518375",
    "conditions": [
      "Kidney Transplantation"
    ],
    "pico_attributes": {
      "populations": {
        "minimum_age": "18 Months",
        "maximum_age": "NA",
        "country": "",
        "gender": "ALL"
      },
      "interventions": [
        "Adrenal Cortex Hormones",
        "Cyclosporins",
        "Neoral",
        "Rapamune",
        "sirolimus"
      ],
      "outcomes": []
    }
  },
  {
    "nct_id": "NCT00518388",
    "conditions": [
      "Epidemiology"
    ],
    "pico_attributes": {
      "populations": {
        "minimum_age": "18 Years",
        "maximum_age": "29 Years",
        "country": "United States",
        "gender": "ALL"
      },
      "interventions": [
        "Focus Groups",
        "Questionnaires"
      ],
      "outcomes": []
    }
  },
  {
    "nct_id": "NCT00518401",
    "conditions": [
      "Peripheral Vascular Diseases",
      "critical limb ischemia"
    ],
    "pico_attributes": {
      "populations": {
        "minimum_age": "18 Years",
        "maximum_age": "NA",
        "country": "United States",
        "gender": "ALL"
      },
      "interventions": [],
      "outcomes": []
    }
  },
  {
    "nct_id": "NCT00518414",
    "conditions": [
      "Term Infant"
    ],
    "pico_attributes": {
      "populations": {
        "minimum_age": "10 Days",
        "maximum_age": "18 Days",
        "country": "United States",
        "gender": "ALL"
      },
      "interventions": [
        "ABCC6 wt Allele",
        "Formula milk",
        "Infant",
        "Infant formula",
        "Market",
        "Prebiotics",
        "docosahexaenoic acid"
      ],
      "outcomes": []
    }
  },
  {
    "nct_id": "NCT00518427",
    "conditions": [
      "Diabetes Mellitus, Non-Insulin-Dependent"
    ],
    "pico_attributes": {
      "populations": {
        "minimum_age": "18 Years",
        "maximum_age": "NA",
        "country": "Sweden",
        "gender": "ALL"
      },
      "interventions": [
        "insulin glargine"
      ],
      "outcomes": []
    }
  },
  {
    "nct_id": "NCT00518440",
    "conditions": [
      "Injury of liver",
      "Liver Failure, Acute",
      "acute"
    ],
    "pico_attributes": {
      "populations": {
        "minimum_age": "18 Years",
        "maximum_age": "NA",
        "country": "United States",
        "gender": "ALL"
      },
      "interventions": [],
      "outcomes": []
    }
  },
  {
    "nct_id": "NCT00518453",
    "conditions": [
      "Influenza"
    ],
    "pico_attributes": {
      "populations": {
        "minimum_age": "18 Years",
        "maximum_age": "84 Years",
        "country": "United Kingdom",
        "gender": "ALL"
      },
      "interventions": [
        "FDA Inactivation",
        "Influenza",
        "Influenza vaccine:-:Point in time:^Patient:-",
        "Influenza virus vaccine",
        "Surface Antigens",
        "Vaccines, Inactivated"
      ],
      "outcomes": []
    }
  },
  {
    "nct_id": "NCT00518466",
    "conditions": [
      "BODY MASS INDEX QUANTITATIVE TRAIT LOCUS 20"
    ],
    "pico_attributes": {
      "populations": {
        "minimum_age": "19 Years",
        "maximum_age": "65 Years",
        "country": "United States",
        "gender": "ALL"
      },
      "interventions": [
        "phentermine",
        "topiramate"
      ],
      "outcomes": []
    }
  },
  {
    "nct_id": "NCT00518479",
    "conditions": [
      "Hypertension, CTCAE",
      "Left Ventricular Hypertrophy"
    ],
    "pico_attributes": {
      "populations": {
        "minimum_age": "25 Years",
        "maximum_age": "80 Years",
        "country": "United Kingdom",
        "gender": "ALL"
      },
      "interventions": [
        "Doctor of Optometry",
        "amlodipine",
        "bendroflumethiazide",
        "moxonidine",
        "valsartan"
      ],
      "outcomes": []
    }
  },
  {
    "nct_id": "NCT00518492",
    "conditions": [
      "Healthy"
    ],
    "pico_attributes": {
      "populations": {
        "minimum_age": "18 Years",
        "maximum_age": "25 Years",
        "country": "Australia",
        "gender": "ALL"
      },
      "interventions": [
        "Collection of blood specimen for laboratory procedure"
      ],
      "outcomes": []
    }
  },
  {
    "nct_id": "NCT00518505",
    "conditions": [
      "Gastroesophageal reflux disease"
    ],
    "pico_attributes": {
      "populations": {
        "minimum_age": "18 Years",
        "maximum_age": "NA",
        "country": "United States",
        "gender": "ALL"
      },
      "interventions": [
        "Questionnaires",
        "Symptom:Find:Pt:^Patient:Nom"
      ],
      "outcomes": []
    }
  },
  {
    "nct_id": "NCT00518518",
    "conditions": [
      "Asthma"
    ],
    "pico_attributes": {
      "populations": {
        "minimum_age": "6 Years",
        "maximum_age": "17 Years",
        "country": "Poland",
        "gender": "ALL"
      },
      "interventions": [
        "300",
        "Placebo Control"
      ],
      "outcomes": []
    }
  },
  {
    "nct_id": "NCT00518531",
    "conditions": [
      "Osteoporosis"
    ],
    "pico_attributes": {
      "populations": {
        "minimum_age": "55 Years",
        "maximum_age": "NA",
        "country": "United States",
        "gender": "FEMALE"
      },
      "interventions": [
        "alendronate",
        "denosumab"
      ],
      "outcomes": [
        "Administration procedure",
        "Compliance behavior",
        "First (number)",
        "GDC Treatment Outcome Terminology",
        "Overall Satisfaction with Treatment Received for Prostate Cancer",
        "Period (temporal qualifier)",
        "Persistence",
        "Precision - second",
        "Room of building - Study",
        "Treatment Adherence"
      ]
    }
  },
  {
    "nct_id": "NCT00518544",
    "conditions": [
      "Laminectomy"
    ],
    "pico_attributes": {
      "populations": {
        "minimum_age": "18 Years",
        "maximum_age": "75 Years",
        "country": "Korea, Republic of",
        "gender": "ALL"
      },
      "interventions": [
        "Administration occupational activities",
        "starch"
      ],
      "outcomes": []
    }
  },
  {
    "nct_id": "NCT00518557",
    "conditions": [
      "Liver carcinoma"
    ],
    "pico_attributes": {
      "populations": {
        "minimum_age": "18 Years",
        "maximum_age": "70 Years",
        "country": "China",
        "gender": "ALL"
      },
      "interventions": [
        "Transarterial chemoembolization of hepatic artery"
      ],
      "outcomes": []
    }
  },
  {
    "nct_id": "NCT00518570",
    "conditions": [
      "Premenstrual Dysphoric Disorder"
    ],
    "pico_attributes": {
      "populations": {
        "minimum_age": "18 Years",
        "maximum_age": "50 Years",
        "country": "United States",
        "gender": "FEMALE"
      },
      "interventions": [
        "Measurement of levetiracetam"
      ],
      "outcomes": []
    }
  },
  {
    "nct_id": "NCT00518583",
    "conditions": [
      "Breast Carcinoma"
    ],
    "pico_attributes": {
      "populations": {
        "minimum_age": "21 Years",
        "maximum_age": "NA",
        "country": "United States",
        "gender": "FEMALE"
      },
      "interventions": [],
      "outcomes": []
    }
  },
  {
    "nct_id": "NCT00518596",
    "conditions": [
      "Sepsis"
    ],
    "pico_attributes": {
      "populations": {
        "minimum_age": "NA",
        "maximum_age": "72 Hours",
        "country": "India",
        "gender": "ALL"
      },
      "interventions": [
        "Dietary Supplementation",
        "Lactobacillus plantarum",
        "Probiotics"
      ],
      "outcomes": []
    }
  },
  {
    "nct_id": "NCT00518609",
    "conditions": [
      "Sepsis"
    ],
    "pico_attributes": {
      "populations": {
        "minimum_age": "NA",
        "maximum_age": "60 Days",
        "country": "India",
        "gender": "ALL"
      },
      "interventions": [],
      "outcomes": []
    }
  },
  {
    "nct_id": "NCT00518622",
    "conditions": [
      "Hepatitis C"
    ],
    "pico_attributes": {
      "populations": {
        "minimum_age": "18 Years",
        "maximum_age": "55 Years",
        "country": "United States",
        "gender": "ALL"
      },
      "interventions": [
        "Comparator",
        "MK-7009",
        "Placebo Control"
      ],
      "outcomes": [
        "*Activity (kind of quantity)",
        "Antiviral (disposition)",
        "MK-7009",
        "Safety",
        "Tolerability Study"
      ]
    }
  },
  {
    "nct_id": "NCT00518635",
    "conditions": [
      "Polycystic Ovary Syndrome"
    ],
    "pico_attributes": {
      "populations": {
        "minimum_age": "21 Years",
        "maximum_age": "45 Years",
        "country": "United States",
        "gender": "FEMALE"
      },
      "interventions": [
        "Nutropin"
      ],
      "outcomes": []
    }
  },
  {
    "nct_id": "NCT00518648",
    "conditions": [
      "Parkinson Disease"
    ],
    "pico_attributes": {
      "populations": {
        "minimum_age": "20 Years",
        "maximum_age": "80 Years",
        "country": "Netherlands",
        "gender": "ALL"
      },
      "interventions": [
        "Autumn",
        "Fall prevention",
        "Multifactorial",
        "Program",
        "Usual",
        "care activity",
        "prevention program"
      ],
      "outcomes": []
    }
  },
  {
    "nct_id": "NCT00518661",
    "conditions": [
      "Communicable Diseases",
      "Klebsiella",
      "Quinolone Antibacterial Agents",
      "Resistance"
    ],
    "pico_attributes": {
      "populations": {
        "minimum_age": "18 Years",
        "maximum_age": "NA",
        "country": "United States",
        "gender": "ALL"
      },
      "interventions": [],
      "outcomes": []
    }
  },
  {
    "nct_id": "NCT00518674",
    "conditions": [
      "Pain, Postoperative"
    ],
    "pico_attributes": {
      "populations": {
        "minimum_age": "18 Years",
        "maximum_age": "NA",
        "country": "",
        "gender": "ALL"
      },
      "interventions": [
        "Absence of pain sensation",
        "Cellular infiltrate",
        "Local"
      ],
      "outcomes": []
    }
  },
  {
    "nct_id": "NCT00518687",
    "conditions": [
      "Bacteremia",
      "Mediastinitis",
      "Staphylococcus aureus"
    ],
    "pico_attributes": {
      "populations": {
        "minimum_age": "18 Years",
        "maximum_age": "NA",
        "country": "United States",
        "gender": "ALL"
      },
      "interventions": [
        "Placebo Control"
      ],
      "outcomes": [
        "Bacteremia due to Staphylococcus aureus",
        "Communicable Diseases",
        "Count of entities",
        "Deep (qualifier value)",
        "Deep wound injury",
        "Incidence Rate",
        "Invasive",
        "Operative site",
        "Participant",
        "Related personal status",
        "Serious Adverse Event",
        "Staphylococcus aureus",
        "Staphylococcus aureus infection",
        "Sternum",
        "Surgical Wound Infection",
        "Vaccines",
        "Wound Infection",
        "sternal injury"
      ]
    }
  },
  {
    "nct_id": "NCT00518700",
    "conditions": [
      "Corneal epithelial staining pattern"
    ],
    "pico_attributes": {
      "populations": {
        "minimum_age": "18 Years",
        "maximum_age": "NA",
        "country": "United States",
        "gender": "ALL"
      },
      "interventions": [
        "New"
      ],
      "outcomes": []
    }
  },
  {
    "nct_id": "NCT00518713",
    "conditions": [
      "Epilepsy",
      "Generalized",
      "Seizures"
    ],
    "pico_attributes": {
      "populations": {
        "minimum_age": "2 Years",
        "maximum_age": "60 Years",
        "country": "United States",
        "gender": "ALL"
      },
      "interventions": [
        "A Medium Amount",
        "High dose",
        "IPSS Risk Category Low",
        "Low dose",
        "Placebo Control",
        "cloBAZam:Mass:Pt:Dose:Qn",
        "clobazam"
      ],
      "outcomes": [
        "% of total",
        "100%",
        "12.4",
        "50%",
        "75",
        "Administration procedure",
        "Caregiver",
        "Conceptual Parent",
        "Count of entities",
        "Definable",
        "Drop (unit of presentation)",
        "Epileptic drop attack",
        "First (number)",
        "Last",
        "Maintenance",
        "Middle",
        "Negation",
        "Overall",
        "Patients",
        "Percent (qualifier value)",
        "Period (temporal qualifier)",
        "Reduced",
        "Research Personnel",
        "Seizures",
        "Symptom modification",
        "Weekly",
        "consider",
        "global assessment",
        "week"
      ]
    }
  },
  {
    "nct_id": "NCT00518726",
    "conditions": [
      "Influenza"
    ],
    "pico_attributes": {
      "populations": {
        "minimum_age": "18 Years",
        "maximum_age": "NA",
        "country": "Italy",
        "gender": "ALL"
      },
      "interventions": [
        "Adjuvant",
        "Drug Formulation Process",
        "Influenza vaccine:-:Point in time:^Patient:-",
        "Surface Antigens"
      ],
      "outcomes": []
    }
  },
  {
    "nct_id": "NCT00518739",
    "conditions": [
      "Advanced Malignant Neoplasm"
    ],
    "pico_attributes": {
      "populations": {
        "minimum_age": "18 Years",
        "maximum_age": "NA",
        "country": "United States",
        "gender": "ALL"
      },
      "interventions": [
        "MK 2461"
      ],
      "outcomes": []
    }
  },
  {
    "nct_id": "NCT00518752",
    "conditions": [
      "Dental Hygiene",
      "Pneumonia, Ventilator-Associated"
    ],
    "pico_attributes": {
      "populations": {
        "minimum_age": "18 Years",
        "maximum_age": "NA",
        "country": "United States",
        "gender": "ALL"
      },
      "interventions": [
        "Comprehensive",
        "Comprehensive Health Care",
        "Oral",
        "Oral care",
        "Standard (document)"
      ],
      "outcomes": []
    }
  },
  {
    "nct_id": "NCT00518765",
    "conditions": [
      "Hypertension, CTCAE"
    ],
    "pico_attributes": {
      "populations": {
        "minimum_age": "18 Years",
        "maximum_age": "75 Years",
        "country": "United States",
        "gender": "ALL"
      },
      "interventions": [
        "In addition to",
        "Placebo Control",
        "aliskiren"
      ],
      "outcomes": []
    }
  },
  {
    "nct_id": "NCT00518778",
    "conditions": [
      "Fusariosis",
      "Solid organ transplant"
    ],
    "pico_attributes": {
      "populations": {
        "minimum_age": "18 Years",
        "maximum_age": "NA",
        "country": "United States",
        "gender": "ALL"
      },
      "interventions": [],
      "outcomes": []
    }
  },
  {
    "nct_id": "NCT00518791",
    "conditions": [
      "Parkinson Disease"
    ],
    "pico_attributes": {
      "populations": {
        "minimum_age": "20 Years",
        "maximum_age": "80 Years",
        "country": "Netherlands",
        "gender": "ALL"
      },
      "interventions": [
        "Interdisciplinary Studies",
        "Usual",
        "care activity"
      ],
      "outcomes": []
    }
  },
  {
    "nct_id": "NCT00518804",
    "conditions": [
      "Autistic Disorder"
    ],
    "pico_attributes": {
      "populations": {
        "minimum_age": "3 Years",
        "maximum_age": "10 Years",
        "country": "Canada",
        "gender": "ALL"
      },
      "interventions": [
        "Behavior",
        "functional group",
        "parent training",
        "skill"
      ],
      "outcomes": []
    }
  },
  {
    "nct_id": "NCT00518817",
    "conditions": [
      "Cardiomyopathy, Dilated",
      "Congestive heart failure",
      "Muscular Dystrophy"
    ],
    "pico_attributes": {
      "populations": {
        "minimum_age": "1 Month",
        "maximum_age": "65 Years",
        "country": "United States",
        "gender": "ALL"
      },
      "interventions": [],
      "outcomes": []
    }
  },
  {
    "nct_id": "NCT00518830",
    "conditions": [
      "Depression, Postpartum"
    ],
    "pico_attributes": {
      "populations": {
        "minimum_age": "18 Years",
        "maximum_age": "NA",
        "country": "",
        "gender": "FEMALE"
      },
      "interventions": [
        "Component (part)",
        "Intervention regimes",
        "Numerous",
        "Usual",
        "care activity"
      ],
      "outcomes": []
    }
  },
  {
    "nct_id": "NCT00518843",
    "conditions": [
      "Bulimia Nervosa"
    ],
    "pico_attributes": {
      "populations": {
        "minimum_age": "12 Years",
        "maximum_age": "19 Years",
        "country": "United States",
        "gender": "ALL"
      },
      "interventions": [
        "BULIMIA NERVOSA, SUSCEPTIBILITY TO"
      ],
      "outcomes": []
    }
  }
]