[
  {
    "nct_id": "NCT00381875",
    "conditions": [
      "Non-Cancer Diagnosis"
    ],
    "pico_attributes": {
      "populations": {
        "minimum_age": "18 Years",
        "maximum_age": "NA",
        "country": "United States",
        "gender": "ALL"
      },
      "interventions": [
        "CSF2 gene",
        "E1M184V peptide vaccine",
        "Immunoenzyme Techniques",
        "incomplete Freund's adjuvant"
      ],
      "outcomes": []
    }
  },
  {
    "nct_id": "NCT00381888",
    "conditions": [
      "CARCINOMA OF VULVA",
      "Carcinoma, Ovarian Epithelial",
      "Cervix carcinoma",
      "Endometrial Carcinoma",
      "Fallopian Tube Carcinoma",
      "Malignant Vaginal Neoplasm",
      "Malignant neoplasm of soft tissue",
      "Thromboembolism"
    ],
    "pico_attributes": {
      "populations": {
        "minimum_age": "18 Years",
        "maximum_age": "NA",
        "country": "United States",
        "gender": "FEMALE"
      },
      "interventions": [
        "fondaparinux sodium"
      ],
      "outcomes": [
        "Anticoagulant prophylaxis",
        "In addition to",
        "Number of patients",
        "Venous Thromboembolism",
        "Weekly"
      ]
    }
  },
  {
    "nct_id": "NCT00381901",
    "conditions": [
      "Breast Carcinoma"
    ],
    "pico_attributes": {
      "populations": {
        "minimum_age": "18 Years",
        "maximum_age": "NA",
        "country": "France",
        "gender": "FEMALE"
      },
      "interventions": [
        "Adjuvant Therapy",
        "Polymorphism Analysis",
        "trastuzumab"
      ],
      "outcomes": []
    }
  },
  {
    "nct_id": "NCT00381914",
    "conditions": [
      "Vitamin D Deficiency"
    ],
    "pico_attributes": {
      "populations": {
        "minimum_age": "2 Weeks",
        "maximum_age": "5 Weeks",
        "country": "Canada",
        "gender": "ALL"
      },
      "interventions": [
        "D Vitamin"
      ],
      "outcomes": []
    }
  },
  {
    "nct_id": "NCT00381927",
    "conditions": [
      "Breast Carcinoma"
    ],
    "pico_attributes": {
      "populations": {
        "minimum_age": "18 Years",
        "maximum_age": "NA",
        "country": "United States",
        "gender": "FEMALE"
      },
      "interventions": [
        "Counsel - legal",
        "Physician:Identifier:Point in time:^Patient:Nominal"
      ],
      "outcomes": []
    }
  },
  {
    "nct_id": "NCT00381940",
    "conditions": [
      "Adult Lymphocyte-Depleted Classical Hodgkin Lymphoma",
      "Adult Mixed Cellularity Classical Hodgkin Lymphoma",
      "Adult Nodular Lymphocyte Predominant Hodgkin Lymphoma",
      "Adult Nodular Sclerosis Classical Hodgkin Lymphoma",
      "Childhood Lymphocyte-Depleted Classic Hodgkin Lymphoma",
      "Childhood Mixed Cellularity Classic Hodgkin Lymphoma",
      "Childhood Nodular Lymphocyte Predominant Hodgkin Lymphoma",
      "Childhood Nodular Sclerosis Classic Hodgkin Lymphoma",
      "Recurrent Adult Hodgkin Lymphoma",
      "Recurrent Childhood Hodgkin Lymphoma",
      "Stage I Adult Hodgkin Lymphoma",
      "Stage I Childhood Hodgkin Lymphoma",
      "Stage II Adult Hodgkin Lymphoma",
      "Stage II Childhood Hodgkin Lymphoma",
      "Stage III Adult Hodgkin Lymphoma",
      "Stage III Childhood Hodgkin Lymphoma",
      "Stage IV Adult Hodgkin Lymphoma",
      "Stage IV Childhood Hodgkin Lymphoma",
      "adult lymphocyte predominant Hodgkin lymphoma",
      "childhood lymphocyte predominant Hodgkin lymphoma"
    ],
    "pico_attributes": {
      "populations": {
        "minimum_age": "NA",
        "maximum_age": "29 Years",
        "country": "United States",
        "gender": "ALL"
      },
      "interventions": [
        "CSF3 gene",
        "bortezomib",
        "ifosfamide",
        "vinorelbine tartrate"
      ],
      "outcomes": [
        "4+ Answer to question",
        "Bayer Corneal Epitheliopathy Grade 3",
        "Biological Markers",
        "Count of entities",
        "Frequency of Responses",
        "Harvest Procedure",
        "Induce (action)",
        "Overall",
        "Overall Response",
        "Participant",
        "Peripheral Blood Stem Cells",
        "Rate",
        "Success",
        "Toxic effect"
      ]
    }
  },
  {
    "nct_id": "NCT00381953",
    "conditions": [
      "Hepatitis C"
    ],
    "pico_attributes": {
      "populations": {
        "minimum_age": "18 Years",
        "maximum_age": "70 Years",
        "country": "Netherlands",
        "gender": "ALL"
      },
      "interventions": [
        "IFNA2 protein, human",
        "peginterferon alfa-2a",
        "ribavirin"
      ],
      "outcomes": []
    }
  },
  {
    "nct_id": "NCT00381966",
    "conditions": [
      "Malignant neoplasm of prostate"
    ],
    "pico_attributes": {
      "populations": {
        "minimum_age": "18 Years",
        "maximum_age": "NA",
        "country": "United States",
        "gender": "MALE"
      },
      "interventions": [
        "Clinical act of insertion",
        "Robot (device)"
      ],
      "outcomes": [
        "Confirmation of",
        "Determined by",
        "Effectiveness",
        "Measurement",
        "Movement",
        "Positioning - therapy",
        "Robotics"
      ]
    }
  },
  {
    "nct_id": "NCT00381979",
    "conditions": [
      "Anxiety",
      "Depressed mood"
    ],
    "pico_attributes": {
      "populations": {
        "minimum_age": "15 Years",
        "maximum_age": "24 Years",
        "country": "Canada",
        "gender": "ALL"
      },
      "interventions": [
        "Expression (foundation metadata concept)",
        "Supportive care"
      ],
      "outcomes": []
    }
  },
  {
    "nct_id": "NCT00381992",
    "conditions": [
      "BODY MASS INDEX QUANTITATIVE TRAIT LOCUS 20",
      "Chlamydia Infections",
      "Diabetes Mellitus",
      "Gonorrhea",
      "HIV Infections",
      "Hepatitis B",
      "Hepatitis C",
      "Hyperlipidemia",
      "Hypertension, CTCAE"
    ],
    "pico_attributes": {
      "populations": {
        "minimum_age": "21 Years",
        "maximum_age": "NA",
        "country": "United States",
        "gender": "ALL"
      },
      "interventions": [],
      "outcomes": []
    }
  },
  {
    "nct_id": "NCT00382018",
    "conditions": [
      "Breast Carcinoma"
    ],
    "pico_attributes": {
      "populations": {
        "minimum_age": "18 Years",
        "maximum_age": "NA",
        "country": "United States",
        "gender": "FEMALE"
      },
      "interventions": [
        "Chemotherapy"
      ],
      "outcomes": [
        "Adverse Event Domain",
        "Breast Carcinoma",
        "CTCb regimen",
        "Correlation",
        "Drug Evaluation",
        "GDC Treatment Outcome Terminology",
        "Levels (qualifier value)",
        "Number of patients",
        "Overall Survival",
        "Progression-Free Survival",
        "Reagents, Tumor Markers",
        "Related personal status"
      ]
    }
  },
  {
    "nct_id": "NCT00382031",
    "conditions": [
      "Head and Neck Carcinoma",
      "Malignant Squamous Cell Neoplasm"
    ],
    "pico_attributes": {
      "populations": {
        "minimum_age": "18 Years",
        "maximum_age": "NA",
        "country": "United Kingdom",
        "gender": "ALL"
      },
      "interventions": [
        "Control function",
        "zalutumumab"
      ],
      "outcomes": [
        "Clinical Trial Objective",
        "Disease Response",
        "Neoplasms",
        "Overall Survival",
        "Response Duration"
      ]
    }
  },
  {
    "nct_id": "NCT00382044",
    "conditions": [
      "Anemia",
      "Kidney Failure",
      "chronic"
    ],
    "pico_attributes": {
      "populations": {
        "minimum_age": "NA",
        "maximum_age": "NA",
        "country": "Australia",
        "gender": "ALL"
      },
      "interventions": [
        "Aranesp",
        "Eprex",
        "Recormon"
      ],
      "outcomes": []
    }
  },
  {
    "nct_id": "NCT00382057",
    "conditions": [
      "Metabolic Syndrome X"
    ],
    "pico_attributes": {
      "populations": {
        "minimum_age": "50 Years",
        "maximum_age": "75 Years",
        "country": "United States",
        "gender": "MALE"
      },
      "interventions": [
        "Therapeutic Testosterone",
        "anastrozole",
        "goserelin"
      ],
      "outcomes": []
    }
  },
  {
    "nct_id": "NCT00382070",
    "conditions": [
      "Breast Carcinoma"
    ],
    "pico_attributes": {
      "populations": {
        "minimum_age": "18 Years",
        "maximum_age": "120 Years",
        "country": "United States",
        "gender": "FEMALE"
      },
      "interventions": [
        "Placebo Control",
        "letrozole"
      ],
      "outcomes": [
        "Arterial",
        "Breast",
        "Breast Carcinoma",
        "CDISC Events Class",
        "Data Type Interval",
        "Disease-Free Survival",
        "Distant",
        "Empty (qualifier)",
        "In complete remission",
        "Osteoporotic Fractures",
        "Overall Survival",
        "Recurrence",
        "Related personal status",
        "Thrombus"
      ]
    }
  },
  {
    "nct_id": "NCT00382083",
    "conditions": [
      "BREAST PAIN FEMALE"
    ],
    "pico_attributes": {
      "populations": {
        "minimum_age": "30 Years",
        "maximum_age": "NA",
        "country": "United States",
        "gender": "FEMALE"
      },
      "interventions": [
        "1+",
        "Acetaminophen [EPC]",
        "Gel",
        "Ibuprofen 800 MG",
        "MG",
        "lidocaine",
        "ounce"
      ],
      "outcomes": []
    }
  },
  {
    "nct_id": "NCT00382096",
    "conditions": [
      "Bristol Stool Type 2",
      "Diabetes Mellitus"
    ],
    "pico_attributes": {
      "populations": {
        "minimum_age": "18 Years",
        "maximum_age": "78 Years",
        "country": "United States",
        "gender": "ALL"
      },
      "interventions": [
        "metformin",
        "vildagliptin"
      ],
      "outcomes": []
    }
  },
  {
    "nct_id": "NCT00382109",
    "conditions": [
      "Childhood Acute Lymphoblastic Leukemia in Remission",
      "Childhood B Acute Lymphoblastic Leukemia",
      "Childhood L1 Acute Lymphoblastic Leukemia",
      "Childhood L2 Acute Lymphoblastic Leukemia",
      "Childhood T Acute Lymphoblastic Leukemia",
      "Graft-Versus-Host Disease Pathway"
    ],
    "pico_attributes": {
      "populations": {
        "minimum_age": "1 Year",
        "maximum_age": "21 Years",
        "country": "United States",
        "gender": "ALL"
      },
      "interventions": [
        "Whole-Body Irradiation",
        "cyclophosphamide",
        "methotrexate",
        "sirolimus",
        "tacrolimus",
        "thiotepa"
      ],
      "outcomes": [
        "*Relative",
        "Amount type - Percentage",
        "Arsenic measurement",
        "Before",
        "Biologic Development",
        "Blast (physical force)",
        "Chimerism",
        "Chronic graft-versus-host disease",
        "Contribution",
        "Donor person",
        "Estimated",
        "Etiology aspects",
        "Event-Free Survival",
        "Global Relapse",
        "Immune response",
        "Neoplasm, Residual",
        "Overall",
        "Participant",
        "Post",
        "Rate",
        "Relapse",
        "Transplant-Related Mortality",
        "Transplantation"
      ]
    }
  },
  {
    "nct_id": "NCT00382122",
    "conditions": [
      "Glaucoma"
    ],
    "pico_attributes": {
      "populations": {
        "minimum_age": "18 Years",
        "maximum_age": "NA",
        "country": "United States",
        "gender": "ALL"
      },
      "interventions": [],
      "outcomes": []
    }
  },
  {
    "nct_id": "NCT00382135",
    "conditions": [
      "Erectile Dysfunction, CTCAE"
    ],
    "pico_attributes": {
      "populations": {
        "minimum_age": "45 Years",
        "maximum_age": "NA",
        "country": "United States",
        "gender": "MALE"
      },
      "interventions": [
        "Placebo Control",
        "tadalafil"
      ],
      "outcomes": []
    }
  },
  {
    "nct_id": "NCT00382148",
    "conditions": [
      "Allergy to peanuts"
    ],
    "pico_attributes": {
      "populations": {
        "minimum_age": "6 Years",
        "maximum_age": "75 Years",
        "country": "United States",
        "gender": "ALL"
      },
      "interventions": [
        "omalizumab"
      ],
      "outcomes": [
        "ALLERGEN EXPOSURE",
        "Assessed",
        "Assessed patient - therapy appropriate",
        "Exposure to",
        "Food",
        "Food Allergy",
        "Food allergen",
        "Intellectual scale",
        "Non-serious Adverse Event",
        "Patient-Reported",
        "Questionnaires",
        "Related personal status",
        "Report (document)",
        "Scanning Auger Spectrometer (device)",
        "Serious Adverse Event"
      ]
    }
  },
  {
    "nct_id": "NCT00382161",
    "conditions": [
      "Erectile dysfunction"
    ],
    "pico_attributes": {
      "populations": {
        "minimum_age": "18 Years",
        "maximum_age": "NA",
        "country": "Germany",
        "gender": "MALE"
      },
      "interventions": [
        "fluvastatin sodium"
      ],
      "outcomes": []
    }
  },
  {
    "nct_id": "NCT00382174",
    "conditions": [
      "Pressure Ulcer"
    ],
    "pico_attributes": {
      "populations": {
        "minimum_age": "18 Years",
        "maximum_age": "85 Years",
        "country": "United States",
        "gender": "ALL"
      },
      "interventions": [
        "Placebo Control",
        "Thymosin Beta-4, human"
      ],
      "outcomes": [
        "84",
        "Apply",
        "Safety",
        "Thymosin Beta-4, human",
        "Tolerability Study",
        "day"
      ]
    }
  },
  {
    "nct_id": "NCT00382187",
    "conditions": [
      "Influenza"
    ],
    "pico_attributes": {
      "populations": {
        "minimum_age": "18 Years",
        "maximum_age": "60 Years",
        "country": "Italy",
        "gender": "ALL"
      },
      "interventions": [
        "Adjuvant",
        "H5N1 Human Influenza",
        "MF59 oil emulsion"
      ],
      "outcomes": []
    }
  },
  {
    "nct_id": "NCT00382200",
    "conditions": [
      "MYELODYSPLASTIC SYNDROME"
    ],
    "pico_attributes": {
      "populations": {
        "minimum_age": "18 Years",
        "maximum_age": "120 Years",
        "country": "United States",
        "gender": "ALL"
      },
      "interventions": [
        "Cytogenetic Analysis",
        "DNA Methylation Analysis",
        "Flow Cytometry",
        "Immunohistochemistry",
        "Microarray Analysis",
        "decitabine",
        "tretinoin"
      ],
      "outcomes": [
        "0%",
        "Affymetrix",
        "Apoptosis",
        "Blood Platelets",
        "Blood Transfusion",
        "Bone Marrow",
        "Brodmann area 18",
        "CTCb regimen",
        "Cell Differentiation process",
        "Changed status",
        "Clinical Response",
        "Communicable Diseases",
        "Correlation",
        "Count of entities",
        "Cultured Cell Line",
        "Cytogenetics",
        "Demethylation",
        "Determined by",
        "Disease Response",
        "Entity Determiner - specific",
        "Erythroid",
        "Evaluation",
        "Flow Cytometry",
        "Frequencies (time pattern)",
        "Frequency of Responses",
        "Functional modification",
        "Gene Expression",
        "Genes",
        "Genetic Profile",
        "Having administered",
        "Hematologic",
        "Hemorrhage",
        "Improvement",
        "Indicators",
        "Maximum Tolerated Dose",
        "Measured",
        "Methylation",
        "Morphology",
        "National Cancer Institute",
        "Operator gene",
        "Overall",
        "Overall Response",
        "Participant",
        "Promoter",
        "Rate",
        "Scientific Study",
        "Stage level 2",
        "Toxic effect",
        "decitabine",
        "gene methylation",
        "neutrophil",
        "tretinoin"
      ]
    }
  },
  {
    "nct_id": "NCT00382213",
    "conditions": [
      "Arteriosclerosis"
    ],
    "pico_attributes": {
      "populations": {
        "minimum_age": "18 Years",
        "maximum_age": "NA",
        "country": "",
        "gender": "ALL"
      },
      "interventions": [
        "Placebo Control",
        "olmesartan medoxomil"
      ],
      "outcomes": []
    }
  },
  {
    "nct_id": "NCT00382226",
    "conditions": [
      "Glaucoma"
    ],
    "pico_attributes": {
      "populations": {
        "minimum_age": "18 Years",
        "maximum_age": "NA",
        "country": "Australia",
        "gender": "ALL"
      },
      "interventions": [
        "Azopt"
      ],
      "outcomes": []
    }
  },
  {
    "nct_id": "NCT00382239",
    "conditions": [
      "Diabetes Mellitus, Non-Insulin-Dependent"
    ],
    "pico_attributes": {
      "populations": {
        "minimum_age": "20 Years",
        "maximum_age": "75 Years",
        "country": "Japan",
        "gender": "ALL"
      },
      "interventions": [
        "LY2148568",
        "Placebo Control",
        "exenatide"
      ],
      "outcomes": []
    }
  },
  {
    "nct_id": "NCT00382252",
    "conditions": [
      "Adult Solid Neoplasm",
      "Clinical trial protocol",
      "Disseminated Malignant Neoplasm",
      "Entity Determiner - specific",
      "External cause codes: Unspecified"
    ],
    "pico_attributes": {
      "populations": {
        "minimum_age": "18 Years",
        "maximum_age": "120 Years",
        "country": "France",
        "gender": "ALL"
      },
      "interventions": [
        "Positron-Emission Tomography",
        "Radiofrequency Ablation",
        "X-Ray Computed Tomography"
      ],
      "outcomes": [
        "Amount type - Percentage",
        "BRAF Gene Rearrangement",
        "In addition to",
        "Negative",
        "Patients",
        "True negative",
        "True positive"
      ]
    }
  },
  {
    "nct_id": "NCT00382265",
    "conditions": [
      "Ureterolithiasis"
    ],
    "pico_attributes": {
      "populations": {
        "minimum_age": "18 Years",
        "maximum_age": "NA",
        "country": "United States",
        "gender": "ALL"
      },
      "interventions": [
        "Placebo Control",
        "tamsulosin"
      ],
      "outcomes": [
        "Calculi",
        "Cancer/Testis Antigen",
        "Channel",
        "Confirmation of",
        "Cross-Over Studies",
        "Employed",
        "Feel Pain",
        "GDC Treatment Outcome Terminology",
        "Medications",
        "Needs",
        "Open Label Study",
        "Pass (indicator)",
        "Patient Self-Report",
        "Patients",
        "Proportion",
        "Return to (contextual qualifier) (qualifier value)",
        "Surgical intervention (finding)",
        "Work",
        "day",
        "tamsulosin"
      ]
    }
  },
  {
    "nct_id": "NCT00382278",
    "conditions": [
      "Liver Cirrhosis"
    ],
    "pico_attributes": {
      "populations": {
        "minimum_age": "18 Years",
        "maximum_age": "75 Years",
        "country": "Brazil",
        "gender": "ALL"
      },
      "interventions": [
        "Autologous (qualifier value)",
        "Bone Marrow Mononuclear Cell",
        "Bone Marrow-Derived Cell",
        "Derivation",
        "Infusion procedures",
        "Mononuclear"
      ],
      "outcomes": []
    }
  },
  {
    "nct_id": "NCT00382291",
    "conditions": [
      "Obsessive compulsive disorder drugs"
    ],
    "pico_attributes": {
      "populations": {
        "minimum_age": "7 Years",
        "maximum_age": "17 Years",
        "country": "United States",
        "gender": "ALL"
      },
      "interventions": [
        "Placebo Control",
        "Regular",
        "Slow",
        "Titration Method"
      ],
      "outcomes": [
        "Brown color",
        "Controlled by",
        "Intellectual scale",
        "Montreal Cognitive Assessment Total Score"
      ]
    }
  },
  {
    "nct_id": "NCT00382304",
    "conditions": [
      "Antibiotic-associated diarrhea",
      "Clostridium difficile colitis",
      "Clostridium difficile diarrhea"
    ],
    "pico_attributes": {
      "populations": {
        "minimum_age": "18 Years",
        "maximum_age": "NA",
        "country": "Canada",
        "gender": "ALL"
      },
      "interventions": [
        "Tolevamer Potassium Sodium"
      ],
      "outcomes": []
    }
  },
  {
    "nct_id": "NCT00382317",
    "conditions": [
      "Dental diagnostic imaging"
    ],
    "pico_attributes": {
      "populations": {
        "minimum_age": "18 Years",
        "maximum_age": "85 Years",
        "country": "France",
        "gender": "ALL"
      },
      "interventions": [
        "iobitridol"
      ],
      "outcomes": []
    }
  },
  {
    "nct_id": "NCT00382330",
    "conditions": [
      "CARCINOMA OF VULVA"
    ],
    "pico_attributes": {
      "populations": {
        "minimum_age": "18 Years",
        "maximum_age": "75 Years",
        "country": "United States",
        "gender": "FEMALE"
      },
      "interventions": [
        "ciclopirox"
      ],
      "outcomes": []
    }
  },
  {
    "nct_id": "NCT00382343",
    "conditions": [
      "Pyelonephritis",
      "Renal scarring"
    ],
    "pico_attributes": {
      "populations": {
        "minimum_age": "1 Day",
        "maximum_age": "30 Months",
        "country": "Italy",
        "gender": "ALL"
      },
      "interventions": [
        "Trimethoprim-Sulfamethoxazole Combination"
      ],
      "outcomes": []
    }
  },
  {
    "nct_id": "NCT00382356",
    "conditions": [
      "Benign prostatic hypertrophy"
    ],
    "pico_attributes": {
      "populations": {
        "minimum_age": "50 Years",
        "maximum_age": "NA",
        "country": "United States",
        "gender": "MALE"
      },
      "interventions": [
        "dutasteride"
      ],
      "outcomes": []
    }
  },
  {
    "nct_id": "NCT00382369",
    "conditions": [
      "Vocal Cord Paralysis"
    ],
    "pico_attributes": {
      "populations": {
        "minimum_age": "10 Years",
        "maximum_age": "NA",
        "country": "Israel",
        "gender": "ALL"
      },
      "interventions": [],
      "outcomes": []
    }
  },
  {
    "nct_id": "NCT00382382",
    "conditions": [
      "Autistic Disorder"
    ],
    "pico_attributes": {
      "populations": {
        "minimum_age": "8 Years",
        "maximum_age": "12 Years",
        "country": "United States",
        "gender": "MALE"
      },
      "interventions": [],
      "outcomes": []
    }
  },
  {
    "nct_id": "NCT00382395",
    "conditions": [
      "Glaucoma",
      "Open angle"
    ],
    "pico_attributes": {
      "populations": {
        "minimum_age": "21 Years",
        "maximum_age": "NA",
        "country": "United States",
        "gender": "ALL"
      },
      "interventions": [
        "Ahmed tube shunt",
        "Cardiac shunt",
        "Glaucoma",
        "Gold color",
        "In addition to"
      ],
      "outcomes": []
    }
  },
  {
    "nct_id": "NCT00382408",
    "conditions": [
      "Respiratory Tract Diseases"
    ],
    "pico_attributes": {
      "populations": {
        "minimum_age": "17 Years",
        "maximum_age": "NA",
        "country": "United States",
        "gender": "ALL"
      },
      "interventions": [
        "Delayed Release Dosage Form",
        "Placebo Control"
      ],
      "outcomes": [
        "Adenoviruses",
        "Amount type - Percentage",
        "Bristol Stool Type 4",
        "Bristol Stool Type 7",
        "HIV Seroconversion",
        "Participant",
        "Secondary Immunization",
        "Show",
        "Weekly"
      ]
    }
  },
  {
    "nct_id": "NCT00382421",
    "conditions": [
      "Coronary Arteriosclerosis"
    ],
    "pico_attributes": {
      "populations": {
        "minimum_age": "40 Years",
        "maximum_age": "NA",
        "country": "Switzerland",
        "gender": "ALL"
      },
      "interventions": [
        "amlodipine",
        "aspirin",
        "bisoprolol",
        "molsidomine"
      ],
      "outcomes": []
    }
  },
  {
    "nct_id": "NCT00382434",
    "conditions": [
      "Adverse reaction to drug",
      "Measures",
      "Potential",
      "Quality"
    ],
    "pico_attributes": {
      "populations": {
        "minimum_age": "NA",
        "maximum_age": "NA",
        "country": "United States",
        "gender": "ALL"
      },
      "interventions": [
        "Accident and Emergency department",
        "Endocrine System Findings Domain",
        "Pharmacist",
        "Presence (property)"
      ],
      "outcomes": []
    }
  },
  {
    "nct_id": "NCT00382447",
    "conditions": [
      "Asthma",
      "Chronic Obstructive Airway Disease"
    ],
    "pico_attributes": {
      "populations": {
        "minimum_age": "18 Years",
        "maximum_age": "NA",
        "country": "United States",
        "gender": "ALL"
      },
      "interventions": [
        "Breath Actuated Nebulizer",
        "Nebulizers",
        "Standard (document)"
      ],
      "outcomes": []
    }
  },
  {
    "nct_id": "NCT00382460",
    "conditions": [
      "Adverse Event Associated with Syndromes",
      "Heart"
    ],
    "pico_attributes": {
      "populations": {
        "minimum_age": "18 Years",
        "maximum_age": "NA",
        "country": "",
        "gender": "ALL"
      },
      "interventions": [
        "pravastatin sodium"
      ],
      "outcomes": []
    }
  },
  {
    "nct_id": "NCT00382473",
    "conditions": [
      "Bristol Stool Type 2",
      "Diabetes Mellitus",
      "Overweight"
    ],
    "pico_attributes": {
      "populations": {
        "minimum_age": "28 Years",
        "maximum_age": "55 Years",
        "country": "United States",
        "gender": "ALL"
      },
      "interventions": [
        "Exercise, Aerobic",
        "Program",
        "week"
      ],
      "outcomes": []
    }
  },
  {
    "nct_id": "NCT00382486",
    "conditions": [
      "Allograft Rejection Pathway",
      "Failure",
      "Intestines"
    ],
    "pico_attributes": {
      "populations": {
        "minimum_age": "17 Years",
        "maximum_age": "70 Years",
        "country": "United States",
        "gender": "ALL"
      },
      "interventions": [
        "Allograft Rejection Pathway",
        "Risk"
      ],
      "outcomes": []
    }
  },
  {
    "nct_id": "NCT00382499",
    "conditions": [
      "% of total",
      "Elective Surgical Procedures",
      "Subtotal abdominal hysterectomy"
    ],
    "pico_attributes": {
      "populations": {
        "minimum_age": "30 Years",
        "maximum_age": "70 Years",
        "country": "Canada",
        "gender": "FEMALE"
      },
      "interventions": [
        "Intravenous Drip Route of Administration",
        "lidocaine"
      ],
      "outcomes": []
    }
  },
  {
    "nct_id": "NCT00382512",
    "conditions": [
      "Chronic small plaque psoriasis"
    ],
    "pico_attributes": {
      "populations": {
        "minimum_age": "18 Years",
        "maximum_age": "65 Years",
        "country": "",
        "gender": "ALL"
      },
      "interventions": [
        "Raptiva",
        "efalizumab"
      ],
      "outcomes": []
    }
  },
  {
    "nct_id": "NCT00382525",
    "conditions": [
      "Cardiac Arrhythmia",
      "Congestive heart failure",
      "Heart Block",
      "Sinus Node Dysfunction (disorder)"
    ],
    "pico_attributes": {
      "populations": {
        "minimum_age": "NA",
        "maximum_age": "NA",
        "country": "Saudi Arabia",
        "gender": "ALL"
      },
      "interventions": [
        "Cardiac rhythm type",
        "administration devices"
      ],
      "outcomes": []
    }
  },
  {
    "nct_id": "NCT00382538",
    "conditions": [
      "Induce (action)",
      "Induced abortion (procedure)",
      "Pregnancy Trimester, Second"
    ],
    "pico_attributes": {
      "populations": {
        "minimum_age": "16 Years",
        "maximum_age": "45 Years",
        "country": "United States",
        "gender": "FEMALE"
      },
      "interventions": [
        "24 Hours",
        "Add - instruction imperative",
        "Induce (action)",
        "Mifepristone 200 MG"
      ],
      "outcomes": []
    }
  },
  {
    "nct_id": "NCT00382551",
    "conditions": [
      "Coronary Arteriosclerosis"
    ],
    "pico_attributes": {
      "populations": {
        "minimum_age": "30 Years",
        "maximum_age": "80 Years",
        "country": "Denmark",
        "gender": "ALL"
      },
      "interventions": [
        "A Moderate Amount of Effort",
        "Beer",
        "Consumption of goods",
        "Daily",
        "Fruit Juices",
        "Red wine",
        "Wealthy"
      ],
      "outcomes": []
    }
  },
  {
    "nct_id": "NCT00382564",
    "conditions": [
      "Arteriosclerosis",
      "Diabetes Mellitus",
      "Hyperlipidemia",
      "Hypertension, CTCAE"
    ],
    "pico_attributes": {
      "populations": {
        "minimum_age": "18 Years",
        "maximum_age": "NA",
        "country": "United States",
        "gender": "ALL"
      },
      "interventions": [],
      "outcomes": []
    }
  },
  {
    "nct_id": "NCT00382577",
    "conditions": [
      "Heartburn"
    ],
    "pico_attributes": {
      "populations": {
        "minimum_age": "18 Years",
        "maximum_age": "70 Years",
        "country": "United States",
        "gender": "ALL"
      },
      "interventions": [
        "Placebo Control",
        "itopride"
      ],
      "outcomes": []
    }
  },
  {
    "nct_id": "NCT00382590",
    "conditions": [
      "Adult Myelodysplastic Syndrome",
      "Childhood Leukemia",
      "Leukemia, Myelocytic, Acute"
    ],
    "pico_attributes": {
      "populations": {
        "minimum_age": "60 Years",
        "maximum_age": "NA",
        "country": "United States",
        "gender": "ALL"
      },
      "interventions": [
        "Ara-C",
        "azacitidine"
      ],
      "outcomes": [
        "Count of entities",
        "Disease Response",
        "Participant"
      ]
    }
  },
  {
    "nct_id": "NCT00382603",
    "conditions": [
      "Contact lens care"
    ],
    "pico_attributes": {
      "populations": {
        "minimum_age": "18 Years",
        "maximum_age": "NA",
        "country": "United States",
        "gender": "ALL"
      },
      "interventions": [
        "Numerous",
        "Pharmaceutical Solutions",
        "Purpose"
      ],
      "outcomes": []
    }
  },
  {
    "nct_id": "NCT00382616",
    "conditions": [
      "Attention deficit hyperactivity disorder"
    ],
    "pico_attributes": {
      "populations": {
        "minimum_age": "8 Years",
        "maximum_age": "13 Years",
        "country": "Israel",
        "gender": "ALL"
      },
      "interventions": [
        "Phosphatidylserines",
        "omega-3 fatty acids"
      ],
      "outcomes": []
    }
  },
  {
    "nct_id": "NCT00382629",
    "conditions": [
      "Multiple Sclerosis, Relapsing-Remitting"
    ],
    "pico_attributes": {
      "populations": {
        "minimum_age": "18 Years",
        "maximum_age": "55 Years",
        "country": "",
        "gender": "ALL"
      },
      "interventions": [
        "0.5",
        "BHT 3009",
        "MG",
        "Placebo Control"
      ],
      "outcomes": []
    }
  },
  {
    "nct_id": "NCT00382642",
    "conditions": [
      "Alcoholic Intoxication, Chronic"
    ],
    "pico_attributes": {
      "populations": {
        "minimum_age": "18 Years",
        "maximum_age": "NA",
        "country": "United States",
        "gender": "ALL"
      },
      "interventions": [
        "Cognitive Therapy",
        "Placebo Control",
        "ondansetron"
      ],
      "outcomes": []
    }
  },
  {
    "nct_id": "NCT00382655",
    "conditions": [
      "Condition"
    ],
    "pico_attributes": {
      "populations": {
        "minimum_age": "65 Years",
        "maximum_age": "NA",
        "country": "United States",
        "gender": "ALL"
      },
      "interventions": [
        "Educational Status",
        "Patient referral"
      ],
      "outcomes": []
    }
  },
  {
    "nct_id": "NCT00382668",
    "conditions": [
      "Liver diseases"
    ],
    "pico_attributes": {
      "populations": {
        "minimum_age": "18 Years",
        "maximum_age": "70 Years",
        "country": "United States",
        "gender": "ALL"
      },
      "interventions": [
        "dasatinib"
      ],
      "outcomes": []
    }
  },
  {
    "nct_id": "NCT00382681",
    "conditions": [
      "Contact lens care"
    ],
    "pico_attributes": {
      "populations": {
        "minimum_age": "NA",
        "maximum_age": "NA",
        "country": "United States",
        "gender": "ALL"
      },
      "interventions": [
        "Chemical Formula",
        "Numerous",
        "Pharmaceutical Solutions",
        "Purpose",
        "Rubricyte Count"
      ],
      "outcomes": []
    }
  },
  {
    "nct_id": "NCT00382694",
    "conditions": [
      "Multiple Myeloma"
    ],
    "pico_attributes": {
      "populations": {
        "minimum_age": "18 Years",
        "maximum_age": "64 Years",
        "country": "Denmark",
        "gender": "ALL"
      },
      "interventions": [
        "fludarabine"
      ],
      "outcomes": []
    }
  },
  {
    "nct_id": "NCT00382707",
    "conditions": [
      "Refractory frontal lobe epilepsy"
    ],
    "pico_attributes": {
      "populations": {
        "minimum_age": "12 Years",
        "maximum_age": "NA",
        "country": "France",
        "gender": "ALL"
      },
      "interventions": [
        "Adrenal Cortex",
        "Bone structure of cranium",
        "Eight",
        "Magnetism",
        "Placement action",
        "Providing (action)",
        "Shapes",
        "Stimulation (motivation)"
      ],
      "outcomes": []
    }
  },
  {
    "nct_id": "NCT00382720",
    "conditions": [
      "Stomach Neoplasms"
    ],
    "pico_attributes": {
      "populations": {
        "minimum_age": "18 Years",
        "maximum_age": "NA",
        "country": "United States",
        "gender": "ALL"
      },
      "interventions": [
        "Docetaxel/Oxaliplatin",
        "Fraction Unbound",
        "capecitabine"
      ],
      "outcomes": []
    }
  },
  {
    "nct_id": "NCT00382733",
    "conditions": [
      "Neoplasms"
    ],
    "pico_attributes": {
      "populations": {
        "minimum_age": "18 Years",
        "maximum_age": "NA",
        "country": "United States",
        "gender": "ALL"
      },
      "interventions": [
        "Oral",
        "topotecan"
      ],
      "outcomes": [
        "Best Overall Response"
      ]
    }
  },
  {
    "nct_id": "NCT00382746",
    "conditions": [
      "Congestive heart failure"
    ],
    "pico_attributes": {
      "populations": {
        "minimum_age": "45 Years",
        "maximum_age": "NA",
        "country": "Israel",
        "gender": "ALL"
      },
      "interventions": [
        "Monitoring Device"
      ],
      "outcomes": []
    }
  },
  {
    "nct_id": "NCT00382759",
    "conditions": [
      "Hematologic Neoplasms"
    ],
    "pico_attributes": {
      "populations": {
        "minimum_age": "60 Years",
        "maximum_age": "NA",
        "country": "Italy",
        "gender": "ALL"
      },
      "interventions": [
        "Hemopoietic stem cell transplant"
      ],
      "outcomes": []
    }
  },
  {
    "nct_id": "NCT00382772",
    "conditions": [
      "Infection",
      "Rotavirus"
    ],
    "pico_attributes": {
      "populations": {
        "minimum_age": "11 Weeks",
        "maximum_age": "17 Weeks",
        "country": "Finland",
        "gender": "ALL"
      },
      "interventions": [
        "% live",
        "+2",
        "Attenuated by (contextual qualifier)",
        "Dosage",
        "Homo sapiens",
        "Human rotavirus",
        "Oral",
        "Rotavirus",
        "Rotavirus Vaccines",
        "Vaccines",
        "human vaccination"
      ],
      "outcomes": []
    }
  },
  {
    "nct_id": "NCT00382785",
    "conditions": [
      "Breast Carcinoma"
    ],
    "pico_attributes": {
      "populations": {
        "minimum_age": "21 Years",
        "maximum_age": "NA",
        "country": "United States",
        "gender": "FEMALE"
      },
      "interventions": [
        "A Moderate Amount of Effort",
        "Light Emitting Diode Device",
        "Peer",
        "Support, device"
      ],
      "outcomes": [
        "85",
        "Center for Epidemiologic Studies Depression Scale",
        "PedsQL-4 Scale Score",
        "Personal Attribute",
        "Questionnaires",
        "Resources",
        "Score"
      ]
    }
  },
  {
    "nct_id": "NCT00382798",
    "conditions": [
      "Healthy Volunteers",
      "Hepatitis C"
    ],
    "pico_attributes": {
      "populations": {
        "minimum_age": "18 Years",
        "maximum_age": "65 Years",
        "country": "United States",
        "gender": "ALL"
      },
      "interventions": [],
      "outcomes": []
    }
  },
  {
    "nct_id": "NCT00382811",
    "conditions": [
      "Carcinoma, Ovarian Epithelial",
      "Fallopian Tube Carcinoma",
      "Peritoneal Neoplasms"
    ],
    "pico_attributes": {
      "populations": {
        "minimum_age": "18 Years",
        "maximum_age": "NA",
        "country": "United States",
        "gender": "FEMALE"
      },
      "interventions": [
        "Placebo Control",
        "carboplatin",
        "phenoxodiol"
      ],
      "outcomes": []
    }
  },
  {
    "nct_id": "NCT00382824",
    "conditions": [
      "Progressive supranuclear palsy"
    ],
    "pico_attributes": {
      "populations": {
        "minimum_age": "30 Years",
        "maximum_age": "NA",
        "country": "United States",
        "gender": "ALL"
      },
      "interventions": [
        "Placebo Control",
        "Ubiquinone 10 Measurement"
      ],
      "outcomes": [
        "Profile (lab procedure)",
        "Safety",
        "Ubiquinone 10 Measurement"
      ]
    }
  },
  {
    "nct_id": "NCT00382837",
    "conditions": [
      "Lupus Erythematosus, Systemic"
    ],
    "pico_attributes": {
      "populations": {
        "minimum_age": "18 Years",
        "maximum_age": "NA",
        "country": "United States",
        "gender": "ALL"
      },
      "interventions": [
        "epratuzumab"
      ],
      "outcomes": []
    }
  },
  {
    "nct_id": "NCT00382850",
    "conditions": [
      "Acid reflux"
    ],
    "pico_attributes": {
      "populations": {
        "minimum_age": "NA",
        "maximum_age": "24 Months",
        "country": "United States",
        "gender": "ALL"
      },
      "interventions": [
        "Nissen Operation"
      ],
      "outcomes": []
    }
  },
  {
    "nct_id": "NCT00382863",
    "conditions": [
      "Congestive heart failure"
    ],
    "pico_attributes": {
      "populations": {
        "minimum_age": "18 Years",
        "maximum_age": "74 Years",
        "country": "United States",
        "gender": "ALL"
      },
      "interventions": [
        "Cerebral Ventricles",
        "Heart Ventricle",
        "Medical Device therapy",
        "Optimum",
        "Support System",
        "Support, device"
      ],
      "outcomes": [
        "Actuarial Analysis",
        "Alive",
        "Analysis",
        "Cardiac Death",
        "Cessation of life",
        "Change -- procedure",
        "Congestive heart failure",
        "Count of entities",
        "Diameter.left ventricle",
        "Distance",
        "Ejection fraction (finding)",
        "End-diastolic volume:Vol:Pt:Heart.ventricle.left:Qn",
        "End-systolic volume:Vol:Pt:Heart.ventricle.left:Qn",
        "Entity With Role in Clinical Study",
        "Etiology aspects",
        "Experience",
        "Failure",
        "Hospitalization",
        "Hospitalization Due to Heart Failure",
        "Implanted Medical Device (finding)",
        "Left ventricular mass",
        "Minute (diminutive)",
        "Out-of-Hospital",
        "Oxygen consumption measurement",
        "Oxygen uptake",
        "Participant",
        "Peak level",
        "Protocol Treatment Arm",
        "Serious Adverse Event",
        "Six",
        "Success",
        "Techniques",
        "Walking (activity)",
        "day",
        "end diastolic",
        "end systolic"
      ]
    }
  },
  {
    "nct_id": "NCT00382876",
    "conditions": [
      "Apnea"
    ],
    "pico_attributes": {
      "populations": {
        "minimum_age": "1 Day",
        "maximum_age": "2 Days",
        "country": "Slovenia",
        "gender": "ALL"
      },
      "interventions": [],
      "outcomes": []
    }
  },
  {
    "nct_id": "NCT00382889",
    "conditions": [
      "Asthma"
    ],
    "pico_attributes": {
      "populations": {
        "minimum_age": "18 Years",
        "maximum_age": "65 Years",
        "country": "Spain",
        "gender": "ALL"
      },
      "interventions": [
        "Combined",
        "albuterol",
        "beclomethasone"
      ],
      "outcomes": []
    }
  },
  {
    "nct_id": "NCT00382902",
    "conditions": [
      "Contact lens care"
    ],
    "pico_attributes": {
      "populations": {
        "minimum_age": "NA",
        "maximum_age": "NA",
        "country": "United States",
        "gender": "ALL"
      },
      "interventions": [
        "Numerous",
        "Pharmaceutical Solutions",
        "Purpose"
      ],
      "outcomes": []
    }
  },
  {
    "nct_id": "NCT00382915",
    "conditions": [
      "Bipolar Disorder",
      "Schizophrenia"
    ],
    "pico_attributes": {
      "populations": {
        "minimum_age": "18 Years",
        "maximum_age": "75 Years",
        "country": "United States",
        "gender": "ALL"
      },
      "interventions": [
        "Devices",
        "Landscapes"
      ],
      "outcomes": []
    }
  },
  {
    "nct_id": "NCT00382928",
    "conditions": [
      "Cardiac - anatomy qualifier",
      "Cessation of life",
      "Heart Ventricle",
      "Sudden (qualifier value)",
      "Tachycardia",
      "Ventricular Fibrillation"
    ],
    "pico_attributes": {
      "populations": {
        "minimum_age": "18 Years",
        "maximum_age": "NA",
        "country": "United States",
        "gender": "ALL"
      },
      "interventions": [
        "Absent pulse",
        "Electric Countershock",
        "NAMPT gene"
      ],
      "outcomes": [
        "Abnormal",
        "Body Fluid Discharge",
        "Continuance of life",
        "Count of entities",
        "Electric Countershock",
        "Frequencies (time pattern)",
        "GDC Treatment Outcome Terminology",
        "Monitor Device",
        "Participant",
        "Performance",
        "Rhythm"
      ]
    }
  },
  {
    "nct_id": "NCT00382941",
    "conditions": [
      "Disorder of tendon",
      "Epicondylitis",
      "Fasciitis",
      "Microbiology subtype strains",
      "Myotonus (finding)",
      "Sprain"
    ],
    "pico_attributes": {
      "populations": {
        "minimum_age": "16 Years",
        "maximum_age": "NA",
        "country": "Ecuador",
        "gender": "ALL"
      },
      "interventions": [
        "Infra-red",
        "Leads (device)",
        "Phototherapy",
        "Radiological Exposure Device"
      ],
      "outcomes": []
    }
  },
  {
    "nct_id": "NCT00382954",
    "conditions": [
      "Leukemia, Myelocytic, Acute"
    ],
    "pico_attributes": {
      "populations": {
        "minimum_age": "18 Years",
        "maximum_age": "NA",
        "country": "United States",
        "gender": "ALL"
      },
      "interventions": [
        "Velcade",
        "idarubicin"
      ],
      "outcomes": []
    }
  },
  {
    "nct_id": "NCT00382967",
    "conditions": [
      "Parkinsonian Disorders"
    ],
    "pico_attributes": {
      "populations": {
        "minimum_age": "18 Years",
        "maximum_age": "NA",
        "country": "United States",
        "gender": "ALL"
      },
      "interventions": [
        "DaTscan",
        "Tomography, Emission-Computed, Single-Photon"
      ],
      "outcomes": [
        "Administration occupational activities",
        "Changed status",
        "Clinical Management",
        "Clinical trial participant (person)",
        "Diagnostic Imaging",
        "Doctor - Title",
        "Human Study Subject",
        "IMPACT gene",
        "Make - Instruction Imperative",
        "Product base"
      ]
    }
  },
  {
    "nct_id": "NCT00382980",
    "conditions": [
      "Influenza"
    ],
    "pico_attributes": {
      "populations": {
        "minimum_age": "18 Years",
        "maximum_age": "40 Years",
        "country": "United States",
        "gender": "ALL"
      },
      "interventions": [
        "AS virus",
        "Base - General Qualifier",
        "FDA Inactivation",
        "Influenza A (H5N1)",
        "Influenza in Birds",
        "Influenzavirus A",
        "Placebo Control",
        "Vero Cells",
        "Whole",
        "aluminum hydroxide"
      ],
      "outcomes": []
    }
  },
  {
    "nct_id": "NCT00382993",
    "conditions": [
      "Migraine Disorders"
    ],
    "pico_attributes": {
      "populations": {
        "minimum_age": "18 Years",
        "maximum_age": "65 Years",
        "country": "United States",
        "gender": "ALL"
      },
      "interventions": [
        "Combination Product",
        "Placebo Control",
        "Succinates",
        "Sumatriptan/ Naproxen Sodium"
      ],
      "outcomes": [
        "+2",
        "0%",
        "0.24",
        "0.5",
        "1+",
        "2 hours post-dose",
        "24 Hours",
        "8 Hours",
        "Assessed",
        "Associated with",
        "BaseLine dental cement",
        "Bothered by Nausea",
        "Compleat Liquid Nutrition",
        "Empty (qualifier)",
        "Feel Pain",
        "Freedom",
        "Hour",
        "Migraine Disorders",
        "Neck Pain",
        "Pain-Free",
        "Phonophobia",
        "Photophobia",
        "Post-dose",
        "Recurrence",
        "Sinus Pain, CTCAE 3.0",
        "Sustained",
        "Symptom:Find:Pt:^Patient:Nom",
        "medication use"
      ]
    }
  },
  {
    "nct_id": "NCT00383006",
    "conditions": [
      "Post",
      "Stress Disorders, Traumatic",
      "Traumatic"
    ],
    "pico_attributes": {
      "populations": {
        "minimum_age": "18 Years",
        "maximum_age": "70 Years",
        "country": "Switzerland",
        "gender": "ALL"
      },
      "interventions": [
        "Affect (mental function)",
        "Behavior",
        "Regulation",
        "skill"
      ],
      "outcomes": []
    }
  },
  {
    "nct_id": "NCT00383019",
    "conditions": [
      "Glaucoma",
      "Ocular Hypertension"
    ],
    "pico_attributes": {
      "populations": {
        "minimum_age": "20 Years",
        "maximum_age": "NA",
        "country": "Japan",
        "gender": "ALL"
      },
      "interventions": [
        "Xalacom",
        "Xalatan"
      ],
      "outcomes": [
        "+2",
        "3+ Answer to Question",
        "BaseLine dental cement",
        "Change -- procedure",
        "Count of entities",
        "From",
        "Human Study Subject",
        "In addition to",
        "Intraocular pressure finding",
        "Ocular Hypotension",
        "Percent (qualifier value)",
        "Weekly",
        "mmHg"
      ]
    }
  },
  {
    "nct_id": "NCT00383032",
    "conditions": [
      "Induce (action)",
      "Induced abortion (procedure)"
    ],
    "pico_attributes": {
      "populations": {
        "minimum_age": "16 Years",
        "maximum_age": "NA",
        "country": "United States",
        "gender": "FEMALE"
      },
      "interventions": [
        "mifepristone"
      ],
      "outcomes": []
    }
  },
  {
    "nct_id": "NCT00383045",
    "conditions": [
      "Opiate Addiction"
    ],
    "pico_attributes": {
      "populations": {
        "minimum_age": "18 Years",
        "maximum_age": "65 Years",
        "country": "United States",
        "gender": "MALE"
      },
      "interventions": [
        "Buprenorphine measurement (procedure)",
        "Counsel - legal",
        "Pharmaceutical Preparations",
        "Subutex",
        "naltrexone"
      ],
      "outcomes": []
    }
  },
  {
    "nct_id": "NCT00383058",
    "conditions": [
      "BODY MASS INDEX QUANTITATIVE TRAIT LOCUS 20"
    ],
    "pico_attributes": {
      "populations": {
        "minimum_age": "16 Years",
        "maximum_age": "60 Years",
        "country": "Taiwan",
        "gender": "FEMALE"
      },
      "interventions": [
        "green tea extract"
      ],
      "outcomes": []
    }
  },
  {
    "nct_id": "NCT00383071",
    "conditions": [
      "Communicable Diseases",
      "Influenza",
      "Influenza in Birds"
    ],
    "pico_attributes": {
      "populations": {
        "minimum_age": "18 Years",
        "maximum_age": "59 Years",
        "country": "United States",
        "gender": "ALL"
      },
      "interventions": [
        "Apheresis (procedure)",
        "Influenza in Birds",
        "Vaccines"
      ],
      "outcomes": [
        "Adverse Event Domain",
        "Influenza in Birds",
        "Measured",
        "Safety",
        "Vaccines"
      ]
    }
  },
  {
    "nct_id": "NCT00383084",
    "conditions": [
      "Fibromyalgia"
    ],
    "pico_attributes": {
      "populations": {
        "minimum_age": "18 Years",
        "maximum_age": "65 Years",
        "country": "United States",
        "gender": "ALL"
      },
      "interventions": [
        "Educational Status",
        "Fibromyalgia"
      ],
      "outcomes": [
        "Adult human body",
        "Ambulatory - qualifier value",
        "Daily Living",
        "Fatigue",
        "Feel Pain",
        "Functional capacity",
        "Greater",
        "High",
        "International Metastatic Renal Cell Carcinoma Database Consortium (IMDC) Criteria - Poor-Risk Group",
        "Number of points",
        "Score",
        "Tender",
        "Values"
      ]
    }
  },
  {
    "nct_id": "NCT00383097",
    "conditions": [
      "Adult Non-Hodgkin Lymphoma",
      "Hodgkin Disease"
    ],
    "pico_attributes": {
      "populations": {
        "minimum_age": "NA",
        "maximum_age": "NA",
        "country": "United States",
        "gender": "ALL"
      },
      "interventions": [
        "Cytotoxic T-Lymphocytes",
        "Entity Determiner - specific",
        "LMP1 EBV latent membrane protein",
        "PSMB9 gene"
      ],
      "outcomes": []
    }
  },
  {
    "nct_id": "NCT00383110",
    "conditions": [
      "Diabetes"
    ],
    "pico_attributes": {
      "populations": {
        "minimum_age": "18 Years",
        "maximum_age": "NA",
        "country": "United States",
        "gender": "ALL"
      },
      "interventions": [],
      "outcomes": [
        "Diastolic blood pressure",
        "Glucohemoglobin measurement",
        "Health Care Systems",
        "Intellectual scale",
        "Intravascular systolic:Pressure:Point in time:Arterial system:Quantitative",
        "LDL Cholesterol Lipoproteins",
        "distrust"
      ]
    }
  },
  {
    "nct_id": "NCT00383123",
    "conditions": [
      "Influenza"
    ],
    "pico_attributes": {
      "populations": {
        "minimum_age": "6 Months",
        "maximum_age": "17 Years",
        "country": "United States",
        "gender": "ALL"
      },
      "interventions": [
        "Fluzone",
        "fluarix"
      ],
      "outcomes": [
        "ABCC8 gene",
        "Adverse Event Domain",
        "Count of entities",
        "Folded structure",
        "General symptom",
        "Human Study Subject",
        "Increase",
        "Infrequent",
        "Initially",
        "Local",
        "Reporting",
        "Serious Event",
        "Titer"
      ]
    }
  },
  {
    "nct_id": "NCT00383136",
    "conditions": [
      "Acute Myocardial Infarction by ECG Finding"
    ],
    "pico_attributes": {
      "populations": {
        "minimum_age": "18 Years",
        "maximum_age": "NA",
        "country": "Italy",
        "gender": "ALL"
      },
      "interventions": [
        "Abnormally high",
        "Bolus Dosing Unit",
        "Dose Regimen",
        "High dose",
        "Regimen - CHV concept",
        "abciximab",
        "bolus infusion",
        "tirofiban"
      ],
      "outcomes": []
    }
  },
  {
    "nct_id": "NCT00383149",
    "conditions": [
      "Secondary malignant neoplasm of pancreas"
    ],
    "pico_attributes": {
      "populations": {
        "minimum_age": "18 Years",
        "maximum_age": "NA",
        "country": "United States",
        "gender": "ALL"
      },
      "interventions": [
        "cetuximab",
        "ixabepilone"
      ],
      "outcomes": [
        "Amount type - Percentage",
        "BaseLine dental cement",
        "Best Overall Response",
        "Change -- procedure",
        "Clinical Trial Objective",
        "Count of entities",
        "Data Type - Point In Time",
        "Deferred",
        "Disease Progression",
        "Disease Response",
        "Disruption",
        "Dosage",
        "Empty (qualifier)",
        "Median (qualifier value)",
        "Median Survival Time",
        "Montreal Cognitive Assessment Total Score",
        "Neoplasms",
        "Overall",
        "Participant",
        "Progression-Free Survival",
        "Reaction Time",
        "Reduced",
        "Response Duration",
        "Time",
        "month",
        "survive"
      ]
    }
  },
  {
    "nct_id": "NCT00383162",
    "conditions": [
      "Migraine Disorders"
    ],
    "pico_attributes": {
      "populations": {
        "minimum_age": "18 Years",
        "maximum_age": "65 Years",
        "country": "United States",
        "gender": "ALL"
      },
      "interventions": [
        "Combination Product",
        "Placebo Control",
        "Succinates",
        "Sumatriptan/ Naproxen Sodium"
      ],
      "outcomes": [
        "+2",
        "1+",
        "2 hours post-dose",
        "24 Hours",
        "8 Hours",
        "Assessed",
        "Associated with",
        "BaseLine dental cement",
        "Bothered by Nausea",
        "Compleat Liquid Nutrition",
        "Empty (qualifier)",
        "Feel Pain",
        "Freedom",
        "Hour",
        "Medications",
        "Migraine Disorders",
        "Neck Pain",
        "Pain Measurement",
        "Pain-Free",
        "Phonophobia",
        "Photophobia",
        "Post-dose",
        "Recurrence",
        "Sinus Pain, CTCAE 3.0",
        "Sustained",
        "Symptom:Find:Pt:^Patient:Nom",
        "Used by"
      ]
    }
  },
  {
    "nct_id": "NCT00383175",
    "conditions": [
      "Visual Accommodation"
    ],
    "pico_attributes": {
      "populations": {
        "minimum_age": "5 Years",
        "maximum_age": "9 Years",
        "country": "United States",
        "gender": "ALL"
      },
      "interventions": [
        "Automated infrared optometer",
        "Instrument - device",
        "Standard (document)"
      ],
      "outcomes": []
    }
  }
]