[
  {
    "nct_id": "NCT00138749",
    "conditions": [
      "Stress",
      "Urinary Incontinence"
    ],
    "pico_attributes": {
      "populations": {
        "minimum_age": "18 Years",
        "maximum_age": "65 Years",
        "country": "United States",
        "gender": "FEMALE"
      },
      "interventions": [
        "BLOOD GROUP, Ss"
      ],
      "outcomes": []
    }
  },
  {
    "nct_id": "NCT00138762",
    "conditions": [
      "Hyperlipidemia"
    ],
    "pico_attributes": {
      "populations": {
        "minimum_age": "18 Years",
        "maximum_age": "NA",
        "country": "United States",
        "gender": "ALL"
      },
      "interventions": [
        "Placebo Control",
        "atorvastatin",
        "torcetrapib"
      ],
      "outcomes": []
    }
  },
  {
    "nct_id": "NCT00138775",
    "conditions": [
      "Schizoaffective Disorder",
      "Schizophrenia"
    ],
    "pico_attributes": {
      "populations": {
        "minimum_age": "18 Years",
        "maximum_age": "64 Years",
        "country": "Israel",
        "gender": "ALL"
      },
      "interventions": [
        "Serine measurement"
      ],
      "outcomes": []
    }
  },
  {
    "nct_id": "NCT00138788",
    "conditions": [
      "Brain Neoplasms",
      "Neoplasm Metastasis"
    ],
    "pico_attributes": {
      "populations": {
        "minimum_age": "18 Years",
        "maximum_age": "NA",
        "country": "Australia",
        "gender": "ALL"
      },
      "interventions": [
        "Dose Fractionation",
        "Radiation Oncology specialty"
      ],
      "outcomes": []
    }
  },
  {
    "nct_id": "NCT00138801",
    "conditions": [
      "Lyme Neuroborreliosis"
    ],
    "pico_attributes": {
      "populations": {
        "minimum_age": "18 Years",
        "maximum_age": "100 Years",
        "country": "Norway",
        "gender": "ALL"
      },
      "interventions": [
        "ceftriaxone",
        "doxycycline"
      ],
      "outcomes": []
    }
  },
  {
    "nct_id": "NCT00138814",
    "conditions": [
      "Mammary Neoplasms"
    ],
    "pico_attributes": {
      "populations": {
        "minimum_age": "18 Years",
        "maximum_age": "NA",
        "country": "Australia",
        "gender": "FEMALE"
      },
      "interventions": [
        "Boost",
        "Radiation Oncology specialty"
      ],
      "outcomes": []
    }
  },
  {
    "nct_id": "NCT00138827",
    "conditions": [
      "Head and Neck Neoplasms"
    ],
    "pico_attributes": {
      "populations": {
        "minimum_age": "18 Years",
        "maximum_age": "NA",
        "country": "Australia",
        "gender": "ALL"
      },
      "interventions": [
        "Biotene",
        "Mouth care management"
      ],
      "outcomes": []
    }
  },
  {
    "nct_id": "NCT00138840",
    "conditions": [
      "Crohn Disease"
    ],
    "pico_attributes": {
      "populations": {
        "minimum_age": "18 Years",
        "maximum_age": "75 Years",
        "country": "United States",
        "gender": "ALL"
      },
      "interventions": [
        "Mesylates",
        "STA 5326"
      ],
      "outcomes": []
    }
  },
  {
    "nct_id": "NCT00138853",
    "conditions": [
      "Degenerative polyarthritis"
    ],
    "pico_attributes": {
      "populations": {
        "minimum_age": "18 Years",
        "maximum_age": "70 Years",
        "country": "Denmark",
        "gender": "ALL"
      },
      "interventions": [
        "Bone structure of tibia",
        "Component (part)"
      ],
      "outcomes": []
    }
  },
  {
    "nct_id": "NCT00138866",
    "conditions": [
      "Osteoporosis"
    ],
    "pico_attributes": {
      "populations": {
        "minimum_age": "18 Years",
        "maximum_age": "70 Years",
        "country": "Canada",
        "gender": "ALL"
      },
      "interventions": [
        "risedronate"
      ],
      "outcomes": []
    }
  },
  {
    "nct_id": "NCT00138879",
    "conditions": [
      "Celiac Disease",
      "Crohn Disease",
      "Malabsorption Syndrome",
      "Short Bowel Syndrome"
    ],
    "pico_attributes": {
      "populations": {
        "minimum_age": "18 Years",
        "maximum_age": "80 Years",
        "country": "United Kingdom",
        "gender": "ALL"
      },
      "interventions": [],
      "outcomes": []
    }
  },
  {
    "nct_id": "NCT00138892",
    "conditions": [
      "Degenerative polyarthritis"
    ],
    "pico_attributes": {
      "populations": {
        "minimum_age": "18 Years",
        "maximum_age": "NA",
        "country": "Canada",
        "gender": "ALL"
      },
      "interventions": [
        "Access",
        "Time",
        "Total Joint Replacement",
        "waiting time"
      ],
      "outcomes": []
    }
  },
  {
    "nct_id": "NCT00138905",
    "conditions": [
      "Behavior",
      "Cognition Disorders"
    ],
    "pico_attributes": {
      "populations": {
        "minimum_age": "15 Years",
        "maximum_age": "40 Years",
        "country": "Denmark",
        "gender": "ALL"
      },
      "interventions": [
        "Electromagnetic Radiation",
        "Lipid R1 MRI"
      ],
      "outcomes": []
    }
  },
  {
    "nct_id": "NCT00138918",
    "conditions": [
      "Malignant neoplasm of prostate"
    ],
    "pico_attributes": {
      "populations": {
        "minimum_age": "18 Years",
        "maximum_age": "NA",
        "country": "Canada",
        "gender": "MALE"
      },
      "interventions": [
        "OGX-011"
      ],
      "outcomes": []
    }
  },
  {
    "nct_id": "NCT00138931",
    "conditions": [
      "Cardiac Arrhythmia",
      "Cardiomyopathies",
      "Muscular Dystrophy"
    ],
    "pico_attributes": {
      "populations": {
        "minimum_age": "NA",
        "maximum_age": "NA",
        "country": "United States",
        "gender": "ALL"
      },
      "interventions": [
        "Blood",
        "Drawings (art)",
        "Genetic screening method"
      ],
      "outcomes": []
    }
  },
  {
    "nct_id": "NCT00138944",
    "conditions": [
      "Essential Hypertension"
    ],
    "pico_attributes": {
      "populations": {
        "minimum_age": "18 Years",
        "maximum_age": "75 Years",
        "country": "Germany",
        "gender": "ALL"
      },
      "interventions": [
        "Placebo Control",
        "eplerenone"
      ],
      "outcomes": []
    }
  },
  {
    "nct_id": "NCT00138957",
    "conditions": [
      "Hernia",
      "Hernia of abdominal cavity"
    ],
    "pico_attributes": {
      "populations": {
        "minimum_age": "18 Years",
        "maximum_age": "80 Years",
        "country": "Denmark",
        "gender": "ALL"
      },
      "interventions": [
        "Laparoscopic approach",
        "Medical Subject Headings",
        "Repair of parastomal hernia"
      ],
      "outcomes": []
    }
  },
  {
    "nct_id": "NCT00138970",
    "conditions": [
      "Kidney",
      "Transplant Recipients"
    ],
    "pico_attributes": {
      "populations": {
        "minimum_age": "18 Years",
        "maximum_age": "NA",
        "country": "",
        "gender": "ALL"
      },
      "interventions": [
        "Cellcept",
        "Sandimmun Neoral",
        "Zenapax",
        "prednisolone"
      ],
      "outcomes": []
    }
  },
  {
    "nct_id": "NCT00138983",
    "conditions": [
      "Giant Cell Arteritis",
      "Granulomatosis with polyangiitis",
      "Polymyositis",
      "Rheumatoid Arthritis"
    ],
    "pico_attributes": {
      "populations": {
        "minimum_age": "18 Years",
        "maximum_age": "90 Years",
        "country": "Netherlands",
        "gender": "ALL"
      },
      "interventions": [
        "1-alpha-vitamin D",
        "alendronate",
        "alfacalcidol",
        "hydroxide ion"
      ],
      "outcomes": []
    }
  },
  {
    "nct_id": "NCT00138996",
    "conditions": [
      "Cardiac Arrest"
    ],
    "pico_attributes": {
      "populations": {
        "minimum_age": "18 Years",
        "maximum_age": "NA",
        "country": "United Kingdom",
        "gender": "ALL"
      },
      "interventions": [
        "Automated (qualifier value)",
        "Cardiopulmonary Resuscitation",
        "Defibrillators",
        "Direct (qualifier)",
        "Feedback - evaluative response process"
      ],
      "outcomes": []
    }
  },
  {
    "nct_id": "NCT00139009",
    "conditions": [
      "Heart Transplantation",
      "Kidney Transplantation"
    ],
    "pico_attributes": {
      "populations": {
        "minimum_age": "18 Years",
        "maximum_age": "NA",
        "country": "Norway",
        "gender": "ALL"
      },
      "interventions": [
        "cyclosporine"
      ],
      "outcomes": []
    }
  },
  {
    "nct_id": "NCT00139022",
    "conditions": [
      "Sleep Apnea, Obstructive"
    ],
    "pico_attributes": {
      "populations": {
        "minimum_age": "18 Years",
        "maximum_age": "NA",
        "country": "Canada",
        "gender": "ALL"
      },
      "interventions": [
        "Continuous Positive Airway Pressure"
      ],
      "outcomes": []
    }
  },
  {
    "nct_id": "NCT00139035",
    "conditions": [
      "Chronic Kidney Diseases"
    ],
    "pico_attributes": {
      "populations": {
        "minimum_age": "18 Years",
        "maximum_age": "75 Years",
        "country": "Norway",
        "gender": "ALL"
      },
      "interventions": [
        "cyclosporine"
      ],
      "outcomes": []
    }
  },
  {
    "nct_id": "NCT00139048",
    "conditions": [
      "Knowledge",
      "Screening mammography"
    ],
    "pico_attributes": {
      "populations": {
        "minimum_age": "38 Years",
        "maximum_age": "45 Years",
        "country": "Australia",
        "gender": "FEMALE"
      },
      "interventions": [
        "Decision Aids"
      ],
      "outcomes": []
    }
  },
  {
    "nct_id": "NCT00139061",
    "conditions": [
      "Hyperlipidemia"
    ],
    "pico_attributes": {
      "populations": {
        "minimum_age": "18 Years",
        "maximum_age": "NA",
        "country": "France",
        "gender": "ALL"
      },
      "interventions": [
        "atorvastatin",
        "fenofibrate",
        "torcetrapib"
      ],
      "outcomes": []
    }
  },
  {
    "nct_id": "NCT00139074",
    "conditions": [
      "Bipolar Disorder"
    ],
    "pico_attributes": {
      "populations": {
        "minimum_age": "18 Years",
        "maximum_age": "NA",
        "country": "Denmark",
        "gender": "ALL"
      },
      "interventions": [
        "quetiapine fumarate",
        "sodium valproate"
      ],
      "outcomes": []
    }
  },
  {
    "nct_id": "NCT00139087",
    "conditions": [
      "HIV"
    ],
    "pico_attributes": {
      "populations": {
        "minimum_age": "1 Hour",
        "maximum_age": "2 Weeks",
        "country": "",
        "gender": "ALL"
      },
      "interventions": [
        "Outreach",
        "Telephone",
        "Therapeutic procedure"
      ],
      "outcomes": []
    }
  },
  {
    "nct_id": "NCT00139100",
    "conditions": [
      "Cellulitis",
      "Lymphedema"
    ],
    "pico_attributes": {
      "populations": {
        "minimum_age": "NA",
        "maximum_age": "NA",
        "country": "Haiti",
        "gender": "ALL"
      },
      "interventions": [
        "Microbicides",
        "Soap"
      ],
      "outcomes": []
    }
  },
  {
    "nct_id": "NCT00139113",
    "conditions": [
      "Hepatitis A"
    ],
    "pico_attributes": {
      "populations": {
        "minimum_age": "6 Months",
        "maximum_age": "25 Years",
        "country": "United States",
        "gender": "ALL"
      },
      "interventions": [
        "Hepatitis A Vaccines"
      ],
      "outcomes": []
    }
  },
  {
    "nct_id": "NCT00139126",
    "conditions": [
      "Burn injury",
      "Injury wounds",
      "Traumatic injury"
    ],
    "pico_attributes": {
      "populations": {
        "minimum_age": "18 Years",
        "maximum_age": "NA",
        "country": "United States",
        "gender": "ALL"
      },
      "interventions": [
        "Educational Status",
        "Fire - disasters",
        "Fire Safety",
        "Safety education"
      ],
      "outcomes": []
    }
  },
  {
    "nct_id": "NCT00139139",
    "conditions": [
      "Hepatitis A"
    ],
    "pico_attributes": {
      "populations": {
        "minimum_age": "2 Years",
        "maximum_age": "40 Years",
        "country": "Kazakhstan",
        "gender": "ALL"
      },
      "interventions": [
        "Hepatitis A Vaccines"
      ],
      "outcomes": []
    }
  },
  {
    "nct_id": "NCT00139152",
    "conditions": [
      "Lung diseases"
    ],
    "pico_attributes": {
      "populations": {
        "minimum_age": "12 Years",
        "maximum_age": "NA",
        "country": "United States",
        "gender": "ALL"
      },
      "interventions": [
        "Placebo Control",
        "Xolair"
      ],
      "outcomes": []
    }
  },
  {
    "nct_id": "NCT00139165",
    "conditions": [
      "Colitis, Collagenous"
    ],
    "pico_attributes": {
      "populations": {
        "minimum_age": "18 Years",
        "maximum_age": "NA",
        "country": "Denmark",
        "gender": "ALL"
      },
      "interventions": [
        "Consent Type - Sigmoidoscopy",
        "budesonide"
      ],
      "outcomes": []
    }
  },
  {
    "nct_id": "NCT00139178",
    "conditions": [
      "HIV",
      "HIV-Associated Lipodystrophy Syndrome",
      "Hypercholesterolemia",
      "Lipoatrophy"
    ],
    "pico_attributes": {
      "populations": {
        "minimum_age": "18 Years",
        "maximum_age": "NA",
        "country": "Denmark",
        "gender": "ALL"
      },
      "interventions": [
        "Antiretroviral Therapy, Highly Active",
        "Different",
        "Regimen - CHV concept"
      ],
      "outcomes": []
    }
  },
  {
    "nct_id": "NCT00139191",
    "conditions": [
      "Malignant neoplasm of prostate"
    ],
    "pico_attributes": {
      "populations": {
        "minimum_age": "18 Years",
        "maximum_age": "NA",
        "country": "United States",
        "gender": "MALE"
      },
      "interventions": [
        "Positron-Emission Tomography",
        "carbon-11 acetate"
      ],
      "outcomes": []
    }
  },
  {
    "nct_id": "NCT00139204",
    "conditions": [
      "Malignant neoplasm of prostate"
    ],
    "pico_attributes": {
      "populations": {
        "minimum_age": "18 Years",
        "maximum_age": "NA",
        "country": "United States",
        "gender": "MALE"
      },
      "interventions": [
        "GZMB protein, human",
        "Methionine measurement",
        "Positron-Emission Tomography"
      ],
      "outcomes": []
    }
  },
  {
    "nct_id": "NCT00139217",
    "conditions": [
      "Pulmonary Hypertension"
    ],
    "pico_attributes": {
      "populations": {
        "minimum_age": "NA",
        "maximum_age": "NA",
        "country": "United States",
        "gender": "ALL"
      },
      "interventions": [
        "Nitric Oxide Measurement",
        "Non-invasive",
        "inosine"
      ],
      "outcomes": []
    }
  },
  {
    "nct_id": "NCT00139230",
    "conditions": [
      "Malignant Head and Neck Neoplasm",
      "Squamous cell carcinoma"
    ],
    "pico_attributes": {
      "populations": {
        "minimum_age": "18 Years",
        "maximum_age": "NA",
        "country": "United States",
        "gender": "ALL"
      },
      "interventions": [
        "Granulocyte Colony-Stimulating Factor",
        "Taxotere",
        "ciprofloxacin",
        "cisplatin",
        "fluorouracil",
        "leucovorin"
      ],
      "outcomes": []
    }
  },
  {
    "nct_id": "NCT00139243",
    "conditions": [
      "Cancer of Head",
      "Neck",
      "Squamous cell carcinoma"
    ],
    "pico_attributes": {
      "populations": {
        "minimum_age": "18 Years",
        "maximum_age": "NA",
        "country": "United States",
        "gender": "ALL"
      },
      "interventions": [
        "Taxotere",
        "cisplatin",
        "fluorouracil",
        "leucovorin"
      ],
      "outcomes": []
    }
  },
  {
    "nct_id": "NCT00139256",
    "conditions": [
      "Infant, Newborn",
      "Respiratory Distress Syndrome"
    ],
    "pico_attributes": {
      "populations": {
        "minimum_age": "NA",
        "maximum_age": "NA",
        "country": "United States",
        "gender": "FEMALE"
      },
      "interventions": [
        "betamethasone"
      ],
      "outcomes": []
    }
  },
  {
    "nct_id": "NCT00139269",
    "conditions": [
      "Advanced Squamous Cell Carcinoma",
      "Squamous cell carcinoma of the head and neck"
    ],
    "pico_attributes": {
      "populations": {
        "minimum_age": "18 Years",
        "maximum_age": "NA",
        "country": "",
        "gender": "ALL"
      },
      "interventions": [
        "cisplatin",
        "docetaxel",
        "fluorouracil"
      ],
      "outcomes": []
    }
  },
  {
    "nct_id": "NCT00139282",
    "conditions": [
      "Exudative age-related macular degeneration"
    ],
    "pico_attributes": {
      "populations": {
        "minimum_age": "50 Years",
        "maximum_age": "NA",
        "country": "United States",
        "gender": "ALL"
      },
      "interventions": [
        "squalamine lactate"
      ],
      "outcomes": []
    }
  },
  {
    "nct_id": "NCT00139295",
    "conditions": [
      "Degenerative polyarthritis",
      "Knee"
    ],
    "pico_attributes": {
      "populations": {
        "minimum_age": "40 Years",
        "maximum_age": "NA",
        "country": "United States",
        "gender": "ALL"
      },
      "interventions": [],
      "outcomes": []
    }
  },
  {
    "nct_id": "NCT00139308",
    "conditions": [
      "Gilles de la Tourette syndrome"
    ],
    "pico_attributes": {
      "populations": {
        "minimum_age": "18 Years",
        "maximum_age": "55 Years",
        "country": "France",
        "gender": "ALL"
      },
      "interventions": [
        "High frequency",
        "Stimulation (motivation)"
      ],
      "outcomes": []
    }
  },
  {
    "nct_id": "NCT00139321",
    "conditions": [
      "Gait abnormality",
      "Neurologic (qualifier value)"
    ],
    "pico_attributes": {
      "populations": {
        "minimum_age": "18 Years",
        "maximum_age": "85 Years",
        "country": "France",
        "gender": "ALL"
      },
      "interventions": [
        "Electromyography",
        "Force",
        "GDC Platform Terminology"
      ],
      "outcomes": []
    }
  },
  {
    "nct_id": "NCT00139334",
    "conditions": [
      "Infection",
      "Rotavirus"
    ],
    "pico_attributes": {
      "populations": {
        "minimum_age": "5 Weeks",
        "maximum_age": "7 Weeks",
        "country": "Bangladesh",
        "gender": "ALL"
      },
      "interventions": [
        "Rotavirus"
      ],
      "outcomes": []
    }
  },
  {
    "nct_id": "NCT00139347",
    "conditions": [
      "Infection",
      "Rotavirus"
    ],
    "pico_attributes": {
      "populations": {
        "minimum_age": "6 Weeks",
        "maximum_age": "12 Weeks",
        "country": "Panama",
        "gender": "ALL"
      },
      "interventions": [
        "% live",
        "+2",
        "Attenuated by (contextual qualifier)",
        "Dosage",
        "Homo sapiens",
        "Human rotavirus",
        "Oral",
        "Rotavirus",
        "Rotavirus Vaccines",
        "Vaccines",
        "human vaccination"
      ],
      "outcomes": []
    }
  },
  {
    "nct_id": "NCT00139360",
    "conditions": [
      "Metastatic melanoma"
    ],
    "pico_attributes": {
      "populations": {
        "minimum_age": "18 Years",
        "maximum_age": "NA",
        "country": "Norway",
        "gender": "ALL"
      },
      "interventions": [
        "bevacizumab"
      ],
      "outcomes": []
    }
  },
  {
    "nct_id": "NCT00139373",
    "conditions": [
      "Progressive",
      "Supranuclear paralysis"
    ],
    "pico_attributes": {
      "populations": {
        "minimum_age": "30 Years",
        "maximum_age": "80 Years",
        "country": "France",
        "gender": "ALL"
      },
      "interventions": [
        "donepezil"
      ],
      "outcomes": []
    }
  },
  {
    "nct_id": "NCT00139386",
    "conditions": [
      "Coronary Arteriosclerosis",
      "Hypertension, CTCAE"
    ],
    "pico_attributes": {
      "populations": {
        "minimum_age": "NA",
        "maximum_age": "NA",
        "country": "Japan",
        "gender": "ALL"
      },
      "interventions": [
        "candesartan"
      ],
      "outcomes": []
    }
  },
  {
    "nct_id": "NCT00139399",
    "conditions": [
      "Coronary Arteriosclerosis"
    ],
    "pico_attributes": {
      "populations": {
        "minimum_age": "40 Years",
        "maximum_age": "70 Years",
        "country": "United Kingdom",
        "gender": "ALL"
      },
      "interventions": [],
      "outcomes": [
        "% volume (qualifier value)",
        "Blood Volume",
        "Blood flow",
        "Flow",
        "Graft material",
        "Great saphenous vein structure",
        "Mean Diameter",
        "Open",
        "Rate",
        "Room of building - Study",
        "Structure of radial artery"
      ]
    }
  },
  {
    "nct_id": "NCT00139425",
    "conditions": [
      "Osteoporosis"
    ],
    "pico_attributes": {
      "populations": {
        "minimum_age": "65 Years",
        "maximum_age": "89 Years",
        "country": "",
        "gender": "FEMALE"
      },
      "interventions": [
        "Assessed",
        "Disease Management"
      ],
      "outcomes": []
    }
  },
  {
    "nct_id": "NCT00139438",
    "conditions": [
      "Osteoporosis"
    ],
    "pico_attributes": {
      "populations": {
        "minimum_age": "45 Years",
        "maximum_age": "NA",
        "country": "United States",
        "gender": "ALL"
      },
      "interventions": [
        "Assessed",
        "Disease Management"
      ],
      "outcomes": []
    }
  },
  {
    "nct_id": "NCT00139451",
    "conditions": [
      "Delayed Puberty",
      "Growth Disorders",
      "Nutrition Disorders"
    ],
    "pico_attributes": {
      "populations": {
        "minimum_age": "7 Years",
        "maximum_age": "10 Years",
        "country": "United States",
        "gender": "MALE"
      },
      "interventions": [
        "GGH wt Allele",
        "PEDIASURE"
      ],
      "outcomes": []
    }
  },
  {
    "nct_id": "NCT00139477",
    "conditions": [
      "BODY MASS INDEX QUANTITATIVE TRAIT LOCUS 20"
    ],
    "pico_attributes": {
      "populations": {
        "minimum_age": "7 Years",
        "maximum_age": "18 Years",
        "country": "United States",
        "gender": "ALL"
      },
      "interventions": [
        "Caloric Restriction",
        "Clinical trial protocol",
        "Dietary Modification",
        "Exercise",
        "metformin"
      ],
      "outcomes": [
        "BaseLine dental cement",
        "CD44 wt Allele",
        "Change -- procedure",
        "Fibrinogen containing hemostatics",
        "month"
      ]
    }
  },
  {
    "nct_id": "NCT00139490",
    "conditions": [
      "Cardiovascular Diseases",
      "Heart Diseases",
      "Hypertension, CTCAE"
    ],
    "pico_attributes": {
      "populations": {
        "minimum_age": "21 Years",
        "maximum_age": "79 Years",
        "country": "United States",
        "gender": "ALL"
      },
      "interventions": [
        "Basic (cigarettes)",
        "Control Groups",
        "Education program",
        "Educational Status",
        "Group Object",
        "Health",
        "Health education",
        "Program",
        "Wellness Programs"
      ],
      "outcomes": []
    }
  },
  {
    "nct_id": "NCT00139516",
    "conditions": [
      "Cardiovascular Diseases",
      "Chronic Obstructive Airway Disease",
      "Diabetes Mellitus",
      "Heart Diseases",
      "Lung diseases"
    ],
    "pico_attributes": {
      "populations": {
        "minimum_age": "18 Years",
        "maximum_age": "NA",
        "country": "",
        "gender": "ALL"
      },
      "interventions": [
        "Cessation of smoking",
        "Nicotine replacement therapy",
        "self help"
      ],
      "outcomes": []
    }
  },
  {
    "nct_id": "NCT00139529",
    "conditions": [
      "Cardiovascular Diseases",
      "Heart Diseases"
    ],
    "pico_attributes": {
      "populations": {
        "minimum_age": "16 Years",
        "maximum_age": "NA",
        "country": "United States",
        "gender": "FEMALE"
      },
      "interventions": [
        "Counsel - legal",
        "Educational Intervention",
        "Interview",
        "Motivational Interviewing",
        "Telephone"
      ],
      "outcomes": []
    }
  },
  {
    "nct_id": "NCT00139542",
    "conditions": [
      "Cardiac Arrest",
      "Ventricular Fibrillation"
    ],
    "pico_attributes": {
      "populations": {
        "minimum_age": "1 Year",
        "maximum_age": "NA",
        "country": "France",
        "gender": "ALL"
      },
      "interventions": [
        "1 (finding)",
        "2000",
        "Clinical trial protocol",
        "Cystamine Dihydrochloride",
        "Guideline [Publication Type]",
        "Minute (diminutive)",
        "Shock"
      ],
      "outcomes": []
    }
  },
  {
    "nct_id": "NCT00139555",
    "conditions": [
      "Hypertension, CTCAE",
      "Left Ventricular Hypertrophy"
    ],
    "pico_attributes": {
      "populations": {
        "minimum_age": "55 Years",
        "maximum_age": "NA",
        "country": "United States",
        "gender": "ALL"
      },
      "interventions": [
        "Amlodipine / benazepril"
      ],
      "outcomes": []
    }
  },
  {
    "nct_id": "NCT00139568",
    "conditions": [
      "Constipation"
    ],
    "pico_attributes": {
      "populations": {
        "minimum_age": "18 Years",
        "maximum_age": "NA",
        "country": "Switzerland",
        "gender": "ALL"
      },
      "interventions": [
        "tegaserod"
      ],
      "outcomes": []
    }
  },
  {
    "nct_id": "NCT00139581",
    "conditions": [
      "Dermatitis, Atopic"
    ],
    "pico_attributes": {
      "populations": {
        "minimum_age": "2 Years",
        "maximum_age": "17 Years",
        "country": "Switzerland",
        "gender": "ALL"
      },
      "interventions": [
        "pimecrolimus"
      ],
      "outcomes": []
    }
  },
  {
    "nct_id": "NCT00139594",
    "conditions": [
      "Bipolar Disorder"
    ],
    "pico_attributes": {
      "populations": {
        "minimum_age": "18 Years",
        "maximum_age": "70 Years",
        "country": "Venezuela",
        "gender": "ALL"
      },
      "interventions": [
        "Licarbazepine"
      ],
      "outcomes": []
    }
  },
  {
    "nct_id": "NCT00139607",
    "conditions": [
      "Colectomy"
    ],
    "pico_attributes": {
      "populations": {
        "minimum_age": "18 Years",
        "maximum_age": "80 Years",
        "country": "Italy",
        "gender": "ALL"
      },
      "interventions": [],
      "outcomes": []
    }
  },
  {
    "nct_id": "NCT00139620",
    "conditions": [
      "Advanced Malignant Solid Neoplasm"
    ],
    "pico_attributes": {
      "populations": {
        "minimum_age": "18 Years",
        "maximum_age": "NA",
        "country": "United States",
        "gender": "ALL"
      },
      "interventions": [
        "OSI-774",
        "Tarceva",
        "erlotinib"
      ],
      "outcomes": []
    }
  },
  {
    "nct_id": "NCT00139633",
    "conditions": [
      "Childhood Esophageal Carcinoma"
    ],
    "pico_attributes": {
      "populations": {
        "minimum_age": "18 Years",
        "maximum_age": "NA",
        "country": "United States",
        "gender": "ALL"
      },
      "interventions": [
        "Electromagnetic Radiation",
        "Taxol",
        "carboplatin",
        "fluorouracil"
      ],
      "outcomes": []
    }
  },
  {
    "nct_id": "NCT00139646",
    "conditions": [
      "Abdominal colic"
    ],
    "pico_attributes": {
      "populations": {
        "minimum_age": "18 Years",
        "maximum_age": "65 Years",
        "country": "Italy",
        "gender": "ALL"
      },
      "interventions": [
        "diclofenac",
        "parecoxib"
      ],
      "outcomes": []
    }
  },
  {
    "nct_id": "NCT00139659",
    "conditions": [
      "Asthma",
      "Diabetes Mellitus"
    ],
    "pico_attributes": {
      "populations": {
        "minimum_age": "18 Years",
        "maximum_age": "77 Years",
        "country": "United States",
        "gender": "ALL"
      },
      "interventions": [
        "INS protein, human",
        "Inspiration function",
        "subcutaneous"
      ],
      "outcomes": [
        "1 (finding)",
        "10%",
        "60%",
        "Adjustment Action",
        "Asthma",
        "Asthma control questionnaire",
        "Asthma severity",
        "BaseLine dental cement",
        "Before",
        "Body Weight",
        "Borg Category-Ratio 10 Perceived Exertion Score 5",
        "CD44 wt Allele",
        "Carbon Monoxide Diffusing Capability Test",
        "Carbon monoxide diffusing capacity measurement",
        "Carboxyhemoglobin",
        "Change -- procedure",
        "Changed status",
        "Classification",
        "Clinical Observation",
        "Control function",
        "Count of entities",
        "Daily",
        "Daily Dose",
        "Event",
        "Exacerbation of asthma",
        "Expiratory minute volume",
        "FEV1, CTCAE",
        "Fasting",
        "First (number)",
        "Force",
        "Forced expiratory volume function",
        "GDC Treatment Outcome Terminology",
        "Hemoglobin, Glycosylated",
        "Human Study Subject",
        "Hypoglycemic Agents",
        "INS protein, human",
        "Incidence",
        "Increment",
        "Insulin dose",
        "Lanugo",
        "Last",
        "Lipids",
        "Mean score",
        "Measured",
        "Median (qualifier value)",
        "Medications",
        "Methacholine challenge",
        "Minute (diminutive)",
        "Negation",
        "Percent (qualifier value)",
        "Percent Change From Baseline",
        "Percent of Predicted Value",
        "Plasma Glucose Measurement",
        "Population Mean",
        "Post",
        "Precision - second",
        "Puff unit dose",
        "Rate",
        "Responsive",
        "Sixty minutes",
        "Step ups",
        "Symptom:Find:Pt:^Patient:Nom",
        "Systemic Corticosteroid Therapy",
        "Usage",
        "Used by",
        "Weekly",
        "albuterol",
        "diffusion capacity",
        "post bronchodilator",
        "pre bronchodilator"
      ]
    }
  },
  {
    "nct_id": "NCT00139672",
    "conditions": [
      "Irritable Bowel Syndrome"
    ],
    "pico_attributes": {
      "populations": {
        "minimum_age": "18 Years",
        "maximum_age": "75 Years",
        "country": "",
        "gender": "ALL"
      },
      "interventions": [
        "GDC Primary Diagnosis Terminology"
      ],
      "outcomes": []
    }
  },
  {
    "nct_id": "NCT00139685",
    "conditions": [
      "Bone Density",
      "Contraceptive methods"
    ],
    "pico_attributes": {
      "populations": {
        "minimum_age": "12 Years",
        "maximum_age": "18 Years",
        "country": "United States",
        "gender": "FEMALE"
      },
      "interventions": [
        "Depo-Provera",
        "Injection"
      ],
      "outcomes": []
    }
  },
  {
    "nct_id": "NCT00139698",
    "conditions": [
      "Essential Hypertension"
    ],
    "pico_attributes": {
      "populations": {
        "minimum_age": "18 Years",
        "maximum_age": "65 Years",
        "country": "NA",
        "gender": "ALL"
      },
      "interventions": [
        "Combined",
        "Living Alone",
        "Oroqen Chinese",
        "hydrochlorothiazide",
        "olmesartan"
      ],
      "outcomes": []
    }
  },
  {
    "nct_id": "NCT00139711",
    "conditions": [
      "Carcinoma",
      "Lung",
      "Non-small cell"
    ],
    "pico_attributes": {
      "populations": {
        "minimum_age": "18 Years",
        "maximum_age": "70 Years",
        "country": "Italy",
        "gender": "ALL"
      },
      "interventions": [
        "docetaxel",
        "irinotecan"
      ],
      "outcomes": []
    }
  },
  {
    "nct_id": "NCT00139724",
    "conditions": [
      "Urinary Incontinence"
    ],
    "pico_attributes": {
      "populations": {
        "minimum_age": "18 Years",
        "maximum_age": "75 Years",
        "country": "China",
        "gender": "ALL"
      },
      "interventions": [
        "Extended Release Oral Capsule",
        "tolterodine"
      ],
      "outcomes": []
    }
  },
  {
    "nct_id": "NCT00139737",
    "conditions": [
      "Schizophrenia"
    ],
    "pico_attributes": {
      "populations": {
        "minimum_age": "18 Years",
        "maximum_age": "60 Years",
        "country": "Italy",
        "gender": "ALL"
      },
      "interventions": [
        "ziprasidone"
      ],
      "outcomes": []
    }
  },
  {
    "nct_id": "NCT00139750",
    "conditions": [
      "Cessation of smoking"
    ],
    "pico_attributes": {
      "populations": {
        "minimum_age": "20 Years",
        "maximum_age": "75 Years",
        "country": "Japan",
        "gender": "ALL"
      },
      "interventions": [
        "555",
        "Clipperton Island",
        "varenicline"
      ],
      "outcomes": []
    }
  },
  {
    "nct_id": "NCT00139763",
    "conditions": [
      "Bristol Stool Type 2",
      "Diabetes Mellitus"
    ],
    "pico_attributes": {
      "populations": {
        "minimum_age": "18 Years",
        "maximum_age": "80 Years",
        "country": "United States",
        "gender": "ALL"
      },
      "interventions": [
        "Teaching Materials"
      ],
      "outcomes": []
    }
  },
  {
    "nct_id": "NCT00139776",
    "conditions": [
      "Bone structure of ischium",
      "Degenerative polyarthritis",
      "Knee"
    ],
    "pico_attributes": {
      "populations": {
        "minimum_age": "18 Years",
        "maximum_age": "80 Years",
        "country": "United States",
        "gender": "ALL"
      },
      "interventions": [
        "celecoxib"
      ],
      "outcomes": [
        "Area Under Curve",
        "Arthritis",
        "Change -- procedure",
        "Degenerative polyarthritis",
        "Diagnosis Type - Final",
        "Evaluation procedure",
        "Exacerbation of cGVHD",
        "Follow",
        "GDC Treatment Outcome Terminology",
        "Intellectual scale",
        "Medical",
        "Medications",
        "Mixed (qualifier value)",
        "Negation",
        "Number of Events",
        "Numeric Pain Scale",
        "Ontario",
        "Open Label Study",
        "Optimum",
        "Outcome Studies",
        "Participant",
        "Patient Visit",
        "Physician Global Assessment of Disease Activity",
        "Proportion",
        "Room of building - Study",
        "Run-in Period",
        "Score",
        "Serious Adverse Event",
        "Sleep",
        "Universities",
        "West (direction)",
        "X-Ray Exposure Time",
        "day",
        "global assessment"
      ]
    }
  },
  {
    "nct_id": "NCT00139789",
    "conditions": [
      "MS gene"
    ],
    "pico_attributes": {
      "populations": {
        "minimum_age": "18 Years",
        "maximum_age": "65 Years",
        "country": "United States",
        "gender": "ALL"
      },
      "interventions": [
        "Kemstro"
      ],
      "outcomes": []
    }
  },
  {
    "nct_id": "NCT00139802",
    "conditions": [
      "Angina, Unstable",
      "Coronary Arteriosclerosis",
      "Stable angina"
    ],
    "pico_attributes": {
      "populations": {
        "minimum_age": "18 Years",
        "maximum_age": "NA",
        "country": "Denmark",
        "gender": "ALL"
      },
      "interventions": [
        "Administration via Implantation",
        "Coronary artery stent",
        "Heart",
        "Heart implantation procedure",
        "Placement of stent",
        "Stent, device"
      ],
      "outcomes": []
    }
  },
  {
    "nct_id": "NCT00139815",
    "conditions": [
      "Thromboembolism"
    ],
    "pico_attributes": {
      "populations": {
        "minimum_age": "21 Years",
        "maximum_age": "NA",
        "country": "",
        "gender": "ALL"
      },
      "interventions": [
        "enoxaparin",
        "fondaparinux"
      ],
      "outcomes": []
    }
  },
  {
    "nct_id": "NCT00139828",
    "conditions": [
      "F9 gene"
    ],
    "pico_attributes": {
      "populations": {
        "minimum_age": "6 Years",
        "maximum_age": "NA",
        "country": "Netherlands",
        "gender": "ALL"
      },
      "interventions": [
        "coagulation factor IX, human"
      ],
      "outcomes": []
    }
  },
  {
    "nct_id": "NCT00139841",
    "conditions": [
      "Lymphoma, Non-Hodgkin"
    ],
    "pico_attributes": {
      "populations": {
        "minimum_age": "18 Years",
        "maximum_age": "NA",
        "country": "United States",
        "gender": "ALL"
      },
      "interventions": [
        "bendamustine",
        "hydrochloride"
      ],
      "outcomes": []
    }
  },
  {
    "nct_id": "NCT00139854",
    "conditions": [
      "Anxiety"
    ],
    "pico_attributes": {
      "populations": {
        "minimum_age": "18 Years",
        "maximum_age": "NA",
        "country": "United States",
        "gender": "ALL"
      },
      "interventions": [
        "Alprazolam Disintegrating Oral Tablet"
      ],
      "outcomes": []
    }
  },
  {
    "nct_id": "NCT00139867",
    "conditions": [
      "Parkinson Disease"
    ],
    "pico_attributes": {
      "populations": {
        "minimum_age": "18 Years",
        "maximum_age": "NA",
        "country": "United States",
        "gender": "ALL"
      },
      "interventions": [
        "Parcopa"
      ],
      "outcomes": []
    }
  },
  {
    "nct_id": "NCT00139880",
    "conditions": [
      "Parkinson Disease"
    ],
    "pico_attributes": {
      "populations": {
        "minimum_age": "40 Years",
        "maximum_age": "NA",
        "country": "United States",
        "gender": "ALL"
      },
      "interventions": [
        "Parcopa"
      ],
      "outcomes": []
    }
  },
  {
    "nct_id": "NCT00139893",
    "conditions": [
      "Gastroparesis due to diabetes mellitus"
    ],
    "pico_attributes": {
      "populations": {
        "minimum_age": "18 Years",
        "maximum_age": "65 Years",
        "country": "United States",
        "gender": "ALL"
      },
      "interventions": [
        "Optical Doppler Tomography",
        "Reglan"
      ],
      "outcomes": []
    }
  },
  {
    "nct_id": "NCT00139906",
    "conditions": [
      "Schizoaffective Disorder",
      "Schizophrenia"
    ],
    "pico_attributes": {
      "populations": {
        "minimum_age": "18 Years",
        "maximum_age": "55 Years",
        "country": "United States",
        "gender": "ALL"
      },
      "interventions": [
        "bifeprunox"
      ],
      "outcomes": []
    }
  },
  {
    "nct_id": "NCT00139919",
    "conditions": [
      "Bipolar Disorder",
      "Schizoaffective Disorder",
      "Schizophrenia"
    ],
    "pico_attributes": {
      "populations": {
        "minimum_age": "18 Years",
        "maximum_age": "55 Years",
        "country": "United States",
        "gender": "ALL"
      },
      "interventions": [
        "bifeprunox"
      ],
      "outcomes": []
    }
  },
  {
    "nct_id": "NCT00139932",
    "conditions": [
      "Lung diseases",
      "Obstructed",
      "chronic"
    ],
    "pico_attributes": {
      "populations": {
        "minimum_age": "40 Years",
        "maximum_age": "NA",
        "country": "United States",
        "gender": "ALL"
      },
      "interventions": [
        "formoterol fumarate"
      ],
      "outcomes": []
    }
  },
  {
    "nct_id": "NCT00139945",
    "conditions": [
      "Hypopituitarism"
    ],
    "pico_attributes": {
      "populations": {
        "minimum_age": "18 Years",
        "maximum_age": "60 Years",
        "country": "Denmark",
        "gender": "ALL"
      },
      "interventions": [
        "Lenomorelin"
      ],
      "outcomes": []
    }
  },
  {
    "nct_id": "NCT00139958",
    "conditions": [
      "Coronary Arteriosclerosis",
      "HIV Infections"
    ],
    "pico_attributes": {
      "populations": {
        "minimum_age": "18 Years",
        "maximum_age": "NA",
        "country": "France",
        "gender": "ALL"
      },
      "interventions": [],
      "outcomes": []
    }
  },
  {
    "nct_id": "NCT00139971",
    "conditions": [
      "Carcinoma of lung"
    ],
    "pico_attributes": {
      "populations": {
        "minimum_age": "20 Years",
        "maximum_age": "75 Years",
        "country": "Japan",
        "gender": "ALL"
      },
      "interventions": [
        "3+ Answer to Question",
        "Daily",
        "Weekly",
        "per year",
        "square metres"
      ],
      "outcomes": []
    }
  },
  {
    "nct_id": "NCT00139984",
    "conditions": [
      "Hypertension, CTCAE"
    ],
    "pico_attributes": {
      "populations": {
        "minimum_age": "18 Years",
        "maximum_age": "NA",
        "country": "Switzerland",
        "gender": "ALL"
      },
      "interventions": [
        "24 hour blood pressure",
        "Measurement"
      ],
      "outcomes": []
    }
  },
  {
    "nct_id": "NCT00139997",
    "conditions": [
      "Seasonal Affective Disorder"
    ],
    "pico_attributes": {
      "populations": {
        "minimum_age": "18 Years",
        "maximum_age": "65 Years",
        "country": "United States",
        "gender": "ALL"
      },
      "interventions": [
        "FDA Inactivation",
        "Generators (Apparatus)",
        "Ions",
        "Litebook",
        "Negative",
        "administration devices"
      ],
      "outcomes": [
        "Amount type - Percentage",
        "Guide device",
        "Hamilton rating scale for depression",
        "Sad mood",
        "Sighing respiration",
        "Version",
        "structured interview"
      ]
    }
  },
  {
    "nct_id": "NCT00140010",
    "conditions": [
      "Subarachnoid Hemorrhage, Aneurysmal"
    ],
    "pico_attributes": {
      "populations": {
        "minimum_age": "18 Years",
        "maximum_age": "NA",
        "country": "United Kingdom",
        "gender": "ALL"
      },
      "interventions": [
        "epoetin beta"
      ],
      "outcomes": []
    }
  },
  {
    "nct_id": "NCT00140023",
    "conditions": [
      "Community acquired pneumonia"
    ],
    "pico_attributes": {
      "populations": {
        "minimum_age": "18 Years",
        "maximum_age": "NA",
        "country": "Philippines",
        "gender": "ALL"
      },
      "interventions": [
        "0%",
        "Dosage",
        "Microspheres",
        "Singular",
        "azithromycin"
      ],
      "outcomes": []
    }
  },
  {
    "nct_id": "NCT00140036",
    "conditions": [
      "Colorectal Neoplasms"
    ],
    "pico_attributes": {
      "populations": {
        "minimum_age": "18 Years",
        "maximum_age": "NA",
        "country": "United States",
        "gender": "ALL"
      },
      "interventions": [
        "Blood",
        "Drawings (art)"
      ],
      "outcomes": []
    }
  },
  {
    "nct_id": "NCT00140049",
    "conditions": [
      "Glaucoma",
      "Ocular Hypertension",
      "Open angle"
    ],
    "pico_attributes": {
      "populations": {
        "minimum_age": "18 Years",
        "maximum_age": "NA",
        "country": "Sweden",
        "gender": "ALL"
      },
      "interventions": [
        "Cosopt",
        "Xalacom"
      ],
      "outcomes": []
    }
  },
  {
    "nct_id": "NCT00140062",
    "conditions": [
      "Angular",
      "Glaucoma",
      "Ocular Hypertension",
      "Open"
    ],
    "pico_attributes": {
      "populations": {
        "minimum_age": "18 Years",
        "maximum_age": "NA",
        "country": "Sweden",
        "gender": "ALL"
      },
      "interventions": [
        "0.005",
        "Xalatan",
        "latanoprost"
      ],
      "outcomes": []
    }
  },
  {
    "nct_id": "NCT00140075",
    "conditions": [
      "Adenocarcinoma"
    ],
    "pico_attributes": {
      "populations": {
        "minimum_age": "18 Years",
        "maximum_age": "NA",
        "country": "United States",
        "gender": "FEMALE"
      },
      "interventions": [
        "Cyclophosphamide/Epirubicin",
        "Followed by",
        "Taxanes",
        "epirubicin"
      ],
      "outcomes": []
    }
  }
]