[
  {
    "nct_id": "NCT00177216",
    "conditions": [
      "Sleep Disorders"
    ],
    "pico_attributes": {
      "populations": {
        "minimum_age": "20 Years",
        "maximum_age": "50 Years",
        "country": "United States",
        "gender": "ALL"
      },
      "interventions": [
        "Placebo Control",
        "escitalopram",
        "zolpidem"
      ],
      "outcomes": [
        "Change -- procedure",
        "Diary",
        "Efficiency",
        "Laboratory",
        "Night time",
        "PSG5 gene",
        "Pittsburgh sleep quality index",
        "Precision - second",
        "Preposition For",
        "Sleep",
        "Sleep Diary",
        "Sleep Efficiency",
        "Timepoint"
      ]
    }
  },
  {
    "nct_id": "NCT00177229",
    "conditions": [
      "Behavior"
    ],
    "pico_attributes": {
      "populations": {
        "minimum_age": "8 Years",
        "maximum_age": "12 Years",
        "country": "",
        "gender": "ALL"
      },
      "interventions": [
        "Administration procedure",
        "Base - General Qualifier",
        "Family"
      ],
      "outcomes": []
    }
  },
  {
    "nct_id": "NCT00177242",
    "conditions": [
      "Cancer Genus"
    ],
    "pico_attributes": {
      "populations": {
        "minimum_age": "18 Years",
        "maximum_age": "NA",
        "country": "United States",
        "gender": "ALL"
      },
      "interventions": [
        "gefitinib"
      ],
      "outcomes": []
    }
  },
  {
    "nct_id": "NCT00177255",
    "conditions": [
      "Cancer Genus"
    ],
    "pico_attributes": {
      "populations": {
        "minimum_age": "18 Years",
        "maximum_age": "NA",
        "country": "United States",
        "gender": "ALL"
      },
      "interventions": [
        "capecitabine",
        "docetaxel"
      ],
      "outcomes": [
        "Frequency of Responses",
        "Overall",
        "Overall Response",
        "Overall Survival",
        "Rate"
      ]
    }
  },
  {
    "nct_id": "NCT00177268",
    "conditions": [
      "Dermatitis, Atopic",
      "Eczema",
      "Lymphoma, T-Cell, Cutaneous",
      "Mycosis Fungoides",
      "Sezary Syndrome"
    ],
    "pico_attributes": {
      "populations": {
        "minimum_age": "18 Years",
        "maximum_age": "NA",
        "country": "United States",
        "gender": "ALL"
      },
      "interventions": [
        "Biopsy of skin procedure",
        "Blood",
        "Drawings (art)",
        "Urine Specimen Collection"
      ],
      "outcomes": []
    }
  },
  {
    "nct_id": "NCT00177281",
    "conditions": [
      "Cancer Genus"
    ],
    "pico_attributes": {
      "populations": {
        "minimum_age": "18 Years",
        "maximum_age": "NA",
        "country": "United States",
        "gender": "ALL"
      },
      "interventions": [
        "S-CKD602"
      ],
      "outcomes": []
    }
  },
  {
    "nct_id": "NCT00177294",
    "conditions": [
      "Depressed mood"
    ],
    "pico_attributes": {
      "populations": {
        "minimum_age": "60 Years",
        "maximum_age": "NA",
        "country": "United States",
        "gender": "ALL"
      },
      "interventions": [
        "Clinical",
        "Interpersonal Psychotherapy",
        "Monitoring - action",
        "escitalopram"
      ],
      "outcomes": [
        "Cancer Remission"
      ]
    }
  },
  {
    "nct_id": "NCT00177307",
    "conditions": [
      "Cancer Genus"
    ],
    "pico_attributes": {
      "populations": {
        "minimum_age": "18 Years",
        "maximum_age": "NA",
        "country": "United States",
        "gender": "ALL"
      },
      "interventions": [
        "bevacizumab",
        "capecitabine",
        "oxaliplatin"
      ],
      "outcomes": [
        "+2",
        "1+",
        "3+ Answer to Question",
        "Overall Survival",
        "per year"
      ]
    }
  },
  {
    "nct_id": "NCT00177320",
    "conditions": [
      "Degenerative polyarthritis",
      "Fibromyalgia",
      "Rheumatoid Arthritis"
    ],
    "pico_attributes": {
      "populations": {
        "minimum_age": "18 Years",
        "maximum_age": "65 Years",
        "country": "United States",
        "gender": "ALL"
      },
      "interventions": [],
      "outcomes": []
    }
  },
  {
    "nct_id": "NCT00177333",
    "conditions": [
      "Bothered by Vomiting",
      "Induce (action)",
      "Induced abortion (procedure)"
    ],
    "pico_attributes": {
      "populations": {
        "minimum_age": "18 Years",
        "maximum_age": "NA",
        "country": "United States",
        "gender": "FEMALE"
      },
      "interventions": [
        "doxycycline"
      ],
      "outcomes": []
    }
  },
  {
    "nct_id": "NCT00177346",
    "conditions": [
      "Carotid Stenosis"
    ],
    "pico_attributes": {
      "populations": {
        "minimum_age": "18 Years",
        "maximum_age": "NA",
        "country": "United States",
        "gender": "ALL"
      },
      "interventions": [
        "Protection"
      ],
      "outcomes": []
    }
  },
  {
    "nct_id": "NCT00177359",
    "conditions": [
      "Mobility Limitation"
    ],
    "pico_attributes": {
      "populations": {
        "minimum_age": "65 Years",
        "maximum_age": "NA",
        "country": "United States",
        "gender": "ALL"
      },
      "interventions": [
        "Gait",
        "Intervention regimes"
      ],
      "outcomes": []
    }
  },
  {
    "nct_id": "NCT00177372",
    "conditions": [
      "Blighted ovum",
      "Gestation abnormality",
      "Reported Term",
      "Stillbirth"
    ],
    "pico_attributes": {
      "populations": {
        "minimum_age": "18 Years",
        "maximum_age": "NA",
        "country": "United States",
        "gender": "FEMALE"
      },
      "interventions": [
        "mifepristone",
        "misoprostol"
      ],
      "outcomes": []
    }
  },
  {
    "nct_id": "NCT00177385",
    "conditions": [
      "Health Promotion",
      "Sleep"
    ],
    "pico_attributes": {
      "populations": {
        "minimum_age": "75 Years",
        "maximum_age": "NA",
        "country": "United States",
        "gender": "ALL"
      },
      "interventions": [
        "Hygiene education",
        "Modest Extremity Pain",
        "Sleep Deprivation"
      ],
      "outcomes": []
    }
  },
  {
    "nct_id": "NCT00177398",
    "conditions": [
      "Diabetes Mellitus, Non-Insulin-Dependent",
      "Glucose in blood specimen above reference range"
    ],
    "pico_attributes": {
      "populations": {
        "minimum_age": "18 Years",
        "maximum_age": "NA",
        "country": "United States",
        "gender": "ALL"
      },
      "interventions": [
        "Insulin",
        "insulin glargine"
      ],
      "outcomes": []
    }
  },
  {
    "nct_id": "NCT00177411",
    "conditions": [
      "Osteoporosis"
    ],
    "pico_attributes": {
      "populations": {
        "minimum_age": "24 Years",
        "maximum_age": "35 Years",
        "country": "United States",
        "gender": "ALL"
      },
      "interventions": [
        "PTHLH gene"
      ],
      "outcomes": []
    }
  },
  {
    "nct_id": "NCT00177424",
    "conditions": [
      "Cerebrovascular accident",
      "Depressed mood"
    ],
    "pico_attributes": {
      "populations": {
        "minimum_age": "40 Years",
        "maximum_age": "NA",
        "country": "United States",
        "gender": "ALL"
      },
      "interventions": [
        "Placebo Control",
        "Sertraline measurement"
      ],
      "outcomes": []
    }
  },
  {
    "nct_id": "NCT00177437",
    "conditions": [
      "Chlamydia trachomatis",
      "Gonorrhea"
    ],
    "pico_attributes": {
      "populations": {
        "minimum_age": "15 Years",
        "maximum_age": "29 Years",
        "country": "United States",
        "gender": "FEMALE"
      },
      "interventions": [
        "home-test kits reagents"
      ],
      "outcomes": []
    }
  },
  {
    "nct_id": "NCT00177463",
    "conditions": [
      "Bipolar I disorder"
    ],
    "pico_attributes": {
      "populations": {
        "minimum_age": "18 Years",
        "maximum_age": "65 Years",
        "country": "United States",
        "gender": "ALL"
      },
      "interventions": [
        "carnosine"
      ],
      "outcomes": []
    }
  },
  {
    "nct_id": "NCT00177476",
    "conditions": [
      "Have Weight Loss"
    ],
    "pico_attributes": {
      "populations": {
        "minimum_age": "18 Years",
        "maximum_age": "55 Years",
        "country": "",
        "gender": "ALL"
      },
      "interventions": [
        "Behavior",
        "Have Weight Loss"
      ],
      "outcomes": []
    }
  },
  {
    "nct_id": "NCT00177489",
    "conditions": [
      "Alzheimer's Disease",
      "Dementia"
    ],
    "pico_attributes": {
      "populations": {
        "minimum_age": "21 Years",
        "maximum_age": "NA",
        "country": "United States",
        "gender": "ALL"
      },
      "interventions": [
        "AKR1A1 wt Allele",
        "Control function",
        "Psychosocial intervention strategy"
      ],
      "outcomes": []
    }
  },
  {
    "nct_id": "NCT00177502",
    "conditions": [
      "Have Weight Loss"
    ],
    "pico_attributes": {
      "populations": {
        "minimum_age": "18 Years",
        "maximum_age": "55 Years",
        "country": "United States",
        "gender": "ALL"
      },
      "interventions": [
        "Behavior",
        "Behavior Therapy",
        "Exercise",
        "Exercise Intervention"
      ],
      "outcomes": []
    }
  },
  {
    "nct_id": "NCT00177515",
    "conditions": [
      "Preconception",
      "care activity"
    ],
    "pico_attributes": {
      "populations": {
        "minimum_age": "18 Years",
        "maximum_age": "45 Years",
        "country": "United States",
        "gender": "FEMALE"
      },
      "interventions": [
        "CONNECT Video Doctor",
        "Computers",
        "Module"
      ],
      "outcomes": []
    }
  },
  {
    "nct_id": "NCT00177528",
    "conditions": [
      "Depressed mood"
    ],
    "pico_attributes": {
      "populations": {
        "minimum_age": "60 Years",
        "maximum_age": "NA",
        "country": "United States",
        "gender": "ALL"
      },
      "interventions": [
        "Extended Release Dosage Form",
        "Venlafaxine measurement"
      ],
      "outcomes": []
    }
  },
  {
    "nct_id": "NCT00177541",
    "conditions": [
      "Urge Incontinence"
    ],
    "pico_attributes": {
      "populations": {
        "minimum_age": "60 Years",
        "maximum_age": "NA",
        "country": "United States",
        "gender": "FEMALE"
      },
      "interventions": [
        "Biofeedback",
        "Muscle of pelvic diaphragm",
        "Training",
        "fMRI"
      ],
      "outcomes": []
    }
  },
  {
    "nct_id": "NCT00177554",
    "conditions": [
      "Adult Non-Hodgkin Lymphoma"
    ],
    "pico_attributes": {
      "populations": {
        "minimum_age": "18 Years",
        "maximum_age": "NA",
        "country": "United States",
        "gender": "ALL"
      },
      "interventions": [
        "Chemotherapy",
        "Radioimmunotherapy"
      ],
      "outcomes": []
    }
  },
  {
    "nct_id": "NCT00177567",
    "conditions": [
      "Bipolar Disorder"
    ],
    "pico_attributes": {
      "populations": {
        "minimum_age": "60 Years",
        "maximum_age": "NA",
        "country": "United States",
        "gender": "ALL"
      },
      "interventions": [
        "Depakote ER",
        "Lamotrigine measurement",
        "Paroxetine measurement",
        "Venlafaxine measurement",
        "bupropion",
        "lithium carbonate",
        "mirtazapine",
        "olanzapine",
        "risperidone",
        "tranylcypromine"
      ],
      "outcomes": []
    }
  },
  {
    "nct_id": "NCT00177580",
    "conditions": [
      "Schizoaffective Disorder",
      "Schizophrenia"
    ],
    "pico_attributes": {
      "populations": {
        "minimum_age": "18 Years",
        "maximum_age": "65 Years",
        "country": "United States",
        "gender": "ALL"
      },
      "interventions": [
        "pravastatin"
      ],
      "outcomes": []
    }
  },
  {
    "nct_id": "NCT00177593",
    "conditions": [
      "BODY MASS INDEX QUANTITATIVE TRAIT LOCUS 20",
      "Have Weight Loss"
    ],
    "pico_attributes": {
      "populations": {
        "minimum_age": "18 Years",
        "maximum_age": "55 Years",
        "country": "United States",
        "gender": "ALL"
      },
      "interventions": [
        "Behavior",
        "Have Weight Loss"
      ],
      "outcomes": []
    }
  },
  {
    "nct_id": "NCT00177606",
    "conditions": [
      "Withdrawing Treatment"
    ],
    "pico_attributes": {
      "populations": {
        "minimum_age": "NA",
        "maximum_age": "90 Years",
        "country": "United States",
        "gender": "ALL"
      },
      "interventions": [
        "Withdraw (activity)",
        "life sustaining treatment"
      ],
      "outcomes": []
    }
  },
  {
    "nct_id": "NCT00177619",
    "conditions": [
      "Prostatic Neoplasms"
    ],
    "pico_attributes": {
      "populations": {
        "minimum_age": "18 Years",
        "maximum_age": "NA",
        "country": "United States",
        "gender": "MALE"
      },
      "interventions": [
        "alendronate"
      ],
      "outcomes": []
    }
  },
  {
    "nct_id": "NCT00177632",
    "conditions": [
      "BODY MASS INDEX QUANTITATIVE TRAIT LOCUS 20",
      "Have Weight Loss"
    ],
    "pico_attributes": {
      "populations": {
        "minimum_age": "25 Years",
        "maximum_age": "55 Years",
        "country": "United States",
        "gender": "FEMALE"
      },
      "interventions": [
        "Behavior",
        "Have Weight Loss"
      ],
      "outcomes": []
    }
  },
  {
    "nct_id": "NCT00177645",
    "conditions": [
      "Cystic Fibrosis"
    ],
    "pico_attributes": {
      "populations": {
        "minimum_age": "12 Years",
        "maximum_age": "NA",
        "country": "United States",
        "gender": "ALL"
      },
      "interventions": [
        "sodium bicarbonate"
      ],
      "outcomes": []
    }
  },
  {
    "nct_id": "NCT00177658",
    "conditions": [
      "Salmonella infections"
    ],
    "pico_attributes": {
      "populations": {
        "minimum_age": "18 Years",
        "maximum_age": "NA",
        "country": "United States",
        "gender": "ALL"
      },
      "interventions": [],
      "outcomes": []
    }
  },
  {
    "nct_id": "NCT00177671",
    "conditions": [
      "Dementia",
      "Depressed mood"
    ],
    "pico_attributes": {
      "populations": {
        "minimum_age": "65 Years",
        "maximum_age": "NA",
        "country": "United States",
        "gender": "ALL"
      },
      "interventions": [
        "Placebo Control",
        "Venlafaxine measurement",
        "donepezil",
        "duloxetine",
        "escitalopram"
      ],
      "outcomes": [
        "Amount type - Percentage",
        "Cognitive",
        "Count of entities",
        "Dementia",
        "Generalized",
        "In addition to",
        "Mild cognitive disorder",
        "Participant",
        "Performance",
        "Recurrent major depressive episodes"
      ]
    }
  },
  {
    "nct_id": "NCT00177684",
    "conditions": [
      "Lung Transplantation",
      "Mycoses"
    ],
    "pico_attributes": {
      "populations": {
        "minimum_age": "18 Years",
        "maximum_age": "70 Years",
        "country": "United States",
        "gender": "ALL"
      },
      "interventions": [
        "amphotericin B"
      ],
      "outcomes": []
    }
  },
  {
    "nct_id": "NCT00177697",
    "conditions": [
      "BODY MASS INDEX QUANTITATIVE TRAIT LOCUS 20",
      "Have Weight Loss"
    ],
    "pico_attributes": {
      "populations": {
        "minimum_age": "21 Years",
        "maximum_age": "55 Years",
        "country": "United States",
        "gender": "FEMALE"
      },
      "interventions": [
        "Behavior",
        "Weight Reduction Programs"
      ],
      "outcomes": []
    }
  },
  {
    "nct_id": "NCT00177710",
    "conditions": [
      "Lung Transplantation",
      "Mycoses"
    ],
    "pico_attributes": {
      "populations": {
        "minimum_age": "18 Years",
        "maximum_age": "65 Years",
        "country": "United States",
        "gender": "ALL"
      },
      "interventions": [
        "amphotericin B"
      ],
      "outcomes": []
    }
  },
  {
    "nct_id": "NCT00177723",
    "conditions": [
      "Adverse effects",
      "Communicable Diseases"
    ],
    "pico_attributes": {
      "populations": {
        "minimum_age": "18 Years",
        "maximum_age": "NA",
        "country": "United States",
        "gender": "ALL"
      },
      "interventions": [],
      "outcomes": []
    }
  },
  {
    "nct_id": "NCT00177736",
    "conditions": [
      "Bacteremia",
      "Communicable Diseases",
      "Pneumonia"
    ],
    "pico_attributes": {
      "populations": {
        "minimum_age": "18 Years",
        "maximum_age": "NA",
        "country": "United States",
        "gender": "ALL"
      },
      "interventions": [],
      "outcomes": []
    }
  },
  {
    "nct_id": "NCT00177749",
    "conditions": [
      "Mycoses"
    ],
    "pico_attributes": {
      "populations": {
        "minimum_age": "18 Years",
        "maximum_age": "80 Years",
        "country": "United States",
        "gender": "ALL"
      },
      "interventions": [
        "posaconazole"
      ],
      "outcomes": []
    }
  },
  {
    "nct_id": "NCT00177762",
    "conditions": [
      "BODY MASS INDEX QUANTITATIVE TRAIT LOCUS 20",
      "Have Weight Loss"
    ],
    "pico_attributes": {
      "populations": {
        "minimum_age": "21 Years",
        "maximum_age": "45 Years",
        "country": "United States",
        "gender": "FEMALE"
      },
      "interventions": [
        "Behavior",
        "Have Weight Loss"
      ],
      "outcomes": []
    }
  },
  {
    "nct_id": "NCT00177775",
    "conditions": [
      "Anthropological Culture",
      "BRAF Gene Rearrangement"
    ],
    "pico_attributes": {
      "populations": {
        "minimum_age": "18 Years",
        "maximum_age": "NA",
        "country": "United States",
        "gender": "ALL"
      },
      "interventions": [
        "Multiplicative Product"
      ],
      "outcomes": []
    }
  },
  {
    "nct_id": "NCT00177788",
    "conditions": [
      "Fungemia",
      "Mycoses"
    ],
    "pico_attributes": {
      "populations": {
        "minimum_age": "18 Years",
        "maximum_age": "NA",
        "country": "United States",
        "gender": "ALL"
      },
      "interventions": [],
      "outcomes": []
    }
  },
  {
    "nct_id": "NCT00177801",
    "conditions": [
      "transplantation infection"
    ],
    "pico_attributes": {
      "populations": {
        "minimum_age": "18 Years",
        "maximum_age": "NA",
        "country": "United States",
        "gender": "ALL"
      },
      "interventions": [],
      "outcomes": []
    }
  },
  {
    "nct_id": "NCT00177814",
    "conditions": [
      "Gram-Negative Bacterial Infections"
    ],
    "pico_attributes": {
      "populations": {
        "minimum_age": "18 Years",
        "maximum_age": "NA",
        "country": "United States",
        "gender": "ALL"
      },
      "interventions": [],
      "outcomes": []
    }
  },
  {
    "nct_id": "NCT00177827",
    "conditions": [
      "Lung Transplantation",
      "Post"
    ],
    "pico_attributes": {
      "populations": {
        "minimum_age": "18 Years",
        "maximum_age": "NA",
        "country": "United States",
        "gender": "ALL"
      },
      "interventions": [],
      "outcomes": []
    }
  },
  {
    "nct_id": "NCT00177840",
    "conditions": [
      "Fatigue"
    ],
    "pico_attributes": {
      "populations": {
        "minimum_age": "21 Years",
        "maximum_age": "NA",
        "country": "United States",
        "gender": "FEMALE"
      },
      "interventions": [
        "Acupuncture procedure"
      ],
      "outcomes": []
    }
  },
  {
    "nct_id": "NCT00177853",
    "conditions": [
      "Malignant neoplasm of pancreas"
    ],
    "pico_attributes": {
      "populations": {
        "minimum_age": "18 Years",
        "maximum_age": "NA",
        "country": "United States",
        "gender": "ALL"
      },
      "interventions": [
        "Concurrent",
        "Radiation Oncology specialty",
        "celecoxib",
        "irinotecan"
      ],
      "outcomes": []
    }
  },
  {
    "nct_id": "NCT00177866",
    "conditions": [
      "Crohn Disease"
    ],
    "pico_attributes": {
      "populations": {
        "minimum_age": "18 Years",
        "maximum_age": "70 Years",
        "country": "United States",
        "gender": "ALL"
      },
      "interventions": [
        "Celebrex",
        "Placebo Control"
      ],
      "outcomes": []
    }
  },
  {
    "nct_id": "NCT00177879",
    "conditions": [
      "Cognition Disorders",
      "Internet",
      "Relative to",
      "Usage"
    ],
    "pico_attributes": {
      "populations": {
        "minimum_age": "18 Years",
        "maximum_age": "68 Years",
        "country": "United States",
        "gender": "ALL"
      },
      "interventions": [
        "Comparison",
        "Web Site"
      ],
      "outcomes": []
    }
  },
  {
    "nct_id": "NCT00177892",
    "conditions": [
      "Metabolic Syndrome X",
      "Sleep Apnea, Obstructive"
    ],
    "pico_attributes": {
      "populations": {
        "minimum_age": "18 Years",
        "maximum_age": "65 Years",
        "country": "United States",
        "gender": "ALL"
      },
      "interventions": [
        "And",
        "BRAF Gene Rearrangement",
        "Disruption",
        "Pressure (finding)",
        "Sleep"
      ],
      "outcomes": []
    }
  },
  {
    "nct_id": "NCT00177918",
    "conditions": [
      "Bronchiolitis Obliterans",
      "Disorder related to lung transplantation"
    ],
    "pico_attributes": {
      "populations": {
        "minimum_age": "18 Years",
        "maximum_age": "NA",
        "country": "United States",
        "gender": "ALL"
      },
      "interventions": [],
      "outcomes": []
    }
  },
  {
    "nct_id": "NCT00177931",
    "conditions": [
      "Evidence of liver transplantation"
    ],
    "pico_attributes": {
      "populations": {
        "minimum_age": "18 Years",
        "maximum_age": "NA",
        "country": "United States",
        "gender": "ALL"
      },
      "interventions": [],
      "outcomes": []
    }
  },
  {
    "nct_id": "NCT00177944",
    "conditions": [
      "Mycoses"
    ],
    "pico_attributes": {
      "populations": {
        "minimum_age": "18 Years",
        "maximum_age": "NA",
        "country": "United States",
        "gender": "ALL"
      },
      "interventions": [],
      "outcomes": []
    }
  },
  {
    "nct_id": "NCT00177957",
    "conditions": [
      "Gram-Negative Bacterial Infections"
    ],
    "pico_attributes": {
      "populations": {
        "minimum_age": "18 Years",
        "maximum_age": "NA",
        "country": "United States",
        "gender": "ALL"
      },
      "interventions": [],
      "outcomes": []
    }
  },
  {
    "nct_id": "NCT00177970",
    "conditions": [],
    "pico_attributes": {
      "populations": {
        "minimum_age": "18 Years",
        "maximum_age": "NA",
        "country": "United States",
        "gender": "ALL"
      },
      "interventions": [
        "Placebo Control"
      ],
      "outcomes": [
        "+2",
        "+5",
        "/hour",
        "1+",
        "3+ Answer to Question",
        "4+ Answer to question",
        "75",
        "Abdomen",
        "Abdominal Pain",
        "Abdominal tenderness",
        "Administration procedure",
        "Antibodies",
        "Antibody Formation",
        "Blood Cell Count with Differential",
        "Blood group antibody c",
        "Body Temperature",
        "CDISC Relationship Class",
        "Correlation",
        "Data Type - Quantity",
        "Day 3",
        "Decrease",
        "Diarrhea",
        "Emotional tenderness",
        "Enzyme Immunoassay",
        "Enzyme-Linked Immunosorbent Assay",
        "Feel Pain",
        "Following",
        "In addition to",
        "Length of Stay",
        "Leukocytes",
        "Loose",
        "Measured",
        "Neutrophil count (procedure)",
        "Normalize",
        "On (qualifier value)",
        "Pain and tenderness",
        "Patients",
        "Period (temporal qualifier)",
        "Recovery - action",
        "Reduced",
        "Stools:Num:Pt:Lower GI tract:Qn"
      ]
    }
  },
  {
    "nct_id": "NCT00177983",
    "conditions": [
      "Global Relapse",
      "Rate",
      "Relative to",
      "Usage",
      "Web Site"
    ],
    "pico_attributes": {
      "populations": {
        "minimum_age": "14 Years",
        "maximum_age": "55 Years",
        "country": "United States",
        "gender": "ALL"
      },
      "interventions": [
        "Global Relapse",
        "Rate"
      ],
      "outcomes": []
    }
  },
  {
    "nct_id": "NCT00177996",
    "conditions": [
      "Major Depressive Disorder"
    ],
    "pico_attributes": {
      "populations": {
        "minimum_age": "18 Years",
        "maximum_age": "60 Years",
        "country": "United States",
        "gender": "ALL"
      },
      "interventions": [
        "sertraline hydrochloride"
      ],
      "outcomes": []
    }
  },
  {
    "nct_id": "NCT00178009",
    "conditions": [
      "Congestive heart failure"
    ],
    "pico_attributes": {
      "populations": {
        "minimum_age": "18 Years",
        "maximum_age": "95 Years",
        "country": "United States",
        "gender": "ALL"
      },
      "interventions": [
        "Educational process of instructing",
        "Self",
        "cisplatin/cyclophosphamide/doxorubicin/etoposide"
      ],
      "outcomes": []
    }
  },
  {
    "nct_id": "NCT00178022",
    "conditions": [
      "Anxiety Disorders",
      "Depressed mood",
      "Traumatic Brain Injury"
    ],
    "pico_attributes": {
      "populations": {
        "minimum_age": "5 Years",
        "maximum_age": "17 Years",
        "country": "United States",
        "gender": "ALL"
      },
      "interventions": [
        "Case management (procedure)",
        "Problem solving therapy"
      ],
      "outcomes": []
    }
  },
  {
    "nct_id": "NCT00178035",
    "conditions": [
      "Depressed mood"
    ],
    "pico_attributes": {
      "populations": {
        "minimum_age": "60 Years",
        "maximum_age": "NA",
        "country": "United States",
        "gender": "ALL"
      },
      "interventions": [
        "% of total",
        "1 (finding)",
        "Night time",
        "Paroxetine measurement",
        "Sleep Deprivation"
      ],
      "outcomes": []
    }
  },
  {
    "nct_id": "NCT00178048",
    "conditions": [
      "Depressed mood",
      "Primary Insomnia"
    ],
    "pico_attributes": {
      "populations": {
        "minimum_age": "55 Years",
        "maximum_age": "NA",
        "country": "United States",
        "gender": "ALL"
      },
      "interventions": [
        "Paroxetine measurement"
      ],
      "outcomes": []
    }
  },
  {
    "nct_id": "NCT00178061",
    "conditions": [
      "Bipolar I disorder",
      "Borderline Personality Disorder"
    ],
    "pico_attributes": {
      "populations": {
        "minimum_age": "18 Years",
        "maximum_age": "60 Years",
        "country": "United States",
        "gender": "ALL"
      },
      "interventions": [],
      "outcomes": []
    }
  },
  {
    "nct_id": "NCT00178074",
    "conditions": [
      "Unipolar Depression"
    ],
    "pico_attributes": {
      "populations": {
        "minimum_age": "55 Years",
        "maximum_age": "NA",
        "country": "United States",
        "gender": "ALL"
      },
      "interventions": [
        "% of total",
        "Positron-Emission Tomography",
        "Sleep Deprivation"
      ],
      "outcomes": []
    }
  },
  {
    "nct_id": "NCT00178087",
    "conditions": [
      "Depressed mood",
      "Late",
      "Life"
    ],
    "pico_attributes": {
      "populations": {
        "minimum_age": "55 Years",
        "maximum_age": "NA",
        "country": "United States",
        "gender": "ALL"
      },
      "interventions": [],
      "outcomes": []
    }
  },
  {
    "nct_id": "NCT00178100",
    "conditions": [
      "Unipolar Depression"
    ],
    "pico_attributes": {
      "populations": {
        "minimum_age": "69 Years",
        "maximum_age": "NA",
        "country": "United States",
        "gender": "ALL"
      },
      "interventions": [
        "Interpersonal Psychotherapy",
        "Paroxetine measurement"
      ],
      "outcomes": []
    }
  },
  {
    "nct_id": "NCT00178113",
    "conditions": [
      "Prostatic Intraepithelial Neoplasias"
    ],
    "pico_attributes": {
      "populations": {
        "minimum_age": "40 Years",
        "maximum_age": "79 Years",
        "country": "Trinidad and Tobago",
        "gender": "MALE"
      },
      "interventions": [
        "30%",
        "Dietary Supplement Marketing Category",
        "LYC-O-MATO",
        "Multivitamins with minerals",
        "certagen",
        "lycopene",
        "milligram/day"
      ],
      "outcomes": []
    }
  },
  {
    "nct_id": "NCT00178126",
    "conditions": [
      "Pressure Ulcer"
    ],
    "pico_attributes": {
      "populations": {
        "minimum_age": "65 Years",
        "maximum_age": "NA",
        "country": "United States",
        "gender": "ALL"
      },
      "interventions": [
        "Aerosol Foam Dosage Form",
        "Anatomical segmentation",
        "PROTECTANT, SKIN",
        "Wheelchair cushion"
      ],
      "outcomes": [
        "Ability to Sit question",
        "Induce (action)",
        "Pressure Ulcer"
      ]
    }
  },
  {
    "nct_id": "NCT00178139",
    "conditions": [
      "Pulmonary Valve Insufficiency"
    ],
    "pico_attributes": {
      "populations": {
        "minimum_age": "18 Years",
        "maximum_age": "NA",
        "country": "United States",
        "gender": "ALL"
      },
      "interventions": [
        "Music Therapy"
      ],
      "outcomes": []
    }
  },
  {
    "nct_id": "NCT00178152",
    "conditions": [
      "Asthma",
      "Erythema toxicum neonatorum"
    ],
    "pico_attributes": {
      "populations": {
        "minimum_age": "3 Years",
        "maximum_age": "9 Years",
        "country": "United States",
        "gender": "ALL"
      },
      "interventions": [],
      "outcomes": []
    }
  },
  {
    "nct_id": "NCT00178165",
    "conditions": [
      "Alzheimer's Disease",
      "Dementia"
    ],
    "pico_attributes": {
      "populations": {
        "minimum_age": "21 Years",
        "maximum_age": "NA",
        "country": "United States",
        "gender": "ALL"
      },
      "interventions": [
        "Computer Systems",
        "Condition",
        "Hyperlink",
        "Problem Solving (mental process)",
        "Reaching",
        "Skills training",
        "Telephone"
      ],
      "outcomes": []
    }
  },
  {
    "nct_id": "NCT00178178",
    "conditions": [
      "Feel Pain",
      "Postoperative Period"
    ],
    "pico_attributes": {
      "populations": {
        "minimum_age": "15 Years",
        "maximum_age": "65 Years",
        "country": "United States",
        "gender": "ALL"
      },
      "interventions": [
        "0.5",
        "3000",
        "B-Lymphocytes, Regulatory",
        "Feel Pain",
        "Placebo Control",
        "bupivacaine",
        "care activity",
        "catheter device"
      ],
      "outcomes": [
        "Feel Pain"
      ]
    }
  },
  {
    "nct_id": "NCT00178191",
    "conditions": [
      "Urinary Incontinence"
    ],
    "pico_attributes": {
      "populations": {
        "minimum_age": "21 Years",
        "maximum_age": "NA",
        "country": "United States",
        "gender": "FEMALE"
      },
      "interventions": [
        "Body Weight",
        "PAD Regimen",
        "Questionnaire Domain",
        "Urinary frequency volume chart",
        "Urodynamic studies (procedure)"
      ],
      "outcomes": [
        "Daily",
        "Episode of"
      ]
    }
  },
  {
    "nct_id": "NCT00178204",
    "conditions": [
      "Cancer Genus",
      "Fatigue",
      "Sleep"
    ],
    "pico_attributes": {
      "populations": {
        "minimum_age": "18 Years",
        "maximum_age": "NA",
        "country": "United States",
        "gender": "ALL"
      },
      "interventions": [],
      "outcomes": []
    }
  },
  {
    "nct_id": "NCT00178217",
    "conditions": [
      "Cerebral Palsy"
    ],
    "pico_attributes": {
      "populations": {
        "minimum_age": "1 Year",
        "maximum_age": "17 Years",
        "country": "United States",
        "gender": "ALL"
      },
      "interventions": [
        "Music Therapy"
      ],
      "outcomes": []
    }
  },
  {
    "nct_id": "NCT00178230",
    "conditions": [
      "Lung Neoplasms"
    ],
    "pico_attributes": {
      "populations": {
        "minimum_age": "18 Years",
        "maximum_age": "NA",
        "country": "United States",
        "gender": "ALL"
      },
      "interventions": [],
      "outcomes": []
    }
  },
  {
    "nct_id": "NCT00178243",
    "conditions": [
      "Liver neoplasms",
      "Neoplasm Metastasis"
    ],
    "pico_attributes": {
      "populations": {
        "minimum_age": "18 Years",
        "maximum_age": "NA",
        "country": "United States",
        "gender": "ALL"
      },
      "interventions": [
        "Radiosurgery",
        "Radiotherapy, Conformal"
      ],
      "outcomes": []
    }
  },
  {
    "nct_id": "NCT00178256",
    "conditions": [
      "Carcinoma",
      "Lung",
      "Non-small cell"
    ],
    "pico_attributes": {
      "populations": {
        "minimum_age": "18 Years",
        "maximum_age": "NA",
        "country": "United States",
        "gender": "ALL"
      },
      "interventions": [
        "Therapeutic radiology procedure",
        "paclitaxel"
      ],
      "outcomes": [
        "Continuance of life",
        "Median (qualifier value)"
      ]
    }
  },
  {
    "nct_id": "NCT00178269",
    "conditions": [
      "Uterine Cervical Neoplasm"
    ],
    "pico_attributes": {
      "populations": {
        "minimum_age": "18 Years",
        "maximum_age": "NA",
        "country": "United States",
        "gender": "FEMALE"
      },
      "interventions": [
        "Therapeutic radiology procedure",
        "docetaxel"
      ],
      "outcomes": []
    }
  },
  {
    "nct_id": "NCT00178282",
    "conditions": [
      "Urinary Incontinence"
    ],
    "pico_attributes": {
      "populations": {
        "minimum_age": "18 Years",
        "maximum_age": "NA",
        "country": "United States",
        "gender": "FEMALE"
      },
      "interventions": [
        "Exercise",
        "Muscle of pelvic diaphragm"
      ],
      "outcomes": []
    }
  },
  {
    "nct_id": "NCT00178295",
    "conditions": [
      "Adult Brain Neoplasm"
    ],
    "pico_attributes": {
      "populations": {
        "minimum_age": "NA",
        "maximum_age": "NA",
        "country": "United States",
        "gender": "ALL"
      },
      "interventions": [
        "Therapeutic radiology procedure"
      ],
      "outcomes": []
    }
  },
  {
    "nct_id": "NCT00178308",
    "conditions": [
      "Neoplasms"
    ],
    "pico_attributes": {
      "populations": {
        "minimum_age": "21 Years",
        "maximum_age": "70 Years",
        "country": "United States",
        "gender": "ALL"
      },
      "interventions": [],
      "outcomes": []
    }
  },
  {
    "nct_id": "NCT00178321",
    "conditions": [
      "Critical Illness"
    ],
    "pico_attributes": {
      "populations": {
        "minimum_age": "1 Year",
        "maximum_age": "15 Years",
        "country": "United States",
        "gender": "ALL"
      },
      "interventions": [
        "Earplugs"
      ],
      "outcomes": []
    }
  },
  {
    "nct_id": "NCT00178334",
    "conditions": [
      "Urinary Incontinence"
    ],
    "pico_attributes": {
      "populations": {
        "minimum_age": "21 Years",
        "maximum_age": "NA",
        "country": "",
        "gender": "ALL"
      },
      "interventions": [],
      "outcomes": []
    }
  },
  {
    "nct_id": "NCT00178347",
    "conditions": [
      "Radiation Tolerance"
    ],
    "pico_attributes": {
      "populations": {
        "minimum_age": "NA",
        "maximum_age": "NA",
        "country": "United States",
        "gender": "ALL"
      },
      "interventions": [
        "Exposure to",
        "Irradiation (physical force)"
      ],
      "outcomes": []
    }
  },
  {
    "nct_id": "NCT00178360",
    "conditions": [
      "Huntington Disease"
    ],
    "pico_attributes": {
      "populations": {
        "minimum_age": "18 Years",
        "maximum_age": "NA",
        "country": "United States",
        "gender": "ALL"
      },
      "interventions": [
        "Music Therapy"
      ],
      "outcomes": []
    }
  },
  {
    "nct_id": "NCT00178373",
    "conditions": [
      "Cancer Genus",
      "Chemotherapy",
      "Fatigue"
    ],
    "pico_attributes": {
      "populations": {
        "minimum_age": "18 Years",
        "maximum_age": "NA",
        "country": "United States",
        "gender": "ALL"
      },
      "interventions": [
        "Carbohydrates",
        "Contraceptives, Oral",
        "modafinil"
      ],
      "outcomes": []
    }
  },
  {
    "nct_id": "NCT00178386",
    "conditions": [
      "Brain Neoplasms",
      "Cancer Genus"
    ],
    "pico_attributes": {
      "populations": {
        "minimum_age": "6 Years",
        "maximum_age": "NA",
        "country": "United States",
        "gender": "ALL"
      },
      "interventions": [],
      "outcomes": []
    }
  },
  {
    "nct_id": "NCT00178399",
    "conditions": [
      "Metastatic Disease Clinical Trial Setting",
      "Neoplasms"
    ],
    "pico_attributes": {
      "populations": {
        "minimum_age": "18 Years",
        "maximum_age": "NA",
        "country": "United States",
        "gender": "ALL"
      },
      "interventions": [
        "Stereotactic Accelerated Partial Breast Irradiation"
      ],
      "outcomes": [
        "Amount type - Percentage",
        "Androgens, Synthetic",
        "Bulky Disease",
        "Correlation",
        "Cytokine Expression Profile",
        "IMPACT gene",
        "Inflammatory",
        "Involvement with",
        "Number of sites",
        "Patient Reported Outcome",
        "Patients",
        "Perceived quality of life",
        "Progression-Free Survival",
        "Pyroptosis",
        "Treating",
        "pro-apoptosis"
      ]
    }
  },
  {
    "nct_id": "NCT00178412",
    "conditions": [
      "Acute illness"
    ],
    "pico_attributes": {
      "populations": {
        "minimum_age": "21 Years",
        "maximum_age": "NA",
        "country": "United States",
        "gender": "ALL"
      },
      "interventions": [
        "Care of aged",
        "Comparison",
        "Family Caregivers",
        "Group Object",
        "Patient in hospital",
        "Project"
      ],
      "outcomes": []
    }
  },
  {
    "nct_id": "NCT00178425",
    "conditions": [
      "Liver",
      "Transplantation"
    ],
    "pico_attributes": {
      "populations": {
        "minimum_age": "18 Years",
        "maximum_age": "NA",
        "country": "United States",
        "gender": "ALL"
      },
      "interventions": [
        "Clinical trial protocol",
        "Collection of blood specimen for laboratory procedure",
        "Estimated creatinine clearance",
        "Interval",
        "Periodicals",
        "Regular",
        "described"
      ],
      "outcomes": []
    }
  },
  {
    "nct_id": "NCT00178438",
    "conditions": [
      "Crohn Disease"
    ],
    "pico_attributes": {
      "populations": {
        "minimum_age": "18 Years",
        "maximum_age": "NA",
        "country": "United States",
        "gender": "ALL"
      },
      "interventions": [
        "Capsule Endoscopy"
      ],
      "outcomes": []
    }
  },
  {
    "nct_id": "NCT00178451",
    "conditions": [
      "Carotid Stenosis"
    ],
    "pico_attributes": {
      "populations": {
        "minimum_age": "18 Years",
        "maximum_age": "NA",
        "country": "United States",
        "gender": "ALL"
      },
      "interventions": [
        "abciximab"
      ],
      "outcomes": []
    }
  },
  {
    "nct_id": "NCT00178464",
    "conditions": [
      "Anemia, Sickle Cell"
    ],
    "pico_attributes": {
      "populations": {
        "minimum_age": "2 Years",
        "maximum_age": "7 Years",
        "country": "United States",
        "gender": "ALL"
      },
      "interventions": [
        "aspirin"
      ],
      "outcomes": [
        "Anterior thoracic region",
        "Aspects of disease screening",
        "Biomechanical compliance",
        "CYREN gene",
        "Cerebrovascular accident",
        "Chad",
        "Changed status",
        "Contraceptives, Oral",
        "Count of entities",
        "Crisis",
        "Failure (biologic function)",
        "Human Study Subject",
        "Incidence",
        "Laboratory test finding",
        "MRI-Based Angiogram",
        "Mental Status Tests",
        "Number of Events",
        "Pain crisis",
        "Performance",
        "Rate",
        "Seriousness of Adverse Event",
        "Time",
        "Withdraw (activity)",
        "acute",
        "counts"
      ]
    }
  },
  {
    "nct_id": "NCT00178477",
    "conditions": [
      "CDISC SEND Tumor Findings Results Terminology",
      "Metastatic Disease Clinical Trial Setting"
    ],
    "pico_attributes": {
      "populations": {
        "minimum_age": "18 Years",
        "maximum_age": "NA",
        "country": "United States",
        "gender": "ALL"
      },
      "interventions": [
        "Breath Holding",
        "CYREN gene"
      ],
      "outcomes": []
    }
  },
  {
    "nct_id": "NCT00178490",
    "conditions": [
      "Hypertension, CTCAE"
    ],
    "pico_attributes": {
      "populations": {
        "minimum_age": "10 Years",
        "maximum_age": "18 Years",
        "country": "United States",
        "gender": "ALL"
      },
      "interventions": [
        "On treatment for hypertension"
      ],
      "outcomes": []
    }
  },
  {
    "nct_id": "NCT00178503",
    "conditions": [
      "Attention deficit hyperactivity disorder",
      "Autistic Disorder"
    ],
    "pico_attributes": {
      "populations": {
        "minimum_age": "7 Years",
        "maximum_age": "12 Years",
        "country": "United States",
        "gender": "ALL"
      },
      "interventions": [
        "Extended Release Dosage Form",
        "Immediate Release Dosage Form",
        "Placebo Control",
        "methylphenidate"
      ],
      "outcomes": [
        "% index",
        "Attention deficit hyperactivity disorder",
        "Conceptual Parent",
        "Dosage",
        "Patient's teacher when immunized",
        "Population Mean",
        "T-Score",
        "Weekly"
      ]
    }
  },
  {
    "nct_id": "NCT00178516",
    "conditions": [
      "Male infertility"
    ],
    "pico_attributes": {
      "populations": {
        "minimum_age": "18 Years",
        "maximum_age": "65 Years",
        "country": "United States",
        "gender": "MALE"
      },
      "interventions": [
        "Behavior",
        "CDISC SDTM Procedure Terminology"
      ],
      "outcomes": []
    }
  },
  {
    "nct_id": "NCT00178529",
    "conditions": [
      "Cerebrovascular accident"
    ],
    "pico_attributes": {
      "populations": {
        "minimum_age": "50 Years",
        "maximum_age": "NA",
        "country": "United States",
        "gender": "ALL"
      },
      "interventions": [
        "Counsel - legal",
        "Psychoeducation",
        "Skills training"
      ],
      "outcomes": []
    }
  }
]