[
  {
    "nct_id": "NCT00101231",
    "conditions": [
      "11q23",
      "Adult Acute Basophilic Leukemia",
      "Adult Acute Eosinophilic Leukemia",
      "Adult Acute Megakaryoblastic Leukemia",
      "Adult Acute Monoblastic Leukemia",
      "Adult Acute Monoblastic and Monocytic Leukemia",
      "Adult Acute Myeloblastic Leukemia",
      "Adult Acute Myeloid Leukemia with Maturation",
      "Adult Acute Myeloid Leukemia without Maturation",
      "Adult Acute Myelomonocytic Leukemia",
      "Adult Erythroleukemia",
      "Adult Pure Erythroid Leukemia",
      "Blast Phase",
      "Cell Differentiation process",
      "Chromosome inversion",
      "Congenital Abnormality",
      "EXOSC1 gene",
      "Enneking Metastasis M0",
      "Enneking Metastasis M1",
      "Erythroleukemia (Erythroid/Myeloid)",
      "GPM6B gene",
      "Myeloid Leukemia, Chronic",
      "Recurrent Adult Acute Lymphoblastic Leukemia",
      "Relapse",
      "recurrent adult acute myeloid leukemia",
      "square metres"
    ],
    "pico_attributes": {
      "populations": {
        "minimum_age": "1 Year",
        "maximum_age": "NA",
        "country": "United States",
        "gender": "ALL"
      },
      "interventions": [
        "Flavopiridol"
      ],
      "outcomes": []
    }
  },
  {
    "nct_id": "NCT00101244",
    "conditions": [
      "Adult",
      "Adult Grade III Lymphomatoid Granulomatosis",
      "Adult Solid Neoplasm",
      "Chronic Lymphocytic Leukemia",
      "Clinical trial protocol",
      "Diffuse",
      "Entity Determiner - specific",
      "Episodic",
      "External cause codes: Unspecified",
      "Follicular non-Hodgkin's lymphoma, small cleaved cell",
      "IV number:ID:Pt:^Patient:Nom",
      "Lymphoma, Follicular, Grade 2",
      "Lymphoma, Follicular, Grade 3",
      "Lymphoma, Mixed-Cell",
      "Malignant lymphoma - lymphoplasmacytic",
      "Malignant lymphoma, lymphocytic, intermediate differentiation, diffuse",
      "Marginal Zone B-Cell Lymphoma",
      "Monocytoid B-cell lymphoma",
      "Mucosa-Associated Lymphoid Tissue Lymphoma",
      "Neoplastic Large Cell",
      "Phase",
      "Recurrent Adult Burkitt Lymphoma",
      "Recurrent Adult Diffuse Large Cell Lymphoma",
      "Recurrent Adult Diffuse Small Cleaved Cell Lymphoma",
      "Recurrent Adult Grade III Lymphomatoid Granulomatosis",
      "Recurrent Adult Hodgkin Lymphoma",
      "Recurrent Adult Immunoblastic Lymphoma",
      "Recurrent Adult Lymphoblastic Lymphoma",
      "Recurrent Grade 1 Follicular Lymphoma",
      "Recurrent Grade 2 Follicular Lymphoma",
      "Recurrent Grade 3 Follicular Lymphoma",
      "Recurrent Mantle Cell Lymphoma",
      "Recurrent Marginal Zone Lymphoma",
      "Recurrent Small Lymphocytic Lymphoma",
      "Splenic Marginal Zone B-Cell Lymphoma",
      "Stage IV Adult Burkitt Lymphoma",
      "Stage IV Adult Diffuse Large Cell Lymphoma",
      "Stage IV Adult Diffuse Small Cleaved Cell Lymphoma",
      "Stage IV Adult Hodgkin Lymphoma",
      "Stage IV Adult Immunoblastic Lymphoma",
      "Stage IV Adult Lymphoblastic Lymphoma"
    ],
    "pico_attributes": {
      "populations": {
        "minimum_age": "18 Years",
        "maximum_age": "NA",
        "country": "United States",
        "gender": "ALL"
      },
      "interventions": [
        "Laboratory Biomarker Analysis",
        "Pharmacological Study",
        "ispinesib"
      ],
      "outcomes": []
    }
  },
  {
    "nct_id": "NCT00101257",
    "conditions": [
      "Carcinoma, Ovarian Epithelial",
      "Malignant tumor of peritoneum"
    ],
    "pico_attributes": {
      "populations": {
        "minimum_age": "18 Years",
        "maximum_age": "75 Years",
        "country": "United States",
        "gender": "FEMALE"
      },
      "interventions": [
        "therapeutic autologous lymphocytes"
      ],
      "outcomes": []
    }
  },
  {
    "nct_id": "NCT00101270",
    "conditions": [
      "Burkitt Lymphoma",
      "Childhood Central Nervous System Germ Cell Tumor",
      "Childhood Diffuse Large Cell Lymphoma",
      "Childhood Grade III Lymphomatoid Granulomatosis",
      "Childhood Immunoblastic Lymphoma",
      "Childhood Kidney Neoplasm",
      "Childhood Solid Neoplasm",
      "Clinical trial protocol",
      "Entity Determiner - specific",
      "External cause codes: Unspecified",
      "Recurrent Childhood Brain Stem Glioma",
      "Recurrent Childhood Burkitt Lymphoma",
      "Recurrent Childhood Cerebellar Astrocytoma",
      "Recurrent Childhood Cerebral Astrocytoma",
      "Recurrent Childhood Ependymoma",
      "Recurrent Childhood Grade III Lymphomatoid Granulomatosis",
      "Recurrent Childhood Hodgkin Lymphoma",
      "Recurrent Childhood Large Cell Lymphoma",
      "Recurrent Childhood Liver Cancer",
      "Recurrent Childhood Lymphoblastic Lymphoma",
      "Recurrent Childhood Malignant Germ Cell Tumor",
      "Recurrent Childhood Medulloblastoma",
      "Recurrent Childhood Rhabdomyosarcoma",
      "Recurrent Childhood Soft Tissue Sarcoma",
      "Recurrent Childhood Supratentorial Embryonal Tumor, Not Otherwise Specified",
      "Recurrent Childhood Visual Pathway Glioma",
      "Recurrent Colon Carcinoma",
      "Recurrent Cutaneous Melanoma",
      "Recurrent Kidney Wilms Tumor",
      "Recurrent Nasopharyngeal Carcinoma",
      "Recurrent Neuroblastoma",
      "Recurrent Osteosarcoma",
      "Recurrent tumors of the Ewing's family"
    ],
    "pico_attributes": {
      "populations": {
        "minimum_age": "1 Year",
        "maximum_age": "21 Years",
        "country": "United States",
        "gender": "ALL"
      },
      "interventions": [
        "irinotecan hydrochloride",
        "oxaliplatin"
      ],
      "outcomes": []
    }
  },
  {
    "nct_id": "NCT00101283",
    "conditions": [
      "Malignant mesothelioma"
    ],
    "pico_attributes": {
      "populations": {
        "minimum_age": "18 Years",
        "maximum_age": "NA",
        "country": "United States",
        "gender": "ALL"
      },
      "interventions": [
        "carboplatin",
        "gemcitabine hydrochloride",
        "pemetrexed disodium"
      ],
      "outcomes": [
        "0%",
        "Best Overall Response",
        "Overall Survival",
        "Progression-Free Survival",
        "Response Evaluation Criteria in Solid Tumors",
        "Version",
        "criteria"
      ]
    }
  },
  {
    "nct_id": "NCT00101296",
    "conditions": [
      "11q23",
      "5q",
      "Acute monocytic leukemia",
      "Acute myeloid leukemia with multilineage dysplasia",
      "Adult Acute Erythroid Leukemia",
      "Adult Acute Megakaryoblastic Leukemia",
      "Adult Acute Monoblastic Leukemia",
      "Adult Acute Monoblastic and Monocytic Leukemia",
      "Adult Acute Myeloblastic Leukemia",
      "Adult Acute Myeloid Leukemia with Maturation",
      "Adult Acute Myeloid Leukemia without Maturation",
      "Adult Acute Myelomonocytic Leukemia",
      "Adult Erythroleukemia",
      "Adult Myelodysplastic Syndrome",
      "Adult Pure Erythroid Leukemia",
      "BSG gene",
      "Cell Differentiation process",
      "Chromosome Deletion",
      "Chromosome inversion",
      "Congenital Abnormality",
      "EXOSC1 gene",
      "Enneking Metastasis M0",
      "Enneking Metastasis M1",
      "Erythroleukemia (Erythroid/Myeloid)",
      "Following",
      "GPM6B gene",
      "M5 Additive/Preservative",
      "Untreated Adult Acute Myeloid Leukemia",
      "recurrent adult acute myeloid leukemia",
      "square metres"
    ],
    "pico_attributes": {
      "populations": {
        "minimum_age": "18 Years",
        "maximum_age": "NA",
        "country": "United States",
        "gender": "ALL"
      },
      "interventions": [
        "Laboratory Biomarker Analysis",
        "Pharmacological Study",
        "tipifarnib"
      ],
      "outcomes": []
    }
  },
  {
    "nct_id": "NCT00101309",
    "conditions": [
      "Central neuroblastoma",
      "Malignant neoplasm of soft tissue"
    ],
    "pico_attributes": {
      "populations": {
        "minimum_age": "1 Year",
        "maximum_age": "30 Years",
        "country": "United States",
        "gender": "ALL"
      },
      "interventions": [
        "aldesleukin",
        "therapeutic autologous lymphocytes"
      ],
      "outcomes": []
    }
  },
  {
    "nct_id": "NCT00101335",
    "conditions": [
      "Head and Neck Carcinoma",
      "Precancerous Conditions"
    ],
    "pico_attributes": {
      "populations": {
        "minimum_age": "18 Years",
        "maximum_age": "NA",
        "country": "United States",
        "gender": "ALL"
      },
      "interventions": [
        "celecoxib"
      ],
      "outcomes": []
    }
  },
  {
    "nct_id": "NCT00101348",
    "conditions": [
      "Episodic",
      "Granuloma, Lethal Midline",
      "IV number:ID:Pt:^Patient:Nom",
      "Laryngeal Squamous Cell Carcinoma",
      "Laryngeal squamous cell carcinoma stage III",
      "Laryngeal verrucous carcinoma",
      "Laryngeal verrucous carcinoma stage III",
      "Lip Basal Cell Carcinoma",
      "Malignant neoplasm of salivary gland",
      "NCI CTEP SDC Non-Small Cell Lung Cancer Sub-Category Terminology",
      "Nasal cavity",
      "Nasal sinus",
      "Olfactory Neuroblastoma",
      "Oral Cavity Adenoid Cystic Carcinoma",
      "Oral Cavity Mucoepidermoid Carcinoma",
      "Oral cavity",
      "Oropharyngeal Undifferentiated Carcinoma",
      "Pancreatic carcinoma stage III",
      "Paranasal Sinus Inverted Papilloma",
      "Paranasal Sinus Squamous Cell Carcinoma",
      "Pathologic Stage IIIB Gastric Cancer AJCC v8",
      "Phase",
      "Recurrent Colon Carcinoma",
      "Recurrent Hypopharyngeal Squamous Cell Carcinoma",
      "Recurrent Laryngeal Squamous Cell Carcinoma",
      "Recurrent Laryngeal Verrucous Carcinoma",
      "Recurrent Lip Basal Cell Carcinoma",
      "Recurrent Lung Non-Small Cell Carcinoma",
      "Recurrent Nasopharyngeal Keratinizing Squamous Cell Carcinoma",
      "Recurrent Nasopharyngeal Undifferentiated Carcinoma",
      "Recurrent Oral Cavity Adenoid Cystic Carcinoma",
      "Recurrent Oral Cavity Mucoepidermoid Carcinoma",
      "Recurrent Oral Cavity Verrucous Carcinoma",
      "Recurrent Oropharyngeal Squamous Cell Carcinoma",
      "Recurrent Pancreatic Carcinoma",
      "Recurrent Rectal Cancer",
      "Recurrent Salivary Gland Cancer",
      "Salivary gland cancer stage III",
      "Squamous Cell Carcinoma Metastatic in the Neck with Occult Primary",
      "Squamous Epithelial Cells",
      "Squamous cell carcinoma of lip",
      "Squamous cell carcinoma of nasopharynx",
      "Squamous cell carcinoma of oropharynx",
      "Squamous cell carcinoma of the hypopharynx stage IV",
      "Stage III Colon Cancer",
      "Stage III Hypopharyngeal Squamous Cell Carcinoma AJCC v7",
      "Stage III Lip Basal Cell Carcinoma",
      "Stage III Lip Cancer AJCC v6 and v7",
      "Stage III Nasopharyngeal Keratinizing Squamous Cell Carcinoma AJCC v7",
      "Stage III Nasopharyngeal Undifferentiated Carcinoma AJCC v7",
      "Stage III Oral Cavity Adenoid Cystic Carcinoma AJCC v6 and v7",
      "Stage III Oral Cavity Mucoepidermoid Carcinoma AJCC v6 and v7",
      "Stage III Oral Cavity Verrucous Carcinoma",
      "Stage III Oropharyngeal Squamous Cell Carcinoma AJCC v7",
      "Stage III Oropharyngeal Undifferentiated Carcinoma AJCC v7",
      "Stage III Paranasal Sinus Cancer AJCC v6 and v7",
      "Stage III Rectal Cancer AJCC v6",
      "Stage IV Colon Carcinoma",
      "Stage IV Rectal Carcinoma",
      "Stage IV Renal Cell Cancer",
      "Stage level 3",
      "Undifferentiated carcinoma of nasopharynx",
      "Verrucous carcinoma of oral cavity",
      "recurrent lymphoepithelioma of the oropharynx",
      "recurrent metastatic squamous neck cancer with occult primary",
      "stage IV pancreatic cancer",
      "untreated metastatic squamous neck cancer with occult primary"
    ],
    "pico_attributes": {
      "populations": {
        "minimum_age": "18 Years",
        "maximum_age": "NA",
        "country": "United States",
        "gender": "ALL"
      },
      "interventions": [
        "Laboratory Biomarker Analysis",
        "bevacizumab",
        "cetuximab",
        "erlotinib hydrochloride"
      ],
      "outcomes": []
    }
  },
  {
    "nct_id": "NCT00101361",
    "conditions": [
      "Pressure Ulcer"
    ],
    "pico_attributes": {
      "populations": {
        "minimum_age": "18 Years",
        "maximum_age": "NA",
        "country": "United States",
        "gender": "ALL"
      },
      "interventions": [
        "Placebo Control",
        "oxandrolone"
      ],
      "outcomes": [
        "Healed Pressure Ulcers"
      ]
    }
  },
  {
    "nct_id": "NCT00101374",
    "conditions": [
      "HIV Infections"
    ],
    "pico_attributes": {
      "populations": {
        "minimum_age": "18 Years",
        "maximum_age": "65 Years",
        "country": "United States",
        "gender": "ALL"
      },
      "interventions": [
        "leflunomide"
      ],
      "outcomes": []
    }
  },
  {
    "nct_id": "NCT00101387",
    "conditions": [
      "Low Back Pain"
    ],
    "pico_attributes": {
      "populations": {
        "minimum_age": "65 Years",
        "maximum_age": "NA",
        "country": "United States",
        "gender": "ALL"
      },
      "interventions": [
        "Conditioning (Psychology)",
        "Control function",
        "Exercise",
        "Exercise, Aerobic",
        "General medical service",
        "Lumbar Region",
        "Peripheral Electronic Nerve Stimulation"
      ],
      "outcomes": []
    }
  },
  {
    "nct_id": "NCT00101400",
    "conditions": [
      "Breast Carcinoma",
      "Mammary Neoplasms"
    ],
    "pico_attributes": {
      "populations": {
        "minimum_age": "18 Years",
        "maximum_age": "NA",
        "country": "Italy",
        "gender": "FEMALE"
      },
      "interventions": [
        "Nexavar",
        "sorafenib"
      ],
      "outcomes": [
        "Compleat Liquid Nutrition",
        "Count of entities",
        "Disease Response",
        "Duration",
        "Global Stable Disease",
        "Human Study Subject",
        "In addition to",
        "Overall",
        "Overall Response",
        "Partial",
        "Response Duration",
        "Survival time",
        "event cycle"
      ]
    }
  },
  {
    "nct_id": "NCT00101413",
    "conditions": [
      "Cancer Genus",
      "Carcinoma",
      "Lung",
      "Non-small cell"
    ],
    "pico_attributes": {
      "populations": {
        "minimum_age": "18 Years",
        "maximum_age": "NA",
        "country": "United States",
        "gender": "ALL"
      },
      "interventions": [
        "Nexavar",
        "sorafenib"
      ],
      "outcomes": [
        "Duration",
        "Global Stable Disease",
        "Overall Survival",
        "Patient Condition Code - Stable",
        "disease length"
      ]
    }
  },
  {
    "nct_id": "NCT00101426",
    "conditions": [
      "Diabetic Neuropathies"
    ],
    "pico_attributes": {
      "populations": {
        "minimum_age": "18 Years",
        "maximum_age": "70 Years",
        "country": "Canada",
        "gender": "ALL"
      },
      "interventions": [
        "Ranirestat"
      ],
      "outcomes": []
    }
  },
  {
    "nct_id": "NCT00101439",
    "conditions": [
      "Hypercholesterolemia"
    ],
    "pico_attributes": {
      "populations": {
        "minimum_age": "18 Years",
        "maximum_age": "70 Years",
        "country": "United States",
        "gender": "ALL"
      },
      "interventions": [
        "Comparator",
        "Placebo Control",
        "ezetimibe"
      ],
      "outcomes": []
    }
  },
  {
    "nct_id": "NCT00101452",
    "conditions": [
      "Depressed mood"
    ],
    "pico_attributes": {
      "populations": {
        "minimum_age": "18 Years",
        "maximum_age": "80 Years",
        "country": "United States",
        "gender": "ALL"
      },
      "interventions": [
        "Methionine measurement",
        "Placebo Control",
        "escitalopram"
      ],
      "outcomes": [
        "ATF7IP protein, human",
        "Hamilton rating scale for depression"
      ]
    }
  },
  {
    "nct_id": "NCT00101465",
    "conditions": [
      "Cardiovascular Diseases",
      "Heart Diseases"
    ],
    "pico_attributes": {
      "populations": {
        "minimum_age": "21 Years",
        "maximum_age": "90 Years",
        "country": "United States",
        "gender": "ALL"
      },
      "interventions": [],
      "outcomes": []
    }
  },
  {
    "nct_id": "NCT00101478",
    "conditions": [
      "Cardiovascular Diseases",
      "Diabetes Mellitus",
      "Heart Diseases",
      "Hypertension, CTCAE"
    ],
    "pico_attributes": {
      "populations": {
        "minimum_age": "NA",
        "maximum_age": "NA",
        "country": "United States",
        "gender": "ALL"
      },
      "interventions": [],
      "outcomes": []
    }
  },
  {
    "nct_id": "NCT00101491",
    "conditions": [
      "Cardiovascular Diseases",
      "Heart Diseases"
    ],
    "pico_attributes": {
      "populations": {
        "minimum_age": "19 Years",
        "maximum_age": "78 Years",
        "country": "United States",
        "gender": "ALL"
      },
      "interventions": [
        "Bortezomib/Dexamethasone/Pegylated Liposomal Doxorubicin Regimen",
        "Health Communication",
        "Video Media"
      ],
      "outcomes": []
    }
  },
  {
    "nct_id": "NCT00101504",
    "conditions": [
      "Cardiovascular Diseases",
      "Heart Diseases",
      "Hypertension, CTCAE"
    ],
    "pico_attributes": {
      "populations": {
        "minimum_age": "NA",
        "maximum_age": "100 Years",
        "country": "",
        "gender": "ALL"
      },
      "interventions": [],
      "outcomes": []
    }
  },
  {
    "nct_id": "NCT00101517",
    "conditions": [
      "BODY MASS INDEX QUANTITATIVE TRAIT LOCUS 20",
      "Cardiovascular Diseases",
      "Heart Diseases",
      "Metabolic Syndrome X"
    ],
    "pico_attributes": {
      "populations": {
        "minimum_age": "30 Years",
        "maximum_age": "78 Years",
        "country": "United States",
        "gender": "ALL"
      },
      "interventions": [],
      "outcomes": []
    }
  },
  {
    "nct_id": "NCT00101530",
    "conditions": [
      "Cardiovascular Diseases",
      "Diabetes Mellitus",
      "Heart Diseases",
      "Hypertension, CTCAE"
    ],
    "pico_attributes": {
      "populations": {
        "minimum_age": "21 Years",
        "maximum_age": "NA",
        "country": "United States",
        "gender": "ALL"
      },
      "interventions": [],
      "outcomes": []
    }
  },
  {
    "nct_id": "NCT00101543",
    "conditions": [
      "Cerebrovascular accident"
    ],
    "pico_attributes": {
      "populations": {
        "minimum_age": "18 Years",
        "maximum_age": "NA",
        "country": "United States",
        "gender": "ALL"
      },
      "interventions": [
        "Body Weight",
        "Electric stimulation technique",
        "Intramuscular",
        "Supportive assistance",
        "Training",
        "Treadmill (physical activity)",
        "electrode"
      ],
      "outcomes": []
    }
  },
  {
    "nct_id": "NCT00101569",
    "conditions": [
      "Schizophrenia"
    ],
    "pico_attributes": {
      "populations": {
        "minimum_age": "18 Years",
        "maximum_age": "NA",
        "country": "United States",
        "gender": "ALL"
      },
      "interventions": [
        "aripiprazole"
      ],
      "outcomes": []
    }
  },
  {
    "nct_id": "NCT00101582",
    "conditions": [
      "Gastrointestinal mucositis",
      "Head and Neck Carcinoma",
      "Solid Neoplasm",
      "Squamous cell carcinoma",
      "Stomatitis"
    ],
    "pico_attributes": {
      "populations": {
        "minimum_age": "18 Years",
        "maximum_age": "NA",
        "country": "United States",
        "gender": "ALL"
      },
      "interventions": [
        "Chemotherapy",
        "Placebo Control",
        "Radiation Oncology specialty",
        "cisplatin",
        "palifermin"
      ],
      "outcomes": [
        "ADHD hyperactive symptoms mean score:Score:Pt:^Patient:Qn:Calculated",
        "Bayer Corneal Epitheliopathy Grade 2",
        "Bayer Corneal Epitheliopathy Grade 3",
        "Borg Category-Ratio 10 Perceived Exertion Score 5",
        "Chemotherapy",
        "Count of entities",
        "Duration",
        "High",
        "In addition to",
        "Medical Device Break",
        "Monthly (qualifier value)",
        "Oral Mucositis",
        "Oral cavity",
        "Participant",
        "Patient-Reported",
        "Pharmacotherapy",
        "Pharyngitis",
        "Radiation Oncology specialty",
        "Subject Received Unplanned Treatment",
        "Unplanned",
        "WHO Central Nervous System Grade III",
        "Xerostomia",
        "chemotherapy administration",
        "cisplatin"
      ]
    }
  },
  {
    "nct_id": "NCT00101595",
    "conditions": [
      "Childhood Leukemia",
      "Chronic Myeloid Leukemia Pathway",
      "Philadelphia positive",
      "acute",
      "lymphoblast"
    ],
    "pico_attributes": {
      "populations": {
        "minimum_age": "18 Years",
        "maximum_age": "NA",
        "country": "United States",
        "gender": "ALL"
      },
      "interventions": [
        "dasatinib"
      ],
      "outcomes": []
    }
  },
  {
    "nct_id": "NCT00101608",
    "conditions": [
      "Bladder Cancer Pathway",
      "Bladder Continence Question",
      "Bladder Neoplasm",
      "CDISC SEND Tumor Findings Results Terminology",
      "Carcinoma, Transitional Cell",
      "Kidney Neoplasm",
      "Ureteral Neoplasms"
    ],
    "pico_attributes": {
      "populations": {
        "minimum_age": "18 Years",
        "maximum_age": "NA",
        "country": "United States",
        "gender": "ALL"
      },
      "interventions": [
        "vinflunine"
      ],
      "outcomes": []
    }
  },
  {
    "nct_id": "NCT00101621",
    "conditions": [
      "Cancer Genus",
      "Feel Pain"
    ],
    "pico_attributes": {
      "populations": {
        "minimum_age": "18 Years",
        "maximum_age": "NA",
        "country": "United States",
        "gender": "ALL"
      },
      "interventions": [
        "M40403"
      ],
      "outcomes": []
    }
  },
  {
    "nct_id": "NCT00101634",
    "conditions": [
      "Schizophrenia"
    ],
    "pico_attributes": {
      "populations": {
        "minimum_age": "18 Years",
        "maximum_age": "NA",
        "country": "United States",
        "gender": "ALL"
      },
      "interventions": [
        "paliperidone palmitate"
      ],
      "outcomes": []
    }
  },
  {
    "nct_id": "NCT00101647",
    "conditions": [
      "Myeloid Leukemia, Chronic"
    ],
    "pico_attributes": {
      "populations": {
        "minimum_age": "18 Years",
        "maximum_age": "NA",
        "country": "United States",
        "gender": "ALL"
      },
      "interventions": [
        "dasatinib"
      ],
      "outcomes": [
        "12 Months",
        "24 Months",
        "Amount type - Percentage",
        "Antimicrobial Resistance Result",
        "BCR-ABL Fusion Gene",
        "Base - General Qualifier",
        "BaseLine dental cement",
        "Best Overall Response",
        "Confirmation",
        "Cytogenetic Response",
        "Cytogenetics",
        "Date Fruit",
        "Dosage",
        "First (number)",
        "From",
        "Group Object",
        "Hematologic",
        "Hematologic Response",
        "Kaplan-Meier Estimate",
        "Median (qualifier value)",
        "Negation",
        "Participant",
        "Point Mutation",
        "Population Group",
        "Progress",
        "Pyruvate Kinase",
        "Response Duration",
        "best (quality)",
        "dasatinib",
        "imatinib",
        "times/day"
      ]
    }
  },
  {
    "nct_id": "NCT00101660",
    "conditions": [
      "Chronic Myeloid Leukemia Pathway",
      "Myeloid Leukemia, Chronic"
    ],
    "pico_attributes": {
      "populations": {
        "minimum_age": "18 Years",
        "maximum_age": "NA",
        "country": "United States",
        "gender": "ALL"
      },
      "interventions": [
        "dasatinib"
      ],
      "outcomes": [
        "12 Months",
        "24 Months",
        "30 days",
        "AE synonym fragment",
        "Amount type - Percentage",
        "Antimicrobial Resistance Result",
        "Bayer Corneal Epitheliopathy Grade 3",
        "Bayer Corneal Epitheliopathy Grade 4",
        "Before",
        "CHROMATE RESISTANCE (disorder)",
        "Cessation of life",
        "Clinical Trial Discontinuation",
        "Count of entities",
        "Date Fruit",
        "Date and time:TmStp:Pt:Dose:Qn",
        "Decreased platelet count",
        "Dosage",
        "First (number)",
        "GDC Treatment Outcome Terminology",
        "Leukopenia",
        "Median (qualifier value)",
        "Negation",
        "Participant",
        "Pharmaceutical Preparations",
        "Progress",
        "Related personal status",
        "SUMO activating enzyme complex",
        "Scanning Auger Spectrometer (device)",
        "Time",
        "imatinib",
        "intolerant"
      ]
    }
  },
  {
    "nct_id": "NCT00101673",
    "conditions": [
      "Bristol Stool Type 2",
      "Diabetes Mellitus"
    ],
    "pico_attributes": {
      "populations": {
        "minimum_age": "18 Years",
        "maximum_age": "NA",
        "country": "Switzerland",
        "gender": "ALL"
      },
      "interventions": [
        "vildagliptin"
      ],
      "outcomes": []
    }
  },
  {
    "nct_id": "NCT00101686",
    "conditions": [
      "Colorectal Neoplasms"
    ],
    "pico_attributes": {
      "populations": {
        "minimum_age": "18 Years",
        "maximum_age": "NA",
        "country": "United States",
        "gender": "ALL"
      },
      "interventions": [
        "Bolus Fluorouracil/Leucovorin Regimen",
        "Changing",
        "Folinic Acid-Fluorouracil-Irinotecan Regimen",
        "Infusional Fluorouracil/Leucovorin Regimen",
        "Oral",
        "bevacizumab",
        "capecitabine/irinotecan",
        "irinotecan"
      ],
      "outcomes": [
        "*Relative",
        "1+",
        "Continuance of life",
        "Dosage",
        "Due to",
        "Folinic Acid-Fluorouracil-Irinotecan Regimen",
        "Follow-up visit",
        "Overall",
        "Overall Response",
        "Placebo Control",
        "Reduced",
        "Survival time",
        "Treatment-Emergent Adverse Event",
        "With intensity",
        "bevacizumab",
        "celecoxib",
        "irinotecan",
        "per year"
      ]
    }
  },
  {
    "nct_id": "NCT00101699",
    "conditions": [
      "Menopause"
    ],
    "pico_attributes": {
      "populations": {
        "minimum_age": "45 Years",
        "maximum_age": "55 Years",
        "country": "Japan",
        "gender": "FEMALE"
      },
      "interventions": [],
      "outcomes": []
    }
  },
  {
    "nct_id": "NCT00101712",
    "conditions": [
      "Bristol Stool Type 2",
      "Diabetes Mellitus"
    ],
    "pico_attributes": {
      "populations": {
        "minimum_age": "18 Years",
        "maximum_age": "NA",
        "country": "Switzerland",
        "gender": "ALL"
      },
      "interventions": [
        "Placebo Control",
        "vildagliptin"
      ],
      "outcomes": []
    }
  },
  {
    "nct_id": "NCT00101725",
    "conditions": [
      "Colonic Diseases",
      "Diarrhea",
      "Gastrointestinal Diseases",
      "Irritable Bowel Syndrome"
    ],
    "pico_attributes": {
      "populations": {
        "minimum_age": "18 Years",
        "maximum_age": "NA",
        "country": "United States",
        "gender": "ALL"
      },
      "interventions": [
        "crofelemer"
      ],
      "outcomes": []
    }
  },
  {
    "nct_id": "NCT00101738",
    "conditions": [
      "Kidney Transplantation"
    ],
    "pico_attributes": {
      "populations": {
        "minimum_age": "18 Years",
        "maximum_age": "75 Years",
        "country": "United States",
        "gender": "ALL"
      },
      "interventions": [
        "Myfortic"
      ],
      "outcomes": []
    }
  },
  {
    "nct_id": "NCT00101751",
    "conditions": [
      "Bristol Stool Type 2",
      "Diabetes",
      "Diabetes Mellitus"
    ],
    "pico_attributes": {
      "populations": {
        "minimum_age": "18 Years",
        "maximum_age": "NA",
        "country": "United States",
        "gender": "ALL"
      },
      "interventions": [
        "Biphasic",
        "Biphasic Insulins",
        "Diet",
        "Insulin Aspart",
        "Regimen - CHV concept",
        "insulin aspart, human"
      ],
      "outcomes": []
    }
  },
  {
    "nct_id": "NCT00101764",
    "conditions": [
      "Age related macular degeneration",
      "Diabetic Retinopathy",
      "Retinal Vein Occlusion"
    ],
    "pico_attributes": {
      "populations": {
        "minimum_age": "18 Years",
        "maximum_age": "NA",
        "country": "United States",
        "gender": "ALL"
      },
      "interventions": [
        "triamcinolone acetonide"
      ],
      "outcomes": []
    }
  },
  {
    "nct_id": "NCT00101777",
    "conditions": [
      "Anxiety",
      "Panic Disorder"
    ],
    "pico_attributes": {
      "populations": {
        "minimum_age": "NA",
        "maximum_age": "NA",
        "country": "United States",
        "gender": "ALL"
      },
      "interventions": [],
      "outcomes": []
    }
  },
  {
    "nct_id": "NCT00101790",
    "conditions": [
      "Low Back Pain"
    ],
    "pico_attributes": {
      "populations": {
        "minimum_age": "21 Years",
        "maximum_age": "NA",
        "country": "United States",
        "gender": "ALL"
      },
      "interventions": [
        "pamidronate"
      ],
      "outcomes": []
    }
  },
  {
    "nct_id": "NCT00101803",
    "conditions": [
      "Bristol Stool Type 2",
      "Diabetes Mellitus"
    ],
    "pico_attributes": {
      "populations": {
        "minimum_age": "18 Years",
        "maximum_age": "80 Years",
        "country": "United States",
        "gender": "ALL"
      },
      "interventions": [
        "vildagliptin"
      ],
      "outcomes": []
    }
  },
  {
    "nct_id": "NCT00101816",
    "conditions": [
      "Blast Phase",
      "Chronic Myeloid Leukemia Pathway"
    ],
    "pico_attributes": {
      "populations": {
        "minimum_age": "18 Years",
        "maximum_age": "NA",
        "country": "United States",
        "gender": "ALL"
      },
      "interventions": [
        "dasatinib"
      ],
      "outcomes": [
        "CHROMATE RESISTANCE (disorder)",
        "Compleat Liquid Nutrition",
        "Count of entities",
        "Cytogenetic Response",
        "Hematologic Response",
        "Mild (qualifier value)",
        "Minor (person)",
        "Morphologic Leukemia-Free State",
        "Partial",
        "Participant",
        "Population Group",
        "Pyruvate Kinase",
        "Time",
        "dasatinib"
      ]
    }
  },
  {
    "nct_id": "NCT00101829",
    "conditions": [
      "Sjogren's Syndrome"
    ],
    "pico_attributes": {
      "populations": {
        "minimum_age": "18 Years",
        "maximum_age": "75 Years",
        "country": "United States",
        "gender": "ALL"
      },
      "interventions": [
        "rituximab"
      ],
      "outcomes": []
    }
  },
  {
    "nct_id": "NCT00101842",
    "conditions": [
      "Carcinoma",
      "Transitional Epithelial Cells"
    ],
    "pico_attributes": {
      "populations": {
        "minimum_age": "18 Years",
        "maximum_age": "NA",
        "country": "United States",
        "gender": "ALL"
      },
      "interventions": [
        "Platinol",
        "gemcitabine",
        "pemetrexed"
      ],
      "outcomes": []
    }
  },
  {
    "nct_id": "NCT00101855",
    "conditions": [
      "Preventive Care",
      "Well child"
    ],
    "pico_attributes": {
      "populations": {
        "minimum_age": "0 Years",
        "maximum_age": "11 Years",
        "country": "United States",
        "gender": "ALL"
      },
      "interventions": [
        "Base - General Qualifier",
        "Evidence",
        "Web Site",
        "tailor"
      ],
      "outcomes": []
    }
  },
  {
    "nct_id": "NCT00101868",
    "conditions": [
      "Information Dissemination",
      "Interprofessional Relations"
    ],
    "pico_attributes": {
      "populations": {
        "minimum_age": "18 Years",
        "maximum_age": "NA",
        "country": "United States",
        "gender": "ALL"
      },
      "interventions": [
        "Body Fluid Discharge",
        "Communications software",
        "Human Cells, Tissues, and Cellular and Tissue-Based Products Processing",
        "Usual",
        "care activity"
      ],
      "outcomes": [
        "1 (finding)",
        "About Your Medicines",
        "Accident and Emergency department",
        "Adverse event",
        "Application (Document)",
        "Body Fluid Discharge",
        "Clarify",
        "Compleat Liquid Nutrition",
        "Count of entities",
        "Department",
        "Effectiveness",
        "Emergency Number",
        "GDC Treatment Outcome Terminology",
        "Hospital Readmissions",
        "Human Cells, Tissues, and Cellular and Tissue-Based Products Processing",
        "Needs",
        "One month",
        "Outpatient visits",
        "Patient Discharge",
        "Patient Visit",
        "Perception",
        "Pharmacist",
        "Physician:Identifier:Point in time:^Patient:Nominal",
        "Prescription procedure",
        "Primary Health Care",
        "Readiness",
        "Satisfaction",
        "Time",
        "spending"
      ]
    }
  },
  {
    "nct_id": "NCT00101881",
    "conditions": [
      "Cardiac Arrest"
    ],
    "pico_attributes": {
      "populations": {
        "minimum_age": "18 Years",
        "maximum_age": "NA",
        "country": "United States",
        "gender": "ALL"
      },
      "interventions": [
        "Biphasic",
        "Electric Countershock",
        "Monophasic",
        "Shock"
      ],
      "outcomes": []
    }
  },
  {
    "nct_id": "NCT00101894",
    "conditions": [
      "Childhood Rectal Carcinoma",
      "Colon Carcinoma"
    ],
    "pico_attributes": {
      "populations": {
        "minimum_age": "18 Years",
        "maximum_age": "NA",
        "country": "United States",
        "gender": "ALL"
      },
      "interventions": [
        "AMG 706",
        "FOLFOX Regimen",
        "Folinic Acid-Fluorouracil-Irinotecan Regimen",
        "Maxillary right third molar abutment",
        "Only - dosing instruction fragment",
        "Part",
        "panitumumab"
      ],
      "outcomes": []
    }
  },
  {
    "nct_id": "NCT00101907",
    "conditions": [
      "Carcinoma of lung",
      "Childhood Esophageal Carcinoma",
      "Malignant neoplasm of pancreas"
    ],
    "pico_attributes": {
      "populations": {
        "minimum_age": "18 Years",
        "maximum_age": "NA",
        "country": "United States",
        "gender": "ALL"
      },
      "interventions": [
        "AMG 706",
        "cisplatin",
        "gemcitabine",
        "panitumumab"
      ],
      "outcomes": [
        "Adverse Event Domain",
        "CBLIF gene",
        "Clinical Trial Objective",
        "Cmax",
        "Count of entities",
        "Disease Response",
        "Entity With Role in Clinical Study",
        "Incidence",
        "Neoplasms",
        "Participant"
      ]
    }
  },
  {
    "nct_id": "NCT00101920",
    "conditions": [
      "Carcinoma of lung",
      "NCI CTEP SDC Non-Small Cell Lung Cancer Sub-Category Terminology",
      "Neoplasm Metastasis"
    ],
    "pico_attributes": {
      "populations": {
        "minimum_age": "18 Years",
        "maximum_age": "NA",
        "country": "United States",
        "gender": "ALL"
      },
      "interventions": [
        "panitumumab"
      ],
      "outcomes": []
    }
  },
  {
    "nct_id": "NCT00101933",
    "conditions": [
      "Epilepsy"
    ],
    "pico_attributes": {
      "populations": {
        "minimum_age": "18 Years",
        "maximum_age": "65 Years",
        "country": "United States",
        "gender": "ALL"
      },
      "interventions": [
        "Epilepsy",
        "LRP2 wt Allele",
        "Therapeutic procedure"
      ],
      "outcomes": [
        "Act Relationship Subset - maximum",
        "Adverse Event Domain",
        "Alternative",
        "Amount type - Percentage",
        "Analysis",
        "Borg Category-Ratio 10 Perceived Exertion Score 5",
        "Change -- procedure",
        "Device system",
        "Experience",
        "Interval",
        "LRP2 wt Allele",
        "Length",
        "Primary",
        "Proportion",
        "Rate",
        "Seizure free",
        "Seizure, CTCAE 3.0",
        "Seizures",
        "day",
        "treatment failure"
      ]
    }
  },
  {
    "nct_id": "NCT00101946",
    "conditions": [
      "Crohn Disease"
    ],
    "pico_attributes": {
      "populations": {
        "minimum_age": "18 Years",
        "maximum_age": "65 Years",
        "country": "United States",
        "gender": "ALL"
      },
      "interventions": [],
      "outcomes": []
    }
  },
  {
    "nct_id": "NCT00101959",
    "conditions": [
      "Multiple Sclerosis, Relapsing-Remitting"
    ],
    "pico_attributes": {
      "populations": {
        "minimum_age": "18 Years",
        "maximum_age": "60 Years",
        "country": "United States",
        "gender": "ALL"
      },
      "interventions": [
        "Rebif"
      ],
      "outcomes": []
    }
  },
  {
    "nct_id": "NCT00101972",
    "conditions": [
      "Cancer Genus"
    ],
    "pico_attributes": {
      "populations": {
        "minimum_age": "18 Years",
        "maximum_age": "NA",
        "country": "United States",
        "gender": "ALL"
      },
      "interventions": [
        "RAV12"
      ],
      "outcomes": []
    }
  },
  {
    "nct_id": "NCT00101985",
    "conditions": [
      "Irritable Bowel Syndrome"
    ],
    "pico_attributes": {
      "populations": {
        "minimum_age": "18 Years",
        "maximum_age": "NA",
        "country": "NA",
        "gender": "ALL"
      },
      "interventions": [
        "Talnetant"
      ],
      "outcomes": []
    }
  },
  {
    "nct_id": "NCT00101998",
    "conditions": [
      "Bowel dysfunction",
      "Constipation"
    ],
    "pico_attributes": {
      "populations": {
        "minimum_age": "18 Years",
        "maximum_age": "NA",
        "country": "United States",
        "gender": "ALL"
      },
      "interventions": [
        "Placebo Control",
        "alvimopan"
      ],
      "outcomes": []
    }
  },
  {
    "nct_id": "NCT00102011",
    "conditions": [
      "Colorectal Cancer Pathway"
    ],
    "pico_attributes": {
      "populations": {
        "minimum_age": "40 Years",
        "maximum_age": "69 Years",
        "country": "United States",
        "gender": "ALL"
      },
      "interventions": [
        "Annual Screening",
        "Fecal occult blood test",
        "Screening colonoscopy",
        "Standard Follow-Up Care"
      ],
      "outcomes": []
    }
  },
  {
    "nct_id": "NCT00102024",
    "conditions": [
      "Colorectal Cancer Pathway",
      "Neoplasm Metastasis"
    ],
    "pico_attributes": {
      "populations": {
        "minimum_age": "18 Years",
        "maximum_age": "NA",
        "country": "United States",
        "gender": "ALL"
      },
      "interventions": [
        "Unconjugated",
        "Yttrium-90"
      ],
      "outcomes": []
    }
  },
  {
    "nct_id": "NCT00102037",
    "conditions": [
      "Acquired (qualifier value)",
      "Acquired disorder",
      "Bleeding tendency",
      "Hemorrhage",
      "Spinal fusion"
    ],
    "pico_attributes": {
      "populations": {
        "minimum_age": "18 Years",
        "maximum_age": "65 Years",
        "country": "United States",
        "gender": "ALL"
      },
      "interventions": [
        "Activation action",
        "F7 gene"
      ],
      "outcomes": []
    }
  },
  {
    "nct_id": "NCT00102050",
    "conditions": [
      "Intermittent Claudication",
      "Peripheral Vascular Diseases"
    ],
    "pico_attributes": {
      "populations": {
        "minimum_age": "50 Years",
        "maximum_age": "NA",
        "country": "United States",
        "gender": "ALL"
      },
      "interventions": [
        "NM-702",
        "Phosphodiesterase Inhibitors"
      ],
      "outcomes": []
    }
  },
  {
    "nct_id": "NCT00102063",
    "conditions": [
      "Schizophrenia"
    ],
    "pico_attributes": {
      "populations": {
        "minimum_age": "13 Years",
        "maximum_age": "17 Years",
        "country": "United States",
        "gender": "ALL"
      },
      "interventions": [
        "10%",
        "30%",
        "MG",
        "Placebo Control",
        "Tablet (unit of presentation)",
        "aripiprazole"
      ],
      "outcomes": [
        "Cancer Remission",
        "Patients"
      ]
    }
  },
  {
    "nct_id": "NCT00102076",
    "conditions": [
      "Healthy"
    ],
    "pico_attributes": {
      "populations": {
        "minimum_age": "7 Years",
        "maximum_age": "14 Years",
        "country": "United States",
        "gender": "ALL"
      },
      "interventions": [],
      "outcomes": []
    }
  },
  {
    "nct_id": "NCT00102089",
    "conditions": [
      "HIV Infections",
      "Healthy"
    ],
    "pico_attributes": {
      "populations": {
        "minimum_age": "18 Years",
        "maximum_age": "50 Years",
        "country": "United States",
        "gender": "ALL"
      },
      "interventions": [
        "Secondary Immunization",
        "V-Series Nerve Agent VP"
      ],
      "outcomes": []
    }
  },
  {
    "nct_id": "NCT00102102",
    "conditions": [
      "Post-Traumatic Stress Disorder"
    ],
    "pico_attributes": {
      "populations": {
        "minimum_age": "NA",
        "maximum_age": "NA",
        "country": "United States",
        "gender": "ALL"
      },
      "interventions": [
        "(2-fluoromethoxy-5-(5-trifluoromethyltetrazol-1-yl)benzyl)(2-phenylpiperidin-3-yl)amine"
      ],
      "outcomes": []
    }
  },
  {
    "nct_id": "NCT00102115",
    "conditions": [
      "Age related macular degeneration",
      "Choroidal Neovascularization"
    ],
    "pico_attributes": {
      "populations": {
        "minimum_age": "50 Years",
        "maximum_age": "NA",
        "country": "United States",
        "gender": "ALL"
      },
      "interventions": [],
      "outcomes": []
    }
  },
  {
    "nct_id": "NCT00102128",
    "conditions": [
      "Congestive heart failure",
      "Coronary Arteriosclerosis",
      "Ischemic",
      "Ischemic cardiomyopathy"
    ],
    "pico_attributes": {
      "populations": {
        "minimum_age": "18 Years",
        "maximum_age": "80 Years",
        "country": "United Kingdom",
        "gender": "ALL"
      },
      "interventions": [
        "Anthropological Culture",
        "Cell Therapy",
        "Myoblasts, Skeletal",
        "Transplantation, Autologous"
      ],
      "outcomes": []
    }
  },
  {
    "nct_id": "NCT00102141",
    "conditions": [
      "Hypertension, CTCAE",
      "Postmenopause"
    ],
    "pico_attributes": {
      "populations": {
        "minimum_age": "45 Years",
        "maximum_age": "75 Years",
        "country": "United States",
        "gender": "FEMALE"
      },
      "interventions": [
        "Angeliq",
        "DROSPIRENONE/ESTRADIOL",
        "Placebo Control"
      ],
      "outcomes": []
    }
  },
  {
    "nct_id": "NCT00102154",
    "conditions": [
      "Insomnia, CTCAE 3.0"
    ],
    "pico_attributes": {
      "populations": {
        "minimum_age": "18 Years",
        "maximum_age": "64 Years",
        "country": "",
        "gender": "ALL"
      },
      "interventions": [
        "10%",
        "Duration of treatment",
        "gaboxadol",
        "month"
      ],
      "outcomes": []
    }
  },
  {
    "nct_id": "NCT00102167",
    "conditions": [
      "Insomnia, CTCAE 3.0"
    ],
    "pico_attributes": {
      "populations": {
        "minimum_age": "18 Years",
        "maximum_age": "64 Years",
        "country": "United States",
        "gender": "ALL"
      },
      "interventions": [
        "gaboxadol"
      ],
      "outcomes": []
    }
  },
  {
    "nct_id": "NCT00102180",
    "conditions": [
      "Cardiac - anatomy qualifier",
      "Cardiovascular Diseases",
      "Cessation of life",
      "Heart Diseases",
      "Sudden (qualifier value)",
      "Ventricular Arrhythmia NOS, CTCAE"
    ],
    "pico_attributes": {
      "populations": {
        "minimum_age": "NA",
        "maximum_age": "100 Years",
        "country": "",
        "gender": "ALL"
      },
      "interventions": [],
      "outcomes": []
    }
  },
  {
    "nct_id": "NCT00102193",
    "conditions": [
      "Ulcerative Colitis"
    ],
    "pico_attributes": {
      "populations": {
        "minimum_age": "18 Years",
        "maximum_age": "75 Years",
        "country": "United States",
        "gender": "ALL"
      },
      "interventions": [
        "Apheresis system"
      ],
      "outcomes": []
    }
  },
  {
    "nct_id": "NCT00102206",
    "conditions": [
      "HIV Infections"
    ],
    "pico_attributes": {
      "populations": {
        "minimum_age": "4 Years",
        "maximum_age": "21 Years",
        "country": "United States",
        "gender": "ALL"
      },
      "interventions": [
        "abacavir sulfate",
        "emtricitabine",
        "lamivudine",
        "lopinavir / Ritonavir",
        "saquinavir",
        "tenofovir disoproxil fumarate",
        "zidovudine"
      ],
      "outcomes": []
    }
  },
  {
    "nct_id": "NCT00102219",
    "conditions": [
      "Breast Carcinoma"
    ],
    "pico_attributes": {
      "populations": {
        "minimum_age": "18 Years",
        "maximum_age": "NA",
        "country": "Venezuela",
        "gender": "FEMALE"
      },
      "interventions": [
        "doxorubicin",
        "pemetrexed"
      ],
      "outcomes": []
    }
  },
  {
    "nct_id": "NCT00102232",
    "conditions": [
      "Cardiovascular Diseases",
      "Healthy"
    ],
    "pico_attributes": {
      "populations": {
        "minimum_age": "50 Years",
        "maximum_age": "71 Years",
        "country": "Netherlands",
        "gender": "MALE"
      },
      "interventions": [
        "Dietary Supplementation",
        "Phosphatidylcholines"
      ],
      "outcomes": []
    }
  },
  {
    "nct_id": "NCT00102245",
    "conditions": [
      "% hemolysis (qualifier value)",
      "Anemia",
      "Hemoglobinopathies",
      "Iron deficiency"
    ],
    "pico_attributes": {
      "populations": {
        "minimum_age": "1 Year",
        "maximum_age": "NA",
        "country": "United States",
        "gender": "ALL"
      },
      "interventions": [],
      "outcomes": []
    }
  },
  {
    "nct_id": "NCT00102258",
    "conditions": [
      "Biologic Development",
      "Delayed Puberty",
      "Dwarfism",
      "Pituitary Diseases"
    ],
    "pico_attributes": {
      "populations": {
        "minimum_age": "7 Years",
        "maximum_age": "10 Years",
        "country": "United States",
        "gender": "MALE"
      },
      "interventions": [
        "Growth",
        "Growth Hormone",
        "Hormone Therapy",
        "Therapeutic procedure"
      ],
      "outcomes": []
    }
  },
  {
    "nct_id": "NCT00102271",
    "conditions": [
      "Healthy"
    ],
    "pico_attributes": {
      "populations": {
        "minimum_age": "21 Years",
        "maximum_age": "40 Years",
        "country": "United States",
        "gender": "ALL"
      },
      "interventions": [
        "Oxypurinol",
        "sodium nitrite"
      ],
      "outcomes": []
    }
  },
  {
    "nct_id": "NCT00102284",
    "conditions": [
      "Healthy"
    ],
    "pico_attributes": {
      "populations": {
        "minimum_age": "20 Years",
        "maximum_age": "35 Years",
        "country": "Germany",
        "gender": "ALL"
      },
      "interventions": [
        "levodopa",
        "modafinil",
        "rivastigmine"
      ],
      "outcomes": []
    }
  },
  {
    "nct_id": "NCT00102297",
    "conditions": [
      "Diabetes Mellitus"
    ],
    "pico_attributes": {
      "populations": {
        "minimum_age": "21 Years",
        "maximum_age": "80 Years",
        "country": "United States",
        "gender": "ALL"
      },
      "interventions": [
        "FG 3019"
      ],
      "outcomes": []
    }
  },
  {
    "nct_id": "NCT00102310",
    "conditions": [
      "Bothered by Nausea",
      "Dyspepsia"
    ],
    "pico_attributes": {
      "populations": {
        "minimum_age": "18 Years",
        "maximum_age": "75 Years",
        "country": "United States",
        "gender": "ALL"
      },
      "interventions": [
        "YM443"
      ],
      "outcomes": []
    }
  },
  {
    "nct_id": "NCT00102323",
    "conditions": [
      "Decreased platelet count",
      "Immune thrombocytopenic purpura"
    ],
    "pico_attributes": {
      "populations": {
        "minimum_age": "18 Years",
        "maximum_age": "NA",
        "country": "United States",
        "gender": "ALL"
      },
      "interventions": [
        "AMG531",
        "Placebo Control"
      ],
      "outcomes": []
    }
  },
  {
    "nct_id": "NCT00102336",
    "conditions": [
      "Decreased platelet count",
      "Immune thrombocytopenic purpura"
    ],
    "pico_attributes": {
      "populations": {
        "minimum_age": "18 Years",
        "maximum_age": "NA",
        "country": "United States",
        "gender": "ALL"
      },
      "interventions": [
        "AMG531",
        "Placebo Control"
      ],
      "outcomes": []
    }
  },
  {
    "nct_id": "NCT00102349",
    "conditions": [
      "Behavior Therapy"
    ],
    "pico_attributes": {
      "populations": {
        "minimum_age": "18 Years",
        "maximum_age": "99 Years",
        "country": "United States",
        "gender": "ALL"
      },
      "interventions": [
        "Behavior Therapy"
      ],
      "outcomes": []
    }
  },
  {
    "nct_id": "NCT00102362",
    "conditions": [
      "Substance-Related Disorders"
    ],
    "pico_attributes": {
      "populations": {
        "minimum_age": "18 Years",
        "maximum_age": "99 Years",
        "country": "United States",
        "gender": "ALL"
      },
      "interventions": [
        "Behavior Therapy"
      ],
      "outcomes": []
    }
  },
  {
    "nct_id": "NCT00102375",
    "conditions": [
      "Carcinoma, Ovarian Epithelial"
    ],
    "pico_attributes": {
      "populations": {
        "minimum_age": "18 Years",
        "maximum_age": "NA",
        "country": "Germany",
        "gender": "FEMALE"
      },
      "interventions": [
        "topotecan"
      ],
      "outcomes": []
    }
  },
  {
    "nct_id": "NCT00102388",
    "conditions": [
      "Bristol Stool Type 2",
      "Diabetes Mellitus"
    ],
    "pico_attributes": {
      "populations": {
        "minimum_age": "18 Years",
        "maximum_age": "NA",
        "country": "Switzerland",
        "gender": "ALL"
      },
      "interventions": [
        "gliclazide",
        "vildagliptin"
      ],
      "outcomes": []
    }
  },
  {
    "nct_id": "NCT00102401",
    "conditions": [
      "Chronic Obstructive Airway Disease"
    ],
    "pico_attributes": {
      "populations": {
        "minimum_age": "40 Years",
        "maximum_age": "NA",
        "country": "United States",
        "gender": "ALL"
      },
      "interventions": [
        "Base - General Qualifier",
        "Disease management program (regime/therapy)",
        "Dyspnea",
        "Dyspnea Management",
        "Internet",
        "Program",
        "Self",
        "Self management:Finding:Point in time:^Patient:Ordinal",
        "face-to-face"
      ],
      "outcomes": []
    }
  },
  {
    "nct_id": "NCT00102414",
    "conditions": [
      "Carcinoma, Ovarian Epithelial"
    ],
    "pico_attributes": {
      "populations": {
        "minimum_age": "18 Years",
        "maximum_age": "NA",
        "country": "",
        "gender": "FEMALE"
      },
      "interventions": [
        "gemcitabine"
      ],
      "outcomes": []
    }
  },
  {
    "nct_id": "NCT00102427",
    "conditions": [
      "Anxiety Disorders",
      "Panic Disorder"
    ],
    "pico_attributes": {
      "populations": {
        "minimum_age": "18 Years",
        "maximum_age": "64 Years",
        "country": "United States",
        "gender": "ALL"
      },
      "interventions": [
        "Base - General Qualifier",
        "Care management",
        "Collaboration",
        "Telephone"
      ],
      "outcomes": []
    }
  },
  {
    "nct_id": "NCT00102440",
    "conditions": [
      "Gout"
    ],
    "pico_attributes": {
      "populations": {
        "minimum_age": "18 Years",
        "maximum_age": "85 Years",
        "country": "",
        "gender": "ALL"
      },
      "interventions": [
        "allopurinol",
        "febuxostat"
      ],
      "outcomes": [
        "0%",
        "0.6",
        "28.6",
        "AT genotype",
        "Administration procedure",
        "Amount type - Percentage",
        "Aspects of disease screening",
        "BaseLine dental cement",
        "CD44 wt Allele",
        "Change -- procedure",
        "Determined by",
        "Diagnosis Type - Final",
        "EDAR wt Allele",
        "Exacerbation of cGVHD",
        "Gout",
        "Human Study Subject",
        "In addition to",
        "Last",
        "Magnesium-28",
        "Measurement",
        "Palpable",
        "Patient Visit",
        "Percent Change From Baseline",
        "Physical",
        "Primary",
        "Serum urate measurement",
        "Tophus",
        "Total Number",
        "Weekly",
        "mg/dL",
        "size",
        "week"
      ]
    }
  },
  {
    "nct_id": "NCT00102453",
    "conditions": [
      "Muscular Dystrophy"
    ],
    "pico_attributes": {
      "populations": {
        "minimum_age": "4 Years",
        "maximum_age": "7 Years",
        "country": "United States",
        "gender": "MALE"
      },
      "interventions": [
        "pentoxifylline"
      ],
      "outcomes": []
    }
  },
  {
    "nct_id": "NCT00102466",
    "conditions": [
      "Bristol Stool Type 2",
      "Diabetes Mellitus"
    ],
    "pico_attributes": {
      "populations": {
        "minimum_age": "18 Years",
        "maximum_age": "78 Years",
        "country": "Switzerland",
        "gender": "ALL"
      },
      "interventions": [
        "gliclazide",
        "metformin",
        "vildagliptin"
      ],
      "outcomes": []
    }
  },
  {
    "nct_id": "NCT00102479",
    "conditions": [
      "Mania (moth)",
      "Schizophrenia"
    ],
    "pico_attributes": {
      "populations": {
        "minimum_age": "10 Years",
        "maximum_age": "17 Years",
        "country": "United States",
        "gender": "ALL"
      },
      "interventions": [
        "aripiprazole"
      ],
      "outcomes": []
    }
  },
  {
    "nct_id": "NCT00102492",
    "conditions": [
      "Depressive disorder",
      "Major"
    ],
    "pico_attributes": {
      "populations": {
        "minimum_age": "18 Years",
        "maximum_age": "64 Years",
        "country": "United States",
        "gender": "ALL"
      },
      "interventions": [
        "GW679769"
      ],
      "outcomes": []
    }
  },
  {
    "nct_id": "NCT00102505",
    "conditions": [
      "Carcinoma",
      "Non-Small Cell Lung Carcinoma"
    ],
    "pico_attributes": {
      "populations": {
        "minimum_age": "18 Years",
        "maximum_age": "NA",
        "country": "United States",
        "gender": "ALL"
      },
      "interventions": [
        "Injection",
        "motexafin gadolinium"
      ],
      "outcomes": []
    }
  },
  {
    "nct_id": "NCT00102518",
    "conditions": [
      "Bipolar Disorder",
      "Schizophrenia"
    ],
    "pico_attributes": {
      "populations": {
        "minimum_age": "10 Years",
        "maximum_age": "17 Years",
        "country": "United States",
        "gender": "ALL"
      },
      "interventions": [
        "aripiprazole"
      ],
      "outcomes": [
        "Amount type - Percentage",
        "Experience",
        "Human Study Subject",
        "SUMO activating enzyme complex"
      ]
    }
  },
  {
    "nct_id": "NCT00102531",
    "conditions": [
      "Childhood Osteosarcoma",
      "Metastatic Disease Clinical Trial Setting"
    ],
    "pico_attributes": {
      "populations": {
        "minimum_age": "13 Years",
        "maximum_age": "50 Years",
        "country": "United States",
        "gender": "ALL"
      },
      "interventions": [
        "Liposomes",
        "cisplatin"
      ],
      "outcomes": [
        "20%",
        "4+ Answer to question",
        "Bayer Corneal Epitheliopathy Grade 3",
        "CALB2 protein, human",
        "Effective",
        "Frequency of Responses",
        "GDC Progression or Recurrence Terminology",
        "GDC Treatment Outcome Terminology",
        "General surgery specialty",
        "Greater Than",
        "Histologic",
        "Individual",
        "Medications",
        "Neoplasms",
        "Population Group",
        "Present",
        "Reaction Time",
        "Room of building - Study",
        "consider"
      ]
    }
  },
  {
    "nct_id": "NCT00102544",
    "conditions": [
      "Adenocarcinoma",
      "Conventional (Clear Cell) Renal Cell Carcinoma",
      "Malignant neoplasm of prostate",
      "Prostatic Neoplasms",
      "Von Hippel-Lindau Syndrome"
    ],
    "pico_attributes": {
      "populations": {
        "minimum_age": "18 Years",
        "maximum_age": "120 Years",
        "country": "United States",
        "gender": "ALL"
      },
      "interventions": [
        "Tracking"
      ],
      "outcomes": []
    }
  }
]